model_name,weigth
arima,9.82658155018976e-86
eakf_model1,5.9016357787411605e-12
eakf_model2,6.790289298920733e-15
eakf_model3,0.9999999999940915
