model_name,weigth
arima,1.671853925680303e-23
eakf_model1,4.827688197662112e-13
eakf_model2,5.202493839451301e-22
eakf_model3,1.451904247462177e-15
sarima,0.9999999999995157
