model_name,weigth
arima,4.018796413118111e-22
eakf_model1,1.857470797111865e-12
eakf_model2,0.9999999999981426
eakf_model3,6.586628203752498e-24
