model_name,weigth
arima,1.6481853293148925e-136
eakf_model1,2.9139916377406384e-12
eakf_model2,3.117722231263634e-22
eakf_model3,1.613661249005106e-20
sarima,0.9999999999970861
