model_name,weigth
arima,3.2732264211303336e-220
eakf_model1,1.105365434573001e-11
eakf_model2,0.9999999999889464
eakf_model3,1.1046536711693425e-34
