model_name,weigth
arima,6.398550037079463e-29
eakf_model1,2.27534896922433e-16
eakf_model2,5.03127698912755e-12
eakf_model3,0.9999999999949685
