model_name,weigth
arima,1.3205139086608044e-38
eakf_model1,1.652937975307345e-12
eakf_model2,1.4538086637968493e-13
eakf_model3,0.9999999999982017
