model_name,weigth
arima,1e-323
eakf_model1,1.5704452899047572e-10
eakf_model2,2.163622575641287e-30
eakf_model3,0.9999999998429554
