model_name,weigth
arima,7.283449108785e-167
eakf_model1,3.0783190641615524e-11
eakf_model2,1.0576684160970443e-18
eakf_model3,0.9999999999692168
