model_name,weigth
arima,1.3411474180694028e-62
eakf_model1,1.235678869362527e-11
eakf_model2,0.9999999999876428
eakf_model3,4.159944520808414e-16
sarima,1.1483486677277535e-67
