model_name,weigth
arima,1.0206725794318652e-303
eakf_model1,1.5263690238332988e-10
eakf_model2,0.9999999998473631
eakf_model3,4.851159995256522e-46
