model_name,weigth
arima,3.304662142078021e-128
eakf_model1,2.8979303034574422e-11
eakf_model2,7.525864590220454e-23
eakf_model3,0.9999999999710207
sarima,9.937254834568405e-89
