model_name,weigth
arima,1.5331776539452917e-274
eakf_model1,0.9999999999763642
eakf_model2,2.339673878159055e-11
eakf_model3,2.389214501792956e-13
