model_name,weigth
arima,1e-323
eakf_model1,1.250456939861695e-09
eakf_model2,0.9999999987495432
eakf_model3,2.688385241388235e-29
sarima,2.367539311999838e-289
