model_name,weigth
arima,9.295297782889441e-51
eakf_model1,0.9999999999721104
eakf_model2,7.776930482485804e-48
eakf_model3,2.7889539911128154e-11
