model_name,weigth
arima,5.109799029074274e-90
eakf_model1,0.9999999999963989
eakf_model2,1.8447858163517347e-27
eakf_model3,3.6010910826031935e-12
