model_name,weigth
arima,1.8327774994614492e-214
eakf_model1,0.99999999998806
eakf_model2,3.2711526145723796e-26
eakf_model3,1.1939980161230185e-11
