model_name,weigth
arima,0.0
eakf_model1,1.1480529431227774e-10
eakf_model2,9.705238417414338e-166
eakf_model3,0.9999999998851947
