model_name,weigth
arima,3.423547545003e-311
eakf_model1,2.723117410609234e-11
eakf_model2,0.9999999999726586
eakf_model3,1.101941071941982e-13
sarima,9.611546337309846e-216
