model_name,weigth
arima,3.683155263400568e-197
eakf_model1,2.3499927481763798e-11
eakf_model2,3.132888209507928e-52
eakf_model3,0.9999999999765001
