model_name,weigth
arima,0.0
eakf_model1,0.999999999833797
eakf_model2,1.605840978747331e-24
eakf_model3,1.6620318200845233e-10
