model_name,weigth
arima,1.34108547e-316
eakf_model1,0.9999999999004328
eakf_model2,2.231005452646453e-62
eakf_model3,9.956716421888913e-11
