model_name,weigth
arima,1.362789957659689e-12
eakf_model1,1.255718973507925e-12
eakf_model2,1.397855966852471e-12
eakf_model3,2.6772075497089684e-17
sarima,0.9999999999959837
