model_name,weigth
arima,0.9999999998601775
eakf_model1,3.0470157552190015e-42
eakf_model2,4.7483948281671944e-39
eakf_model3,1.398224627325074e-10
