model_name,weigth
arima,6.279947872610929e-31
eakf_model1,1.1124522017866482e-12
eakf_model2,0.9999999999988876
eakf_model3,5.1592458374353235e-23
