model_name,weigth
arima,0.0
eakf_model1,0.9999999999666067
eakf_model2,7.64258210630916e-16
eakf_model3,3.3392567183914177e-11
