model_name,weigth
arima,1.7660079064433335e-34
eakf_model1,5.319254574983539e-12
eakf_model2,0.9999999999946807
eakf_model3,1.1597764996050973e-24
