model_name,weigth
arima,3.943670140732977e-82
eakf_model1,2.0223834221448456e-11
eakf_model2,8.723217474150208e-30
eakf_model3,0.9999999999797762
