model_name,weigth
arima,3.9402799739250717e-193
eakf_model1,2.720358095483438e-40
eakf_model2,7.312033201997847e-11
eakf_model3,0.9999999999268796
