model_name,weigth
arima,0.0
eakf_model1,1.0308953168374604e-22
eakf_model2,0.9999999999404183
eakf_model3,5.95816130217594e-11
