model_name,weigth
arima,9.948040028992654e-224
eakf_model1,2.4556140667719224e-12
eakf_model2,0.9999999999975444
eakf_model3,1.1866920856814755e-23
