model_name,weigth
arima,3.854537971380005e-35
eakf_model1,8.838577806182377e-12
eakf_model2,0.9999999999911615
eakf_model3,3.656416850010097e-26
sarima,2.7251993419806827e-18
