model_name,weigth
arima,0.0
eakf_model1,0.9999999991451252
eakf_model2,2e-323
eakf_model3,8.548748439459236e-10
