model_name,weigth
arima,4.415604839510267e-31
eakf_model1,2.082705284636319e-12
eakf_model2,0.9999999999979173
eakf_model3,3.2461999560361894e-21
sarima,3.51850289499884e-72
