model_name,weigth
arima,6.217728070964047e-09
eakf_model1,3.831524174295303e-10
eakf_model2,0.9999999933991195
eakf_model3,2.1465828402886087e-60
