model_name,weigth
arima,0.0
eakf_model1,0.999999999744796
eakf_model2,8.153124652910859e-49
eakf_model3,2.552040016089272e-10
