model_name,weigth
arima,3.861016716439935e-287
eakf_model1,5.4655835040626215e-11
eakf_model2,1.1177678638779248e-202
eakf_model3,0.9999999999453442
