model_name,weigth
arima,1.6117491354452258e-63
eakf_model1,1.6177272695662656e-16
eakf_model2,2.0274620875294868e-11
eakf_model3,0.9999999999797251
