model_name,weigth
arima,0.0
eakf_model1,0.9999999317034919
eakf_model2,6.829650808130616e-08
eakf_model3,1.4041408352588024e-91
