model_name,weigth
arima,1.3473437577321647e-90
eakf_model1,0.999999999995312
eakf_model2,1.7753149154864405e-12
eakf_model3,2.912734540592821e-12
sarima,2.411706210283783e-126
