model_name,weigth
arima,8.231315416905262e-58
eakf_model1,0.9999999999709952
eakf_model2,6.72952660954561e-17
eakf_model3,2.9004766961658145e-11
sarima,1.950154537677547e-35
