model_name,weigth
arima,0.0
eakf_model1,0.9999999995719069
eakf_model2,4.2809301391172733e-10
eakf_model3,1.651444701213497e-25
sarima,0.0
