model_name,weigth
arima,2e-323
eakf_model1,0.999999992964215
eakf_model2,2e-323
eakf_model3,7.0357849667072015e-09
sarima,2e-323
