model_name,weigth
arima,8.217131622375695e-20
eakf_model1,0.9999999999979714
eakf_model2,2.0208735096252708e-12
eakf_model3,7.79208753477149e-15
