model_name,weigth
arima,1.6227865878250113e-26
eakf_model1,0.9999999999976235
eakf_model2,1.4303699318467331e-12
eakf_model3,9.461845733498267e-13
