model_name,weigth
arima,1.6960331579658572e-48
eakf_model1,0.9999999999973133
eakf_model2,2.663720105887353e-12
eakf_model3,2.3045882806954967e-14
