model_name,weigth
arima,0.0
eakf_model1,0.999999999902605
eakf_model2,9.739511287642755e-11
eakf_model3,4.503956990232857e-35
