model_name,weigth
arima,1.672799399876344e-181
eakf_model1,0.9999999999831125
eakf_model2,1.6887404606801532e-11
eakf_model3,2.0090749216718342e-23
