model_name,weigth
arima,0.0
eakf_model1,9.995518845693266e-11
eakf_model2,1.4406732737497592e-32
eakf_model3,0.9999999999000448
sarima,0.0
