model_name,weigth
arima,6.398614531354015e-112
eakf_model1,0.9999999999954787
eakf_model2,2.037609020462569e-12
eakf_model3,2.483612685166337e-12
