model_name,weigth
arima,0.0
eakf_model1,4.5426028335654434e-11
eakf_model2,0.9999999999545739
eakf_model3,1.0152699589296997e-17
