model_name,weigth
arima,1.2925614020734016e-137
eakf_model1,2.2719959026255224e-19
eakf_model2,4.604553609938434e-11
eakf_model3,0.9999999999539545
