model_name,weigth
arima,1.228318898521215e-125
eakf_model1,0.9999999999933918
eakf_model2,6.288964161108273e-12
eakf_model3,3.191899449881502e-13
