model_name,weigth
arima,0.0
eakf_model1,2.833834831731051e-16
eakf_model2,3.797782349529564e-10
eakf_model3,0.9999999996202215
