model_name,weigth
arima,1.202973910745061e-184
eakf_model1,0.9999999999830315
eakf_model2,1.6968504666959654e-11
eakf_model3,3.905134946489424e-24
