model_name,weigth
arima,2e-323
eakf_model1,1.7352403214093249e-10
eakf_model2,3.838215015562444e-52
eakf_model3,0.9999999998264759
sarima,0.0
