model_name,weigth
arima,4.185839083652657e-152
eakf_model1,0.9999999999888711
eakf_model2,1.108613491694022e-11
eakf_model3,4.2706526311036624e-14
