model_name,weigth
arima,0.0
eakf_model1,1.4469782516294579e-11
eakf_model2,1.440405336157223e-10
eakf_model3,0.9999999998414897
sarima,0.0
