model_name,weigth
arima,0.0
eakf_model1,2.904893340988793e-10
eakf_model2,1.5186808613252501e-46
eakf_model3,0.9999999997095107
sarima,0.0
