model_name,weigth
arima,2.0821917018219884e-103
eakf_model1,0.9999999999956464
eakf_model2,2.3129628676817174e-12
eakf_model3,2.0407092614962265e-12
