model_name,weigth
arima,0.0
eakf_model1,2.5307460154295e-07
eakf_model2,0.9999997469253984
eakf_model3,8e-323
