model_name,weigth
arima,0.0
eakf_model1,1.3463829739841038e-10
eakf_model2,0.9999999998653617
eakf_model3,1.697217087437168e-46
