model_name,weigth
arima,0.0
eakf_model1,4.881273938068546e-11
eakf_model2,0.9999999999511873
eakf_model3,5.733913178592676e-20
sarima,2.066694e-317
