model_name,weigth
arima,0.0
eakf_model1,0.9999999992326967
eakf_model2,6.191296722618737e-10
eakf_model3,1.4817370155358432e-10
