model_name,weigth
arima,0.0
eakf_model1,5.362835195843811e-11
eakf_model2,4.987026625771928e-70
eakf_model3,0.9999999999463716
