model_name,weigth
arima,0.0
eakf_model1,0.9999998282216472
eakf_model2,1.717783526905881e-07
eakf_model3,7.855168217217522e-90
sarima,0.0
