model_name,weigth
arima,0.0
eakf_model1,4.333334161404955e-06
eakf_model2,0.9999956666658385
eakf_model3,1e-322
