model_name,weigth
arima,1.3853013215158406e-48
eakf_model1,0.999999999990141
eakf_model2,7.726724229119951e-29
eakf_model3,9.85904838205271e-12
