model_name,weigth
arima,1.9327097761415835e-35
eakf_model1,7.714932841893773e-12
eakf_model2,6.84780656046342e-18
eakf_model3,0.9999999999922851
