model_name,weigth
arima,2.199233212843542e-66
eakf_model1,0.999999999993927
eakf_model2,5.733080624614866e-21
eakf_model3,6.073030913536145e-12
