model_name,weigth
arima,0.0
eakf_model1,0.9999999998190771
eakf_model2,1.809229692851747e-10
eakf_model3,1.2242702436523929e-23
