model_name,weigth
arima,0.0
eakf_model1,1.6607664725165623e-10
eakf_model2,8.948298127826437e-20
eakf_model3,0.9999999998339233
sarima,2e-323
