model_name,weigth
arima,3.938619158995567e-210
eakf_model1,1.1161404897033068e-10
eakf_model2,3.1144107692527634e-58
eakf_model3,0.999999999888386
