model_name,weigth
arima,1e-323
eakf_model1,2.746951453976646e-10
eakf_model2,1.205366196248163e-111
eakf_model3,0.9999999997253048
