model_name,weigth
arima,4.723599395705174e-12
eakf_model1,0.9999999999945621
eakf_model2,8.1661006459173285e-22
eakf_model3,7.143852578445881e-13
