model_name,weigth
arima,2e-323
eakf_model1,1.614376701560326e-10
eakf_model2,2.5181487938024816e-80
eakf_model3,0.9999999998385622
sarima,2e-323
