model_name,weigth
arima,0.0
eakf_model1,1.928021267026696e-18
eakf_model2,0.9999999971650182
eakf_model3,2.8349816878146793e-09
sarima,0.0
