model_name,weigth
arima,0.0
eakf_model1,0.9999999925130647
eakf_model2,7.48693530102934e-09
eakf_model3,7.446192635449025e-158
sarima,0.0
