model_name,weigth
arima,0.0
eakf_model1,3.1420934914665046e-11
eakf_model2,1.5976601348175917e-15
eakf_model3,0.9999999999685774
