model_name,weigth
arima,2e-323
eakf_model1,1.7184866010197403e-10
eakf_model2,1.8757942262213711e-93
eakf_model3,0.9999999998281514
sarima,2e-323
