model_name,weigth
arima,0.0
eakf_model1,1.9882738684975814e-09
eakf_model2,8.986928684853434e-154
eakf_model3,0.9999999980117262
