model_name,weigth
arima,0.0
eakf_model1,6.355919163954748e-11
eakf_model2,2.088590242992964e-65
eakf_model3,0.9999999999364408
