model_name,weigth
arima,0.0
eakf_model1,8.09751120067046e-09
eakf_model2,5.65226136223615e-202
eakf_model3,0.9999999919024888
