model_name,weigth
arima,0.0
eakf_model1,4.188822886001039e-18
eakf_model2,0.9999999995712863
eakf_model3,4.2871366875638593e-10
sarima,0.0
