model_name,weigth
arima,1e-323
eakf_model1,7.0268840062151804e-09
eakf_model2,4.562575928955259e-99
eakf_model3,0.9999999929731159
