model_name,weigth
arima,1.1829144891809474e-282
eakf_model1,0.9999999999262498
eakf_model2,2.5123439709141128e-67
eakf_model3,7.375021673022514e-11
