model_name,weigth
arima,2e-323
eakf_model1,3.755529393166341e-10
eakf_model2,6.506906609119181e-21
eakf_model3,0.9999999996244471
sarima,1.445164733968956e-277
