model_name,weigth
arima,0.0
eakf_model1,1.340813009364503e-10
eakf_model2,1.5119340547926825e-132
eakf_model3,0.9999999998659186
