model_name,weigth
arima,1e-323
eakf_model1,0.99999999673113
eakf_model2,2e-323
eakf_model3,3.2688699326817845e-09
