model_name,weigth
arima,0.0
eakf_model1,9.079495361001371e-17
eakf_model2,0.9999999997972796
eakf_model3,2.0272030095180035e-10
