model_name,weigth
arima,0.0
eakf_model1,0.9999999999832933
eakf_model2,5.375508839956817e-15
eakf_model3,1.670137210092653e-11
