model_name,weigth
arima,1.945658485093595e-276
eakf_model1,0.9999999999872543
eakf_model2,1.2745697136476072e-11
eakf_model3,6.784558289910955e-26
