model_name,weigth
arima,3.2867394467402546e-72
eakf_model1,0.9999999999958759
eakf_model2,2.033043572060434e-12
eakf_model3,2.091047647279683e-12
