model_name,weigth
arima,2.7596462814563344e-152
eakf_model1,0.9999999998573486
eakf_model2,8.307959281758252e-74
eakf_model3,1.4265146386818162e-10
sarima,6.8948585548927595e-34
