model_name,weigth
arima,0.0
eakf_model1,3.015118907091589e-30
eakf_model2,0.9999999999731083
eakf_model3,2.6891713978314107e-11
