model_name,weigth
arima,7.446512559684657e-61
eakf_model1,9.388675954356603e-28
eakf_model2,2.070543112975475e-12
eakf_model3,0.9999999999979294
