model_name,weigth
arima,6.161678190874209e-129
eakf_model1,5.988926559348042e-11
eakf_model2,7.472941544505474e-32
eakf_model3,0.9999999999401108
sarima,6.294920924140015e-77
