model_name,weigth
arima,0.0
eakf_model1,0.999999999152354
eakf_model2,8.476459860341047e-10
eakf_model3,1.9007913955974482e-194
sarima,0.0
