model_name,weigth
arima,0.0
eakf_model1,1.0099704936334812e-39
eakf_model2,7.647079756976817e-11
eakf_model3,0.9999999999235292
