model_name,weigth
arima,0.0
eakf_model1,0.9999999999582319
eakf_model2,6.191656006063867e-23
eakf_model3,4.176822846189995e-11
