model_name,weigth
arima,1.302048667581259e-142
eakf_model1,0.9999999999967717
eakf_model2,3.2282148280483698e-12
eakf_model3,4.034111200241683e-21
