model_name,weigth
arima,0.0
eakf_model1,2.1301058859686543e-10
eakf_model2,0.9999999997869894
eakf_model3,3.0006278975893155e-42
sarima,0.0
