model_name,weigth
arima,7.125229842632294e-50
eakf_model1,0.9999999999968499
eakf_model2,1.2462602499270741e-13
eakf_model3,3.0256448103627834e-12
sarima,1.2202322724992819e-22
