model_name,weigth
arima,0.0
eakf_model1,0.9999999761603945
eakf_model2,2.3839605496744447e-08
eakf_model3,1.6087386619715147e-262
sarima,0.0
