model_name,weigth
arima,9.508688821071536e-70
eakf_model1,3.5194562825390776e-22
eakf_model2,1.161696825099042e-12
eakf_model3,0.9999999999988383
