model_name,weigth
arima,2e-323
eakf_model1,0.9999999989685711
eakf_model2,2.3132404933782667e-108
eakf_model3,1.031428938831536e-09
sarima,2e-323
