model_name,weigth
arima,1e-323
eakf_model1,0.9999999997581446
eakf_model2,2.4185534276629665e-10
eakf_model3,5.879389600600786e-47
