model_name,weigth
arima,2.3182561504550384e-35
eakf_model1,2.925446169414195e-11
eakf_model2,1.2865652347700303e-32
eakf_model3,0.9999999999707456
sarima,6.547839128424075e-28
