model_name,weigth
arima,2.2050389380958414e-25
eakf_model1,0.9999999999983159
eakf_model2,2.0312945189927268e-31
eakf_model3,1.684141397132585e-12
