model_name,weigth
arima,0.0
eakf_model1,3.673560608126207e-12
eakf_model2,1.4109260144000288e-10
eakf_model3,0.9999999998552338
