model_name,weigth
arima,2e-323
eakf_model1,0.5281139721382747
eakf_model2,0.4718860278617252
eakf_model3,1.6123499954160857e-111
