model_name,weigth
arima,1.2303256620389349e-15
eakf_model1,0.9999999999997221
eakf_model2,2.6802066222110607e-18
eakf_model3,2.7666334760762653e-13
