model_name,weigth
arima,1.7785862119825e-27
eakf_model1,9.38393049706894e-12
eakf_model2,4.18524605206373e-27
eakf_model3,0.9999999999906161
sarima,5.571367444864572e-22
