model_name,weigth
arima,4.011073816255184e-200
eakf_model1,0.9999999999596376
eakf_model2,1.348350225332904e-38
eakf_model3,4.036246176389917e-11
sarima,2.3091783764987597e-107
