model_name,weigth
arima,5.6743297431699684e-36
eakf_model1,2.2469422816659447e-11
eakf_model2,1.9587085537578584e-41
eakf_model3,0.9999999999775306
