model_name,weigth
arima,1e-323
eakf_model1,0.9999997992088066
eakf_model2,2.639904202401869e-227
eakf_model3,2.0079119347049859e-07
