model_name,weigth
arima,2e-323
eakf_model1,5.879241710884728e-10
eakf_model2,0.9999999994117641
eakf_model3,3.1174736352655785e-13
sarima,1.618062508368015e-265
