model_name,weigth
arima,1e-323
eakf_model1,0.9999999991673406
eakf_model2,8.326593012901059e-10
eakf_model3,4.55164339374749e-60
