model_name,weigth
arima,1.8031816985546304e-49
eakf_model1,0.9999999999957877
eakf_model2,1.32017527967935e-37
eakf_model3,4.212300592013602e-12
