model_name,weigth
arima,1.205894512064804e-197
eakf_model1,4.824548123243745e-11
eakf_model2,3.6745680580877206e-32
eakf_model3,0.9999999999517546
sarima,6.849841741004334e-151
