model_name,weigth
arima,1.2325161138602284e-94
eakf_model1,5.576222442435121e-14
eakf_model2,7.5909806473173e-12
eakf_model3,0.9999999999923532
sarima,1.0449514845674333e-78
