model_name,weigth
arima,4.63428123608824e-37
eakf_model1,0.9999999999982667
eakf_model2,5.517484176045912e-40
eakf_model3,1.7332395943543798e-12
