model_name,weigth
arima,2.2317e-320
eakf_model1,0.9999999998942116
eakf_model2,1.5483861076433331e-35
eakf_model3,1.0578842680723919e-10
