model_name,weigth
arima,0.0
eakf_model1,4.1361321165316974e-140
eakf_model2,2.0793633484123082e-10
eakf_model3,0.9999999997920637
