model_name,weigth
arima,1.3424548584748919e-34
eakf_model1,0.9999999999985418
eakf_model2,7.42422356037074e-39
eakf_model3,1.458260051512061e-12
