model_name,weigth
arima,1.4578033982288776e-108
eakf_model1,0.9999999999855587
eakf_model2,8.585716627660813e-28
eakf_model3,1.4441281533797237e-11
