model_name,weigth
arima,1e-323
eakf_model1,9.317487418046095e-10
eakf_model2,8.87380469199722e-204
eakf_model3,0.9999999990682513
