model_name,weigth
arima,0.0
eakf_model1,1.500838921044805e-09
eakf_model2,3.141159942135701e-62
eakf_model3,0.999999998499161
