model_name,weigth
arima,3.266053305129479e-252
eakf_model1,3.1226221750412598e-30
eakf_model2,4.191376903510131e-11
eakf_model3,0.9999999999580862
