model_name,weigth
arima,4.81997576569615e-310
eakf_model1,7.835872717154479e-41
eakf_model2,0.9999999999266311
eakf_model3,7.336892304803387e-11
sarima,1.0532054573309026e-222
