model_name,weigth
arima,2e-323
eakf_model1,3.0874549542401295e-09
eakf_model2,0.999999996912545
eakf_model3,1.0858745662959081e-72
sarima,2e-323
