model_name,weigth
arima,4.622577461629262e-23
eakf_model1,0.9999999999992475
eakf_model2,2.329475412695004e-26
eakf_model3,7.524413017192705e-13
