model_name,weigth
arima,1.6202760114090973e-94
eakf_model1,2.8453180579171528e-12
eakf_model2,9.50912573302729e-13
eakf_model3,0.9999999999962038
