model_name,weigth
arima,2.092236827976165e-27
eakf_model1,0.9999999999989788
eakf_model2,8.819149980475e-29
eakf_model3,1.0211983914858009e-12
