model_name,weigth
arima,1e-323
eakf_model1,0.9999999986010744
eakf_model2,1.3394827451559837e-30
eakf_model3,1.3989256129561772e-09
