model_name,weigth
arima,3.410287481084347e-46
eakf_model1,1.5444608440280683e-12
eakf_model2,0.999999999998438
eakf_model3,1.7487077288694168e-14
