model_name,weigth
arima,1.073028845632504e-82
eakf_model1,6.885656561852353e-30
eakf_model2,1.6491756109071598e-11
eakf_model3,0.9999999999832396
sarima,2.6869799340127e-13
