model_name,weigth
arima,2e-323
eakf_model1,1.6706591012189456e-09
eakf_model2,7.293140426305922e-36
eakf_model3,0.9999999983293408
