model_name,weigth
arima,2e-323
eakf_model1,0.9999999981930379
eakf_model2,2.0665316834571732e-130
eakf_model3,1.806962066786132e-09
