model_name,weigth
arima,2e-323
eakf_model1,1.141102157183954e-09
eakf_model2,3.7253369219813926e-54
eakf_model3,0.9999999988588979
sarima,3.5097327201975875e-280
