model_name,weigth
arima,1.02511902867433e-252
eakf_model1,0.9999999988849106
eakf_model2,1.9066247175608274e-95
eakf_model3,1.1150894239041912e-09
sarima,6.852782161819687e-219
