model_name,weigth
arima,1e-323
eakf_model1,3.5e-323
eakf_model2,2.005759824910926e-09
eakf_model3,0.9999999979942402
