model_name,weigth
arima,0.0
eakf_model1,2.787022315304631e-73
eakf_model2,0.9999999999671061
eakf_model3,3.289382830208499e-11
