model_name,weigth
arima,1.8426394391980853e-69
eakf_model1,6.928296909110686e-30
eakf_model2,1.1090662830126295e-11
eakf_model3,2.9606510057817643e-28
sarima,0.9999999999889093
