model_name,weigth
arima,0.0
eakf_model1,7.065106811835161e-135
eakf_model2,0.9999999998211343
eakf_model3,1.7886571405447622e-10
