model_name,weigth
arima,2.073138197292104e-53
eakf_model1,4.384022385624776e-12
eakf_model2,8.835414004983595e-14
eakf_model3,0.9999999999955276
