model_name,weigth
arima,6.02012245778538e-188
eakf_model1,1.4372520340399934e-10
eakf_model2,9.742396656294107e-14
eakf_model3,0.9999999998561773
sarima,1.6399416549051292e-194
