model_name,weigth
arima,6.859494392621211e-80
eakf_model1,1.2737431435473515e-41
eakf_model2,2.1629159653183282e-20
eakf_model3,1.4159848073852238e-11
sarima,0.9999999999858402
