model_name,weigth
arima,1.313028227538431e-84
eakf_model1,3.4394305789169918e-12
eakf_model2,0.9999999999961136
eakf_model3,4.470850046034136e-13
