model_name,weigth
arima,4e-323
eakf_model1,0.999999994540685
eakf_model2,1.6776763365477805e-70
eakf_model3,5.459314986819675e-09
sarima,4e-323
