model_name,weigth
arima,3.260219576070257e-75
eakf_model1,4.4672092384406234e-29
eakf_model2,0.9999999999884039
eakf_model3,1.1596041735613361e-11
