model_name,weigth
arima,2e-323
eakf_model1,3.3685899524282613e-09
eakf_model2,3.439882034494639e-160
eakf_model3,0.99999999663141
sarima,2e-323
