model_name,weigth
arima,4.698691179637958e-138
eakf_model1,3.782898553063619e-45
eakf_model2,3.1162492440332057e-11
eakf_model3,0.9999999999688374
