model_name,weigth
arima,2.3363891258617192e-86
eakf_model1,1.0337609890812636e-30
eakf_model2,0.9999999999840832
eakf_model3,1.591688019698575e-11
