model_name,weigth
arima,4.7678142377946844e-153
eakf_model1,0.9999999998689677
eakf_model2,5.935158006521791e-42
eakf_model3,1.3103225531466023e-10
sarima,2.958269198132576e-116
