model_name,weigth
arima,4.4748165104473215e-92
eakf_model1,9.102255297412602e-13
eakf_model2,2.857677853372109e-11
eakf_model3,0.999999999970513
sarima,1.6981199195613313e-63
