model_name,weigth
arima,3.7643564352428365e-89
eakf_model1,1.086538327658055e-16
eakf_model2,0.999999999989767
eakf_model3,1.0232868425149365e-11
