model_name,weigth
arima,5.05209519393442e-97
eakf_model1,9.884506613342798e-18
eakf_model2,0.99999999999076
eakf_model3,9.240021642369197e-12
