model_name,weigth
arima,1.3395750958055023e-93
eakf_model1,8.783745278348744e-12
eakf_model2,0.999999999991187
eakf_model3,2.919383427909142e-14
