model_name,weigth
arima,3.893585055473412e-96
eakf_model1,2.9052005857969144e-12
eakf_model2,0.9999999999919043
eakf_model3,5.190666973280461e-12
