model_name,weigth
arima,2.494097181442886e-94
eakf_model1,1.488736565836301e-42
eakf_model2,1.193170266438462e-13
eakf_model3,0.9999999999769855
sarima,2.289519384271753e-11
