model_name,weigth
arima,0.0
eakf_model1,9.08111931124365e-57
eakf_model2,0.9999999995419493
eakf_model3,4.580507501023161e-10
sarima,3.5575102805841714e-171
