model_name,weigth
arima,1e-323
eakf_model1,5.147168697465821e-29
eakf_model2,5.356305047050173e-10
eakf_model3,0.9999999994643696
