model_name,weigth
arima,3.791582547897936e-97
eakf_model1,7.498150709751281e-51
eakf_model2,2.819353012307874e-11
eakf_model3,0.9999999999718064
sarima,1.4275639112449654e-42
