model_name,weigth
arima,2e-323
eakf_model1,5.0086476020119625e-17
eakf_model2,8.151432427665576e-10
eakf_model3,0.9999999991848567
sarima,2.16676922229921e-298
