model_name,weigth
arima,1.1935049469394508e-122
eakf_model1,2.95621305581748e-24
eakf_model2,0.9999999999757206
eakf_model3,2.4279354345549813e-11
