model_name,weigth
arima,1e-323
eakf_model1,1.8082908969722997e-60
eakf_model2,0.999999999863882
eakf_model3,1.3611800263320145e-10
