model_name,weigth
arima,0.0
eakf_model1,0.9999999989147728
eakf_model2,1.4336417361032659e-70
eakf_model3,1.0852272059595234e-09
