model_name,weigth
arima,4.127936559987061e-93
eakf_model1,2.203172200749043e-13
eakf_model2,1.3828283251627227e-11
eakf_model3,0.9999999999859513
