model_name,weigth
arima,2e-323
eakf_model1,3.61660396081418e-95
eakf_model2,4.165313583553968e-10
eakf_model3,0.9999999995834686
sarima,1.1652206148101825e-20
