model_name,weigth
arima,1e-323
eakf_model1,4.468821385489663e-40
eakf_model2,0.9999999735953701
eakf_model3,2.6404629904844506e-08
