model_name,weigth
arima,1.7620231913524929e-127
eakf_model1,8.607867569439189e-43
eakf_model2,0.999999999986098
eakf_model3,1.3902028935828025e-11
