model_name,weigth
arima,1.4479699472315176e-165
eakf_model1,8.593359468644089e-12
eakf_model2,6.026762989281049e-12
eakf_model3,0.9999999999853799
