model_name,weigth
arima,7.686544418547975e-91
eakf_model1,2.4756157074338215e-59
eakf_model2,0.9999999999733757
eakf_model3,2.662425980541671e-11
