model_name,weigth
arima,0.0
eakf_model1,3.368279676288431e-53
eakf_model2,0.9999999998987219
eakf_model3,1.0127815821841047e-10
