model_name,weigth
arima,3.716550406034586e-104
eakf_model1,2.1685497885492633e-43
eakf_model2,2.2968587910702856e-11
eakf_model3,0.9999999999770314
