model_name,weigth
arima,4.167993861233866e-184
eakf_model1,1.135064723626366e-59
eakf_model2,0.99999999994448
eakf_model3,5.552009891591079e-11
sarima,9.534258510780219e-90
