model_name,weigth
arima,1e-323
eakf_model1,2.695244588346001e-173
eakf_model2,0.9999999996854045
eakf_model3,3.145955079194058e-10
