model_name,weigth
arima,1.1020254287157378e-140
eakf_model1,3.3937361909801324e-10
eakf_model2,0.9999999996606264
eakf_model3,4.337047879909354e-37
