model_name,weigth
arima,1.0278712594005885e-166
eakf_model1,1.0768120372323768e-39
eakf_model2,1.920327566995705e-11
eakf_model3,0.9999999999807967
