model_name,weigth
arima,7.847497980615669e-216
eakf_model1,1.363261012688142e-123
eakf_model2,2.689631638513761e-10
eakf_model3,1.5329197552643065e-17
sarima,0.9999999997310367
