model_name,weigth
arima,6.567794102594105e-150
eakf_model1,7.999800904840389e-72
eakf_model2,0.9999999999768883
eakf_model3,2.3111688381522572e-11
sarima,6.248431860672492e-46
