model_name,weigth
arima,4.391993797572963e-59
eakf_model1,5.6060293028246615e-11
eakf_model2,0.9999999999439397
eakf_model3,1.0945975340594915e-22
sarima,1.412665380287752e-91
