model_name,weigth
arima,5.335833863605088e-27
eakf_model1,0.9999999999978708
eakf_model2,1.1572086843503435e-12
eakf_model3,9.719843191938203e-13
