model_name,weigth
arima,1.744620906231887e-232
eakf_model1,7.215459038139633e-10
eakf_model2,0.9999999992784541
eakf_model3,6.19840884179455e-87
