model_name,weigth
arima,2.6924445448401074e-37
eakf_model1,0.999999999996958
eakf_model2,1.1355337017515025e-14
eakf_model3,3.0307041988557806e-12
sarima,1.7609278050359943e-27
