model_name,weigth
arima,1.0011014002001424e-203
eakf_model1,4.6749119648870386e-91
eakf_model2,0.9999999999603333
eakf_model3,3.966672559127953e-11
