model_name,weigth
arima,1.2712605507088147e-167
eakf_model1,5.759976283559303e-297
eakf_model2,4.744919821041065e-58
eakf_model3,2.281620594861591e-10
sarima,0.9999999997718378
