model_name,weigth
arima,4.098004897286985e-205
eakf_model1,2.252870089687173e-19
eakf_model2,0.9999999999669047
eakf_model3,3.309522417725583e-11
