model_name,weigth
arima,1e-323
eakf_model1,4e-323
eakf_model2,0.9999999554106134
eakf_model3,4.458938652268991e-08
