model_name,weigth
arima,1.8519970135985127e-61
eakf_model1,5.7197944579821165e-15
eakf_model2,8.834574924181605e-12
eakf_model3,0.9999999999911597
