model_name,weigth
arima,1.0208420296461844e-37
eakf_model1,8.372779768850187e-19
eakf_model2,2.6090240944226443e-12
eakf_model3,0.999999999997391
