model_name,weigth
arima,9.904945577968992e-24
eakf_model1,5.430768687151811e-22
eakf_model2,4.229319965131664e-12
eakf_model3,0.9999999999957706
