model_name,weigth
arima,7.964513732517793e-30
eakf_model1,0.9999999999967342
eakf_model2,1.0662927946347198e-12
eakf_model3,2.19949828829025e-12
