model_name,weigth
arima,1.4332454119460784e-119
eakf_model1,3.99435247462679e-209
eakf_model2,8.961586874838446e-11
eakf_model3,0.9999999999103841
