model_name,weigth
arima,1.3100365418703272e-26
eakf_model1,0.9999999999971518
eakf_model2,2.84820924482672e-12
eakf_model3,3.852167356366138e-18
sarima,4.65741875323805e-22
