model_name,weigth
arima,2e-323
eakf_model1,2.5e-323
eakf_model2,3.603633346296944e-09
eakf_model3,0.9999999963963666
