model_name,weigth
arima,3.5901582769067027e-23
eakf_model1,0.9999999999986038
eakf_model2,4.1107960402159104e-16
eakf_model3,1.3959091329440578e-12
