model_name,weigth
arima,2.841936704065713e-34
eakf_model1,4.762862746345037e-62
eakf_model2,6.005183702460317e-12
eakf_model3,0.9999999999939948
