model_name,weigth
arima,5.467708293897104e-55
eakf_model1,0.9999999999473567
eakf_model2,1.1847424546907814e-37
eakf_model3,5.0156547672268034e-17
sarima,5.2643294195133716e-11
