model_name,weigth
arima,1.1716475778582766e-13
eakf_model1,0.9999999999994937
eakf_model2,6.388231091828341e-14
eakf_model3,3.252097886466788e-13
