model_name,weigth
arima,5.0997412267136276e-48
eakf_model1,0.9999999999854308
eakf_model2,1.4569322491568026e-11
eakf_model3,6.855428447602842e-24
sarima,3.004177989046385e-53
