model_name,weigth
arima,1.6703412414858202e-25
eakf_model1,0.9999999999937782
eakf_model2,5.550748139863691e-12
eakf_model3,6.710763289455052e-13
