model_name,weigth
arima,1.2907285335141928e-109
eakf_model1,1.6142013448266043e-137
eakf_model2,1.7186362638004046e-11
eakf_model3,6.3516847763205914e-18
sarima,0.9999999999828136
