model_name,weigth
arima,1.3130450337053964e-122
eakf_model1,4.6849735603817e-101
eakf_model2,6.110683679661421e-11
eakf_model3,0.9999999999388932
