model_name,weigth
arima,1.0955648594685184e-21
eakf_model1,5.757749642939958e-21
eakf_model2,2.2600766221575973e-12
eakf_model3,0.9999999999977399
