model_name,weigth
arima,3.068862708249607e-257
eakf_model1,0.9999999996773592
eakf_model2,3.226407538849022e-10
eakf_model3,8.632248934763686e-105
