model_name,weigth
arima,8.836121061284903e-48
eakf_model1,1.9220741415935978e-15
eakf_model2,4.909178552673847e-12
eakf_model3,0.9999999999950888
sarima,2.920400397196652e-89
