model_name,weigth
arima,3.790689370299282e-28
eakf_model1,4.0157126045098565e-15
eakf_model2,8.631286242613782e-13
eakf_model3,0.9999999999991328
