model_name,weigth
arima,4.792418345527178e-26
eakf_model1,0.9999999999905923
eakf_model2,9.39144391633835e-12
eakf_model3,1.6248228560921797e-14
sarima,1.3401006773544258e-25
