model_name,weigth
arima,1.8831611841610016e-255
eakf_model1,0.9999999981054418
eakf_model2,1.0432603921340843e-29
eakf_model3,1.8945581966090756e-09
sarima,4e-323
