model_name,weigth
arima,1.0417438907140594e-38
eakf_model1,2.5575135618674316e-23
eakf_model2,7.699227686147767e-12
eakf_model3,0.9999999999923008
