model_name,weigth
arima,6.512190412774729e-71
eakf_model1,0.9999999996255529
eakf_model2,3.744470590891208e-10
eakf_model3,1.4114985905396986e-63
sarima,7.758034365165686e-109
