model_name,weigth
arima,1.1408584082111505e-57
eakf_model1,1.3172810929180042e-15
eakf_model2,4.387861842362224e-12
eakf_model3,0.9999999999956108
