model_name,weigth
arima,2.1748007351877508e-18
eakf_model1,1.9311740681182693e-30
eakf_model2,4.193590121982412e-12
eakf_model3,0.9999999999958065
