model_name,weigth
arima,1.2359382348109431e-18
eakf_model1,1.411939435460413e-36
eakf_model2,1.988442426681118e-11
eakf_model3,0.9999999999801156
