model_name,weigth
arima,4.5703531538500176e-24
eakf_model1,0.9999999999780342
eakf_model2,1.8962439674431958e-11
eakf_model3,3.003305999324547e-12
