model_name,weigth
arima,2.4523825366365413e-122
eakf_model1,1.679661878211801e-104
eakf_model2,3.056132178807936e-10
eakf_model3,0.9999999996943868
sarima,6.20831941478254e-132
