model_name,weigth
arima,1.2789259671608908e-33
eakf_model1,2.2980800517876466e-62
eakf_model2,7.606051111614204e-11
eakf_model3,0.9999999999239395
sarima,1.8152863333228427e-44
