model_name,weigth
arima,6.975741981158226e-27
eakf_model1,2.402746839641781e-15
eakf_model2,1.4208819275794894e-12
eakf_model3,0.9999999999985767
sarima,2.1867588399778025e-30
