model_name,weigth
arima,2.85029197533763e-24
eakf_model1,0.9999999999711779
eakf_model2,2.782625539704576e-23
eakf_model3,2.8821957896427743e-11
