model_name,weigth
arima,3.72901043037767e-47
eakf_model1,0.9999999999771465
eakf_model2,8.085354910890168e-25
eakf_model3,2.2853558582209148e-11
