model_name,weigth
arima,1.3248236129467049e-47
eakf_model1,0.9999999999836557
eakf_model2,1.189157225484926e-11
eakf_model3,4.452805032544337e-12
sarima,9.580452304169612e-55
