model_name,weigth
arima,4.819785781337024e-254
eakf_model1,5.365980375832601e-25
eakf_model2,0.9999999988911087
eakf_model3,1.108891366128791e-09
sarima,0.0
