model_name,weigth
arima,9.228051513593015e-17
eakf_model1,4.215562036148089e-39
eakf_model2,2.4944933610792947e-11
eakf_model3,0.999999999975055
