model_name,weigth
arima,9.311016957357722e-115
eakf_model1,0.9999999999240243
eakf_model2,8.062394503402938e-21
eakf_model3,7.597557725713822e-11
