model_name,weigth
arima,6.006760581971359e-21
eakf_model1,2.1269637574495536e-45
eakf_model2,4.1309837843653495e-11
eakf_model3,0.9999999999586902
sarima,1.172042758335884e-29
