model_name,weigth
arima,1.7238663310994967e-174
eakf_model1,3.190892874770954e-63
eakf_model2,5.504971924398952e-10
eakf_model3,0.9999999994495028
sarima,5.0769754592992306e-236
