model_name,weigth
arima,2.4301071396894655e-52
eakf_model1,2e-323
eakf_model2,1.757529254639929e-08
eakf_model3,0.9999999824247074
