model_name,weigth
arima,3.8460900683815847e-10
eakf_model1,1.3426410131789138e-104
eakf_model2,6.948938048518771e-59
eakf_model3,0.999999999615391
