model_name,weigth
arima,8.628617060997316e-11
eakf_model1,8.220392485199548e-93
eakf_model2,3.0875398116234323e-24
eakf_model3,0.9999999999137139
