model_name,weigth
arima,6.323049419768714e-129
eakf_model1,0.9999999998522742
eakf_model2,1.4772587989567078e-10
eakf_model3,3.485043104114292e-96
