model_name,weigth
arima,2.775659140928014e-82
eakf_model1,3.978601318340461e-68
eakf_model2,2.50632825579773e-10
eakf_model3,0.9999999997493673
sarima,4.509860168827024e-88
