model_name,weigth
arima,8.517219220093899e-27
eakf_model1,3.5325699511266752e-22
eakf_model2,9.878169217140036e-12
eakf_model3,0.9999999999901219
