model_name,weigth
arima,2.2108577144292224e-20
eakf_model1,2.6504945534423804e-14
eakf_model2,9.456912181864269e-12
eakf_model3,0.9999999999905166
