model_name,weigth
arima,4.558018708632263e-53
eakf_model1,0.9999999999827958
eakf_model2,1.7204198283210876e-11
eakf_model3,4.0242292160008085e-45
