model_name,weigth
arima,0.99999999999652
eakf_model1,4.208496595299641e-33
eakf_model2,7.026652685922452e-23
eakf_model3,3.479927713920868e-12
