model_name,weigth
arima,1.2808537079945177e-231
eakf_model1,0.9999999915100228
eakf_model2,8.48997719945377e-09
eakf_model3,3.827389399732464e-35
