model_name,weigth
arima,4.806560215669628e-68
eakf_model1,0.999999999953922
eakf_model2,4.607799129599378e-11
eakf_model3,3.705880621029072e-79
sarima,5.010317077225664e-70
