model_name,weigth
arima,0.9999999999985429
eakf_model1,1.305651604517901e-19
eakf_model2,4.459917148739023e-13
eakf_model3,1.0109448867014705e-12
