model_name,weigth
arima,1.7615669042550834e-157
eakf_model1,3.226234678207001e-10
eakf_model2,3.6974129540085947e-11
eakf_model3,0.9999999996404023
