model_name,weigth
arima,1e-323
eakf_model1,5.1231745475169496e-295
eakf_model2,3.545741717222137e-07
eakf_model3,0.9999996454258282
