model_name,weigth
arima,1e-323
eakf_model1,1.3608415419286614e-251
eakf_model2,1.443287308834503e-07
eakf_model3,0.999999855671269
