model_name,weigth
arima,6.220634660057462e-275
eakf_model1,9.163192312226686e-33
eakf_model2,0.9999999992415001
eakf_model3,7.584999875494019e-10
sarima,3.2008707731301634e-251
