model_name,weigth
arima,4.933164879516405e-218
eakf_model1,1.2782179518926708e-09
eakf_model2,2.5151996886085874e-68
eakf_model3,0.999999998721782
sarima,5.012056408929169e-118
