model_name,weigth
arima,2.286354477736217e-264
eakf_model1,9.859060708124602e-14
eakf_model2,6.680033243667436e-11
eakf_model3,0.9999999999331011
