model_name,weigth
arima,1e-323
eakf_model1,0.9999999633254115
eakf_model2,9.037944015926544e-186
eakf_model3,3.6674588347879095e-08
