model_name,weigth
arima,2e-323
eakf_model1,2.426398571335877e-53
eakf_model2,0.9999999926403138
eakf_model3,7.359686158927967e-09
sarima,2e-323
