model_name,weigth
arima,1.451753396659823e-10
eakf_model1,2.1453877737324345e-100
eakf_model2,6.745461942525244e-22
eakf_model3,0.9999999998548246
