model_name,weigth
arima,0.23943915913307304
eakf_model1,5.59766365713429e-29
eakf_model2,0.7605608408669038
eakf_model3,2.3136106012521078e-14
