model_name,weigth
arima,1.0171195027061585e-12
eakf_model1,8.174769070901794e-18
eakf_model2,4.578885113039856e-22
eakf_model3,3.2933589396509854e-14
sarima,0.99999999999895
