model_name,weigth
arima,4.692251401164456e-38
eakf_model1,0.9999999999516955
eakf_model2,4.829566193665401e-11
eakf_model3,8.64050485950608e-15
