model_name,weigth
arima,0.9815721596662619
eakf_model1,6.147387934649301e-126
eakf_model2,5.0956192189292753e-290
eakf_model3,0.018427840333738153
