model_name,weigth
arima,0.9999999999980591
eakf_model1,4.338887617602267e-26
eakf_model2,3.102505909615706e-28
eakf_model3,1.94078560541128e-12
