model_name,weigth
arima,0.9999999999996942
eakf_model1,1.551465562329545e-17
eakf_model2,1.6135084692930064e-13
eakf_model3,1.4446620012714887e-13
