model_name,weigth
arima,4.727843130738996e-24
eakf_model1,0.9999999999650538
eakf_model2,3.467072601548958e-11
eakf_model3,3.54017459303795e-21
sarima,2.753943348067516e-13
