model_name,weigth
arima,6.3288940576148454e-40
eakf_model1,3.0263912122152763e-23
eakf_model2,1.1186160768083874e-12
eakf_model3,0.9999999999988813
