model_name,weigth
arima,0.9999999999998646
eakf_model1,2.047395667536015e-18
eakf_model2,2.4961688655230358e-14
eakf_model3,1.1050682886606755e-13
