model_name,weigth
arima,3.3529619906776934e-57
eakf_model1,2.1317891151286017e-11
eakf_model2,3.1779147971577136e-13
eakf_model3,0.9999999999783643
sarima,2.0219749525694483e-52
