model_name,weigth
arima,2.902452823962976e-80
eakf_model1,6.8638830332008875e-18
eakf_model2,2.4057131332646325e-11
eakf_model3,0.9999999999759428
