model_name,weigth
arima,2e-323
eakf_model1,6.275073221942589e-24
eakf_model2,1.4329530640569e-09
eakf_model3,0.9999999985670469
