model_name,weigth
arima,3.348333386577736e-61
eakf_model1,6.276639736802881e-12
eakf_model2,0.999999999993609
eakf_model3,1.14369593392459e-13
