model_name,weigth
arima,3.2872679721189265e-33
eakf_model1,1.0731461704204055e-23
eakf_model2,5.948475497505115e-13
eakf_model3,0.9999999999994051
