model_name,weigth
arima,3.088681224094243e-72
eakf_model1,5.080175518976449e-15
eakf_model2,0.9999999999926468
eakf_model3,7.34816239802316e-12
