model_name,weigth
arima,3.468918819392823e-287
eakf_model1,7.881346922049792e-56
eakf_model2,0.9999999997102391
eakf_model3,2.8976076813649387e-10
