model_name,weigth
arima,2.3680153140940655e-47
eakf_model1,8.515823597759784e-34
eakf_model2,0.9999999999854923
eakf_model3,1.450770287846202e-11
