model_name,weigth
arima,1.5017886653379233e-62
eakf_model1,1.9227818732445973e-26
eakf_model2,1.979852381786148e-11
eakf_model3,0.9999999999802014
sarima,5.805676531707717e-81
