model_name,weigth
arima,3.1456125007482713e-182
eakf_model1,2.956924485261912e-15
eakf_model2,9.580616475372366e-12
eakf_model3,0.9999999999904163
