model_name,weigth
arima,4.153626452682614e-35
eakf_model1,1.035034467654843e-12
eakf_model2,0.9999999999989649
eakf_model3,6.299389139606017e-20
sarima,1.0080654437691392e-88
