model_name,weigth
arima,5.280029840087854e-99
eakf_model1,2.598253581937993e-12
eakf_model2,0.9999999999974016
eakf_model3,2.2364905367649367e-23
