model_name,weigth
arima,9.157137961382127e-46
eakf_model1,4.2695485232640505e-12
eakf_model2,0.9999999999957261
eakf_model3,4.377510489499947e-15
sarima,1.2702613874531829e-20
