model_name,weigth
arima,2.035276056795918e-147
eakf_model1,0.9999999999798077
eakf_model2,1.2330191323789198e-28
eakf_model3,2.0192306221282824e-11
