model_name,weigth
arima,1.2832346097235931e-71
eakf_model1,1.1852792064192648e-12
eakf_model2,2.2958994228982103e-21
eakf_model3,3.374519707423491e-18
sarima,0.9999999999988147
