model_name,weigth
arima,3.658727874268672e-11
eakf_model1,9.963496287330633e-29
eakf_model2,0.9999999999634127
eakf_model3,1.3530945358382157e-45
