model_name,weigth
arima,0.0
eakf_model1,0.9999999996689635
eakf_model2,1.2643360836374957e-18
eakf_model3,3.3103646819488714e-10
