model_name,weigth
arima,0.0
eakf_model1,1.3060338801513815e-09
eakf_model2,2e-323
eakf_model3,0.9999999986939662
