model_name,weigth
arima,2.8701868759931824e-63
eakf_model1,0.9999999999951079
eakf_model2,4.786674386884872e-12
eakf_model3,1.0530979315789735e-13
sarima,6.609545617180278e-94
