model_name,weigth
arima,0.0
eakf_model1,0.9999997931153501
eakf_model2,6e-323
eakf_model3,2.0688464978573194e-07
