model_name,weigth
arima,0.0
eakf_model1,0.9999999994713646
eakf_model2,1.0589274987909658e-166
eakf_model3,5.286354140258992e-10
sarima,0.0
