model_name,weigth
arima,7.537326727383946e-31
eakf_model1,1.173323443373642e-12
eakf_model2,0.9999999999988267
eakf_model3,9.135410618488444e-23
