model_name,weigth
arima,0.0
eakf_model1,0.9999999998557952
eakf_model2,1.442047249408558e-10
eakf_model3,8.595373255624561e-32
