model_name,weigth
arima,0.9999999999890474
eakf_model1,2.080542141970048e-26
eakf_model2,1.010843165350075e-14
eakf_model3,1.0942462782465109e-11
