model_name,weigth
arima,8.789058931075536e-158
eakf_model1,0.9999999999782314
eakf_model2,3.406114358566428e-52
eakf_model3,2.1768518625788374e-11
