model_name,weigth
arima,0.0
eakf_model1,4.3511585350683284e-10
eakf_model2,4.855837105061609e-27
eakf_model3,0.9999999995648841
