model_name,weigth
arima,1.26647718245714e-310
eakf_model1,3.9142331927978375e-11
eakf_model2,6.0471377747489e-169
eakf_model3,0.9999999999608576
