model_name,weigth
arima,0.0
eakf_model1,1.8280153417625704e-10
eakf_model2,0.9999999998171984
eakf_model3,6.478103334662998e-30
