model_name,weigth
arima,2.2297043774808576e-26
eakf_model1,1.8463945874082924e-12
eakf_model2,0.9999999999981537
eakf_model3,2.390798211823182e-23
sarima,2.8418255695710914e-19
