model_name,weigth
arima,6.004819544283233e-70
eakf_model1,1.8694550222351727e-11
eakf_model2,8.758991857770787e-21
eakf_model3,0.9999999999813055
