model_name,weigth
arima,0.0
eakf_model1,2.368879025370506e-18
eakf_model2,1.609556039681614e-10
eakf_model3,0.9999999998390443
sarima,1.9655338497131726e-159
