model_name,weigth
arima,6.9503935896663015e-84
eakf_model1,0.9999999999915306
eakf_model2,8.469498431454644e-12
eakf_model3,1.7863516386604632e-34
