model_name,weigth
arima,2.8261325973711404e-154
eakf_model1,2.8732496695023996e-11
eakf_model2,1.5825127898799803e-38
eakf_model3,0.9999999999712674
sarima,2.96011442035007e-191
