model_name,weigth
arima,0.0
eakf_model1,0.9999999997540333
eakf_model2,5.355362012211603e-152
eakf_model3,2.459666464131566e-10
