model_name,weigth
arima,2.143407669208663e-309
eakf_model1,2.2634521273734252e-11
eakf_model2,0.9999999999758773
eakf_model3,1.4882116036231124e-12
sarima,6.405317948409996e-302
