model_name,weigth
arima,0.0
eakf_model1,0.9999999999297677
eakf_model2,7.023226885135408e-11
eakf_model3,3.9321867477057274e-23
