model_name,weigth
arima,0.0
eakf_model1,3.112943579526383e-11
eakf_model2,0.9999999999688705
eakf_model3,3.550092323806817e-38
