model_name,weigth
arima,0.0
eakf_model1,9.82524070564081e-11
eakf_model2,4.407044836304147e-12
eakf_model3,0.9999999998973406
sarima,0.0
