model_name,weigth
arima,1.149795283825952e-24
eakf_model1,1.666483125824443e-11
eakf_model2,6.92349322093125e-19
eakf_model3,0.9999999999833352
sarima,1.149795283825952e-24
