model_name,weigth
arima,3.866638381401182e-103
eakf_model1,0.9999999999874847
eakf_model2,1.25153046748524e-11
eakf_model3,2.3820517586107637e-38
