model_name,weigth
arima,5.94535105179105e-139
eakf_model1,5.577271787655853e-10
eakf_model2,2.6002272780837632e-216
eakf_model3,0.9999999994422728
