model_name,weigth
arima,5.717686869024966e-41
eakf_model1,0.9999999999984823
eakf_model2,1.4344515977202134e-12
eakf_model3,8.322868015819077e-14
