model_name,weigth
arima,0.0
eakf_model1,3.0665993421630377e-09
eakf_model2,1.1415098496986543e-42
eakf_model3,0.9999999969334007
