model_name,weigth
arima,2.005873464891457e-24
eakf_model1,8.044249197019472e-12
eakf_model2,2.729686888138474e-17
eakf_model3,0.9999999999919557
