model_name,weigth
arima,5.85200853119906e-12
eakf_model1,0.9999999999941479
eakf_model2,1.1343780146338807e-17
eakf_model3,7.565102690555013e-21
