model_name,weigth
arima,2e-323
eakf_model1,1.1397829248517794e-09
eakf_model2,5.09985930243083e-31
eakf_model3,0.9999999988602171
sarima,2e-323
