model_name,weigth
arima,9.983347363810985e-67
eakf_model1,1.4381238709300172e-11
eakf_model2,2.48996956547568e-47
eakf_model3,0.9999999999856186
sarima,6.414564567343091e-120
