model_name,weigth
arima,2e-323
eakf_model1,7.016223449194728e-10
eakf_model2,4.523943990863907e-116
eakf_model3,0.9999999992983777
sarima,2e-323
