model_name,weigth
arima,0.0
eakf_model1,2.3285438196053044e-10
eakf_model2,6.029563650511175e-54
eakf_model3,0.9999999997671456
