model_name,weigth
arima,1.969681116386581e-57
eakf_model1,0.9999999999917546
eakf_model2,6.291438869216911e-21
eakf_model3,8.245377635352495e-12
