model_name,weigth
arima,0.0
eakf_model1,4.5695504283360115e-10
eakf_model2,0.9999999995430449
eakf_model3,3.972949593162363e-59
