model_name,weigth
arima,0.0
eakf_model1,0.9999999999944975
eakf_model2,8.481276573250435e-23
eakf_model3,5.502414070494251e-12
