model_name,weigth
arima,0.0
eakf_model1,1.3179852793957288e-09
eakf_model2,4.351906578076514e-45
eakf_model3,0.9999999986820147
sarima,0.0
