model_name,weigth
arima,0.0
eakf_model1,0.999999991716696
eakf_model2,4e-323
eakf_model3,8.283303997075599e-09
