model_name,weigth
arima,0.0
eakf_model1,0.9999999997208568
eakf_model2,1.2355247947148686e-95
eakf_model3,2.7914319151157773e-10
sarima,0.0
