model_name,weigth
arima,4.9772415131977043e-51
eakf_model1,2.9022418144228285e-11
eakf_model2,2.5871580194874684e-44
eakf_model3,0.9999999999709777
