model_name,weigth
arima,1e-323
eakf_model1,0.9999999994775008
eakf_model2,3.5230973034354734e-128
eakf_model3,5.224992391481807e-10
