model_name,weigth
arima,0.0
eakf_model1,0.9999999979485115
eakf_model2,7.294376186735027e-260
eakf_model3,2.0514885265786658e-09
