model_name,weigth
arima,0.0
eakf_model1,2.3076740501982304e-13
eakf_model2,3.822422026228311e-10
eakf_model3,0.9999999996175271
sarima,0.0
