model_name,weigth
arima,0.0
eakf_model1,1.576242871143895e-28
eakf_model2,0.9999999996972692
eakf_model3,3.0273084155738047e-10
sarima,0.0
