model_name,weigth
arima,0.0
eakf_model1,6.896746466449077e-07
eakf_model2,0.9999993103253533
eakf_model3,1.4e-322
sarima,2e-323
