model_name,weigth
arima,0.0
eakf_model1,0.9999999988621843
eakf_model2,1.1378157242661227e-09
eakf_model3,5.892677350103396e-22
sarima,0.0
