model_name,weigth
arima,0.0
eakf_model1,0.9999999978302232
eakf_model2,6.155826359526562e-47
eakf_model3,2.1697768089852334e-09
sarima,2e-323
