model_name,weigth
arima,0.0
eakf_model1,1.0709489651615134e-11
eakf_model2,0.9999999999658773
eakf_model3,2.341325363333078e-11
