model_name,weigth
arima,2.8490161177742478e-74
eakf_model1,1.5064020205756012e-10
eakf_model2,2.5489944312986795e-69
eakf_model3,0.9999999998493598
sarima,2.8490161177742478e-74
