model_name,weigth
arima,2e-323
eakf_model1,2.102560195498658e-06
eakf_model2,6e-323
eakf_model3,0.9999978974398045
sarima,0.0
