model_name,weigth
arima,0.0
eakf_model1,0.9999999875459775
eakf_model2,2.2588302915509306e-217
eakf_model3,1.245402238101194e-08
