model_name,weigth
arima,2.415323506522054e-258
eakf_model1,1.9627788576455216e-11
eakf_model2,9.340212061929459e-40
eakf_model3,0.9999999999803723
