model_name,weigth
arima,0.0
eakf_model1,0.9999999999367797
eakf_model2,1.6879213965221243e-44
eakf_model3,6.322032557836495e-11
