model_name,weigth
arima,0.0
eakf_model1,4.5999861420109445e-07
eakf_model2,2e-323
eakf_model3,0.9999995400013858
