model_name,weigth
arima,0.0
eakf_model1,1.061568220936342e-45
eakf_model2,0.9999999999904694
eakf_model3,9.530500348516285e-12
