model_name,weigth
arima,0.0
eakf_model1,7.810555671155128e-56
eakf_model2,0.9999999999733115
eakf_model3,2.6688547294935463e-11
