model_name,weigth
arima,1.5887613210963e-311
eakf_model1,0.9999999998042106
eakf_model2,2.3540349649787606e-112
eakf_model3,1.9578934739317437e-10
sarima,0.0
