model_name,weigth
arima,1e-323
eakf_model1,4.181834398657596e-09
eakf_model2,2e-323
eakf_model3,0.9999999958181656
