model_name,weigth
arima,0.0
eakf_model1,1.0208978597524809e-10
eakf_model2,2.7435652142896326e-12
eakf_model3,0.9999999998951665
sarima,9.816352503003657e-299
