model_name,weigth
arima,0.0
eakf_model1,0.9999999999311269
eakf_model2,2.1623888057878234e-30
eakf_model3,6.887320556471028e-11
sarima,0.0
