model_name,weigth
arima,1.1436868442664419e-200
eakf_model1,1.0989069131082778e-11
eakf_model2,1.3252227041344377e-28
eakf_model3,0.999999999989011
