model_name,weigth
arima,3.291392727544748e-289
eakf_model1,0.9999999999234567
eakf_model2,2.2761627958043438e-88
eakf_model3,7.65433272556217e-11
