model_name,weigth
arima,0.0
eakf_model1,7.613617693570972e-11
eakf_model2,9.580057300711192e-84
eakf_model3,0.9999999999238638
