model_name,weigth
arima,0.0
eakf_model1,3.00717246690158e-16
eakf_model2,0.9999999999525306
eakf_model3,4.746908100710614e-11
