model_name,weigth
arima,3.306067029542098e-200
eakf_model1,1.0329026147935425e-11
eakf_model2,4.3102311988366656e-29
eakf_model3,0.9999999999896709
