model_name,weigth
arima,2e-323
eakf_model1,5.975505355203096e-10
eakf_model2,0.9999999994024495
eakf_model3,4.466829454338929e-71
sarima,2e-323
