model_name,weigth
arima,3.5039563765240554e-244
eakf_model1,0.9999999999146874
eakf_model2,7.495901834284074e-58
eakf_model3,8.531266837363942e-11
sarima,4.821880848988638e-258
