model_name,weigth
arima,4.1984327036806737e-184
eakf_model1,1.7894119483807697e-10
eakf_model2,5.407328753816391e-31
eakf_model3,0.9999999998210587
sarima,1.4056924872773864e-148
