model_name,weigth
arima,1.596712598665986e-168
eakf_model1,0.9999999999963238
eakf_model2,3.676132867377627e-12
eakf_model3,6.717053747989791e-27
