model_name,weigth
arima,0.0
eakf_model1,3.521745943804809e-16
eakf_model2,3.409506281033136e-10
eakf_model3,0.999999999659049
