model_name,weigth
arima,0.0
eakf_model1,0.9999999997638384
eakf_model2,2.3616162483596067e-10
eakf_model3,5.687433519978497e-52
