model_name,weigth
arima,1e-323
eakf_model1,0.999999999721281
eakf_model2,1.2401328920960201e-113
eakf_model3,2.787191009317481e-10
