model_name,weigth
arima,1.1091344657694578e-108
eakf_model1,0.9999999999978761
eakf_model2,2.1238499236924937e-12
eakf_model3,2.8058726100399386e-20
