model_name,weigth
arima,2.0690898001555376e-71
eakf_model1,0.9999999999958387
eakf_model2,2.3570213773803093e-13
eakf_model3,3.925579015913114e-12
sarima,1.4370527876404372e-47
