model_name,weigth
arima,8.08156833911489e-92
eakf_model1,5.758993717282162e-27
eakf_model2,1.7374700928475144e-12
eakf_model3,0.9999999999982625
