model_name,weigth
arima,6.355193613908585e-197
eakf_model1,1.6945387148627806e-10
eakf_model2,5.740103795110565e-132
eakf_model3,0.9999999998305461
