model_name,weigth
arima,2.09263119602189e-60
eakf_model1,1.1554340965502313e-11
eakf_model2,1.6171046810060498e-42
eakf_model3,0.9999999999884457
