model_name,weigth
arima,5.445443489660247e-60
eakf_model1,1.464888213332195e-11
eakf_model2,6.82894706620166e-25
eakf_model3,0.999999999985351
sarima,3.9192829650015095e-33
