model_name,weigth
arima,5.611305495105699e-284
eakf_model1,0.9999999999655642
eakf_model2,3.443568216942918e-11
eakf_model3,4.3969421689495775e-37
sarima,8.718272005148765e-261
