model_name,weigth
arima,4e-323
eakf_model1,0.9999997683224977
eakf_model2,4e-323
eakf_model3,2.3167750216459392e-07
sarima,2.8e-322
