model_name,weigth
arima,0.0
eakf_model1,0.9999999970088016
eakf_model2,2.991198312979742e-09
eakf_model3,3.226483981712088e-176
sarima,0.0
