model_name,weigth
arima,9.645749555996675e-109
eakf_model1,0.999999999994664
eakf_model2,3.9017170838796887e-13
eakf_model3,4.9456411169862594e-12
