model_name,weigth
arima,3.982965377417547e-103
eakf_model1,0.9999999999716868
eakf_model2,2.2571702279539557e-43
eakf_model3,2.83132123313282e-11
sarima,1.2362161807986733e-18
