model_name,weigth
arima,0.0
eakf_model1,0.9999999999841175
eakf_model2,4.873537280648383e-15
eakf_model3,1.5877611622928392e-11
