model_name,weigth
arima,6.874681767985276e-39
eakf_model1,0.9999999999986694
eakf_model2,7.625551782709372e-22
eakf_model3,1.3306097044064068e-12
