model_name,weigth
arima,4.721807256665152e-141
eakf_model1,0.9999999999729496
eakf_model2,2.7050344133567856e-11
eakf_model3,4.0532204973508676e-27
