model_name,weigth
arima,1e-323
eakf_model1,0.9999999993722586
eakf_model2,6.277413229777839e-10
eakf_model3,5.117203724475851e-77
