model_name,weigth
arima,8.728492093985397e-42
eakf_model1,0.999999999994405
eakf_model2,1.3399495190416017e-37
eakf_model3,5.594904020280015e-12
