model_name,weigth
arima,1e-323
eakf_model1,0.9999999548215928
eakf_model2,4.5178407270612683e-08
eakf_model3,2.0566222797555805e-137
