model_name,weigth
arima,2e-323
eakf_model1,2.8921176327482167e-09
eakf_model2,6.969865733344727e-79
eakf_model3,0.9999999971078823
sarima,3.5e-323
