model_name,weigth
arima,9.589181470181767e-25
eakf_model1,0.9999999999991197
eakf_model2,2.2351490727223813e-28
eakf_model3,8.803310262670585e-13
