model_name,weigth
arima,9.597624526908214e-182
eakf_model1,1.494879206056726e-11
eakf_model2,1.0271225389192506e-41
eakf_model3,0.9999999999850512
