model_name,weigth
arima,2e-323
eakf_model1,1.8305005402831184e-09
eakf_model2,3.922868976359195e-122
eakf_model3,0.9999999981694996
sarima,2e-323
