model_name,weigth
arima,5.851730410853342e-20
eakf_model1,0.9999999999991156
eakf_model2,1.0186594717038873e-24
eakf_model3,8.844754437864323e-13
