model_name,weigth
arima,3.5085009383693563e-16
eakf_model1,0.9999999999996696
eakf_model2,1.2480342834053903e-18
eakf_model3,3.2999755202499075e-13
