model_name,weigth
arima,1.1620218921461571e-49
eakf_model1,0.9999999999902153
eakf_model2,6.131544524289492e-33
eakf_model3,9.784769929263726e-12
