model_name,weigth
arima,5.422896357810355e-21
eakf_model1,0.9999999999991958
eakf_model2,5.348443736045308e-27
eakf_model3,8.041892351508802e-13
