model_name,weigth
arima,1.2343450674506034e-17
eakf_model1,6.218529345630465e-12
eakf_model2,1.1109537297566567e-32
eakf_model3,0.9999999999861235
sarima,7.658057471091686e-12
