model_name,weigth
arima,7.515644631796707e-130
eakf_model1,5.455105354382629e-12
eakf_model2,2.616746894778504e-24
eakf_model3,0.9999999999945448
