model_name,weigth
arima,9.773643719705544e-27
eakf_model1,0.9999999999984106
eakf_model2,4.981523616097756e-31
eakf_model3,1.5892781851634135e-12
