model_name,weigth
arima,0.0
eakf_model1,2.8563501133991254e-24
eakf_model2,1.7000057401071893e-10
eakf_model3,0.9999999998299993
sarima,0.0
