model_name,weigth
arima,8.663347221742563e-280
eakf_model1,0.9999999999180529
eakf_model2,8.194709162085048e-11
eakf_model3,2.8136626942823437e-35
