model_name,weigth
arima,5.049428312893717e-166
eakf_model1,0.9999999999837117
eakf_model2,1.5803691538932394e-11
eakf_model3,4.846067795595844e-13
