model_name,weigth
arima,0.0
eakf_model1,6.395059365874417e-16
eakf_model2,0.9999999998491286
eakf_model3,1.5087075665477845e-10
