model_name,weigth
arima,1.5913199637225643e-160
eakf_model1,0.9999999999698863
eakf_model2,7.075232394545199e-15
eakf_model3,3.0106588761923424e-11
sarima,7.943924112191674e-154
