model_name,weigth
arima,9.139797622477538e-85
eakf_model1,7.048707562005838e-12
eakf_model2,7.466036324938255e-12
eakf_model3,0.9999999999854852
sarima,7.016491577883931e-50
