model_name,weigth
arima,2.9343659656692442e-174
eakf_model1,0.9999999999103861
eakf_model2,1.9200677466610774e-50
eakf_model3,8.961391198856901e-11
sarima,4.1445328729261714e-169
