model_name,weigth
arima,0.0
eakf_model1,6.087781485903918e-33
eakf_model2,0.9999999999627143
eakf_model3,3.728581608565033e-11
