model_name,weigth
arima,1.3483811265561608e-13
eakf_model1,0.9999999999995115
eakf_model2,1.825795387786498e-26
eakf_model3,3.5374023000630436e-13
