model_name,weigth
arima,0.0
eakf_model1,0.999999998326178
eakf_model2,3.834318370671218e-114
eakf_model3,1.6738220007847075e-09
