model_name,weigth
arima,1e-323
eakf_model1,1.7148664149252716e-10
eakf_model2,9.964342802244295e-75
eakf_model3,0.9999999998285134
