model_name,weigth
arima,0.0
eakf_model1,2e-323
eakf_model2,0.9999999988934543
eakf_model3,1.1065456516384077e-09
