model_name,weigth
arima,1.2268735617488565e-100
eakf_model1,7.0468857632845486e-12
eakf_model2,7.092502854568081e-12
eakf_model3,0.9999999999858605
