model_name,weigth
arima,3.00380495842843e-21
eakf_model1,0.9999999999989599
eakf_model2,6.354439358458901e-38
eakf_model3,1.0400674063023205e-12
