model_name,weigth
arima,0.0
eakf_model1,0.9999979542006543
eakf_model2,6e-323
eakf_model3,2.045799345560914e-06
