model_name,weigth
arima,1.2255009184411065e-50
eakf_model1,1.553530995160218e-33
eakf_model2,7.484772565809707e-17
eakf_model3,6.0458644278361285e-12
sarima,0.999999999993954
