model_name,weigth
arima,1e-323
eakf_model1,5.92133800634898e-191
eakf_model2,2.1158082057610916e-08
eakf_model3,0.9999999788419178
