model_name,weigth
arima,0.0
eakf_model1,6.573596439975e-71
eakf_model2,0.9999999999359639
eakf_model3,6.403610671119505e-11
