model_name,weigth
arima,1.5404564208556979e-24
eakf_model1,1.0706544774344285e-14
eakf_model2,6.897548054168055e-13
eakf_model3,0.9999999999992994
