model_name,weigth
arima,7.517712451527935e-108
eakf_model1,0.9999999999666871
eakf_model2,2.2266416847613782e-18
eakf_model3,3.3312884519797476e-11
