model_name,weigth
arima,2.664334529087392e-154
eakf_model1,8.154287371209762e-20
eakf_model2,2.088418493863072e-10
eakf_model3,0.9999999997911582
sarima,6.120532457799425e-183
