model_name,weigth
arima,2e-323
eakf_model1,2e-323
eakf_model2,9e-323
eakf_model3,0.9999999829820192
sarima,1.7017980653453947e-08
