model_name,weigth
arima,2e-323
eakf_model1,3.3779648289257896e-08
eakf_model2,9.15256716255557e-230
eakf_model3,0.9999999662203516
sarima,2e-323
