model_name,weigth
arima,1.2971427876848508e-48
eakf_model1,2.1037478749505305e-12
eakf_model2,0.999999999997887
eakf_model3,9.371382994715704e-15
sarima,3.279936091940595e-20
