model_name,weigth
arima,2e-323
eakf_model1,0.00026658902853262474
eakf_model2,5.366e-321
eakf_model3,0.9997334109714673
sarima,2e-323
