model_name,weigth
arima,5.948860692994518e-44
eakf_model1,2.499056851873304e-28
eakf_model2,3.686511575348708e-12
eakf_model3,0.9999999999963134
