model_name,weigth
arima,1e-323
eakf_model1,1.6612024164567617e-08
eakf_model2,3.957874209943185e-18
eakf_model3,0.9999999833879758
