model_name,weigth
arima,1.106081911613676e-62
eakf_model1,4.1566701376512e-12
eakf_model2,5.579460443919022e-15
eakf_model3,0.9999999999958377
