model_name,weigth
arima,2.9745989494521626e-116
eakf_model1,1.989877999273916e-55
eakf_model2,1.0310873092382117e-11
eakf_model3,0.9999999999896891
