model_name,weigth
arima,1.382887238330032e-135
eakf_model1,1.2575417142914436e-53
eakf_model2,1.1973551352865481e-11
eakf_model3,0.9999999999880265
