model_name,weigth
arima,5.082005285066886e-86
eakf_model1,2.511348951002788e-14
eakf_model2,1.633214826876553e-11
eakf_model3,0.9999999999836428
