model_name,weigth
arima,1e-323
eakf_model1,1.3031576371584338e-104
eakf_model2,2.114014585747116e-08
eakf_model3,0.9999999788598541
