model_name,weigth
arima,2.5926686466101803e-68
eakf_model1,5.834546344679935e-29
eakf_model2,3.697493693192901e-12
eakf_model3,0.9999999999963025
