model_name,weigth
arima,0.0
eakf_model1,0.9999999992565909
eakf_model2,5.056653725286318e-112
eakf_model3,7.434090447915943e-10
sarima,2e-323
