model_name,weigth
arima,3.102312197568788e-97
eakf_model1,5.469082731302861e-34
eakf_model2,4.165946511763298e-12
eakf_model3,0.999999999995834
