model_name,weigth
arima,1.0488617551004982e-89
eakf_model1,0.9999999999774358
eakf_model2,1.0608159869506796e-39
eakf_model3,2.2564274162685834e-11
sarima,7.218365512059295e-74
