model_name,weigth
arima,2.840762514818926e-73
eakf_model1,1.114339183304085e-42
eakf_model2,6.3146312418287335e-12
eakf_model3,0.9999999999936855
