model_name,weigth
arima,2e-323
eakf_model1,2.2524478240379143e-226
eakf_model2,4.739212986673714e-49
eakf_model3,1.2260368104366609e-09
sarima,0.9999999987739632
