model_name,weigth
arima,1.6530369084653772e-127
eakf_model1,9.034185449093792e-11
eakf_model2,0.999999999909658
eakf_model3,3.82754677206451e-19
sarima,8.414775860561243e-118
