model_name,weigth
arima,9.89829470989264e-97
eakf_model1,3.356198179195464e-67
eakf_model2,3.748164196697887e-11
eakf_model3,0.9999999999625183
sarima,1.9826982458657148e-27
