model_name,weigth
arima,1.1615378950605755e-62
eakf_model1,3.8741270143657084e-36
eakf_model2,1.1330890442388974e-11
eakf_model3,0.9999999999886691
