model_name,weigth
arima,2.312964480993097e-58
eakf_model1,1.3525589975402176e-39
eakf_model2,1.1529986753530282e-11
eakf_model3,0.9999999999884701
