model_name,weigth
arima,2.8913590170899243e-102
eakf_model1,7.685136535993658e-45
eakf_model2,2.7047213974591713e-11
eakf_model3,0.9999999999729527
