model_name,weigth
arima,8.773970223565212e-96
eakf_model1,9.338910646643283e-15
eakf_model2,0.9999999999750115
eakf_model3,2.4979103762109674e-11
sarima,7.785176276942551e-83
