model_name,weigth
arima,3.3943320133128954e-139
eakf_model1,9.874112426996108e-104
eakf_model2,3.8015432117125245e-31
eakf_model3,0.9999999998016356
sarima,1.9836447702847716e-10
