model_name,weigth
arima,1.0883865542020268e-48
eakf_model1,3.9239023830768605e-15
eakf_model2,1.0729212874694304e-12
eakf_model3,0.9999999999989231
