model_name,weigth
arima,2e-323
eakf_model1,6.797679379930847e-88
eakf_model2,0.9999999982204205
eakf_model3,1.779579481829039e-09
sarima,2e-323
