model_name,weigth
arima,2.4263279822292942e-39
eakf_model1,9.6805911600263e-28
eakf_model2,2.260678315218902e-12
eakf_model3,0.9999999999977394
