model_name,weigth
arima,1.0356942760596662e-60
eakf_model1,0.9999999999933684
eakf_model2,7.337348012888089e-22
eakf_model3,6.631578451698377e-12
sarima,4.873128726043115e-45
