model_name,weigth
arima,1.4498088246621523e-83
eakf_model1,2.0523489709934942e-23
eakf_model2,5.009485551362322e-12
eakf_model3,0.9999999999949905
