model_name,weigth
arima,1.3301243768193564e-177
eakf_model1,2.6296589742303877e-36
eakf_model2,8.746516140071864e-12
eakf_model3,0.9999999999912536
