model_name,weigth
arima,9.778130990085717e-290
eakf_model1,2.1060483744846393e-11
eakf_model2,6.31519186928082e-24
eakf_model3,0.9999999999789395
