model_name,weigth
arima,3.116884285810846e-166
eakf_model1,8.878313341319295e-77
eakf_model2,0.9999999999655729
eakf_model3,3.4427188268331235e-11
sarima,6.303520951259997e-70
