model_name,weigth
arima,1.1711257329076864e-197
eakf_model1,0.9999999964357196
eakf_model2,3.5642804664479217e-09
eakf_model3,3.951475130391539e-160
