model_name,weigth
arima,1e-323
eakf_model1,2e-323
eakf_model2,0.9999999989402721
eakf_model3,1.0597278388281187e-09
