model_name,weigth
arima,7.006778066001975e-20
eakf_model1,0.9999999999976052
eakf_model2,2.2554814628771233e-12
eakf_model3,1.3929977988209944e-13
sarima,1.7499568060533136e-20
