model_name,weigth
arima,9.013178650013833e-38
eakf_model1,1.3397026728228287e-12
eakf_model2,3.3219286115601304e-14
eakf_model3,0.9999999999986271
