model_name,weigth
arima,2e-323
eakf_model1,1.387282595180055e-237
eakf_model2,1.7783945791182735e-09
eakf_model3,0.9999999982216055
