model_name,weigth
arima,4.808489288294483e-90
eakf_model1,2.0845354639556437e-12
eakf_model2,7.013861878318944e-14
eakf_model3,0.9999999999978453
