model_name,weigth
arima,1.6532763568080273e-20
eakf_model1,0.9999999999899332
eakf_model2,1.0064586967859264e-11
eakf_model3,2.2397148811304335e-15
