model_name,weigth
arima,1.4541767824902813e-128
eakf_model1,1.2913842771846948e-63
eakf_model2,0.9999999999825764
eakf_model3,1.742351163312351e-11
sarima,6.556102313346848e-35
