model_name,weigth
arima,8.453446562972836e-31
eakf_model1,0.9999999999631151
eakf_model2,3.6884841411754995e-11
eakf_model3,4.853584031397547e-30
sarima,5.699164628357436e-67
