model_name,weigth
arima,1.351844602440974e-73
eakf_model1,0.9999999999935206
eakf_model2,3.9900243736602494e-20
eakf_model3,6.479403750476543e-12
