model_name,weigth
arima,7.317438785630778e-42
eakf_model1,7.586168048112112e-32
eakf_model2,1.733801980665438e-12
eakf_model3,0.9999999999982663
