model_name,weigth
arima,1.4553226892675596e-72
eakf_model1,1.0390825776574026e-21
eakf_model2,2.3225798391053886e-12
eakf_model3,0.9999999999976774
