model_name,weigth
arima,5.886365080838089e-242
eakf_model1,1.948676957738298e-113
eakf_model2,5.463210585904165e-11
eakf_model3,0.9999999999453679
