model_name,weigth
arima,8.100656453804851e-202
eakf_model1,1.2925560926668051e-126
eakf_model2,4.4098482031376564e-12
eakf_model3,8.582272455989192e-11
sarima,0.9999999999097674
