model_name,weigth
arima,5.2243608368185763e-82
eakf_model1,1.2590400151135956e-28
eakf_model2,2.116559751634101e-12
eakf_model3,0.9999999999978835
