model_name,weigth
arima,4.994413957223618e-41
eakf_model1,3.804427197414288e-14
eakf_model2,2.919810682893418e-12
eakf_model3,0.9999999999970421
