model_name,weigth
arima,5.386219552748588e-13
eakf_model1,0.9999999999993994
eakf_model2,5.830179339382285e-14
eakf_model3,3.735546953557061e-15
