model_name,weigth
arima,1.5116647472579078e-44
eakf_model1,0.9999999999940429
eakf_model2,2.9902219931600767e-16
eakf_model3,5.956905229914235e-12
