model_name,weigth
arima,4.289548541684191e-22
eakf_model1,0.9999999999936487
eakf_model2,6.351257226360608e-12
eakf_model3,8.332499766947771e-20
sarima,2.7798174581240784e-27
