model_name,weigth
arima,2e-323
eakf_model1,1e-323
eakf_model2,1.5383937846545788e-09
eakf_model3,0.9999999984616061
