model_name,weigth
arima,1.01826693601794e-38
eakf_model1,0.9999999999975449
eakf_model2,4.226708073300583e-20
eakf_model3,2.4551661561864597e-12
