model_name,weigth
arima,1.3968597259652263e-14
eakf_model1,1.172918339039506e-27
eakf_model2,9.706808807714824e-13
eakf_model3,0.9999999999990153
