model_name,weigth
arima,6.365607761196702e-13
eakf_model1,6.948530090256626e-21
eakf_model2,8.129004164668985e-15
eakf_model3,0.9999999999993553
