model_name,weigth
arima,3.422303932240538e-16
eakf_model1,0.9999999999986185
eakf_model2,5.193904795893354e-22
eakf_model3,4.149902780117588e-16
sarima,1.3807058141568025e-12
