model_name,weigth
arima,1.0780554653538618e-132
eakf_model1,0.9999999999482577
eakf_model2,5.174222144758521e-11
eakf_model3,1.0285861541933359e-23
sarima,4.30987178902467e-93
