model_name,weigth
arima,3.6096684063396204e-29
eakf_model1,3.6256488191022534e-73
eakf_model2,9.997247464435216e-12
eakf_model3,0.9999999999900028
