model_name,weigth
arima,9.866432756383569e-20
eakf_model1,6.232685359731533e-38
eakf_model2,2.962081484914011e-14
eakf_model3,0.9999999999971816
sarima,2.788814970252292e-12
