model_name,weigth
arima,7.476910532885258e-13
eakf_model1,1.7491854962215963e-20
eakf_model2,1.2700875707871186e-13
eakf_model3,0.9999999999991253
