model_name,weigth
arima,4.6440247239212925e-284
eakf_model1,9.129602775188205e-91
eakf_model2,7.360412462527114e-10
eakf_model3,0.9999999992639588
