model_name,weigth
arima,2.3002234818909897e-49
eakf_model1,3.754730915070561e-49
eakf_model2,3.6458896479391e-12
eakf_model3,0.999999999996354
