model_name,weigth
arima,6.762281027325435e-67
eakf_model1,0.999999999976082
eakf_model2,2.3917909985586955e-11
eakf_model3,7.009179929543889e-25
sarima,2.6043731650270982e-68
