model_name,weigth
arima,4.1468947671946e-22
eakf_model1,0.9999999999956715
eakf_model2,4.328515350446262e-12
eakf_model3,1.5452184236866184e-26
