model_name,weigth
arima,4.5023145520009014e-30
eakf_model1,1.124907536372198e-16
eakf_model2,1.4494794673040644e-12
eakf_model3,0.9999999999985505
