model_name,weigth
arima,1.772773065238296e-23
eakf_model1,1.6552292478004688e-18
eakf_model2,2.6691486181792566e-16
eakf_model3,0.9999999999984865
sarima,1.5131473254180792e-12
