model_name,weigth
arima,2.157785311676536e-15
eakf_model1,0.9999999999992595
eakf_model2,6.359102859864854e-19
eakf_model3,7.786365698984933e-17
sarima,7.382828656498389e-13
