model_name,weigth
arima,4.7259601897868763e-35
eakf_model1,8.541140963492166e-38
eakf_model2,1.4741916516797384e-12
eakf_model3,0.9999999999985258
