model_name,weigth
arima,2.2833742648118054e-124
eakf_model1,6.919752392753196e-25
eakf_model2,7.453563865411159e-11
eakf_model3,0.9999999999254643
sarima,0.0
