model_name,weigth
arima,2.723151014810011e-34
eakf_model1,3.4245371477038994e-14
eakf_model2,2.636316995933715e-12
eakf_model3,0.9999999999973295
sarima,3.72617927562015e-49
