model_name,weigth
arima,1.4734132060092763e-71
eakf_model1,3.0658907591478975e-21
eakf_model2,1.0700451039763171e-11
eakf_model3,0.9999999999892996
