model_name,weigth
arima,5.193698964938331e-225
eakf_model1,2.5498459461481614e-08
eakf_model2,4.3611746153506134e-308
eakf_model3,1.2e-322
sarima,0.9999999745015407
