model_name,weigth
arima,1.5520144909419758e-63
eakf_model1,4.2363396201984356e-35
eakf_model2,9.168242660724034e-11
eakf_model3,0.9999999999083176
