model_name,weigth
arima,2.5852133897555514e-11
eakf_model1,3.639946930515786e-48
eakf_model2,4.811089192228008e-64
eakf_model3,0.9999999999741478
