model_name,weigth
arima,0.9999999995685817
eakf_model1,6.811671478086818e-41
eakf_model2,7.645050618482087e-237
eakf_model3,4.314183602770881e-10
