model_name,weigth
arima,1e-323
eakf_model1,2.8928305043175448e-74
eakf_model2,0.9999999997372353
eakf_model3,2.6276463450159855e-10
