model_name,weigth
arima,1.6472003418157978e-15
eakf_model1,9.358396980102946e-29
eakf_model2,2.0745962183283134e-11
eakf_model3,0.9999999999792524
sarima,1.6342769230027136e-22
