model_name,weigth
arima,1.4942417504769348e-11
eakf_model1,5.230384503401824e-95
eakf_model2,9.288368320751499e-41
eakf_model3,0.9999999999850575
