model_name,weigth
arima,2.5e-323
eakf_model1,2.82218597324841e-24
eakf_model2,2.775706046028441e-09
eakf_model3,0.9999999972242939
