model_name,weigth
arima,6.267836916378079e-274
eakf_model1,2.8168198936499803e-09
eakf_model2,0.9999999971831801
eakf_model3,1.351048052112047e-35
sarima,5e-324
