model_name,weigth
arima,1.3050098180050293e-16
eakf_model1,1.176055017390186e-12
eakf_model2,6.861111374054327e-17
eakf_model3,0.9999999999988237
