model_name,weigth
arima,2.647652284147277e-59
eakf_model1,3.867478513475853e-106
eakf_model2,2.685547938391752e-10
eakf_model3,0.9999999997314452
