model_name,weigth
arima,5.701699812002444e-32
eakf_model1,0.9999999999894954
eakf_model2,2.639397770775044e-17
eakf_model3,1.050455403003891e-11
sarima,5.163609691012992e-44
