model_name,weigth
arima,1.2294339038217122e-49
eakf_model1,0.9999999999859581
eakf_model2,8.927828535141279e-14
eakf_model3,1.3952541676750765e-11
sarima,1.0531453860937064e-58
