model_name,weigth
arima,4.684587462286695e-16
eakf_model1,8.415215321531318e-15
eakf_model2,2.2504947112102804e-12
eakf_model3,0.9999999999977407
