model_name,weigth
arima,7.854005803955953e-13
eakf_model1,7.455532294880692e-14
eakf_model2,1.2761393482593764e-12
eakf_model3,0.9999999999978639
