model_name,weigth
arima,1.7720026016774313e-34
eakf_model1,4.058368626909428e-17
eakf_model2,6.766407522764035e-12
eakf_model3,0.9999999999932336
