model_name,weigth
arima,1.6376333484996842e-122
eakf_model1,1.590236341608475e-69
eakf_model2,0.999999999885768
eakf_model3,1.1423196505794901e-10
sarima,2.598658779555562e-126
