model_name,weigth
arima,0.9999999990094175
eakf_model1,4.2786182846398884e-287
eakf_model2,1.712525729608904e-234
eakf_model3,9.905824753312965e-10
