model_name,weigth
arima,1.4126832307299099e-18
eakf_model1,1.9139891517198088e-16
eakf_model2,3.049340043737375e-12
eakf_model3,0.9999999999969504
