model_name,weigth
arima,3.8942693358966974e-10
eakf_model1,1.0897980104751071e-75
eakf_model2,9.734534163075537e-68
eakf_model3,0.9999999996105731
