model_name,weigth
arima,1.2780759341355482e-34
eakf_model1,0.9999999996767192
eakf_model2,3.232807857181513e-10
eakf_model3,3.089507321944554e-79
sarima,7.89570838381323e-46
