model_name,weigth
arima,9.795626049902943e-48
eakf_model1,0.9999999999618536
eakf_model2,3.8146441941844996e-11
eakf_model3,1.1523616932473832e-53
