model_name,weigth
arima,1.9499015100498966e-86
eakf_model1,1.2646250237378259e-09
eakf_model2,0.999999998735375
eakf_model3,2.7008215861575625e-79
