model_name,weigth
arima,7.767642455712604e-72
eakf_model1,0.9999999999642395
eakf_model2,3.576051909797345e-11
eakf_model3,9.802243365368008e-68
sarima,7.66245138796064e-69
