model_name,weigth
arima,0.999999999962732
eakf_model1,2.549313154947381e-87
eakf_model2,3.715605636730539e-11
eakf_model3,1.1195764513798822e-13
