model_name,weigth
arima,2.3882584734442014e-12
eakf_model1,2.4877202607916056e-44
eakf_model2,9.754809413121035e-35
eakf_model3,2.4964511136995737e-26
sarima,0.9999999999976117
