model_name,weigth
arima,0.9999999999974369
eakf_model1,1.7506088709622364e-42
eakf_model2,7.629523298208391e-13
eakf_model3,1.7999819085620605e-12
