model_name,weigth
arima,2.560231415047257e-40
eakf_model1,8.124582384121255e-41
eakf_model2,3.6695654410240805e-11
eakf_model3,0.9999999999633045
