model_name,weigth
arima,9.818930221998481e-13
eakf_model1,2.6665600637697776e-21
eakf_model2,1.103925019666499e-25
eakf_model3,5.504058952158125e-18
sarima,0.9999999999990181
