model_name,weigth
arima,0.9999999999813654
eakf_model1,1.1926056708264643e-60
eakf_model2,1.8633440366478596e-11
eakf_model3,1.0994926119328812e-15
