model_name,weigth
arima,4.247940436825895e-58
eakf_model1,1.4901117429091867e-38
eakf_model2,2.4495721831972568e-11
eakf_model3,0.9999999999755043
