model_name,weigth
arima,1.2594934423712454e-37
eakf_model1,1.8066381743390383e-26
eakf_model2,3.252966838333718e-12
eakf_model3,0.999999999996747
