model_name,weigth
arima,0.9666628882388515
eakf_model1,4e-323
eakf_model2,4e-323
eakf_model3,0.03333711176114843
