model_name,weigth
arima,4.435037386086406e-125
eakf_model1,1.582241451693304e-10
eakf_model2,0.9999999998417758
eakf_model3,1.8619087205642173e-70
