model_name,weigth
arima,0.9999999998054784
eakf_model1,4.25790441409413e-69
eakf_model2,3.794530179764305e-44
eakf_model3,1.9452155309494992e-10
