model_name,weigth
arima,3.455387651925577e-60
eakf_model1,1.0632968721538772e-82
eakf_model2,7.008973334349795e-11
eakf_model3,0.9999999999299103
