model_name,weigth
arima,1.5931807681353286e-220
eakf_model1,9.792590901543795e-10
eakf_model2,0.9999999990207409
eakf_model3,8.811181438497929e-166
sarima,3.52432169291714e-204
