model_name,weigth
arima,0.9999999999874174
eakf_model1,2.5611258129315294e-80
eakf_model2,6.138325107050065e-12
eakf_model3,3.2892277727542233e-28
sarima,6.444341613374413e-12
