model_name,weigth
arima,1.959911166487485e-101
eakf_model1,0.9999999999674651
eakf_model2,1.5255955526846837e-13
eakf_model3,3.2382305702672936e-11
