model_name,weigth
arima,0.29581214502803665
eakf_model1,3.769794355326084e-60
eakf_model2,0.7041878549719633
eakf_model3,2.5371656919821147e-21
