model_name,weigth
arima,1.569411699426082e-81
eakf_model1,1.425700055421403e-194
eakf_model2,1.4031134834964692e-09
eakf_model3,0.9999999985968866
