model_name,weigth
arima,0.9999999999993667
eakf_model1,6.686117698266829e-15
eakf_model2,6.261614720102948e-13
eakf_model3,3.7361355931714585e-16
