model_name,weigth
arima,2e-323
eakf_model1,6.147733930814559e-10
eakf_model2,0.9999999993852267
eakf_model3,4.328017318083494e-24
sarima,9.97e-321
