model_name,weigth
arima,1.6165943340102105e-160
eakf_model1,3.654180943968209e-26
eakf_model2,7.321185667139398e-11
eakf_model3,0.9999999999267881
sarima,3.067188112607414e-115
