model_name,weigth
arima,8.666287992998723e-110
eakf_model1,0.9999999998688804
eakf_model2,3.458430294654182e-20
eakf_model3,1.3111951215776372e-10
sarima,9.975979731206239e-80
