model_name,weigth
arima,7.301226678579974e-88
eakf_model1,7.634926882940619e-12
eakf_model2,0.9999999999898248
eakf_model3,2.540205839621505e-12
