model_name,weigth
arima,4.303475129164194e-242
eakf_model1,6.885389768083556e-10
eakf_model2,1.645150075767925e-20
eakf_model3,0.999999999311461
