model_name,weigth
arima,7.809632828994693e-99
eakf_model1,0.9999999999417839
eakf_model2,7.474287306565848e-18
eakf_model3,5.821601542135933e-11
