model_name,weigth
arima,0.9999993456823502
eakf_model1,1.52378015696584e-207
eakf_model2,4e-323
eakf_model3,6.543176498822962e-07
