model_name,weigth
arima,0.9999999999993782
eakf_model1,9.194253491701338e-16
eakf_model2,9.550087543703474e-20
eakf_model3,6.20960599260038e-13
