model_name,weigth
arima,0.9999999999992017
eakf_model1,3.3124510478238045e-42
eakf_model2,7.983269521642423e-13
eakf_model3,2.9109006110933767e-23
