model_name,weigth
arima,1e-323
eakf_model1,0.9999999356973364
eakf_model2,8.933268863325716e-208
eakf_model3,6.430266356481071e-08
