model_name,weigth
arima,1.411655568169724e-09
eakf_model1,0.9999999985883443
eakf_model2,1.9979306813452065e-115
eakf_model3,1.5030251573252556e-249
sarima,1.510945885507483e-53
