model_name,weigth
arima,1.322920356164686e-145
eakf_model1,3.1551149854790764e-10
eakf_model2,0.9999999996844885
eakf_model3,8.116647484743979e-22
sarima,6.167085787864716e-167
