model_name,weigth
arima,1.622217674981363e-61
eakf_model1,0.9999999999508651
eakf_model2,4.570500741191252e-17
eakf_model3,4.913487765988546e-11
sarima,1.6687053960140559e-47
