model_name,weigth
arima,0.9999999999995959
eakf_model1,1.2697497088143088e-19
eakf_model2,4.0410732088957187e-13
eakf_model3,3.3384307751745682e-18
