model_name,weigth
arima,0.9999999999988772
eakf_model1,1.8002786458308344e-13
eakf_model2,1.0271506282438656e-14
eakf_model3,9.323534175121092e-13
