model_name,weigth
arima,0.9999999983832855
eakf_model1,5.47899953192805e-156
eakf_model2,6.736016145764708e-10
eakf_model3,9.431128806811692e-10
sarima,8.327186780831026e-22
