model_name,weigth
arima,2e-323
eakf_model1,0.9999999916060945
eakf_model2,1.5091164034662215e-53
eakf_model3,8.393905405548127e-09
sarima,3.5e-323
