model_name,weigth
arima,1.693333969947057e-91
eakf_model1,1.4708074821978493e-11
eakf_model2,0.999999999985292
eakf_model3,7.590999185588505e-18
