model_name,weigth
arima,3.345731475218597e-90
eakf_model1,5.878527247544788e-55
eakf_model2,2.921623709670212e-11
eakf_model3,0.9999999999707838
