model_name,weigth
arima,2.2733594959673345e-208
eakf_model1,1.1510110815820881e-32
eakf_model2,3.862790380869806e-10
eakf_model3,0.999999999613721
sarima,7.746978424999138e-66
