model_name,weigth
arima,1.9067757463043e-310
eakf_model1,4.407465837347688e-172
eakf_model2,3.6288877056229456e-10
eakf_model3,0.9999999996371113
