model_name,weigth
arima,9.876800722381072e-126
eakf_model1,0.9999999998807831
eakf_model2,1.192169166994818e-10
eakf_model3,4.778058770285758e-61
