model_name,weigth
arima,4.856381842912614e-46
eakf_model1,2.075008015692301e-31
eakf_model2,3.276349825038992e-12
eakf_model3,0.9999999999967237
