model_name,weigth
arima,4e-323
eakf_model1,0.9999999918783449
eakf_model2,8.4e-323
eakf_model3,8.121655071219155e-09
sarima,3.5e-323
