model_name,weigth
arima,1.8512710657307742e-231
eakf_model1,0.9999999999088162
eakf_model2,3.188187010036309e-75
eakf_model3,9.118382368476997e-11
sarima,1.2833912224199275e-58
