model_name,weigth
arima,0.0
eakf_model1,0.9999998648072199
eakf_model2,7.4e-323
eakf_model3,1.3519277996032258e-07
sarima,3.5e-323
