model_name,weigth
arima,0.0
eakf_model1,0.9999999993436708
eakf_model2,1.220276693416172e-155
eakf_model3,6.563293256267924e-10
sarima,1.2855365381250408e-153
