model_name,weigth
arima,4.4e-323
eakf_model1,0.9999999990545507
eakf_model2,2.3466080269287694e-116
eakf_model3,9.454493836111393e-10
sarima,4e-323
