model_name,weigth
arima,9.744720539048526e-227
eakf_model1,0.999999999741096
eakf_model2,5.018696637877869e-46
eakf_model3,2.5890405850243287e-10
sarima,8.752370937675271e-158
