model_name,weigth
arima,5.577441525102795e-285
eakf_model1,0.9999999995115025
eakf_model2,9.847747999366186e-59
eakf_model3,4.884977324846305e-10
sarima,3.770265787411962e-191
