model_name,weigth
arima,6.5531e-319
eakf_model1,0.9999999996778915
eakf_model2,1.4298234602661872e-56
eakf_model3,3.221086386171796e-10
sarima,1.859362494847893e-288
