model_name,weigth
arima,1.1826277623114568e-289
eakf_model1,0.9999999996095996
eakf_model2,1.384675440389702e-63
eakf_model3,3.9040042258777274e-10
sarima,6.787253025268951e-240
