model_name,weigth
arima,6.0973000832006994e-226
eakf_model1,0.9999999997608336
eakf_model2,8.571753231779971e-47
eakf_model3,2.3916642129158027e-10
sarima,1.3942259902368664e-166
