model_name,weigth
arima,0.0
eakf_model1,0.9999999983805429
eakf_model2,1.090316266733327e-107
eakf_model3,1.6194573191201943e-09
sarima,0.0
