model_name,weigth
arima,0.0
eakf_model1,0.9999999978145673
eakf_model2,1.1326133650615977e-112
eakf_model3,2.185432673536132e-09
sarima,0.0
