model_name,weigth
arima,0.0
eakf_model1,0.999999999694829
eakf_model2,1.919815309854933e-46
eakf_model3,3.051709653780585e-10
sarima,0.0
