model_name,weigth
arima,0.0
eakf_model1,0.9999998388071526
eakf_model2,5.04e-322
eakf_model3,1.6119284733706025e-07
sarima,0.0
