model_name,weigth
arima,0.0
eakf_model1,0.7669372400868838
eakf_model2,5.8e-322
eakf_model3,0.23306275991311629
sarima,0.0
