model_name,weigth
arima,0.0
eakf_model1,4.193646163772858e-08
eakf_model2,3.571383e-318
eakf_model3,0.9999999580635383
sarima,0.0
