model_name,weigth
arima,0.0
eakf_model1,2.0039067084183666e-08
eakf_model2,1.8162073887617783e-253
eakf_model3,0.9999999799609327
sarima,0.0
