model_name,weigth
arima,0.0
eakf_model1,1.5576410244895762e-08
eakf_model2,2.7442819091859665e-230
eakf_model3,0.9999999844235897
sarima,0.0
