model_name,weigth
arima,0.0
eakf_model1,1.765700815628553e-08
eakf_model2,7.772458982565609e-241
eakf_model3,0.9999999823429919
sarima,0.0
