model_name,weigth
arima,0.0
eakf_model1,0.9999999995075047
eakf_model2,7.080400079766015e-48
eakf_model3,4.924952425841906e-10
sarima,0.0
