model_name,weigth
arima,0.0
eakf_model1,0.9999998266044656
eakf_model2,8.84e-322
eakf_model3,1.733955340934074e-07
sarima,0.0
