model_name,weigth
arima,0.0
eakf_model1,0.999999998815591
eakf_model2,2.2940456902843957e-69
eakf_model3,1.1844091205914902e-09
sarima,0.0
