model_name,weigth
arima,0.0
eakf_model1,0.9999999997182841
eakf_model2,1.7030521404223517e-39
eakf_model3,2.8171581943331896e-10
sarima,0.0
