model_name,weigth
arima,0.0
eakf_model1,0.9999999997803003
eakf_model2,8.135911009448876e-35
eakf_model3,2.1969948639967863e-10
sarima,0.0
