model_name,weigth
arima,0.0
eakf_model1,0.9999999996534196
eakf_model2,5.886991421320097e-44
eakf_model3,3.465804423173781e-10
sarima,0.0
