model_name,weigth
arima,0.0
eakf_model1,0.9999999996687132
eakf_model2,2.075417199580655e-43
eakf_model3,3.312871325492749e-10
sarima,0.0
