model_name,weigth
arima,0.0
eakf_model1,0.9999999997194462
eakf_model2,1.4293209102737456e-38
eakf_model3,2.8055401417287096e-10
sarima,0.0
