model_name,weigth
arima,0.0
eakf_model1,0.9999999997331394
eakf_model2,4.075633240974476e-33
eakf_model3,2.668604851234786e-10
sarima,0.0
