model_name,weigth
arima,0.0
eakf_model1,0.9999999997434015
eakf_model2,4.100618800457903e-33
eakf_model3,2.565987580767866e-10
sarima,0.0
