model_name,weigth
arima,0.0
eakf_model1,0.9999999997538536
eakf_model2,7.517288205374002e-33
eakf_model3,2.461466083948018e-10
sarima,0.0
