model_name,weigth
arima,0.0
eakf_model1,0.9999999997450632
eakf_model2,6.413323224382443e-33
eakf_model3,2.5493687228006035e-10
sarima,0.0
