model_name,weigth
arima,0.0
eakf_model1,0.9999999990187026
eakf_model2,5.0261162704635594e-58
eakf_model3,9.812971689829545e-10
sarima,0.0
