model_name,weigth
arima,0.0
eakf_model1,0.9999999991980646
eakf_model2,4.7557361196441574e-55
eakf_model3,8.019349066216707e-10
sarima,0.0
