model_name,weigth
arima,0.0
eakf_model1,0.9999999988031445
eakf_model2,1.7014813987498935e-60
eakf_model3,1.196855491126012e-09
sarima,0.0
