model_name,weigth
arima,0.0
eakf_model1,0.999999993062239
eakf_model2,1.363100189584266e-114
eakf_model3,6.937761488754854e-09
sarima,0.0
