model_name,weigth
arima,0.0
eakf_model1,0.3097680918108911
eakf_model2,8.873927092983201e-125
eakf_model3,0.6902319081891091
sarima,0.0
