model_name,weigth
arima,0.0
eakf_model1,0.9999999972795994
eakf_model2,3.894116667371444e-82
eakf_model3,2.720400806007809e-09
sarima,0.0
