model_name,weigth
arima,0.0
eakf_model1,0.9634772445899588
eakf_model2,2e-321
eakf_model3,0.036522755410041324
sarima,0.0
