model_name,weigth
arima,0.0
eakf_model1,4.865288513674808e-09
eakf_model2,7.550740358475634e-89
eakf_model3,0.9999999951347113
sarima,0.0
