model_name,weigth
arima,0.0
eakf_model1,0.01869608696187768
eakf_model2,1.616e-321
eakf_model3,0.9813039130381223
sarima,0.0
