model_name,weigth
arima,0.0
eakf_model1,4.787052892182832e-09
eakf_model2,2.3774369089356014e-83
eakf_model3,0.9999999952129472
sarima,0.0
