model_name,weigth
arima,0.0
eakf_model1,1.1068342325854155e-09
eakf_model2,4.829829396958194e-42
eakf_model3,0.9999999988931658
sarima,0.0
