model_name,weigth
arima,0.0
eakf_model1,3.214799182558329e-09
eakf_model2,2.674016019083303e-72
eakf_model3,0.999999996785201
sarima,0.0
