model_name,weigth
arima,0.0
eakf_model1,9.189562893851004e-10
eakf_model2,7.392669397725994e-38
eakf_model3,0.9999999990810436
sarima,0.0
