model_name,weigth
arima,0.0
eakf_model1,1.252321314267299e-08
eakf_model2,1.041718294810967e-123
eakf_model3,0.9999999874767871
sarima,0.0
