model_name,weigth
arima,0.0
eakf_model1,3.487521150299309e-09
eakf_model2,6.0430388672533726e-52
eakf_model3,0.9999999965124788
sarima,0.0
