model_name,weigth
arima,0.0
eakf_model1,2.1504454890918307e-09
eakf_model2,1.4862593326418436e-47
eakf_model3,0.9999999978495544
sarima,0.0
