model_name,weigth
arima,0.0
eakf_model1,1.0782428881411033e-09
eakf_model2,2.9994136765328293e-38
eakf_model3,0.9999999989217572
sarima,0.0
