model_name,weigth
arima,0.0
eakf_model1,2.2773535875139668e-08
eakf_model2,2.6642213234339637e-118
eakf_model3,0.999999977226464
sarima,0.0
