model_name,weigth
arima,0.0
eakf_model1,3.4025569531089534e-10
eakf_model2,5.430029087963595e-21
eakf_model3,0.9999999996597445
sarima,2.626425216186455e-265
