model_name,weigth
arima,0.0
eakf_model1,1.4874163500112847e-09
eakf_model2,1.9861767391261597e-42
eakf_model3,0.9999999985125836
sarima,0.0
