model_name,weigth
arima,5.062427729702979e-305
eakf_model1,2.8479297222645366e-10
eakf_model2,2.824322487639348e-19
eakf_model3,0.999999999715207
sarima,5.614709850952219e-245
