model_name,weigth
arima,0.0
eakf_model1,4.282919533101345e-10
eakf_model2,1.2873325738862818e-21
eakf_model3,0.9999999995717079
sarima,2.6933142914381562e-285
