model_name,weigth
arima,0.0
eakf_model1,3.538402862310517e-10
eakf_model2,4.2207486935435236e-20
eakf_model3,0.9999999996461598
sarima,2.1886846092987685e-261
