model_name,weigth
arima,2.3036405738485855e-281
eakf_model1,2.6471202198403283e-10
eakf_model2,1.5123320819143704e-17
eakf_model3,0.9999999997352882
sarima,6.518314124992998e-228
