model_name,weigth
arima,2.0265139977115e-309
eakf_model1,2.9990996623613147e-10
eakf_model2,1.8726409396932106e-19
eakf_model3,0.9999999997000899
sarima,4.2737362785346e-248
