model_name,weigth
arima,0.0
eakf_model1,3.752167153487409e-10
eakf_model2,7.161016807236565e-21
eakf_model3,0.9999999996247833
sarima,2.818015271389389e-270
