model_name,weigth
arima,2.0402243277402258e-295
eakf_model1,2.935798489116801e-10
eakf_model2,1.7707890102404297e-18
eakf_model3,0.9999999997064202
sarima,5.002854440589094e-239
