model_name,weigth
arima,0.0
eakf_model1,3.9932039697607893e-10
eakf_model2,2.6669938817116985e-21
eakf_model3,0.9999999996006796
sarima,8.924505921619926e-278
