model_name,weigth
arima,1.97078e-318
eakf_model1,3.806740759773344e-10
eakf_model2,6.78315281499972e-18
eakf_model3,0.9999999996193258
sarima,1.9226661133377159e-258
