model_name,weigth
arima,6.239197406329986e-211
eakf_model1,1.6535240428777186e-10
eakf_model2,2.290441979781371e-12
eakf_model3,0.9999999998323573
sarima,3.4789295649961056e-170
