model_name,weigth
arima,7.069722427111383e-246
eakf_model1,2.3350700180566345e-10
eakf_model2,3.094528874953639e-14
eakf_model3,0.9999999997664619
sarima,6.092957184085895e-201
