model_name,weigth
arima,1.9341911945901186e-274
eakf_model1,2.5980057192531047e-10
eakf_model2,4.9002124237705096e-17
eakf_model3,0.9999999997401994
sarima,2.4298775300561626e-222
