model_name,weigth
arima,7.154622455817314e-264
eakf_model1,2.6722744047438755e-10
eakf_model2,2.543319512830721e-15
eakf_model3,0.9999999997327702
sarima,8.53787887763865e-216
