model_name,weigth
arima,1.2539160057505686e-224
eakf_model1,2.1618684282945498e-10
eakf_model2,1.067748610872211e-14
eakf_model3,0.9999999997838025
sarima,6.466548752294233e-176
