model_name,weigth
arima,1.161550084532514e-217
eakf_model1,1.9940933592796892e-10
eakf_model2,1.4985730906863298e-14
eakf_model3,0.9999999998005759
sarima,1.1116748578287247e-170
