model_name,weigth
arima,2.9862130183903675e-215
eakf_model1,1.936331153066136e-10
eakf_model2,1.3443828322301561e-14
eakf_model3,0.9999999998063528
sarima,8.018492454224478e-169
