model_name,weigth
arima,3.5593642118193865e-215
eakf_model1,1.9367775264253766e-10
eakf_model2,9.464342405470071e-15
eakf_model3,0.9999999998063126
sarima,1.0506958715879082e-168
