model_name,weigth
arima,1.0822575187844114e-209
eakf_model1,1.8192978940036556e-10
eakf_model2,1.8284136361758275e-14
eakf_model3,0.9999999998180521
sarima,2.816812425540521e-165
