model_name,weigth
arima,6.151590201619772e-210
eakf_model1,1.838667649362521e-10
eakf_model2,3.361250124495619e-14
eakf_model3,0.9999999998160993
sarima,1.5322615689636764e-166
