model_name,weigth
arima,3.0507448125982413e-221
eakf_model1,2.0874938545316108e-10
eakf_model2,1.5736906265464234e-14
eakf_model3,0.9999999997912347
sarima,2.331233777904818e-173
