model_name,weigth
arima,1.5046257030099384e-214
eakf_model1,1.9537955196797834e-10
eakf_model2,2.0601599984358325e-14
eakf_model3,0.9999999998046
sarima,2.497546192375074e-168
