model_name,weigth
arima,3.616470174035323e-241
eakf_model1,2.798266229213185e-10
eakf_model2,2.2087097182963972e-63
eakf_model3,0.16256645807771977
sarima,0.8374335416424536
