model_name,weigth
arima,1.3524686056772342e-157
eakf_model1,1.1304336512806394e-16
eakf_model2,0.5013291271664512
eakf_model3,0.4986708728335487
sarima,3.775203346269213e-166
