model_name,weigth
arima,2e-323
eakf_model1,7.70955952354263e-13
eakf_model2,8.950703948300174e-55
eakf_model3,0.9999999995559647
sarima,4.4326431458487297e-10
