model_name,weigth
arima,2.312926530961755e-20
eakf_model1,2.8072732963931996e-12
eakf_model2,0.9999999999971929
eakf_model3,2.1828230669891837e-18
sarima,7.259578665255934e-26
