model_name,weigth
arima,2.921874047738936e-69
eakf_model1,0.9999999999333613
eakf_model2,6.66386050887002e-11
eakf_model3,1.547748258288971e-16
sarima,1.7138750929448554e-70
