model_name,weigth
arima,0.0
eakf_model1,0.9999999989564491
eakf_model2,1.0435509223338317e-09
eakf_model3,1.4398037132401016e-20
sarima,0.0
