model_name,weigth
arima,1.5924654186501662e-34
eakf_model1,7.869136082742831e-12
eakf_model2,0.999999999992131
eakf_model3,1.2064317344000206e-23
sarima,3.791951845471895e-43
