model_name,weigth
arima,0.0
eakf_model1,2.211625714786966e-09
eakf_model2,0.9999999977883742
eakf_model3,2.57895616448307e-27
sarima,2e-323
