model_name,weigth
arima,0.0
eakf_model1,7.345686866066375e-23
eakf_model2,0.4800360332607162
eakf_model3,0.5199639667392837
sarima,2e-323
