model_name,weigth
arima,0.0
eakf_model1,4.6956828317841775e-11
eakf_model2,0.9999999999530433
eakf_model3,1.1623478422595923e-24
sarima,0.0
