model_name,weigth
arima,2e-323
eakf_model1,5.312827239857073e-10
eakf_model2,1.5976029068042467e-112
eakf_model3,0.9999999994687173
sarima,2e-323
