model_name,weigth
arima,0.0
eakf_model1,4.1146424973786474e-09
eakf_model2,1.2257311825303409e-129
eakf_model3,0.9999999958853575
sarima,2.5e-323
