model_name,weigth
arima,2.5e-323
eakf_model1,5.817420312350451e-46
eakf_model2,1.8986205548034184e-09
eakf_model3,0.9999999981013795
sarima,2.5e-323
