model_name,weigth
arima,2e-323
eakf_model1,3.128717100220877e-10
eakf_model2,8.726073733207442e-98
eakf_model3,0.9999999996871284
sarima,2e-323
