model_name,weigth
arima,1.913757826585e-311
eakf_model1,1.3500384132390062e-10
eakf_model2,9.500505580453802e-36
eakf_model3,0.9999999998649962
sarima,1.3051890090340655e-305
