model_name,weigth
arima,0.0
eakf_model1,3.6079011938065475e-09
eakf_model2,4.240873181638114e-87
eakf_model3,0.9999999963920988
sarima,0.0
