model_name,weigth
arima,9.110464043553265e-220
eakf_model1,7.188000049250232e-11
eakf_model2,1.7193539105470916e-62
eakf_model3,0.9999999999281202
sarima,5.471968039939639e-304
