model_name,weigth
arima,2.5e-323
eakf_model1,0.999999989437661
eakf_model2,7.690665931305128e-136
eakf_model3,1.0562339004609167e-08
sarima,2.5e-323
