model_name,weigth
arima,1.1008968484728374e-163
eakf_model1,1.9988020458801224e-11
eakf_model2,6.546804687752816e-17
eakf_model3,0.999999999980012
sarima,1.0903435930314988e-216
