model_name,weigth
arima,8.504413301055438e-252
eakf_model1,5.782440433437374e-11
eakf_model2,1.6042552349099904e-37
eakf_model3,0.9999999999421756
sarima,0.0
