model_name,weigth
arima,2.5e-323
eakf_model1,0.999999205941572
eakf_model2,7.940584279089535e-07
eakf_model3,2.8e-322
sarima,2.5e-323
