model_name,weigth
arima,2.810555155828485e-115
eakf_model1,0.9999999999613665
eakf_model2,1.4805159034058308e-27
eakf_model3,3.8633526654560245e-11
sarima,1.5290313596887734e-53
