model_name,weigth
arima,7.29155427950155e-173
eakf_model1,0.9999999998979969
eakf_model2,4.3299446022864615e-11
eakf_model3,5.870377576594942e-11
sarima,1.3312400166983175e-127
