model_name,weigth
arima,4.010394520012404e-85
eakf_model1,0.999999999959816
eakf_model2,2.0263363635345847e-11
eakf_model3,1.992058447027708e-11
sarima,3.3426572068743086e-64
