model_name,weigth
arima,2.5e-323
eakf_model1,0.9999999995850269
eakf_model2,4.0441467565664003e-22
eakf_model3,4.149731201878759e-10
sarima,2.068535472458766e-240
