model_name,weigth
arima,8.44426532911452e-183
eakf_model1,0.9999999999518315
eakf_model2,4.3318330523004295e-11
eakf_model3,4.850127907127136e-12
sarima,1.2879220029411436e-128
