model_name,weigth
arima,1.4368382440680363e-210
eakf_model1,0.9999999999456576
eakf_model2,2.3435514858109124e-15
eakf_model3,5.4340203675949195e-11
sarima,2.3721305463839567e-132
