model_name,weigth
arima,2.5e-323
eakf_model1,0.9999999661592217
eakf_model2,7.4e-323
eakf_model3,3.3840778321044274e-08
sarima,5e-323
