model_name,weigth
arima,2.2453974430711312e-164
eakf_model1,0.9999999995915001
eakf_model2,1.6832396996768421e-90
eakf_model3,4.0849995532626877e-10
sarima,2.288219769924893e-136
