model_name,weigth
arima,2.827494354464669e-278
eakf_model1,0.9999999997364094
eakf_model2,2.635905895618321e-10
eakf_model3,1.7086541713343788e-29
sarima,1.1082923614793268e-240
