model_name,weigth
arima,1.4657285543520938e-172
eakf_model1,0.9999999999670763
eakf_model2,4.897673250610836e-15
eakf_model3,3.291881349738919e-11
sarima,2.208256539033687e-170
