model_name,weigth
arima,9.996890802190438e-306
eakf_model1,5.465626867795261e-22
eakf_model2,9.971573604369875e-11
eakf_model3,0.9999999999002842
sarima,5.22884131826306e-242
