model_name,weigth
arima,7.010146235881953e-78
eakf_model1,7.677708191664682e-12
eakf_model2,5.113728270524343e-17
eakf_model3,0.9999999999923223
sarima,3.192426024975073e-57
