model_name,weigth
arima,1.696365471316363e-202
eakf_model1,1.3218296924349187e-39
eakf_model2,1.3433376950126014e-10
eakf_model3,0.9999999998656662
sarima,1.6001377466526165e-74
