model_name,weigth
arima,9.884691086342493e-90
eakf_model1,3.806787169059227e-33
eakf_model2,1.5747310612182647e-11
eakf_model3,0.9999999999842528
sarima,4.613404741507661e-17
