model_name,weigth
arima,2.102991538733498e-59
eakf_model1,4.55285565545021e-19
eakf_model2,8.694093230993031e-12
eakf_model3,0.9999999999913057
sarima,1.0795208458171774e-16
