model_name,weigth
arima,5.263103769282063e-118
eakf_model1,1.3619641539655779e-11
eakf_model2,3.563111541146354e-25
eakf_model3,0.9999999999863805
sarima,1.8503186655266226e-106
