model_name,weigth
arima,1.2967054481529239e-160
eakf_model1,1.4189418385993702e-10
eakf_model2,7.280402311381075e-21
eakf_model3,0.9999999998581057
sarima,7.039174651455317e-150
