model_name,weigth
arima,1.4698828784611986e-81
eakf_model1,7.269224663470538e-28
eakf_model2,1.5282837224905194e-11
eakf_model3,0.999999999984696
sarima,2.1218097620443632e-14
