model_name,weigth
arima,1.4128680365817888e-153
eakf_model1,1.169220569843879e-10
eakf_model2,5.090987542314756e-20
eakf_model3,0.9999999998830781
sarima,2.456029315853784e-161
