model_name,weigth
arima,1.0487053991538146e-181
eakf_model1,7.516079552012397e-13
eakf_model2,1.641046610602778e-10
eakf_model3,0.9999999998351439
sarima,2.264650258975935e-143
