model_name,weigth
arima,5.788412703951361e-131
eakf_model1,8.094884675578713e-11
eakf_model2,8.505242655473935e-14
eakf_model3,0.9999999999189662
sarima,8.320286423976668e-103
