model_name,weigth
arima,1.986583910624541e-148
eakf_model1,0.9999999999319399
eakf_model2,3.156110258982744e-37
eakf_model3,6.806014909448606e-11
sarima,4.192532400404141e-101
