model_name,weigth
arima,8.156175077062952e-64
eakf_model1,8.650553573283188e-15
eakf_model2,9.747158737814563e-12
eakf_model3,0.9999999999902442
sarima,1.959260847624162e-27
