model_name,weigth
arima,1.5513945903474195e-122
eakf_model1,3.476029482506465e-17
eakf_model2,3.230920518773049e-11
eakf_model3,0.9999999999676908
sarima,7.795485858283024e-44
