model_name,weigth
arima,2.1620351040336967e-258
eakf_model1,0.9999999996374814
eakf_model2,4.8124901250939294e-58
eakf_model3,3.625187798695087e-10
sarima,8.557417881890472e-211
