model_name,weigth
arima,4.834723775981043e-102
eakf_model1,2.6280574522736184e-24
eakf_model2,2.059236789124817e-11
eakf_model3,0.9999999999794078
sarima,8.486040136256537e-37
