model_name,weigth
arima,3.3754317304017596e-98
eakf_model1,1.9011234265932714e-51
eakf_model2,0.9999999999567637
eakf_model3,4.323640092421248e-11
sarima,1.1555929884190333e-30
