model_name,weigth
arima,2.5e-323
eakf_model1,1.202643125681609e-97
eakf_model2,0.9999999990898805
eakf_model3,9.101195735543796e-10
sarima,6.757729409784783e-208
