model_name,weigth
arima,1.1199442441859243e-79
eakf_model1,1.337366627486223e-24
eakf_model2,0.9999999999727289
eakf_model3,2.7271200582306828e-11
sarima,4.956477232975969e-30
