model_name,weigth
arima,2.1381499614772617e-40
eakf_model1,0.9999999999842315
eakf_model2,6.390556475794285e-14
eakf_model3,1.5704690233915747e-11
sarima,1.7602022908439786e-41
