model_name,weigth
arima,4.4e-323
eakf_model1,0.9877742946642494
eakf_model2,0.01222570533575075
eakf_model3,7.952952508935217e-40
sarima,1.1259765431146972e-112
