model_name,weigth
arima,5.378467720573454e-78
eakf_model1,0.999999999967295
eakf_model2,3.270507366827612e-11
eakf_model3,3.236130365560094e-30
sarima,6.2020895732350275e-74
