model_name,weigth
arima,1.6050929085239602e-17
eakf_model1,0.999999999997983
eakf_model2,2.0164121325895597e-12
eakf_model3,8.261528367255404e-16
sarima,6.574414005536041e-17
