model_name,weigth
arima,6.596980374044092e-17
eakf_model1,0.9999999999982815
eakf_model2,1.6612016715114288e-12
eakf_model3,5.146616973445798e-14
sarima,6.1152288204334546e-15
