model_name,weigth
arima,7.304983615454351e-148
eakf_model1,4.6000277092106964e-91
eakf_model2,6.839319427687692e-10
eakf_model3,0.9999999993160682
sarima,5.414663151152792e-187
