model_name,weigth
arima,1.0735605420880392e-33
eakf_model1,2.2451665201273625e-17
eakf_model2,8.273384115109424e-12
eakf_model3,0.9999999999917266
sarima,6.6126255678939756e-49
