model_name,weigth
arima,1.5083246990395226e-23
eakf_model1,0.9999999999911844
eakf_model2,7.596264722951833e-12
eakf_model3,1.2195107050832494e-12
sarima,6.657590514005541e-26
