model_name,weigth
arima,1.5825241533037358e-115
eakf_model1,0.9999999996540418
eakf_model2,3.1508050253754006e-26
eakf_model3,3.459581653615365e-10
sarima,1.1266980138732848e-252
