model_name,weigth
arima,1.0562439899799572e-115
eakf_model1,4.325727972542467e-10
eakf_model2,3.3930619090239023e-28
eakf_model3,0.9999999995674272
sarima,4.791465933738869e-195
