model_name,weigth
arima,1.7338139517540022e-79
eakf_model1,1.902733730982864e-60
eakf_model2,1.823065535315073e-10
eakf_model3,0.9999999998176935
sarima,5.635081845471454e-92
