model_name,weigth
arima,1.77765143377151e-145
eakf_model1,9.522196436538484e-64
eakf_model2,0.9999999990061965
eakf_model3,9.938034920702855e-10
sarima,6.056359503327149e-167
