model_name,weigth
arima,8.174348631014423e-192
eakf_model1,0.9999999970616142
eakf_model2,2.938385816156549e-09
eakf_model3,2.2575527570216026e-119
sarima,1.1241004954146404e-223
