model_name,weigth
arima,1.7507100871942568e-12
eakf_model1,2.6960084997510428e-27
eakf_model2,8.132140594568272e-22
eakf_model3,5.660746141907465e-21
sarima,0.9999999999982494
