model_name,weigth
arima,8.328258453627482e-207
eakf_model1,5.637222987123091e-09
eakf_model2,0.9999999943627771
eakf_model3,6.774941840301455e-108
sarima,4.58517493676417e-266
