model_name,weigth
arima,1.591425674341158e-11
eakf_model1,3.146340701704769e-69
eakf_model2,8.77632745796276e-37
eakf_model3,4.1127438912681605e-40
sarima,0.9999999999840857
