model_name,weigth
arima,4.618698597375503e-25
eakf_model1,7.424444620539259e-12
eakf_model2,1.0272566835107941e-35
eakf_model3,2.4658646894762815e-11
sarima,0.999999999967917
