model_name,weigth
arima,3.0710862633169425e-45
eakf_model1,4.2003653313165046e-19
eakf_model2,0.9999999999333147
eakf_model3,6.668526649706583e-11
sarima,3.4449976185898825e-23
