model_name,weigth
arima,1.337116039628884e-30
eakf_model1,1.225913983279042e-10
eakf_model2,3.763869749698921e-39
eakf_model3,0.2849180112801149
sarima,0.7150819885972938
