model_name,weigth
arima,1.4937297332128583e-15
eakf_model1,3.4234327585206215e-12
eakf_model2,1.2190324732338007e-17
eakf_model3,1.519693258017599e-12
sarima,0.9999999999950555
