model_name,weigth
arima,3.4267644055571845e-52
eakf_model1,6.009950217170424e-13
eakf_model2,0.9999999999661655
eakf_model3,3.323355208774225e-11
sarima,4.125303771716868e-33
