model_name,weigth
arima,1.6761638204930009e-38
eakf_model1,6.013127493246326e-11
eakf_model2,6.1161782731317884e-24
eakf_model3,0.9999999999398688
sarima,1.687268442169235e-25
