model_name,weigth
arima,9.144903872209434e-106
eakf_model1,1.8117044667591884e-10
eakf_model2,0.9999999998188296
eakf_model3,1.3325242663795887e-18
sarima,6.059282867638498e-82
