model_name,weigth
arima,5.085402128957803e-304
eakf_model1,9.576105344756047e-86
eakf_model2,7.461719556968079e-10
eakf_model3,0.9999999992538282
sarima,1.049852284542121e-272
