model_name,weigth
arima,7.074267572665333e-266
eakf_model1,1.2592362128365276e-74
eakf_model2,5.832319888614218e-10
eakf_model3,0.999999999416768
sarima,3.593948064016759e-265
