model_name,weigth
arima,2.5e-323
eakf_model1,1.3024905463853588e-15
eakf_model2,8.778463456442844e-08
eakf_model3,0.9999999122153641
sarima,2.5e-323
