model_name,weigth
arima,2.5e-323
eakf_model1,1.6583288501351967e-88
eakf_model2,2.9555311159081903e-09
eakf_model3,0.999999997044469
sarima,2.5e-323
