model_name,weigth
arima,2.8879909127307754e-92
eakf_model1,1.7381992396792167e-11
eakf_model2,5.002661072154845e-22
eakf_model3,0.9999999999826179
sarima,2.741216530999622e-41
