model_name,weigth
arima,5.2965517041796e-28
eakf_model1,1.2758779192731124e-12
eakf_model2,0.9999999999987239
eakf_model3,2.3878751881759713e-16
sarima,6.394061730857998e-56
