model_name,weigth
arima,4.4721474158734287e-32
eakf_model1,3.5226647002983855e-13
eakf_model2,4.658260577973422e-19
eakf_model3,8.358091504454912e-14
sarima,0.9999999999995641
