model_name,weigth
arima,1.817007789156451e-63
eakf_model1,3.3713122053312513e-13
eakf_model2,1.592685742383641e-19
eakf_model3,1.3638243424131067e-12
sarima,0.999999999998299
