model_name,weigth
arima,1.5e-323
eakf_model1,5.815263829010369e-107
eakf_model2,0.9999999929231158
eakf_model3,7.07688404561219e-09
sarima,2.5e-323
