model_name,weigth
arima,0.0
eakf_model1,0.9999998689082317
eakf_model2,1.3109176825055637e-07
eakf_model3,2.5066906177224467e-283
sarima,0.0
