model_name,weigth
arima,0.0
eakf_model1,0.9999999998707236
eakf_model2,1.0259877329757842e-19
eakf_model3,1.2927636289051618e-10
sarima,0.0
