model_name,weigth
arima,2.5966887587011034e-19
eakf_model1,1.4273803389438144e-12
eakf_model2,0.9999999999985726
eakf_model3,6.588390415855652e-21
sarima,8.041091714797322e-36
