model_name,weigth
arima,0.0
eakf_model1,4.2101949901309537e-10
eakf_model2,0.9999999995789804
eakf_model3,2.8943289897017933e-33
sarima,0.0
