model_name,weigth
arima,0.0
eakf_model1,5.915872599730195e-10
eakf_model2,1.1779649966016892e-90
eakf_model3,0.9999999994084127
sarima,0.0
