model_name,weigth
arima,0.0
eakf_model1,2.615967469198904e-10
eakf_model2,1.4355229347821887e-21
eakf_model3,0.9999999997384031
sarima,0.0
