model_name,weigth
arima,1e-323
eakf_model1,0.9999999563021368
eakf_model2,6e-323
eakf_model3,4.369786313798589e-08
sarima,1e-323
