model_name,weigth
arima,1e-323
eakf_model1,7.203206131951863e-18
eakf_model2,3.999129460672262e-10
eakf_model3,0.9999999996000869
sarima,1e-323
