model_name,weigth
arima,0.0
eakf_model1,0.03116689266910919
eakf_model2,5.4e-323
eakf_model3,0.9688331073308907
sarima,0.0
