model_name,weigth
arima,9.845404107278873e-159
eakf_model1,3.0778269309250195e-11
eakf_model2,2.8926910289734814e-25
eakf_model3,0.9999999999692216
sarima,6.044340403421128e-276
