model_name,weigth
arima,4.538979144899464e-151
eakf_model1,2.9060598384433654e-11
eakf_model2,1.576946999323004e-51
eakf_model3,0.9999999999709392
sarima,4.8052239416067936e-245
