model_name,weigth
arima,0.0
eakf_model1,0.9999999995184763
eakf_model2,1.6999459054867103e-63
eakf_model3,4.815236600983586e-10
sarima,0.0
