model_name,weigth
arima,1e-323
eakf_model1,0.9999999725449247
eakf_model2,3.2164605546934397e-255
eakf_model3,2.7455075172238178e-08
sarima,1e-323
