model_name,weigth
arima,0.0
eakf_model1,0.9999999989010847
eakf_model2,1.098915149918545e-09
eakf_model3,4.844824984080155e-55
sarima,0.0
