model_name,weigth
arima,1.2909742173738911e-86
eakf_model1,3.2388753562213196e-11
eakf_model2,1.065275010675698e-44
eakf_model3,0.9999999999676112
sarima,1.0457075602488065e-27
