model_name,weigth
arima,3.9279169544429906e-273
eakf_model1,0.9999999999442115
eakf_model2,5.5788491734909084e-11
eakf_model3,3.835943403194502e-55
sarima,3.8069923444453256e-206
