model_name,weigth
arima,0.0
eakf_model1,5.649218426036635e-10
eakf_model2,0.9999999994350781
eakf_model3,2.202825468101361e-49
sarima,0.0
