model_name,weigth
arima,0.0
eakf_model1,0.9999999996775555
eakf_model2,3.2244444875898873e-10
eakf_model3,2.2168085435270227e-108
sarima,0.0
