model_name,weigth
arima,2.9452263369953414e-235
eakf_model1,0.9999999999096063
eakf_model2,1.7350135445593527e-35
eakf_model3,9.039355799447916e-11
sarima,2.0741692255485062e-124
