model_name,weigth
arima,1e-323
eakf_model1,3.0809475847269523e-09
eakf_model2,0.9999999969190524
eakf_model3,7.366057176545717e-55
sarima,1e-323
