model_name,weigth
arima,9.019936334173403e-65
eakf_model1,0.9999999998835657
eakf_model2,2.379077734842063e-40
eakf_model3,1.1643421294105806e-10
sarima,3.6545997773323206e-50
