model_name,weigth
arima,3.889149872153814e-129
eakf_model1,3.5394985626178175e-11
eakf_model2,0.999999999964605
eakf_model3,2.76884910352976e-18
sarima,6.057155913681361e-105
