model_name,weigth
arima,2.5301213263385827e-65
eakf_model1,5.0416314309911805e-12
eakf_model2,2.1569947769482658e-21
eakf_model3,0.9999999999949584
sarima,7.535103316531025e-48
