model_name,weigth
arima,6.03891609901339e-60
eakf_model1,5.1959036390998786e-12
eakf_model2,4.3265035765275876e-13
eakf_model3,0.9999999999943714
sarima,1.9486887763256365e-43
