model_name,weigth
arima,0.0
eakf_model1,3.319117861962279e-28
eakf_model2,0.999999999854779
eakf_model3,1.4522085800244314e-10
sarima,1.16091078422526e-310
