model_name,weigth
arima,5.683113290225977e-110
eakf_model1,0.999999999979813
eakf_model2,1.0398494263583606e-19
eakf_model3,2.0186810388194805e-11
sarima,2.405276138413653e-114
