model_name,weigth
arima,3.4697315618546847e-133
eakf_model1,6.4306317833604066e-24
eakf_model2,7.124863227877159e-11
eakf_model3,0.9999999999287512
sarima,6.560267859473477e-143
