model_name,weigth
arima,8.494980913254641e-73
eakf_model1,1.1914822974080515e-11
eakf_model2,4.035343782767524e-13
eakf_model3,0.9999999999876816
sarima,3.092438622256431e-38
