model_name,weigth
arima,5.174678479269031e-151
eakf_model1,5.192467773198488e-10
eakf_model2,4.64739748190656e-15
eakf_model3,0.9999999994807485
sarima,7.871101307861367e-163
