model_name,weigth
arima,1.5e-323
eakf_model1,6.636530488017769e-253
eakf_model2,1.598425319485088e-48
eakf_model3,1.1232112634510067e-09
sarima,0.9999999988767887
