model_name,weigth
arima,1.7458340184922013e-182
eakf_model1,9.922647700808968e-32
eakf_model2,1.2462598581657046e-10
eakf_model3,0.9999999998753741
sarima,1.9945767969313525e-158
