model_name,weigth
arima,0.0
eakf_model1,2.7291465944607575e-181
eakf_model2,5.196860210946338e-09
eakf_model3,0.9999999948031397
sarima,5e-324
