model_name,weigth
arima,8.117302385633314e-221
eakf_model1,2.772801628179704e-21
eakf_model2,1.4722759674089926e-10
eakf_model3,0.9999999998527723
sarima,2.490138461790923e-149
