model_name,weigth
arima,1.3301759230503746e-233
eakf_model1,2.24699838728535e-63
eakf_model2,1.459841585945955e-10
eakf_model3,0.9999999998540157
sarima,1.0027696237784905e-45
