model_name,weigth
arima,9.816328138811595e-92
eakf_model1,0.9999999999690756
eakf_model2,1.3480052500444537e-35
eakf_model3,3.092428918344724e-11
sarima,2.3996916051672792e-68
