model_name,weigth
arima,3.3725926227620086e-151
eakf_model1,1.6353954731640192e-16
eakf_model2,8.499895095379297e-11
eakf_model3,0.9999999999150009
sarima,3.529450243725058e-126
