model_name,weigth
arima,1.0520553349403918e-65
eakf_model1,1.2722936529695607e-29
eakf_model2,2.1521000056513496e-14
eakf_model3,0.9999999999832573
sarima,1.67213188606865e-11
