model_name,weigth
arima,6.681484298746718e-175
eakf_model1,0.9999999999335532
eakf_model2,5.759483779082273e-42
eakf_model3,6.644687841242692e-11
sarima,4.780486149899759e-120
