model_name,weigth
arima,2.7787693946307887e-42
eakf_model1,8.333235706399604e-19
eakf_model2,4.939494367739108e-12
eakf_model3,0.9999999999950605
sarima,2.0846587952727844e-21
