model_name,weigth
arima,4.129431366213406e-155
eakf_model1,3.940159050102169e-88
eakf_model2,0.9999999999648754
eakf_model3,3.5124577938604914e-11
sarima,2.744637926859234e-19
