model_name,weigth
arima,2.0149578170323875e-55
eakf_model1,2.782648400467092e-17
eakf_model2,2.476559720081539e-11
eakf_model3,0.9999999999752343
sarima,1.364634897460971e-58
