model_name,weigth
arima,2.3385939704356045e-66
eakf_model1,5.559579032207498e-11
eakf_model2,5.7175897291770454e-11
eakf_model3,1.5669154904085172e-13
sarima,0.9999999998870717
