model_name,weigth
arima,1.896602500153828e-74
eakf_model1,0.9999999999668066
eakf_model2,3.319341664194822e-11
eakf_model3,2.4251138425476112e-32
sarima,4.428327943866173e-60
