model_name,weigth
arima,1.8338784809793892e-16
eakf_model1,0.9999999999991356
eakf_model2,5.731266123174714e-13
eakf_model3,2.3433950750743803e-13
sarima,5.669198955786692e-14
