model_name,weigth
arima,3.2447063967578806e-26
eakf_model1,0.9999999999966571
eakf_model2,3.3425029022345844e-12
eakf_model3,2.747097513082663e-16
sarima,3.6267791888973263e-25
