model_name,weigth
arima,1.4166718617617944e-38
eakf_model1,0.9999999999893984
eakf_model2,1.0601611829202323e-11
eakf_model3,5.588097883856267e-23
sarima,2.679337795315878e-41
