model_name,weigth
arima,3.3690426770987724e-127
eakf_model1,1.3976308168577383e-227
eakf_model2,2.8560725341233605e-85
eakf_model3,0.9999999998192612
sarima,1.807386015217214e-10
