model_name,weigth
arima,3.739526203535645e-27
eakf_model1,6.950236832440394e-29
eakf_model2,4.2887601535558196e-15
eakf_model3,0.9999999999960103
sarima,3.98537851898353e-12
