model_name,weigth
arima,3.198845009950705e-89
eakf_model1,5.265192578756104e-145
eakf_model2,1.8383872871428877e-40
eakf_model3,2.4709187418714587e-11
sarima,0.9999999999752908
