model_name,weigth
arima,1.1202561600491074e-22
eakf_model1,0.9999999999813236
eakf_model2,2.7307314487198714e-12
eakf_model3,1.5945623378477343e-11
sarima,2.0379046425601046e-42
