model_name,weigth
arima,1.367561822526322e-29
eakf_model1,6.786706218723183e-20
eakf_model2,3.3569593652484634e-12
eakf_model3,0.999999999996643
sarima,1.0898898208198899e-35
