model_name,weigth
arima,8.191777979385909e-20
eakf_model1,0.9999999999866774
eakf_model2,1.3152984529024034e-11
eakf_model3,1.6937543515379582e-13
sarima,1.7525743445377726e-16
