model_name,weigth
arima,1.5523203205229666e-52
eakf_model1,3.0951555151668897e-11
eakf_model2,5.831467341932767e-12
eakf_model3,0.9999999999632169
sarima,2.357508914303791e-140
