model_name,weigth
arima,3e-323
eakf_model1,1.5950798573437325e-08
eakf_model2,2.4832484244697164e-49
eakf_model3,0.9999999840492014
sarima,3e-323
