model_name,weigth
arima,1.2499113090786658e-41
eakf_model1,0.9999999999298338
eakf_model2,7.016605190820433e-11
eakf_model3,2.020866903216336e-46
sarima,1.4776053546202718e-49
