model_name,weigth
arima,7.617335152781322e-49
eakf_model1,0.9999999999773589
eakf_model2,2.26411273593446e-11
eakf_model3,1.3839754910496848e-43
sarima,2.6072903662930733e-49
