model_name,weigth
arima,1.6791961556753437e-12
eakf_model1,2.428360805488449e-27
eakf_model2,1.9346214496091935e-25
eakf_model3,1.4692928317843532e-23
sarima,0.9999999999983207
