model_name,weigth
arima,4.685412344874468e-10
eakf_model1,2.341562918621552e-288
eakf_model2,4.500733472288548e-54
eakf_model3,1.2044441065982691e-88
sarima,0.9999999995314588
