model_name,weigth
arima,1.4407155260131556e-191
eakf_model1,2.8261115037467527e-56
eakf_model2,0.9999999971290328
eakf_model3,2.8709671492226483e-09
sarima,4.129766712121097e-205
