model_name,weigth
arima,2.415994216378277e-12
eakf_model1,5.0637320485158814e-36
eakf_model2,3.984712380916604e-18
eakf_model3,5.2151584238186154e-21
sarima,0.9999999999975839
