model_name,weigth
arima,1.4849362398771958e-41
eakf_model1,8.21397586649873e-35
eakf_model2,9.564680407980374e-11
eakf_model3,0.9999999999043531
sarima,6.84789223046905e-51
