model_name,weigth
arima,5.375293009306201e-124
eakf_model1,0.999999999787917
eakf_model2,2.1208304559956134e-10
eakf_model3,5.250430622108457e-77
sarima,1.5905493322426369e-124
