model_name,weigth
arima,2.441105190938187e-265
eakf_model1,0.626163279614179
eakf_model2,2.1867114142661868e-115
eakf_model3,2.990478442059186e-09
sarima,0.3738367173953425
