model_name,weigth
arima,3.822184222172474e-33
eakf_model1,6.565459833674492e-11
eakf_model2,0.9999999999343454
eakf_model3,2.8417182597188226e-19
sarima,1.91267040184587e-32
