model_name,weigth
arima,2.1101417483677937e-43
eakf_model1,1.0115264093323921e-10
eakf_model2,2.040964107649725e-49
eakf_model3,0.9999999998988474
sarima,5.837338685341243e-35
