model_name,weigth
arima,6.1781311435954804e-152
eakf_model1,3.2543423570807383e-16
eakf_model2,1.3718298299465683e-10
eakf_model3,0.9999999998628166
sarima,4.485200082859344e-86
