model_name,weigth
arima,2.0280999938309313e-67
eakf_model1,0.9999999999718243
eakf_model2,2.7401649682655415e-11
eakf_model3,7.740937577054589e-13
sarima,1.192276799202142e-90
