model_name,weigth
arima,5.073404294186468e-10
eakf_model1,1.7252401904744024e-57
eakf_model2,0.9999999994926594
eakf_model3,7.688160412058658e-60
sarima,1.556746759076044e-23
