model_name,weigth
arima,3e-323
eakf_model1,9.108934754759026e-127
eakf_model2,2.379115805405148e-09
eakf_model3,0.9999999976208841
sarima,6.261270453272106e-258
