model_name,weigth
arima,8.292147995682906e-66
eakf_model1,0.9999999999869459
eakf_model2,2.4946557261438064e-23
eakf_model3,1.3054209174223812e-11
