model_name,weigth
arima,3.3347764671704033e-243
eakf_model1,3.6469446714589474e-10
eakf_model2,3.276559639038397e-166
eakf_model3,0.9999999996353056
