model_name,weigth
arima,1.0674768971410688e-66
eakf_model1,0.9999999999805708
eakf_model2,6.362443568789059e-47
eakf_model3,1.9429300702304126e-11
