model_name,weigth
arima,2e-323
eakf_model1,2.7464409153328472e-17
eakf_model2,0.999999997559456
eakf_model3,2.4405440002848243e-09
sarima,1.9782915831859935e-180
