model_name,weigth
arima,0.0
eakf_model1,2.7143076602035764e-15
eakf_model2,0.6116508060665238
eakf_model3,0.38834919393347356
