model_name,weigth
arima,2.93489481142166e-51
eakf_model1,4.332354885348826e-12
eakf_model2,0.9999999999956677
eakf_model3,3.2046947146325147e-18
sarima,2.618824722292244e-69
