model_name,weigth
arima,2.4071877201418886e-33
eakf_model1,3.4391324549594967e-13
eakf_model2,1.6555846979463002e-26
eakf_model3,2.713161048252837e-13
sarima,0.9999999999993848
