model_name,weigth
arima,6.962337704197005e-44
eakf_model1,6.096059221837081e-21
eakf_model2,1.481135057308583e-11
eakf_model3,0.9999999999851887
