model_name,weigth
arima,3.250914782801076e-123
eakf_model1,0.9999999999848944
eakf_model2,3.6741468371940515e-23
eakf_model3,1.5105640176892064e-11
sarima,2.6599289634762152e-195
