model_name,weigth
arima,1.1753396490100926e-143
eakf_model1,0.999999999990025
eakf_model2,4.507502985581447e-18
eakf_model3,9.97520390221882e-12
sarima,3.8768936836381765e-210
