model_name,weigth
arima,6.948334990306697e-47
eakf_model1,2.5090234551914987e-25
eakf_model2,1.0940129251510514e-11
eakf_model3,0.9999999999890599
