model_name,weigth
arima,1.4107730656689957e-277
eakf_model1,0.9999999999917745
eakf_model2,1.0423970615855457e-18
eakf_model3,8.225442301883338e-12
