model_name,weigth
arima,5.375094701081305e-42
eakf_model1,7.20208132449176e-30
eakf_model2,2.5645676118658705e-11
eakf_model3,0.9999999999743545
