model_name,weigth
arima,1.5615985396731392e-280
eakf_model1,0.9999999999851672
eakf_model2,6.029127903205462e-31
eakf_model3,1.483285501264323e-11
