model_name,weigth
arima,8.959424277144634e-156
eakf_model1,1.1040677424600752e-10
eakf_model2,0.9999999998895932
eakf_model3,6.474186187706055e-37
