model_name,weigth
arima,0.0
eakf_model1,4.365504328378489e-09
eakf_model2,0.9999999956344957
eakf_model3,3.65334988907255e-73
sarima,0.0
