model_name,weigth
arima,3.1020763721061733e-51
eakf_model1,1.0947343164319624e-11
eakf_model2,1.7343120917650068e-13
eakf_model3,0.9999999999888792
