model_name,weigth
arima,1.041423952901893e-35
eakf_model1,8.37461431125935e-12
eakf_model2,0.9999999999916255
eakf_model3,6.005393227478439e-26
sarima,3.2324575739016533e-44
