model_name,weigth
arima,1.4048339605967745e-63
eakf_model1,0.9999999999853099
eakf_model2,2.3989317054718385e-21
eakf_model3,1.4690204279450832e-11
sarima,1.729387567184783e-83
