model_name,weigth
arima,0.0
eakf_model1,0.9999999999698351
eakf_model2,1.331567281174503e-19
eakf_model3,3.016494302690666e-11
