model_name,weigth
arima,0.0
eakf_model1,0.9999999950299767
eakf_model2,4.9700232420104055e-09
eakf_model3,9.977525901260118e-20
