model_name,weigth
arima,8.442948741797153e-57
eakf_model1,0.9999999999837481
eakf_model2,7.753882299387485e-12
eakf_model3,8.498045617941104e-12
