model_name,weigth
arima,1.1595275871292748e-60
eakf_model1,1.749616658890483e-11
eakf_model2,3.560296454156141e-32
eakf_model3,0.999999999982504
