model_name,weigth
arima,0.0
eakf_model1,0.9999999997383485
eakf_model2,6.791105386693214e-299
eakf_model3,2.6165151861559105e-10
