model_name,weigth
arima,2.3167188379203244e-75
eakf_model1,0.9999999999906322
eakf_model2,4.412669113962501e-20
eakf_model3,9.367954294201284e-12
sarima,1.9767366171248033e-117
