model_name,weigth
arima,1.4724937847626867e-229
eakf_model1,0.9999999999767798
eakf_model2,1.0453256979221169e-39
eakf_model3,2.3220326196952892e-11
