model_name,weigth
arima,1.8669858705401566e-228
eakf_model1,7.261682563186034e-11
eakf_model2,4.697252480079928e-102
eakf_model3,0.9999999999273832
