model_name,weigth
arima,3.765859817085523e-98
eakf_model1,0.9999999999831782
eakf_model2,8.481049686861525e-29
eakf_model3,1.6821778249901055e-11
