model_name,weigth
arima,1.0357744065516562e-97
eakf_model1,7.038401897998689e-11
eakf_model2,0.999999999929616
eakf_model3,5.494097511088227e-37
sarima,5.659586102444245e-71
