model_name,weigth
arima,2.9866234325682055e-184
eakf_model1,1.1400789324637601e-10
eakf_model2,1.7229774615995483e-67
eakf_model3,0.9999999998859922
sarima,3.6572492995438353e-252
