model_name,weigth
arima,3.396028258419963e-49
eakf_model1,0.9999999999978335
eakf_model2,2.1665245036775603e-12
eakf_model3,1.0204991210041873e-17
