model_name,weigth
arima,0.0
eakf_model1,0.9999999984396538
eakf_model2,1.560346113994962e-09
eakf_model3,4.4122157096602445e-38
