model_name,weigth
arima,0.0
eakf_model1,0.9999999596901128
eakf_model2,3.297358109e-314
eakf_model3,4.0309887186598495e-08
sarima,0.0
