model_name,weigth
arima,0.0
eakf_model1,4.1637163820480315e-11
eakf_model2,0.9999999999583575
eakf_model3,5.367361427390714e-15
sarima,0.0
