model_name,weigth
arima,5.518291688406473e-38
eakf_model1,0.9999999999954465
eakf_model2,4.549663950773094e-12
eakf_model3,3.936341820046794e-15
