model_name,weigth
arima,3.987829120791656e-152
eakf_model1,5.370522643944977e-11
eakf_model2,3.2866600210236892e-18
eakf_model3,0.9999999999462947
sarima,3.873456505942492e-195
