model_name,weigth
arima,6.192968649098034e-60
eakf_model1,0.9999999999950434
eakf_model2,4.956700804756413e-12
eakf_model3,2.651609614456969e-19
