model_name,weigth
arima,0.0
eakf_model1,0.9999999999044397
eakf_model2,1.8022758687837563e-27
eakf_model3,9.556035557710943e-11
