model_name,weigth
arima,1.9102133683619286e-35
eakf_model1,0.9999999999985719
eakf_model2,5.751273851213152e-13
eakf_model3,8.529856950957588e-13
