model_name,weigth
arima,1.6680904924192755e-84
eakf_model1,0.9999999999951579
eakf_model2,4.8352298011011055e-12
eakf_model3,7.054436059209006e-15
