model_name,weigth
arima,1.3770285462604259e-49
eakf_model1,0.9999999999977076
eakf_model2,2.2924233745146033e-12
eakf_model3,4.5832910784599365e-17
