model_name,weigth
arima,1.8165556058460632e-25
eakf_model1,0.9999999999985385
eakf_model2,1.3206779172266409e-12
eakf_model3,1.407879858255013e-13
