model_name,weigth
arima,2e-323
eakf_model1,5.159096748073807e-10
eakf_model2,5.717429637740635e-152
eakf_model3,0.9999999994840905
sarima,0.0
