model_name,weigth
arima,2.90955157531744e-184
eakf_model1,0.9999999999885607
eakf_model2,1.1436714610674727e-11
eakf_model3,2.6488153155004703e-15
