model_name,weigth
arima,0.0
eakf_model1,0.9999999988882001
eakf_model2,1.1439086528887488e-126
eakf_model3,1.1117999818274245e-09
sarima,0.0
