model_name,weigth
arima,2.5e-323
eakf_model1,0.9999999994225353
eakf_model2,2.0914434197171106e-16
eakf_model3,5.774646448415328e-10
sarima,2.5e-323
