model_name,weigth
arima,2.5716330968633345e-21
eakf_model1,0.999999999995747
eakf_model2,8.17063267936173e-15
eakf_model3,4.244871201856732e-12
