model_name,weigth
arima,2.5e-323
eakf_model1,0.9999999980556246
eakf_model2,1.944375473826197e-09
eakf_model3,7.831561212012727e-20
sarima,2.5e-323
