model_name,weigth
arima,9.831267476473949e-272
eakf_model1,1.7655964156607113e-10
eakf_model2,3.950624597157846e-45
eakf_model3,0.9999999998234403
sarima,2.295346009670803e-198
