model_name,weigth
arima,3.833229686702972e-40
eakf_model1,0.9999999999935538
eakf_model2,1.2928335705740396e-18
eakf_model3,6.446129471559226e-12
