model_name,weigth
arima,2.84e-319
eakf_model1,0.9999999999244304
eakf_model2,2.4670676997974967e-31
eakf_model3,7.556953709334912e-11
