model_name,weigth
arima,0.0
eakf_model1,1.8441820343311357e-08
eakf_model2,5e-323
eakf_model3,0.9999999815581797
