model_name,weigth
arima,2e-323
eakf_model1,0.9999999990585701
eakf_model2,4.2794210421828413e-131
eakf_model3,9.414299731567774e-10
sarima,2e-323
