model_name,weigth
arima,7.642904245727337e-204
eakf_model1,4.628733964738242e-11
eakf_model2,4.1038668712223883e-26
eakf_model3,0.9999999999537127
