model_name,weigth
arima,0.0
eakf_model1,0.9999999990264348
eakf_model2,9.735652548988495e-10
eakf_model3,8.902725724528928e-18
