model_name,weigth
arima,2e-323
eakf_model1,6.599031157362698e-10
eakf_model2,8.664292832114686e-141
eakf_model3,0.9999999993400969
sarima,2e-323
