model_name,weigth
arima,5.671880768378761e-134
eakf_model1,0.9999999999900913
eakf_model2,1.6305045912088128e-22
eakf_model3,9.908710853574899e-12
