model_name,weigth
arima,2.5e-323
eakf_model1,3.487332415126463e-57
eakf_model2,2.0805872536292816e-07
eakf_model3,0.9999997919412746
sarima,2.5e-323
