model_name,weigth
arima,2.5e-323
eakf_model1,0.9999999987481186
eakf_model2,4.735888816142508e-99
eakf_model3,1.251881393930633e-09
sarima,2.5e-323
