model_name,weigth
arima,0.0
eakf_model1,2.0528416952237074e-72
eakf_model2,4.5770960178863566e-07
eakf_model3,0.9999995422903982
