model_name,weigth
arima,0.0
eakf_model1,1.7635903178215186e-10
eakf_model2,5.126546969223184e-53
eakf_model3,0.999999999823641
