model_name,weigth
arima,0.0
eakf_model1,7.783488330302815e-10
eakf_model2,1.3105371653132736e-101
eakf_model3,0.9999999992216512
