model_name,weigth
arima,1.571387437e-315
eakf_model1,2.9775523763606774e-11
eakf_model2,8.159993810828967e-45
eakf_model3,0.9999999999702247
