model_name,weigth
arima,0.0
eakf_model1,1.0804895919906828e-10
eakf_model2,1.316334618607113e-16
eakf_model3,0.9999999998919509
