model_name,weigth
arima,0.0
eakf_model1,0.9999999978771867
eakf_model2,7.616865969875149e-118
eakf_model3,2.1228131810879854e-09
