model_name,weigth
arima,0.0
eakf_model1,3.4015149860921536e-11
eakf_model2,2.6783869676125515e-50
eakf_model3,0.9999999999659849
