model_name,weigth
arima,1.319751529242445e-309
eakf_model1,1.2418121834905367e-10
eakf_model2,1.8664969078955992e-22
eakf_model3,0.9999999998758189
