model_name,weigth
arima,2.5e-323
eakf_model1,1.8935140878242521e-10
eakf_model2,1.6670373278960875e-38
eakf_model3,0.9999999998106487
sarima,0.0
