model_name,weigth
arima,0.0
eakf_model1,0.013868263642667886
eakf_model2,4.4e-323
eakf_model3,0.9861317363573321
