model_name,weigth
arima,6.289346669361444e-245
eakf_model1,1.7433558254816988e-11
eakf_model2,4.466804637510715e-33
eakf_model3,0.9999999999825665
