model_name,weigth
arima,2.5e-323
eakf_model1,0.999999999752345
eakf_model2,3.0422449962879413e-87
eakf_model3,2.4765501782685353e-10
sarima,0.0
