model_name,weigth
arima,3.044508337120411e-256
eakf_model1,2.0441192591957067e-11
eakf_model2,9.826093586529713e-33
eakf_model3,0.9999999999795589
