model_name,weigth
arima,0.0
eakf_model1,0.9999999955478609
eakf_model2,6.596182701890737e-239
eakf_model3,4.4521390987738855e-09
