model_name,weigth
arima,0.0
eakf_model1,4.258878908355663e-09
eakf_model2,5.31994923411901e-94
eakf_model3,0.9999999957411212
