model_name,weigth
arima,2.5e-323
eakf_model1,0.9999999995173862
eakf_model2,1.0151582384172344e-14
eakf_model3,4.826037725711607e-10
sarima,2.5e-323
