model_name,weigth
arima,0.0
eakf_model1,7.034889898621086e-11
eakf_model2,8.797946738659917e-13
eakf_model3,0.9999999999287714
