model_name,weigth
arima,3.4724764940340926e-303
eakf_model1,3.435288279932481e-20
eakf_model2,2.159447444001299e-11
eakf_model3,0.9999999999784055
