model_name,weigth
arima,9.988883267451945e-175
eakf_model1,0.9999999999958367
eakf_model2,4.163280172893503e-12
eakf_model3,5.900083213287605e-26
