model_name,weigth
arima,0.0
eakf_model1,3.242067389154989e-11
eakf_model2,0.9999999999664042
eakf_model3,1.1751514747212865e-12
