model_name,weigth
arima,1.658072743213895e-191
eakf_model1,0.9999999999947323
eakf_model2,5.267751874709122e-12
eakf_model3,1.424550142691472e-29
