model_name,weigth
arima,0.0
eakf_model1,0.99999999991357
eakf_model2,8.643002040393793e-11
eakf_model3,1.0798009374713774e-21
sarima,0.0
