model_name,weigth
arima,0.0
eakf_model1,0.9999999997724354
eakf_model2,2.275646742131096e-10
eakf_model3,3.843823512764786e-28
sarima,0.0
