model_name,weigth
arima,1.3816626027968161e-267
eakf_model1,8.646548366627745e-16
eakf_model2,0.999999999991928
eakf_model3,8.071110439907946e-12
