model_name,weigth
arima,0.0
eakf_model1,0.9999999999728838
eakf_model2,2.7116210607114867e-11
eakf_model3,3.2856602631133096e-32
