model_name,weigth
arima,0.0
eakf_model1,0.9999999993820042
eakf_model2,4.840131411000123e-153
eakf_model3,6.179957959431249e-10
