model_name,weigth
arima,2.5e-323
eakf_model1,0.9999999995519993
eakf_model2,4.480006158699852e-10
eakf_model3,1.6800327561944582e-16
sarima,2.5e-323
