model_name,weigth
arima,3.4223163079353265e-107
eakf_model1,0.9999999999840075
eakf_model2,1.6902662365828914e-20
eakf_model3,1.5992682497014995e-11
sarima,2.3518785928297893e-61
