model_name,weigth
arima,2.5e-323
eakf_model1,1.7144859375099486e-07
eakf_model2,5e-323
eakf_model3,0.9999998285514062
sarima,5e-323
