model_name,weigth
arima,1.1987655294255168e-147
eakf_model1,0.9999999999811902
eakf_model2,1.315600259523479e-27
eakf_model3,1.880995266977544e-11
