model_name,weigth
arima,1.4160736578942353e-204
eakf_model1,0.9999999999910544
eakf_model2,4.980522352363579e-12
eakf_model3,3.965071260569432e-12
