model_name,weigth
arima,0.0
eakf_model1,3.0051437880040334e-10
eakf_model2,9.041094375262564e-104
eakf_model3,0.9999999996994857
