model_name,weigth
arima,3.669625428110042e-87
eakf_model1,4.180785284287011e-28
eakf_model2,3.240651460975338e-12
eakf_model3,0.9999999999967594
