model_name,weigth
arima,1.7603158405124626e-225
eakf_model1,0.9999999998379029
eakf_model2,7.61566342603659e-61
eakf_model3,1.6209719173319377e-10
sarima,6.754348512327482e-106
