model_name,weigth
arima,1.329999518641785e-233
eakf_model1,6.08981733818407e-11
eakf_model2,3.8310526125530364e-33
eakf_model3,0.9999999999391019
