model_name,weigth
arima,5.059441707736946e-26
eakf_model1,0.9999999999991125
eakf_model2,4.637865372534331e-24
eakf_model3,8.874880853881176e-13
