model_name,weigth
arima,3.2459474270459865e-167
eakf_model1,2.400960275934138e-10
eakf_model2,1.615008912850638e-61
eakf_model3,0.999999999759904
sarima,1.2453797560213909e-132
