model_name,weigth
arima,2.248310017169477e-22
eakf_model1,0.9999999999989474
eakf_model2,6.514484792154301e-24
eakf_model3,1.0526791649305406e-12
