model_name,weigth
arima,9.998128859165767e-142
eakf_model1,1.4740138736227407e-11
eakf_model2,2.8609494376346206e-19
eakf_model3,0.9999999999852598
