model_name,weigth
arima,1.9678102804117678e-194
eakf_model1,1.1783944532749635e-10
eakf_model2,1.1016133585431924e-69
eakf_model3,0.9999999998821606
