model_name,weigth
arima,1.7241103944352318e-192
eakf_model1,6.613446650841054e-11
eakf_model2,1.4435245958438097e-26
eakf_model3,0.9999999999338656
