model_name,weigth
arima,3.4838140585292846e-188
eakf_model1,0.9999999999263252
eakf_model2,3.977656117989824e-27
eakf_model3,7.367479793600334e-11
sarima,1.3116251727013363e-113
