model_name,weigth
arima,1.119662210049393e-117
eakf_model1,0.9999999999612739
eakf_model2,1.0038096946931938e-51
eakf_model3,3.8726162584975175e-11
