model_name,weigth
arima,7.717704137681822e-257
eakf_model1,9.646347002731374e-10
eakf_model2,2.7216750596543093e-149
eakf_model3,0.9999999990353652
sarima,2.2517484679705215e-215
