model_name,weigth
arima,1.4319970363881596e-215
eakf_model1,0.9999999999224267
eakf_model2,1.3358425846274987e-20
eakf_model3,7.757339540238926e-11
sarima,6.0619169920388546e-151
