model_name,weigth
arima,2.5e-323
eakf_model1,0.24825212574834915
eakf_model2,5.0797323144301805e-129
eakf_model3,0.7517478742516508
