model_name,weigth
arima,1.9087385618475937e-59
eakf_model1,3.181351877881318e-12
eakf_model2,1.969869556800072e-13
eakf_model3,0.9999999999966218
