model_name,weigth
arima,5.578066369248652e-20
eakf_model1,0.9999999999993535
eakf_model2,3.0437808553144622e-25
eakf_model3,6.464573697562598e-13
