model_name,weigth
arima,5.2169466972413494e-300
eakf_model1,0.9999999998735823
eakf_model2,9.252691790114773e-30
eakf_model3,1.2641763700944166e-10
sarima,5.260946596793727e-187
