model_name,weigth
arima,8.554979876241908e-20
eakf_model1,0.9999999999992963
eakf_model2,4.787040094956558e-23
eakf_model3,7.037159964512861e-13
