model_name,weigth
arima,2.3631387186218502e-22
eakf_model1,0.9999999999990268
eakf_model2,9.330187267715894e-22
eakf_model3,9.732103124875027e-13
