model_name,weigth
arima,4.4829859647e-314
eakf_model1,4.85361294148963e-10
eakf_model2,9.652204793316281e-97
eakf_model3,0.9999999995146387
sarima,1.8567501988603023e-228
