model_name,weigth
arima,2.8644411783941066e-21
eakf_model1,0.9999999999993082
eakf_model2,1.17035651277754e-25
eakf_model3,6.918855130583473e-13
