model_name,weigth
arima,2.5e-323
eakf_model1,0.9999999475587303
eakf_model2,7.4e-323
eakf_model3,5.2441269644258424e-08
sarima,5e-323
