model_name,weigth
arima,2.5e-323
eakf_model1,0.9999999978925419
eakf_model2,2.1796480702666314e-96
eakf_model3,2.107458129527678e-09
sarima,2.5e-323
