model_name,weigth
arima,5.729978440751202e-239
eakf_model1,0.9999999999219004
eakf_model2,1.8504147687724251e-19
eakf_model3,7.809967875373175e-11
