model_name,weigth
arima,5.143576997637819e-139
eakf_model1,1.4795847487328133e-11
eakf_model2,2.860313663587342e-19
eakf_model3,0.9999999999852041
