model_name,weigth
arima,2.5e-323
eakf_model1,2.4009141456470726e-10
eakf_model2,3.1657707874762554e-29
eakf_model3,0.9999999997599087
sarima,2.5e-323
