model_name,weigth
arima,4.940143568247411e-297
eakf_model1,6.9639466864241e-24
eakf_model2,2.751275132568886e-11
eakf_model3,0.9999999999724873
