model_name,weigth
arima,3.976073580552191e-213
eakf_model1,0.99999999992305
eakf_model2,2.991515321517664e-15
eakf_model3,7.694695746597822e-11
