model_name,weigth
arima,0.0
eakf_model1,3.3489221371855466e-10
eakf_model2,3.1860768416440785e-15
eakf_model3,0.9999999996651046
