model_name,weigth
arima,2.5e-323
eakf_model1,0.9999999983441766
eakf_model2,6.191622225473216e-55
eakf_model3,1.6558233867223636e-09
sarima,2.5e-323
