model_name,weigth
arima,3.488047266432978e-95
eakf_model1,1.2925438266922609e-11
eakf_model2,1.2283562421499182e-13
eakf_model3,0.9999999999869518
sarima,2.4868345752527493e-69
