model_name,weigth
arima,4.0027746045586066e-17
eakf_model1,0.9999999999991365
eakf_model2,1.5529529107257625e-31
eakf_model3,8.636261566446658e-13
