model_name,weigth
arima,4.521015696341144e-16
eakf_model1,0.9999999999992606
eakf_model2,4.132555092148615e-29
eakf_model3,7.387685115046174e-13
