model_name,weigth
arima,8.322986157575067e-42
eakf_model1,0.9999999999982885
eakf_model2,1.0052514926880607e-27
eakf_model3,1.7115110640251141e-12
