model_name,weigth
arima,6.037705333005904e-240
eakf_model1,1.3259584816175654e-18
eakf_model2,6.002626735051711e-11
eakf_model3,0.9999999999399737
sarima,1.1899591996561374e-189
