model_name,weigth
arima,2.0425892365224157e-121
eakf_model1,1.7927135083484525e-11
eakf_model2,5.677632353250975e-13
eakf_model3,0.9999999999815051
sarima,2.9925830588816807e-84
