model_name,weigth
arima,3.5610388753448754e-124
eakf_model1,9.412980981413916e-12
eakf_model2,6.057100431281e-13
eakf_model3,0.9999999999899813
