model_name,weigth
arima,0.0
eakf_model1,6.423929746186178e-192
eakf_model2,0.9999999994810311
eakf_model3,5.18968974488197e-10
