model_name,weigth
arima,6.428297424229254e-145
eakf_model1,7.425237540605443e-11
eakf_model2,0.9999999999253141
eakf_model3,4.3368177418764093e-13
