model_name,weigth
arima,2.9395292948348307e-120
eakf_model1,1.1366129038512977e-28
eakf_model2,0.9999999999628029
eakf_model3,3.719710981021679e-11
sarima,1.3885091657698943e-27
