model_name,weigth
arima,5.221637077410439e-119
eakf_model1,9.394400857032288e-19
eakf_model2,0.9999999999703281
eakf_model3,2.967188234853549e-11
