model_name,weigth
arima,6.22481884385152e-284
eakf_model1,4.7413623348217965e-84
eakf_model2,5.402266210451233e-11
eakf_model3,0.9999999999459774
