model_name,weigth
arima,2.5e-323
eakf_model1,2.067818048635469e-119
eakf_model2,0.9999999991991315
eakf_model3,8.008685901454683e-10
sarima,2.223002202583903e-22
