model_name,weigth
arima,3.894804943180383e-120
eakf_model1,3.50187712970494e-12
eakf_model2,1.1804456607963565e-11
eakf_model3,0.9999999999846937
