model_name,weigth
arima,2.5e-323
eakf_model1,8.081527779053771e-42
eakf_model2,0.9999999986414865
eakf_model3,1.3585136116020833e-09
sarima,3.634485120393062e-145
