model_name,weigth
arima,0.0
eakf_model1,9.462502806331039e-169
eakf_model2,2.3174574552250639e-10
eakf_model3,0.9999999997682543
