model_name,weigth
arima,3.2147399988841726e-254
eakf_model1,3.4486404011481514e-10
eakf_model2,1.1487762682593014e-39
eakf_model3,0.999999999655136
sarima,7.132995679201141e-267
