model_name,weigth
arima,0.0
eakf_model1,1.2029371392219168e-09
eakf_model2,4.686076149691524e-33
eakf_model3,0.9999999987970629
