model_name,weigth
arima,0.0
eakf_model1,2.381380806741116e-08
eakf_model2,0.999999976186192
eakf_model3,6.4931496295446855e-40
