model_name,weigth
arima,9.18082726289444e-162
eakf_model1,3.28493960287409e-11
eakf_model2,1.3927655129163057e-18
eakf_model3,0.9999999999671506
sarima,5.293854259705971e-145
