model_name,weigth
arima,0.0
eakf_model1,2.5e-323
eakf_model2,0.999999996804231
eakf_model3,3.1957689305108266e-09
