model_name,weigth
arima,4.553882177918828e-242
eakf_model1,7.37937040867679e-76
eakf_model2,1.385797321553865e-10
eakf_model3,0.9999999998614204
