model_name,weigth
arima,8.281250689961043e-143
eakf_model1,2.6201189515861265e-11
eakf_model2,1.9992736598418595e-11
eakf_model3,0.9999999999538062
sarima,1.8911061317183627e-147
