model_name,weigth
arima,1.1586369940835397e-142
eakf_model1,8.166465996258638e-11
eakf_model2,1.6326660432242967e-14
eakf_model3,0.999999999918319
sarima,1.584633477984585e-113
