model_name,weigth
arima,3.4168221414027807e-87
eakf_model1,8.753620250908507e-34
eakf_model2,4.971484376714452e-12
eakf_model3,0.9999999999950285
