model_name,weigth
arima,2.3660227857481827e-202
eakf_model1,1.7081266302381072e-65
eakf_model2,4.324554674196584e-11
eakf_model3,0.9999999999567545
