model_name,weigth
arima,1.1065070447775286e-217
eakf_model1,7.105282019193907e-11
eakf_model2,1.2770394369748583e-26
eakf_model3,0.9999999999289472
