model_name,weigth
arima,4.254177326030321e-191
eakf_model1,9.391479167091047e-55
eakf_model2,2.5478748108145186e-11
eakf_model3,0.9999999999745213
