model_name,weigth
arima,6.172055689402637e-100
eakf_model1,2.1802545329164186e-34
eakf_model2,6.724732277280472e-12
eakf_model3,0.9999999999932754
