model_name,weigth
arima,2.5e-323
eakf_model1,0.9999999501021063
eakf_model2,1.2165567326660102e-82
eakf_model3,4.989789370585028e-08
sarima,5e-323
