model_name,weigth
arima,6.975059673655712e-199
eakf_model1,9.17828037203008e-11
eakf_model2,1.9389423650653976e-27
eakf_model3,0.9999999999082173
sarima,5.476302180937662e-103
