model_name,weigth
arima,1.430827233928162e-147
eakf_model1,0.9999999999329591
eakf_model2,7.460626355709289e-37
eakf_model3,6.704091623269802e-11
