model_name,weigth
arima,1.5888700445023709e-103
eakf_model1,3.1388394829146182e-15
eakf_model2,1.9210411530050104e-11
eakf_model3,0.9999999999807866
