model_name,weigth
arima,2.5e-323
eakf_model1,0.9999999991926118
eakf_model2,8.658068305186361e-98
eakf_model3,8.073883074647114e-10
sarima,2.5e-323
