model_name,weigth
arima,3.923124490411643e-119
eakf_model1,5.031870542331057e-15
eakf_model2,1.9162581085759774e-11
eakf_model3,0.9999999999808324
