model_name,weigth
arima,6.101905537616354e-108
eakf_model1,2.8209531564207476e-40
eakf_model2,2.1168963415660693e-11
eakf_model3,0.9999999999788312
