model_name,weigth
arima,2.160785006087911e-140
eakf_model1,6.247671694663226e-11
eakf_model2,1.341892978906349e-14
eakf_model3,0.99999999993751
