model_name,weigth
arima,3.8798201025806497e-172
eakf_model1,8.304271983297278e-11
eakf_model2,4.415781448011808e-29
eakf_model3,0.9999999999169574
