model_name,weigth
arima,7.481749277127538e-187
eakf_model1,1.1704696506742484e-15
eakf_model2,8.897816855683898e-11
eakf_model3,0.9999999999110207
