model_name,weigth
arima,9.133764988425877e-50
eakf_model1,9.588961575796184e-14
eakf_model2,3.3488388521039988e-12
eakf_model3,0.9999999999965553
