model_name,weigth
arima,1.2636359424122696e-151
eakf_model1,0.434153331292673
eakf_model2,4.0701852121836304e-10
eakf_model3,0.5658466683003085
