model_name,weigth
arima,0.0
eakf_model1,2.5e-323
eakf_model2,0.665161015886252
eakf_model3,0.33483898411374796
