model_name,weigth
arima,4.48775536065755e-54
eakf_model1,6.784093207129508e-32
eakf_model2,2.1837439906685255e-12
eakf_model3,0.9999999999978163
