model_name,weigth
arima,1.7232462024651257e-30
eakf_model1,0.9999999999960955
eakf_model2,1.0684839855246184e-12
eakf_model3,2.836135125564673e-12
sarima,1.7463868855408347e-29
