model_name,weigth
arima,5.741329625968138e-35
eakf_model1,0.9999999999964355
eakf_model2,4.5197284422776306e-13
eakf_model3,3.112606832002621e-12
