model_name,weigth
arima,7.469439704073307e-215
eakf_model1,3.5276004017047194e-99
eakf_model2,3.44454747658229e-10
eakf_model3,0.9999999996555453
sarima,4.4606805388898616e-103
