model_name,weigth
arima,8.394216225519948e-239
eakf_model1,3.41607983983367e-49
eakf_model2,1.0325891334013581e-10
eakf_model3,0.9999999998967412
