model_name,weigth
arima,8.909590293472789e-98
eakf_model1,2.465391384072867e-16
eakf_model2,3.061990300996493e-12
eakf_model3,0.9999999999969378
