model_name,weigth
arima,1.6159627174140534e-62
eakf_model1,4.361178219951047e-22
eakf_model2,2.146301532075087e-12
eakf_model3,0.9999999999978538
