model_name,weigth
arima,0.0
eakf_model1,4.004920180959053e-09
eakf_model2,1.1165174814024735e-29
eakf_model3,0.9999999959950798
