model_name,weigth
arima,4.634627059773842e-47
eakf_model1,0.9999999999865223
eakf_model2,9.156727543918111e-17
eakf_model3,1.3477618894783515e-11
