model_name,weigth
arima,1.0464475222752034e-211
eakf_model1,7.112209071734176e-68
eakf_model2,0.999999999718781
eakf_model3,2.812190202899687e-10
sarima,9.340907197236205e-73
