model_name,weigth
arima,2.2079064119607523e-210
eakf_model1,3.2436800615970457e-100
eakf_model2,0.999999999739482
eakf_model3,2.605182156680518e-10
sarima,1.5138752688340671e-59
