model_name,weigth
arima,9.283726905910148e-63
eakf_model1,0.9999999999816361
eakf_model2,8.272874539850452e-14
eakf_model3,1.8281308151342942e-11
sarima,1.729206160370101e-45
