model_name,weigth
arima,5e-323
eakf_model1,6.821871174548321e-10
eakf_model2,0.9999999845911255
eakf_model3,1.4726687393876464e-08
sarima,5e-323
