model_name,weigth
arima,2.543005496111476e-65
eakf_model1,0.9999999999513783
eakf_model2,4.862170253129826e-11
eakf_model3,4.210493320869867e-24
sarima,6.577357012075374e-66
