model_name,weigth
arima,4.232466011410624e-103
eakf_model1,0.9999999999239603
eakf_model2,8.819316454091432e-22
eakf_model3,7.603970252380194e-11
