model_name,weigth
arima,1.6445729571563332e-61
eakf_model1,0.9999999999679349
eakf_model2,2.8737826514807904e-11
eakf_model3,3.327545664802586e-12
sarima,9.997174114450483e-28
