model_name,weigth
arima,2.005343667325543e-52
eakf_model1,0.9999999999897391
eakf_model2,1.0260908745818423e-11
eakf_model3,6.085216934198581e-20
sarima,4.867693856342663e-44
