model_name,weigth
arima,2.4285270361332524e-36
eakf_model1,4.341493889377826e-25
eakf_model2,1.750575928354551e-12
eakf_model3,0.9999999999982494
