model_name,weigth
arima,6.61246135554979e-79
eakf_model1,0.9999999999696617
eakf_model2,3.0338393007170595e-11
eakf_model3,1.0111918606884514e-25
sarima,2.1711786556791983e-74
