model_name,weigth
arima,5.624863530144485e-72
eakf_model1,8.472992026610858e-35
eakf_model2,4.160700754199829e-12
eakf_model3,0.9999999999958393
