model_name,weigth
arima,3.048379083547621e-27
eakf_model1,5.508975710122946e-15
eakf_model2,1.4401104066116244e-12
eakf_model3,0.9999999999985545
