model_name,weigth
arima,6.277403672004211e-119
eakf_model1,8.67533819495811e-140
eakf_model2,1.0915022275503695e-19
eakf_model3,8.16114591774196e-11
sarima,0.9999999999183886
