model_name,weigth
arima,6.109850290660608e-53
eakf_model1,3.5948803630181996e-29
eakf_model2,2.1081171739061014e-12
eakf_model3,0.9999999999978919
