model_name,weigth
arima,1.4639194952513944e-180
eakf_model1,0.3514987053836983
eakf_model2,7.600873649566762e-10
eakf_model3,0.6485012938562142
