model_name,weigth
arima,1.6440817963941144e-64
eakf_model1,1.0071315925922483e-22
eakf_model2,2.865226674820852e-12
eakf_model3,0.9999999999971348
