model_name,weigth
arima,4.673629167666076e-216
eakf_model1,2.7477661997148557e-23
eakf_model2,0.9999999994299371
eakf_model3,5.700629282427234e-10
sarima,3.4524550315770853e-109
