model_name,weigth
arima,1.3672559715511148e-16
eakf_model1,1.2138982791056923e-16
eakf_model2,7.894467308304402e-13
eakf_model3,0.9999999999992103
