model_name,weigth
arima,2.795755432425512e-70
eakf_model1,7.023967062830305e-11
eakf_model2,8.697543235492724e-13
eakf_model3,1.9753967344688968e-12
sarima,0.9999999999269152
