model_name,weigth
arima,1.3055847231698247e-69
eakf_model1,2.6771961528725837e-11
eakf_model2,0.9999999999732281
eakf_model3,2.333051972170406e-19
