model_name,weigth
arima,1.190621985453263e-30
eakf_model1,2.9103152892858224e-41
eakf_model2,3.864368758209137e-12
eakf_model3,0.9999999999961358
