model_name,weigth
arima,4.59165228424175e-20
eakf_model1,2.807382112077393e-17
eakf_model2,9.098366025814321e-13
eakf_model3,0.9999999999990901
