model_name,weigth
arima,3.651972994905076e-11
eakf_model1,1.5634589063462515e-59
eakf_model2,2.3236826369274923e-60
eakf_model3,0.9999999999634803
