model_name,weigth
arima,1.0417360991019515e-13
eakf_model1,1.4597199987151815e-23
eakf_model2,1.8732607845516784e-12
eakf_model3,0.9999999999980226
