model_name,weigth
arima,9.890200668016726e-15
eakf_model1,1.9887641061032851e-13
eakf_model2,1.1359296176210974e-12
eakf_model3,0.9999999999986553
