model_name,weigth
arima,1.3907011807584594e-44
eakf_model1,6.6124293250934826e-18
eakf_model2,7.249914025785193e-12
eakf_model3,0.9999999999927501
