model_name,weigth
arima,4.5354400135169727e-13
eakf_model1,2.8318916768200224e-14
eakf_model2,9.390025897709738e-14
eakf_model3,0.9999999999994242
