model_name,weigth
arima,2.060878798348009e-11
eakf_model1,5.0199150643454525e-57
eakf_model2,2.30457449145196e-44
eakf_model3,0.9999999999793914
