model_name,weigth
arima,5.103506240390706e-12
eakf_model1,1.1469285143975827e-27
eakf_model2,7.569552301067674e-25
eakf_model3,0.9999999999948966
