model_name,weigth
arima,8.877392107681713e-15
eakf_model1,4.901176794581537e-16
eakf_model2,1.0630002746732049e-12
eakf_model3,0.9999999999989277
