model_name,weigth
arima,3.338118926423579e-12
eakf_model1,2.232820112763261e-32
eakf_model2,5.382208486533661e-16
eakf_model3,0.9999999999966613
