model_name,weigth
arima,5e-323
eakf_model1,8.59651858862472e-22
eakf_model2,2.3125609186803794e-09
eakf_model3,0.9999999976874391
sarima,5e-323
