model_name,weigth
arima,1.2024623851660683e-61
eakf_model1,2.4036554297723237e-11
eakf_model2,4.2273093452948906e-12
eakf_model3,0.9999999999717363
