model_name,weigth
arima,1.423973682366507e-32
eakf_model1,6.535871143830864e-15
eakf_model2,7.741043084587573e-12
eakf_model3,0.9999999999922524
sarima,4.8834188792149534e-48
