model_name,weigth
arima,7.801224348759576e-38
eakf_model1,0.9999999999779533
eakf_model2,1.8387740342490024e-11
eakf_model3,3.658886822599856e-12
sarima,1.8137208811680353e-55
