model_name,weigth
arima,1.3867469615507632e-46
eakf_model1,0.9999999999711934
eakf_model2,1.0961351650172433e-25
eakf_model3,2.8806835723753762e-11
