model_name,weigth
arima,1.0009873515295221e-14
eakf_model1,4.754414395586018e-13
eakf_model2,1.9298780192213445e-13
eakf_model3,0.9999999999993215
