model_name,weigth
arima,1.0755827638169111e-32
eakf_model1,4.830510250758652e-32
eakf_model2,3.6378686617922866e-12
eakf_model3,0.9999999999963622
