model_name,weigth
arima,1.4959923056328536e-96
eakf_model1,1.0606925686239851e-10
eakf_model2,7.618659622038445e-28
eakf_model3,0.9999999998939308
