model_name,weigth
arima,2.0365055942962203e-10
eakf_model1,5.970012861425365e-115
eakf_model2,1.4482221298756802e-14
eakf_model3,0.9999999997963349
