model_name,weigth
arima,1.6779341940843785e-09
eakf_model1,1.150779238111545e-167
eakf_model2,1.4227374962756883e-299
eakf_model3,0.9999999983220659
