model_name,weigth
arima,9.043347499474246e-12
eakf_model1,2.296467849954266e-25
eakf_model2,2.259957509462953e-12
eakf_model3,0.9999999999886968
