model_name,weigth
arima,1.178580540775404e-25
eakf_model1,3.4526838998403115e-11
eakf_model2,0.9999999999646109
eakf_model3,8.624037215717246e-13
sarima,1.0016813274239458e-29
