model_name,weigth
arima,4.2470749808549554e-11
eakf_model1,3.882133797976417e-38
eakf_model2,1.8827215138535806e-26
eakf_model3,0.9999999999575293
