model_name,weigth
arima,0.9999999999893358
eakf_model1,3.9927259842921946e-38
eakf_model2,4.985980529122761e-20
eakf_model3,1.066429869554727e-11
