model_name,weigth
arima,3.359250481422824e-40
eakf_model1,1.3380011420786914e-10
eakf_model2,0.9999999998661999
eakf_model3,1.8532353950384624e-30
sarima,6.188611344214382e-52
