model_name,weigth
arima,3.442221982606197e-08
eakf_model1,2.5e-323
eakf_model2,9.944551197042479e-248
eakf_model3,6e-323
sarima,0.9999999655777801
