model_name,weigth
arima,5.40126635758205e-11
eakf_model1,9.849026970965028e-64
eakf_model2,0.9999999999432518
eakf_model3,2.7355012306165807e-12
sarima,1.6170035102838916e-23
