model_name,weigth
arima,6.60470603501531e-12
eakf_model1,2.375856775360796e-20
eakf_model2,3.198863379049706e-23
eakf_model3,0.9999999999933954
