model_name,weigth
arima,2.2454999826277677e-12
eakf_model1,3.0635042360489113e-87
eakf_model2,0.9999999999338991
eakf_model3,1.2000246117299319e-17
sarima,6.385543609505745e-11
