model_name,weigth
arima,2.5634564097063898e-17
eakf_model1,4.924477262722424e-21
eakf_model2,8.384850801296796e-12
eakf_model3,0.9999999999916152
