model_name,weigth
arima,1.9517165015309884e-34
eakf_model1,4.766234497529312e-15
eakf_model2,0.9999999999615597
eakf_model3,3.843544517203712e-11
