model_name,weigth
arima,0.1596434818989374
eakf_model1,5.623715263142369e-301
eakf_model2,1.2387761204869846e-09
eakf_model3,0.8403565168622864
