model_name,weigth
arima,0.9999999999976612
eakf_model1,2.907900129687157e-32
eakf_model2,1.4087112865095485e-12
eakf_model3,9.301934588521513e-13
