model_name,weigth
arima,0.9999999999991134
eakf_model1,5.689763907967927e-23
eakf_model2,8.865338065843121e-13
eakf_model3,8.098608586130553e-17
