model_name,weigth
arima,0.9999999999813208
eakf_model1,1.1684054248205982e-37
eakf_model2,1.8448816865706485e-11
eakf_model3,2.303250032269025e-13
