model_name,weigth
arima,1.3323500993956221e-37
eakf_model1,6.34121995473369e-43
eakf_model2,2.576761510693208e-11
eakf_model3,0.9999999999742324
