model_name,weigth
arima,7.60570650247351e-17
eakf_model1,6.286511427329399e-19
eakf_model2,1.952274954497759e-12
eakf_model3,0.9999999999980478
