model_name,weigth
arima,1.857491461258998e-60
eakf_model1,2.157474690859143e-34
eakf_model2,0.9999999997088408
eakf_model3,2.9115932230710824e-10
sarima,2.3134479348733866e-96
