model_name,weigth
arima,0.0
eakf_model1,0.9999999986010174
eakf_model2,1.58226720264173e-33
eakf_model3,1.3989826109376147e-09
