model_name,weigth
arima,4.979582604469781e-104
eakf_model1,0.9999999999383307
eakf_model2,6.16694101807262e-11
eakf_model3,9.568006963532922e-21
sarima,6.679391763132714e-66
