model_name,weigth
arima,1.360100071106338e-187
eakf_model1,4.140059006086236e-81
eakf_model2,7.112119941579583e-10
eakf_model3,0.9999999992887881
sarima,1.2819553094945019e-115
