model_name,weigth
arima,8.531179460781441e-168
eakf_model1,4.747539624321804e-46
eakf_model2,0.9999999993159998
eakf_model3,6.840003161221987e-10
