model_name,weigth
arima,0.9999999999972474
eakf_model1,9.404135480064418e-40
eakf_model2,2.7525580413650937e-12
eakf_model3,3.8259841264404945e-22
