model_name,weigth
arima,0.9999999999995387
eakf_model1,3.186656575298893e-19
eakf_model2,4.525654238528427e-13
eakf_model3,8.715163636618604e-15
