model_name,weigth
arima,1.7737624900507756e-07
eakf_model1,1.24e-322
eakf_model2,1.43e-322
eakf_model3,0.999999822623751
