model_name,weigth
arima,5.450840842633131e-27
eakf_model1,0.9999999990689683
eakf_model2,2.9936216902596397e-78
eakf_model3,9.310316772046635e-10
