model_name,weigth
arima,5.929982449506564e-106
eakf_model1,0.9999999998418438
eakf_model2,1.5815626816266868e-10
eakf_model3,1.0196807134541305e-23
sarima,2.2602618017226062e-71
