model_name,weigth
arima,1.5491216186783344e-50
eakf_model1,0.9999999999638253
eakf_model2,1.1926860228617708e-12
eakf_model3,3.498208494644722e-11
