model_name,weigth
arima,6.400858884290011e-29
eakf_model1,0.9999999999822984
eakf_model2,1.770160842449514e-11
eakf_model3,3.1398653650304595e-17
sarima,3.3498227694662746e-21
