model_name,weigth
arima,0.26756647938434486
eakf_model1,3.167429518412572e-14
eakf_model2,0.732433520519372
eakf_model3,9.625162301541414e-11
