model_name,weigth
arima,2.5e-323
eakf_model1,2.702394568449803e-150
eakf_model2,0.25767074885642316
eakf_model3,0.7423292511435768
