model_name,weigth
arima,1.2062982301612171e-77
eakf_model1,1.0207432543338913e-28
eakf_model2,3.722578959776947e-11
eakf_model3,0.9999999999627743
sarima,2.0251411957764898e-76
