model_name,weigth
arima,9.962537908067489e-186
eakf_model1,2.340462493656976e-67
eakf_model2,1.4660650687134038e-10
eakf_model3,0.9999999998533935
