model_name,weigth
arima,4.395058717523949e-129
eakf_model1,1.1241818549997176e-42
eakf_model2,1.204048910470405e-10
eakf_model3,0.9999999998795952
sarima,4.412788186008105e-113
