model_name,weigth
arima,1.0035764624197523e-278
eakf_model1,3.2521196864628296e-37
eakf_model2,9.687681260162058e-10
eakf_model3,0.999999999031232
sarima,1.0139557805753998e-270
