model_name,weigth
arima,2.1165093734712172e-247
eakf_model1,4.18557268163873e-48
eakf_model2,3.7065959282721335e-10
eakf_model3,0.9999999996293405
