model_name,weigth
arima,2.2200582439988945e-174
eakf_model1,1.6326033333523497e-10
eakf_model2,5.660079113405617e-17
eakf_model3,0.9999999998367397
