model_name,weigth
arima,2.5e-323
eakf_model1,0.9999999185679735
eakf_model2,8.143202636780516e-08
eakf_model3,3.60779968010165e-141
sarima,2.5e-323
