model_name,weigth
arima,1.1118279992533005e-80
eakf_model1,2.330212432418521e-18
eakf_model2,9.306317631905985e-22
eakf_model3,0.3174782962642938
sarima,0.6825217037357062
