model_name,weigth
arima,3.5276308842276647e-32
eakf_model1,2.376529330811562e-12
eakf_model2,0.999999999996435
eakf_model3,1.1884705209355782e-12
sarima,3.870271683323659e-32
