model_name,weigth
arima,6.372777862686917e-134
eakf_model1,0.23534903269055596
eakf_model2,2e-323
eakf_model3,0.5817816612855244
sarima,0.18286930602391974
