model_name,weigth
arima,0.0
eakf_model1,2.4657041034951395e-09
eakf_model2,0.9999999975342958
eakf_model3,2.576111821564662e-49
sarima,0.0
