model_name,weigth
arima,1.0561086770191515e-178
eakf_model1,0.9999999998268846
eakf_model2,1.7311543027918613e-10
eakf_model3,1.0530271789739417e-37
sarima,1.3140011675026149e-230
