model_name,weigth
arima,2.051560387837075e-23
eakf_model1,2.298571881132508e-12
eakf_model2,0.999999999997632
eakf_model3,6.952440483450101e-14
sarima,7.603578600310828e-18
