model_name,weigth
arima,0.0
eakf_model1,0.9999999816987512
eakf_model2,6.37e-322
eakf_model3,1.8301248808234222e-08
sarima,0.0
