model_name,weigth
arima,5.1775232001534746e-216
eakf_model1,0.999999999930379
eakf_model2,2.1413898933884744e-42
eakf_model3,6.962103946200698e-11
sarima,0.0
