model_name,weigth
arima,4.724697938403358e-96
eakf_model1,0.999999999968996
eakf_model2,9.47993517817594e-17
eakf_model3,3.100391761160938e-11
sarima,2.263510385752725e-122
