model_name,weigth
arima,1.178063186150973e-242
eakf_model1,0.9999999999335576
eakf_model2,1.2281919521419457e-36
eakf_model3,6.64424839670902e-11
sarima,0.0
