model_name,weigth
arima,0.0
eakf_model1,0.9999999994732777
eakf_model2,1.1120450134679687e-102
eakf_model3,5.267225009037656e-10
sarima,0.0
