model_name,weigth
arima,0.0
eakf_model1,2.0983870427535017e-09
eakf_model2,0.999999997901613
eakf_model3,8.83973539101473e-54
sarima,0.0
