model_name,weigth
arima,0.0
eakf_model1,0.9999999998061637
eakf_model2,1.9383632277308696e-10
eakf_model3,6.656588218704692e-21
sarima,0.0
