model_name,weigth
arima,0.0
eakf_model1,0.9999999994213682
eakf_model2,3.2711736709862773e-78
eakf_model3,5.786318971048728e-10
sarima,0.0
