model_name,weigth
arima,7.188790434013117e-234
eakf_model1,0.9999999999354845
eakf_model2,2.7418198829348894e-16
eakf_model3,6.45153626940226e-11
sarima,8.721029805662825e-252
