model_name,weigth
arima,1.2043149432768494e-269
eakf_model1,0.9999999998019549
eakf_model2,6.814820446190387e-20
eakf_model3,1.980451300107623e-10
sarima,0.0
