model_name,weigth
arima,1.3091929062421621e-241
eakf_model1,0.9999999998909267
eakf_model2,1.323403652974162e-31
eakf_model3,1.0907321791351647e-10
sarima,0.0
