model_name,weigth
arima,0.0
eakf_model1,2.106055464073638e-09
eakf_model2,5.403860730747583e-69
eakf_model3,0.9999999978939446
sarima,0.0
