model_name,weigth
arima,4.478874517597503e-248
eakf_model1,3.5045522055788483e-11
eakf_model2,1.2792616907752113e-14
eakf_model3,0.9999999999649416
sarima,1.529768693071131e-218
