model_name,weigth
arima,0.0
eakf_model1,0.9999999988083791
eakf_model2,3.3277520078965464e-139
eakf_model3,1.1916208898530974e-09
sarima,0.0
