model_name,weigth
arima,0.0
eakf_model1,0.9999999998405811
eakf_model2,5.276037004026848e-25
eakf_model3,1.5941895064780728e-10
sarima,1.0272084462368453e-274
