model_name,weigth
arima,0.0
eakf_model1,7.087336021041575e-15
eakf_model2,4.218060275131774e-11
eakf_model3,0.9999999999578124
sarima,9.405898279505286e-300
