model_name,weigth
arima,0.0
eakf_model1,8.042855454097931e-09
eakf_model2,1.0789820341715727e-156
eakf_model3,0.9999999919571446
sarima,0.0
