model_name,weigth
arima,0.0
eakf_model1,1.1248747297052162e-10
eakf_model2,5.450048914955382e-49
eakf_model3,0.9999999998875125
sarima,0.0
