model_name,weigth
arima,0.0
eakf_model1,1.0588449801063617e-09
eakf_model2,6.1127176371978785e-58
eakf_model3,0.9999999989411551
sarima,0.0
