model_name,weigth
arima,0.0
eakf_model1,0.9999999998159544
eakf_model2,5.481074591871222e-80
eakf_model3,1.840456373233869e-10
sarima,0.0
