model_name,weigth
arima,0.0
eakf_model1,0.9999999998500833
eakf_model2,4.662624053598315e-62
eakf_model3,1.4991680564610043e-10
sarima,0.0
