model_name,weigth
arima,0.0
eakf_model1,8.259916383730022e-11
eakf_model2,9.316674037086415e-20
eakf_model3,0.9999999999174009
sarima,4.682910667507342e-291
