model_name,weigth
arima,0.0
eakf_model1,2.6185223888784596e-09
eakf_model2,9.827587819036188e-69
eakf_model3,0.9999999973814776
sarima,0.0
