model_name,weigth
arima,0.0
eakf_model1,6.675365237601686e-12
eakf_model2,6.882366581672769e-07
eakf_model3,0.9999993117566665
sarima,0.0
