model_name,weigth
arima,0.0
eakf_model1,0.9999999995902894
eakf_model2,8.46970873703501e-33
eakf_model3,4.0971063986385867e-10
sarima,0.0
