model_name,weigth
arima,4.6295784420817194e-107
eakf_model1,2.679127770938402e-11
eakf_model2,1.737050453789641e-34
eakf_model3,0.9999999999732089
sarima,1.806260520883476e-61
