model_name,weigth
arima,8.9528125741164e-198
eakf_model1,0.9999999997278309
eakf_model2,1.366699164211934e-57
eakf_model3,2.721690858220207e-10
sarima,1.347568454774255e-156
