model_name,weigth
arima,0.0
eakf_model1,9.860570049377205e-10
eakf_model2,3.015470626463986e-85
eakf_model3,0.999999999013943
sarima,0.0
