model_name,weigth
arima,0.0
eakf_model1,0.6251883863469513
eakf_model2,7.322804682934642e-204
eakf_model3,0.37481161365304877
sarima,0.0
