model_name,weigth
arima,3.010466163243342e-146
eakf_model1,0.9999999999704399
eakf_model2,1.1237938959834429e-11
eakf_model3,1.8322199760904308e-11
sarima,1.0077980103734047e-106
