model_name,weigth
arima,1.7045676468326817e-78
eakf_model1,0.9999999999875416
eakf_model2,1.174432224456174e-11
eakf_model3,7.141395091783755e-13
sarima,5.133146467755754e-66
