model_name,weigth
arima,4.317213362223611e-107
eakf_model1,1.4260842258620284e-11
eakf_model2,1.8601023192781035e-18
eakf_model3,0.9999999999857393
sarima,9.532120448069303e-94
