model_name,weigth
arima,5.612226175078104e-301
eakf_model1,0.9999999999036966
eakf_model2,8.711272469222437e-18
eakf_model3,9.630344904155334e-11
sarima,5.316591212444171e-289
