model_name,weigth
arima,5.9766921918987e-111
eakf_model1,1.008242537172654e-11
eakf_model2,4.293738569769616e-13
eakf_model3,0.9999999999894882
sarima,6.729860621557556e-99
