model_name,weigth
arima,2.8771009940377846e-87
eakf_model1,7.147220187485398e-12
eakf_model2,9.137692618493755e-15
eakf_model3,0.9999999999928438
sarima,6.796133893999956e-70
