model_name,weigth
arima,1.7408480355251104e-175
eakf_model1,0.9999999999663279
eakf_model2,4.012642582081779e-14
eakf_model3,3.3631870665350666e-11
sarima,1.3364646855321091e-173
