model_name,weigth
arima,1.7000130754561303e-87
eakf_model1,2.817529337818763e-17
eakf_model2,1.7018091628175113e-11
eakf_model3,0.9999999999829818
sarima,1.2325980058297377e-91
