model_name,weigth
arima,1.1986339018430776e-80
eakf_model1,9.932766407336456e-12
eakf_model2,4.923363724381099e-12
eakf_model3,0.9999999999851439
sarima,1.0263260648603599e-78
