model_name,weigth
arima,6.207948795343196e-94
eakf_model1,1.657497406847123e-17
eakf_model2,1.03904583132018e-11
eakf_model3,0.9999999999896095
sarima,5.378150509570761e-97
