model_name,weigth
arima,2.1790830062507717e-99
eakf_model1,2.1326136438271465e-20
eakf_model2,3.625631420144328e-11
eakf_model3,0.9999999999637437
sarima,1.5778585030213334e-67
