model_name,weigth
arima,2.8852716364884103e-55
eakf_model1,6.231018307750389e-19
eakf_model2,8.453399016612652e-12
eakf_model3,0.9999999999915468
sarima,3.8322878812901615e-21
