model_name,weigth
arima,1.8108482009642984e-206
eakf_model1,1.985064585681763e-15
eakf_model2,9.243703348338788e-11
eakf_model3,0.9999999999075609
sarima,5.537525907613522e-113
