model_name,weigth
arima,2.922851982642156e-94
eakf_model1,1.9097030151212283e-25
eakf_model2,2.0850139298548202e-11
eakf_model3,0.9999999999791499
sarima,7.746780227596112e-53
