model_name,weigth
arima,1.1720272890665237e-275
eakf_model1,4.124435481105344e-10
eakf_model2,3.31107117341184e-34
eakf_model3,0.9999999995875565
sarima,1.668489020784069e-221
