model_name,weigth
arima,4.0923034179613287e-63
eakf_model1,4.6749684079968934e-15
eakf_model2,1.0047517031191683e-11
eakf_model3,0.9999999999899479
sarima,1.1542072245844647e-32
