model_name,weigth
arima,0.0
eakf_model1,0.9999999987142508
eakf_model2,1.8607704520315787e-40
eakf_model3,1.2857491835117327e-09
sarima,3e-323
