model_name,weigth
arima,0.0
eakf_model1,0.10306193405427948
eakf_model2,3.0516635021628384e-123
eakf_model3,0.8969380659457206
sarima,3e-323
