model_name,weigth
arima,5.405668565285991e-84
eakf_model1,5.924709617432472e-20
eakf_model2,1.3427977105938785e-11
eakf_model3,0.999999999986572
sarima,1.2272842539530084e-44
