model_name,weigth
arima,0.0
eakf_model1,2.4072822195097575e-14
eakf_model2,3.992483744368078e-10
eakf_model3,0.9999999996007275
sarima,3.851776580506603e-260
