model_name,weigth
arima,2.3033176572818617e-253
eakf_model1,1.0275398014263795e-62
eakf_model2,0.999999999686807
eakf_model3,3.131930869776396e-10
sarima,1.331414188811918e-90
