model_name,weigth
arima,0.0
eakf_model1,3.432150544540782e-297
eakf_model2,0.9999999976352368
eakf_model3,2.364763146947259e-09
sarima,2.8056380695984465e-202
