model_name,weigth
arima,1.2930301724323448e-205
eakf_model1,0.9999999995904579
eakf_model2,3.4687526954444394e-10
eakf_model3,6.26667000555134e-11
sarima,1.095337990651097e-140
