model_name,weigth
arima,0.0
eakf_model1,1.2390699029610207e-149
eakf_model2,0.9999999991854723
eakf_model3,8.145276743906668e-10
sarima,1.5859730076687506e-109
