model_name,weigth
arima,0.0
eakf_model1,0.3614008763525783
eakf_model2,6.657987913298567e-07
eakf_model3,0.6385984578486306
sarima,3e-323
