model_name,weigth
arima,8.383860212453453e-106
eakf_model1,1.2980714810128733e-10
eakf_model2,0.9999999998687572
eakf_model3,1.4356588900022514e-12
sarima,3.095941638455123e-31
