model_name,weigth
arima,4.133859184814672e-46
eakf_model1,3.0205818685473307e-43
eakf_model2,8.049678576409953e-18
eakf_model3,1.8361283068349468e-11
sarima,0.9999999999816388
