model_name,weigth
arima,1.5852898071590402e-198
eakf_model1,1.5605252086729695e-268
eakf_model2,9.307073574165635e-68
eakf_model3,0.9287921034884588
sarima,0.07120789651154134
