model_name,weigth
arima,3.1264243136410437e-90
eakf_model1,6.784393365187785e-130
eakf_model2,6.430310375532117e-45
eakf_model3,0.9999999999444686
sarima,5.553139290335332e-11
