model_name,weigth
arima,1.1303298507273046e-172
eakf_model1,0.9999999991700784
eakf_model2,1.1297702381876133e-21
eakf_model3,8.299214930842512e-10
sarima,2.6337286438730863e-151
