model_name,weigth
arima,5.040577815227989e-58
eakf_model1,0.9999999999703876
eakf_model2,1.8682211002428123e-17
eakf_model3,2.961251995693265e-11
sarima,7.815708207675184e-75
