model_name,weigth
arima,5.610534274553455e-173
eakf_model1,3.2756561648410716e-48
eakf_model2,5.707697368349459e-10
eakf_model3,0.9999999994292302
sarima,1.0202999150241009e-188
