model_name,weigth
arima,5.82568284687746e-306
eakf_model1,1.6417062304160572e-09
eakf_model2,1.4237890654466266e-55
eakf_model3,0.9999999983582939
sarima,0.0
