model_name,weigth
arima,5.0571061976265826e-110
eakf_model1,1.9254104326714431e-10
eakf_model2,7.889227571194213e-31
eakf_model3,0.999999999807459
sarima,7.8036441098545775e-115
