model_name,weigth
arima,2.2602824454170944e-82
eakf_model1,2.2549020976261645e-61
eakf_model2,3.6999621344000665e-10
eakf_model3,0.9999999996300036
sarima,2.235117872600245e-111
