model_name,weigth
arima,4.184081182265918e-24
eakf_model1,2.6097517404728452e-20
eakf_model2,3.011812143627435e-12
eakf_model3,0.9999999999969882
sarima,3.073496006698329e-24
