model_name,weigth
arima,0.1333451781634523
eakf_model1,4.4907938195702087e-35
eakf_model2,0.8666548218365477
eakf_model3,1.1568301872368731e-20
sarima,2.280146672233715e-35
