model_name,weigth
arima,1.2675284813346057e-23
eakf_model1,0.9999999999178216
eakf_model2,8.213976424088238e-11
eakf_model3,3.8690639570182335e-14
sarima,1.0701409547274995e-36
