model_name,weigth
arima,1.667438549032729e-11
eakf_model1,3.9390579992709066e-72
eakf_model2,4.2578511251238823e-60
eakf_model3,4.461253727891179e-48
sarima,0.9999999999833258
