model_name,weigth
arima,4.435412331016455e-172
eakf_model1,0.9999999966565488
eakf_model2,3.343451189584965e-09
eakf_model3,9.278596105686901e-100
sarima,2.6192343963044997e-203
