model_name,weigth
arima,0.8799687315482286
eakf_model1,1.3318495634692531e-307
eakf_model2,1.3565448913840298e-164
eakf_model3,2.2320465064137107e-145
sarima,0.12003126845177148
