model_name,weigth
arima,1.1358872594155062e-24
eakf_model1,3.007293056401961e-162
eakf_model2,0.5593685430649613
eakf_model3,2.7189737772196156e-09
sarima,0.4406314542160649
