model_name,weigth
arima,8.74923857816588e-10
eakf_model1,0.0
eakf_model2,3.256989639097855e-192
eakf_model3,1.4055899555918686e-185
sarima,0.9999999991250762
