model_name,weigth
arima,4.5794089711857355e-22
eakf_model1,1.1587848215417186e-19
eakf_model2,3.337286132532736e-19
eakf_model3,1.535464026333843e-11
sarima,0.9999999999846454
