model_name,weigth
arima,3.478565580851348e-34
eakf_model1,3.5661925796894376e-21
eakf_model2,0.9999999997242858
eakf_model3,2.7571433912037187e-10
sarima,6.052231207397868e-84
