model_name,weigth
arima,1.9080418081200405e-20
eakf_model1,1.3093285220839322e-13
eakf_model2,5.430356708665728e-26
eakf_model3,1.972660750355647e-11
sarima,0.9999999999801424
