model_name,weigth
arima,0.05101227316149605
eakf_model1,6.114799601289186e-178
eakf_model2,1.4062914922350448e-08
eakf_model3,0.948987712775589
sarima,5.650590665606131e-91
