model_name,weigth
arima,2.4211953874552674e-61
eakf_model1,1.6213815780032363e-33
eakf_model2,3.269619788766036e-11
eakf_model3,0.9999999999673037
sarima,7.994236796747326e-80
