model_name,weigth
arima,1.5947372561572272e-205
eakf_model1,0.9999999996589002
eakf_model2,5.9517877868609275e-43
eakf_model3,3.4109984450759667e-10
