model_name,weigth
arima,3.989996358089724e-49
eakf_model1,1.3088524321517894e-17
eakf_model2,1.0945592539883602e-11
eakf_model3,0.9999999999890543
