model_name,weigth
arima,4.776235518114311e-125
eakf_model1,9.362022694787206e-13
eakf_model2,1.3437307875968692e-11
eakf_model3,0.9999999999856265
