model_name,weigth
arima,1.1273977623386752e-118
eakf_model1,1.472248994937932e-11
eakf_model2,9.739152710824642e-16
eakf_model3,0.9999999999820077
sarima,3.2687704388117213e-12
