model_name,weigth
arima,6.073418594330552e-87
eakf_model1,5.0135817190876195e-20
eakf_model2,5.263693942563577e-11
eakf_model3,0.999999999947363
sarima,1.1543152297113106e-18
