model_name,weigth
arima,1.3694679115045352e-27
eakf_model1,6.941206547889045e-13
eakf_model2,0.9999999999986221
eakf_model3,6.838229572866344e-13
sarima,1.8482965249018433e-26
