model_name,weigth
arima,1.5340078624730617e-64
eakf_model1,1.6181520994975888e-11
eakf_model2,0.9999999999838185
eakf_model3,1.3720451688196693e-20
