model_name,weigth
arima,2e-323
eakf_model1,0.9999998821732352
eakf_model2,3e-323
eakf_model3,1.1782676471649437e-07
