model_name,weigth
arima,5.721772731157775e-20
eakf_model1,4.423336045058124e-15
eakf_model2,1.3991694519364913e-23
eakf_model3,3.501101195959802e-13
sarima,0.9999999999996455
