model_name,weigth
arima,1.187348861288257e-82
eakf_model1,3.644543091504206e-13
eakf_model2,1.6858230244083378e-32
eakf_model3,1.7568721750441984e-11
sarima,0.9999999999820668
