model_name,weigth
arima,5.0039509773380415e-40
eakf_model1,5.28004399976348e-12
eakf_model2,0.999999999994717
eakf_model3,2.9180383982008606e-15
sarima,8.93692404548796e-28
