model_name,weigth
arima,0.0
eakf_model1,2.7136896605379984e-11
eakf_model2,0.999999999970332
eakf_model3,2.531051804310913e-12
