model_name,weigth
arima,4.628827653963325e-58
eakf_model1,8.178254862411865e-12
eakf_model2,0.9999999999918218
eakf_model3,1.1680073084501813e-32
sarima,3.1982214568627607e-56
