model_name,weigth
arima,2.554163302819319e-58
eakf_model1,0.9999999999965583
eakf_model2,1.3646874211049962e-17
eakf_model3,3.4416848789999025e-12
sarima,1.8222841597196966e-92
