model_name,weigth
arima,0.0
eakf_model1,0.9999999999609472
eakf_model2,3.9052803063838665e-11
eakf_model3,1.1590365916625305e-32
