model_name,weigth
arima,9.09427213737383e-105
eakf_model1,0.9999999999656378
eakf_model2,3.436206213530728e-11
eakf_model3,9.188174087038066e-18
sarima,6.506369533975994e-114
