model_name,weigth
arima,7.34515835351845e-119
eakf_model1,0.9999999999924618
eakf_model2,7.390693434563005e-12
eakf_model3,1.4732738493250774e-13
sarima,1.8304732272256414e-153
