model_name,weigth
arima,0.0
eakf_model1,0.9999999999070812
eakf_model2,9.291877317644339e-11
eakf_model3,2.6891188402182256e-17
sarima,0.0
