model_name,weigth
arima,0.0
eakf_model1,0.2549918462254144
eakf_model2,0.7450081537745857
eakf_model3,6.306962257720189e-63
