model_name,weigth
arima,2.9132596788982727e-18
eakf_model1,1.0711617851758956e-12
eakf_model2,0.9999999999989289
eakf_model3,1.0860498804612737e-19
sarima,3.3772415742212384e-18
