model_name,weigth
arima,0.0
eakf_model1,0.9999997529282961
eakf_model2,2.4707170383126256e-07
eakf_model3,1.6e-322
