model_name,weigth
arima,1.7693771206995093e-79
eakf_model1,0.9999999999950459
eakf_model2,1.6938989255553504e-16
eakf_model3,4.953920046642139e-12
sarima,1.9405039254853426e-150
