model_name,weigth
arima,1.2781636197616926e-43
eakf_model1,1.6024506794222173e-47
eakf_model2,2.5963602894348433e-11
eakf_model3,0.9999999999740364
