model_name,weigth
arima,3.318182720287066e-107
eakf_model1,0.9999999999885973
eakf_model2,5.66170941964017e-16
eakf_model3,1.1402049942294659e-11
