model_name,weigth
arima,0.0
eakf_model1,2.790625393889956e-10
eakf_model2,2.196079838238136e-123
eakf_model3,0.9999999997209373
