model_name,weigth
arima,7.14675856584342e-111
eakf_model1,0.9999999999953343
eakf_model2,2.634792755278607e-26
eakf_model3,4.665644689519287e-12
