model_name,weigth
arima,0.0
eakf_model1,0.9999999998736242
eakf_model2,4.721920192389981e-22
eakf_model3,1.2637575484241278e-10
sarima,0.0
