model_name,weigth
arima,6.444256980279646e-206
eakf_model1,5.620639959781209e-11
eakf_model2,3.722634934605583e-40
eakf_model3,0.9999999999437936
sarima,0.0
