model_name,weigth
arima,9.863442393313734e-106
eakf_model1,0.9999999999943991
eakf_model2,2.6780184955122128e-14
eakf_model3,5.573952075281332e-12
