model_name,weigth
arima,2.4710731060954954e-98
eakf_model1,0.9999999999983786
eakf_model2,1.5683150111677629e-12
eakf_model3,5.3025056243298836e-14
