model_name,weigth
arima,0.0
eakf_model1,1.2217419110964464e-28
eakf_model2,1.2033181293802704e-09
eakf_model3,0.9999999987966819
sarima,0.0
