model_name,weigth
arima,2.918064537588214e-119
eakf_model1,2.3346552365112778e-12
eakf_model2,2.5971392947603e-11
eakf_model3,0.9999999999716939
