model_name,weigth
arima,0.0
eakf_model1,3.753696622291613e-33
eakf_model2,8.727767305680449e-10
eakf_model3,0.9999999991272233
sarima,0.0
