model_name,weigth
arima,6.747626546885637e-102
eakf_model1,0.9999999999989038
eakf_model2,1.0962385351905807e-12
eakf_model3,5.917488563081128e-23
