model_name,weigth
arima,0.0
eakf_model1,0.9999999999105293
eakf_model2,1.6177107164827253e-25
eakf_model3,8.947070198940493e-11
