model_name,weigth
arima,1.0696644808232875e-59
eakf_model1,0.9999999999993878
eakf_model2,6.120005562633893e-13
eakf_model3,1.80510925971913e-16
