model_name,weigth
arima,0.0
eakf_model1,1.0237689307795563e-19
eakf_model2,0.9999999999285745
eakf_model3,7.142549939764079e-11
sarima,0.0
