model_name,weigth
arima,0.0
eakf_model1,1.3063148727081045e-09
eakf_model2,3.993826621088465e-163
eakf_model3,0.999999998693685
sarima,0.0
