model_name,weigth
arima,0.0
eakf_model1,4.127364007841571e-10
eakf_model2,1.0246468853794638e-44
eakf_model3,0.9999999995872636
sarima,0.0
