model_name,weigth
arima,0.0
eakf_model1,8.12651439891202e-11
eakf_model2,0.3940710247750079
eakf_model3,0.6059289751437269
