model_name,weigth
arima,9.73331714549875e-163
eakf_model1,1.1891181123580494e-10
eakf_model2,5.724311632941978e-24
eakf_model3,0.9999999998810882
sarima,2.2497444407286168e-113
