model_name,weigth
arima,7.456678221423595e-70
eakf_model1,0.9999999999994189
eakf_model2,5.81192855427697e-13
eakf_model3,2.0239161324870206e-17
