model_name,weigth
arima,0.0
eakf_model1,0.9999999069694612
eakf_model2,8.4e-323
eakf_model3,9.30305386614899e-08
