model_name,weigth
arima,0.0
eakf_model1,6.08043255127903e-10
eakf_model2,2.108737526835839e-81
eakf_model3,0.9999999993919567
sarima,0.0
