model_name,weigth
arima,0.0
eakf_model1,1.2035005327952765e-09
eakf_model2,6.272281461267132e-31
eakf_model3,0.9999999987964994
