model_name,weigth
arima,4.777880866161134e-49
eakf_model1,0.9999999999970393
eakf_model2,2.04550200308286e-18
eakf_model3,2.960726607643503e-12
