model_name,weigth
arima,0.0
eakf_model1,0.9999999973195409
eakf_model2,5.730460340143286e-32
eakf_model3,2.6804590514599715e-09
