model_name,weigth
arima,9.692559903045598e-145
eakf_model1,3.4989514608103557e-11
eakf_model2,8.617306909681492e-29
eakf_model3,0.9999999999650104
