model_name,weigth
arima,1.1090404729090363e-244
eakf_model1,0.9999999998566094
eakf_model2,8.327529449772119e-45
eakf_model3,1.4339067531886837e-10
