model_name,weigth
arima,0.9999999999904143
eakf_model1,9.585689973164334e-12
eakf_model2,9.946976497079764e-46
eakf_model3,1.145368407791387e-28
