model_name,weigth
arima,0.0
eakf_model1,1.9611879962730275e-25
eakf_model2,1.352562213245937e-10
eakf_model3,0.9999999998647437
sarima,0.0
