model_name,weigth
arima,0.0
eakf_model1,0.593488132312583
eakf_model2,5.98121396657166e-33
eakf_model3,0.40651186768741693
sarima,0.0
