model_name,weigth
arima,0.0
eakf_model1,0.9999999997827905
eakf_model2,8.141852760934803e-36
eakf_model3,2.1720954877451817e-10
