model_name,weigth
arima,0.0
eakf_model1,6.327993643372266e-38
eakf_model2,0.9999999999542573
eakf_model3,4.574277951966451e-11
