model_name,weigth
arima,2.5104839764599123e-20
eakf_model1,0.999999999994968
eakf_model2,4.629740378452709e-22
eakf_model3,5.031877506878853e-12
