model_name,weigth
arima,2.8446143712265255e-271
eakf_model1,9.539381228640392e-11
eakf_model2,2.2266798899048638e-72
eakf_model3,0.9999999999046063
