model_name,weigth
arima,5.8891589307041e-196
eakf_model1,0.999999999938814
eakf_model2,4.86280185471528e-24
eakf_model3,6.118600608944617e-11
sarima,2.8862825598119094e-175
