model_name,weigth
arima,1.668133910337e-311
eakf_model1,1.863863346441155e-23
eakf_model2,0.9999999999972669
eakf_model3,2.733165507618306e-12
