model_name,weigth
arima,0.0
eakf_model1,2.825140591846143e-16
eakf_model2,0.9999999997805775
eakf_model3,2.194220696156462e-10
