model_name,weigth
arima,0.0
eakf_model1,0.999999998959726
eakf_model2,1.2569045456500221e-235
eakf_model3,1.0402739392058207e-09
sarima,0.0
