model_name,weigth
arima,0.0
eakf_model1,9.959019874478147e-11
eakf_model2,2.695693891737469e-44
eakf_model3,0.9999999999004099
