model_name,weigth
arima,0.0
eakf_model1,1.1745956087060351e-09
eakf_model2,0.9999999988253246
eakf_model3,7.965684949268571e-14
sarima,0.0
