model_name,weigth
arima,0.0
eakf_model1,2.289003234901162e-10
eakf_model2,2.7944962106896803e-123
eakf_model3,0.9999999997710997
