model_name,weigth
arima,2.4561585427833278e-34
eakf_model1,0.9999999999728838
eakf_model2,3.1507201854494343e-21
eakf_model3,2.7116213416830797e-11
