model_name,weigth
arima,3.963038959360049e-121
eakf_model1,0.9999999999667939
eakf_model2,1.644124347454858e-24
eakf_model3,3.320614632802295e-11
