model_name,weigth
arima,1.0802421629700975e-267
eakf_model1,2.2411843287453373e-12
eakf_model2,4.725642641738722e-12
eakf_model3,0.9999999999930331
