model_name,weigth
arima,1.445242569221813e-296
eakf_model1,7.644048365123374e-12
eakf_model2,3.9918787422661766e-12
eakf_model3,0.999999999988364
