model_name,weigth
arima,6.298320815503897e-135
eakf_model1,5.823703747906179e-12
eakf_model2,3.4465283766061595e-14
eakf_model3,0.9999999999941418
