model_name,weigth
arima,0.0
eakf_model1,2.0958416859613745e-10
eakf_model2,6.100617640603475e-16
eakf_model3,0.9999999997904151
sarima,3.658953189270827e-309
