model_name,weigth
arima,9.170873975689072e-299
eakf_model1,3.5610635096946194e-35
eakf_model2,0.9999999999952794
eakf_model3,4.72062082188017e-12
