model_name,weigth
arima,0.0
eakf_model1,0.47622536734900506
eakf_model2,4.75710840410145e-75
eakf_model3,0.5237746326509949
