model_name,weigth
arima,0.0
eakf_model1,1.3011949774372694e-18
eakf_model2,4.4914670463804484e-10
eakf_model3,0.9999999995508532
