model_name,weigth
arima,4.98887862617388e-163
eakf_model1,7.814274838196998e-13
eakf_model2,8.757424816148812e-12
eakf_model3,0.9999999999904611
