model_name,weigth
arima,2.0726997490375117e-286
eakf_model1,2.3564257756615817e-22
eakf_model2,0.9999999999974958
eakf_model3,2.5042907871243236e-12
