model_name,weigth
arima,3.2622508229565185e-170
eakf_model1,0.9999999999283604
eakf_model2,9.940757622714983e-64
eakf_model3,7.163953525516417e-11
sarima,1.394547464566e-311
