model_name,weigth
arima,2.9e-322
eakf_model1,0.9999999998739463
eakf_model2,1.2605376511829403e-10
eakf_model3,7.270557122443882e-18
sarima,0.0
