model_name,weigth
arima,5.154455897830879e-271
eakf_model1,3.2680487183753236e-11
eakf_model2,7.692052461849193e-13
eakf_model3,0.9999999999665502
sarima,2.0018178437445263e-232
