model_name,weigth
arima,2.6697729383381876e-205
eakf_model1,3.11924664144385e-11
eakf_model2,8.859295436913695e-12
eakf_model3,0.9999999999599483
sarima,3.211996666343929e-161
