model_name,weigth
arima,0.0
eakf_model1,1.2705703663540036e-40
eakf_model2,0.9999999999915379
eakf_model3,8.462131055173764e-12
