model_name,weigth
arima,8.943287589105342e-139
eakf_model1,0.9999999999967353
eakf_model2,3.264785215873262e-12
eakf_model3,3.806568890167537e-27
