model_name,weigth
arima,0.0
eakf_model1,3.759906633661284e-10
eakf_model2,0.9999999996240093
eakf_model3,3.29386830946608e-29
sarima,0.0
