model_name,weigth
arima,9.131592172071771e-88
eakf_model1,1.650032242615271e-33
eakf_model2,2.610599481490961e-12
eakf_model3,0.9999999999973893
