model_name,weigth
arima,2.1934986243141533e-68
eakf_model1,5.8428297469465035e-12
eakf_model2,6.2586183292011914e-34
eakf_model3,0.9999999999941572
