model_name,weigth
arima,2.73687101948162e-97
eakf_model1,3.3697877610990943e-43
eakf_model2,4.495513913067563e-12
eakf_model3,0.9999999999955045
