model_name,weigth
arima,0.0
eakf_model1,1.580803367783239e-07
eakf_model2,2.0988979530823412e-129
eakf_model3,0.9999998419196631
sarima,0.0
