model_name,weigth
arima,0.0
eakf_model1,1.196945232406836e-10
eakf_model2,8.161293413508127e-23
eakf_model3,0.9999999998803055
