model_name,weigth
arima,1.0147206936102673e-130
eakf_model1,0.9999999999968854
eakf_model2,3.114702622763767e-12
eakf_model3,1.844094523374866e-24
