model_name,weigth
arima,0.0
eakf_model1,0.9999999998806255
eakf_model2,6.784321405494653e-40
eakf_model3,1.1937448274618382e-10
