model_name,weigth
arima,5.935798632930951e-145
eakf_model1,0.9999999999960871
eakf_model2,3.9129270562978784e-12
eakf_model3,4.0174636620208546e-30
