model_name,weigth
arima,0.0
eakf_model1,0.9999999999795821
eakf_model2,2.0417925111746217e-11
eakf_model3,3.534261253392779e-35
