model_name,weigth
arima,0.0
eakf_model1,0.9999999990622696
eakf_model2,9.377305331148924e-10
eakf_model3,4.40329270952598e-17
sarima,0.0
