model_name,weigth
arima,1.8364855642134185e-57
eakf_model1,4.9913096105255585e-12
eakf_model2,5.191815332652375e-26
eakf_model3,0.9999999999950087
