model_name,weigth
arima,5.236239513961234e-65
eakf_model1,3.8002229900331684e-16
eakf_model2,4.031866116309664e-12
eakf_model3,0.9999999999959677
