model_name,weigth
arima,3.997078133727588e-69
eakf_model1,1.0091888850580405e-11
eakf_model2,1.4733628856498264e-26
eakf_model3,0.9999999999899081
sarima,5.3011265301274245e-33
