model_name,weigth
arima,0.0
eakf_model1,9.869408642177778e-11
eakf_model2,1.466753773471354e-72
eakf_model3,0.9999999999013058
