model_name,weigth
arima,4.89760991516203e-277
eakf_model1,1.2020853189543708e-10
eakf_model2,2.167491880374347e-55
eakf_model3,0.9999999998797914
sarima,1.012640569415553e-149
