model_name,weigth
arima,0.0
eakf_model1,0.9999999982762714
eakf_model2,3.3988256466851735e-106
eakf_model3,1.7237285129055476e-09
