model_name,weigth
arima,3.6992998162547467e-134
eakf_model1,0.9999999999651651
eakf_model2,7.417877087275616e-21
eakf_model3,3.4834889389672866e-11
sarima,6.687391305542006e-93
