model_name,weigth
arima,9.560746730077434e-128
eakf_model1,0.9999999999705994
eakf_model2,1.2320077902556521e-15
eakf_model3,2.939930179877444e-11
