model_name,weigth
arima,5.867623380840301e-46
eakf_model1,0.99999999999623
eakf_model2,2.7802738067412397e-12
eakf_model3,9.896641034994284e-13
