model_name,weigth
arima,0.0
eakf_model1,6.624315481367639e-10
eakf_model2,1.1077416514055294e-103
eakf_model3,0.9999999993375684
