model_name,weigth
arima,2e-323
eakf_model1,0.9999999994866006
eakf_model2,3.4409310381280166e-109
eakf_model3,5.133993613919594e-10
sarima,1.1138171109187923e-302
