model_name,weigth
arima,0.0
eakf_model1,0.9999999979241703
eakf_model2,1.541307192918184e-124
eakf_model3,2.075829720384099e-09
sarima,2e-323
