model_name,weigth
arima,3.8222391087280316e-145
eakf_model1,9.993114615645061e-11
eakf_model2,1.257924745222154e-69
eakf_model3,0.9999999999000688
