model_name,weigth
arima,2.7830666610258313e-202
eakf_model1,0.11818915436452046
eakf_model2,4.099789104639532e-53
eakf_model3,0.8818108456354796
