model_name,weigth
arima,4.839861508112774e-51
eakf_model1,0.9999999999884736
eakf_model2,1.6646037380784083e-26
eakf_model3,1.1526493823316145e-11
