model_name,weigth
arima,0.0
eakf_model1,3.480556630666032e-08
eakf_model2,8e-323
eakf_model3,0.9999999651944337
sarima,2e-323
