model_name,weigth
arima,1.950155161917592e-23
eakf_model1,0.9999999999995594
eakf_model2,1.720907460160152e-24
eakf_model3,4.406256841498241e-13
