model_name,weigth
arima,3.189710743661389e-187
eakf_model1,0.9999999999600911
eakf_model2,6.074061737234205e-14
eakf_model3,3.9848153120086757e-11
