model_name,weigth
arima,8.824897809766667e-23
eakf_model1,0.999999999999454
eakf_model2,1.0376260465870451e-21
eakf_model3,5.460637650012287e-13
