model_name,weigth
arima,2.777894978905657e-115
eakf_model1,5.350219315463985e-12
eakf_model2,7.947063713158333e-23
eakf_model3,0.9999999999946497
