model_name,weigth
arima,3.326617489800651e-83
eakf_model1,0.9999999999352923
eakf_model2,1.9487464351156748e-51
eakf_model3,6.470778546458698e-11
sarima,1.1445865323697891e-70
