model_name,weigth
arima,1.7594735745051788e-25
eakf_model1,0.9999999999992534
eakf_model2,2.2722013727116104e-27
eakf_model3,7.465933123444307e-13
