model_name,weigth
arima,8.074488136082238e-29
eakf_model1,0.9999999999991719
eakf_model2,3.490024393822834e-29
eakf_model3,8.280494437370936e-13
