model_name,weigth
arima,4.5433547779280435e-79
eakf_model1,0.9999999999634924
eakf_model2,8.477342339227608e-34
eakf_model3,3.650754086094147e-11
