model_name,weigth
arima,1.1747013696611172e-203
eakf_model1,0.9999999999109586
eakf_model2,2.1045881771459374e-45
eakf_model3,8.904149015619025e-11
sarima,5.506227160648376e-119
