model_name,weigth
arima,0.0
eakf_model1,1.1789150254022436e-09
eakf_model2,5.685922000097616e-178
eakf_model3,0.9999999988210849
sarima,2e-323
