model_name,weigth
arima,2.131833597353868e-19
eakf_model1,0.9999999999995539
eakf_model2,8.066871125073146e-19
eakf_model3,4.4615879662151216e-13
