model_name,weigth
arima,0.0
eakf_model1,1.74795476031384e-10
eakf_model2,8.869437958664866e-22
eakf_model3,0.9999999998252045
