model_name,weigth
arima,4.4268924484908796e-61
eakf_model1,3.631044071790208e-12
eakf_model2,1.2801435853846019e-17
eakf_model3,0.9999999999963689
