model_name,weigth
arima,0.0
eakf_model1,2.518878538008043e-09
eakf_model2,2.612923441545145e-27
eakf_model3,0.9999999974811214
