model_name,weigth
arima,0.0
eakf_model1,6.042745130669777e-120
eakf_model2,1.2163332931227692e-08
eakf_model3,0.999999987836667
