model_name,weigth
arima,5.38907899316737e-169
eakf_model1,4.6432113822706044e-11
eakf_model2,4.9038283911034896e-21
eakf_model3,0.9999999999535678
sarima,8.602907119615438e-142
