model_name,weigth
arima,7.59618655997763e-155
eakf_model1,0.999999999976446
eakf_model2,2.1603016209276757e-16
eakf_model3,2.355391296258387e-11
