model_name,weigth
arima,9.857431143463224e-71
eakf_model1,0.9999999999882215
eakf_model2,1.175349393879493e-11
eakf_model3,2.4927902211784405e-14
sarima,6.617584272751157e-68
