model_name,weigth
arima,0.0
eakf_model1,5.077541403628507e-36
eakf_model2,5.368010385045481e-11
eakf_model3,0.9999999999463198
