model_name,weigth
arima,0.0
eakf_model1,0.9999999948908536
eakf_model2,2.3454294863591068e-132
eakf_model3,5.109146473381346e-09
