model_name,weigth
arima,1.2271190729181172e-104
eakf_model1,0.9999999999847913
eakf_model2,1.5133997806633075e-11
eakf_model3,7.477251135689383e-14
