model_name,weigth
arima,1.0457221121670324e-162
eakf_model1,2.2652222241312745e-11
eakf_model2,6.448605248548332e-28
eakf_model3,0.9999999999773479
