model_name,weigth
arima,4.2778798290193616e-95
eakf_model1,7.413982045399082e-12
eakf_model2,2.9840137043505896e-12
eakf_model3,0.999999999989602
sarima,9.955934536428098e-92
