model_name,weigth
arima,8.445369858886881e-225
eakf_model1,0.9999999999392519
eakf_model2,5.65836616444849e-11
eakf_model3,4.164459143610025e-12
