model_name,weigth
arima,1.328209648442688e-76
eakf_model1,0.999999999989944
eakf_model2,2.7126982732319225e-15
eakf_model3,1.0053263956304721e-11
sarima,1.1356609931781528e-76
