model_name,weigth
arima,9.298354672230647e-124
eakf_model1,8.559165763138025e-12
eakf_model2,1.4576551193146333e-13
eakf_model3,0.9999999999912951
