model_name,weigth
arima,5.7072370852323914e-58
eakf_model1,1.6573749082191546e-12
eakf_model2,3.128319147723189e-12
eakf_model3,0.9999999999952144
sarima,2.1113275214512766e-47
