model_name,weigth
arima,7.342717955967075e-106
eakf_model1,7.0106238631063045e-12
eakf_model2,1.8349235804723025e-20
eakf_model3,0.9999999999929894
