model_name,weigth
arima,0.0
eakf_model1,5.713527907749192e-32
eakf_model2,7.191076247233587e-10
eakf_model3,0.9999999992808923
sarima,0.0
