model_name,weigth
arima,8.762771814517426e-61
eakf_model1,0.9999999999959286
eakf_model2,2.6075632884070095e-24
eakf_model3,4.071474748790798e-12
