model_name,weigth
arima,4.074544154994633e-12
eakf_model1,0.9999999999959254
eakf_model2,1.8120112072575648e-52
eakf_model3,7.043328340743896e-23
