model_name,weigth
arima,0.0
eakf_model1,0.9999999990546294
eakf_model2,3.9571792598451925e-24
eakf_model3,9.453705790663833e-10
sarima,0.0
