model_name,weigth
arima,0.0
eakf_model1,7.433439356817075e-41
eakf_model2,6.083821560172653e-11
eakf_model3,0.9999999999391619
