model_name,weigth
arima,2e-323
eakf_model1,6.960208493232019e-43
eakf_model2,0.999999999620843
eakf_model3,3.791570739930999e-10
sarima,0.0
