model_name,weigth
arima,7.05995003828869e-145
eakf_model1,4.627893486631736e-18
eakf_model2,2.4890835656701294e-11
eakf_model3,0.9999999999751091
sarima,1.8054148511132188e-142
