model_name,weigth
arima,1.3697380762044652e-111
eakf_model1,1.9964925526002796e-32
eakf_model2,1.148284588290788e-11
eakf_model3,0.9999999999885172
