model_name,weigth
arima,4.55e-322
eakf_model1,5.865199465640326e-25
eakf_model2,4.448273466575005e-11
eakf_model3,0.9999999999555174
