model_name,weigth
arima,2.5e-323
eakf_model1,0.07748993460999677
eakf_model2,0.41926226593240645
eakf_model3,0.5032477994575967
sarima,2.5e-323
