model_name,weigth
arima,6.013019575379112e-69
eakf_model1,1.8519477923035513e-11
eakf_model2,4.23061285143804e-16
eakf_model3,0.99999999998148
sarima,3.845766437225455e-73
