model_name,weigth
arima,1.40245770733486e-81
eakf_model1,1.4106882013815756e-33
eakf_model2,7.141180385580496e-12
eakf_model3,0.9999999999928588
