model_name,weigth
arima,1.2975451939678038e-32
eakf_model1,4.644179791827019e-16
eakf_model2,1.7951807385897877e-12
eakf_model3,0.9999999999982044
