model_name,weigth
arima,4e-323
eakf_model1,7.633122485203744e-301
eakf_model2,3.731639589447966e-46
eakf_model3,5.556338235112199e-09
sarima,0.9999999944436617
