model_name,weigth
arima,3.6452655868599246e-60
eakf_model1,3.8964949583754915e-14
eakf_model2,7.946525485861367e-12
eakf_model3,0.9999999999920145
sarima,2.4607981527426272e-33
