model_name,weigth
arima,0.0
eakf_model1,0.9999999976928922
eakf_model2,2.3052215740921653e-09
eakf_model3,1.8862571424847673e-12
