model_name,weigth
arima,2.093346284788731e-62
eakf_model1,2.396846111382817e-20
eakf_model2,1.2469130480317999e-11
eakf_model3,0.9999999999875309
sarima,1.973820588471858e-19
