model_name,weigth
arima,1.3913505035589266e-62
eakf_model1,2.1524918362634607e-32
eakf_model2,1.1777782397377548e-11
eakf_model3,0.9999999999882223
