model_name,weigth
arima,0.0
eakf_model1,4.687840020246254e-44
eakf_model2,0.9999999993225099
eakf_model3,6.774899916036001e-10
