model_name,weigth
arima,1.7974911771585557e-229
eakf_model1,1.1158382665392214e-18
eakf_model2,0.6129507495123053
eakf_model3,0.3870492504876947
sarima,1.1433816947684545e-117
