model_name,weigth
arima,2.430520829031059e-207
eakf_model1,2.9697689079520425e-14
eakf_model2,1.2525792570207552e-10
eakf_model3,0.9999999998747123
