model_name,weigth
arima,1.5862874437397096e-306
eakf_model1,3.366780798535229e-19
eakf_model2,4.1018551342977543e-11
eakf_model3,0.9999999999589815
