model_name,weigth
arima,0.0
eakf_model1,2.8814841636142017e-40
eakf_model2,1.081072473935849e-10
eakf_model3,0.9999999998918927
