model_name,weigth
arima,6.1206588660773095e-152
eakf_model1,2.672216618394792e-22
eakf_model2,9.197313788285923e-11
eakf_model3,0.9999999999080268
sarima,3.655381504186631e-173
