model_name,weigth
arima,3.0473633316725227e-122
eakf_model1,2.614250505916941e-40
eakf_model2,0.9999999999493295
eakf_model3,5.067041526461341e-11
sarima,1.4340254209931627e-34
