model_name,weigth
arima,2.589005350061159e-91
eakf_model1,0.9999999999871149
eakf_model2,4.631823014103598e-23
eakf_model3,1.2885101869799865e-11
