model_name,weigth
arima,8.991361077947757e-71
eakf_model1,1.1101840475299135e-38
eakf_model2,1.304863549702104e-11
eakf_model3,0.9999999999869513
sarima,5.472187234747814e-37
