model_name,weigth
arima,7.469622164231389e-306
eakf_model1,0.9999999999012813
eakf_model2,1.9768568604132662e-30
eakf_model3,9.871878131402007e-11
