model_name,weigth
arima,2.6429132658724803e-221
eakf_model1,6.317297664911101e-32
eakf_model2,9.175777074309376e-11
eakf_model3,0.9999999999082423
