model_name,weigth
arima,0.0
eakf_model1,0.9999999993964016
eakf_model2,2.312814157239854e-88
eakf_model3,6.035984153199991e-10
sarima,4e-323
