model_name,weigth
arima,6.756238947317132e-141
eakf_model1,1.2154793023073339e-12
eakf_model2,3.557284758501536e-11
eakf_model3,0.9999999999632116
