model_name,weigth
arima,8.664189729118666e-165
eakf_model1,2.0895701814201242e-58
eakf_model2,2.9386882513455936e-11
eakf_model3,0.9999999999706131
