model_name,weigth
arima,5.559274724223306e-152
eakf_model1,6.87452838940396e-22
eakf_model2,1.2575916862479906e-10
eakf_model3,0.9999999998742408
sarima,3.71203166890901e-117
