model_name,weigth
arima,1.3969114626182615e-71
eakf_model1,5.4023273269807205e-24
eakf_model2,2.1221935027325446e-12
eakf_model3,0.9999999999978779
