model_name,weigth
arima,1.8056166500199972e-143
eakf_model1,4.996839404388435e-47
eakf_model2,4.210084673671244e-11
eakf_model3,0.999999999957899
sarima,1.1332302765104003e-59
