model_name,weigth
arima,0.0
eakf_model1,0.9999999992248534
eakf_model2,9.186170207382998e-66
eakf_model3,7.751466460968206e-10
