model_name,weigth
arima,3.809984328418707e-51
eakf_model1,7.009036747577457e-39
eakf_model2,4.129438630855295e-12
eakf_model3,0.9999999999958706
