model_name,weigth
arima,2e-323
eakf_model1,2.8337713438368883e-105
eakf_model2,1.3222032365701872e-08
eakf_model3,0.9999999867779676
sarima,2e-323
