model_name,weigth
arima,1.01949e-318
eakf_model1,0.8380224109784398
eakf_model2,3.9316469788123206e-58
eakf_model3,0.16197758902156023
