model_name,weigth
arima,6.009239673941273e-57
eakf_model1,4.71233394632646e-27
eakf_model2,7.826120169303778e-12
eakf_model3,0.9999999999921738
