model_name,weigth
arima,8.485216820226041e-105
eakf_model1,0.9999999999725152
eakf_model2,8.81136468473889e-34
eakf_model3,2.748474201541289e-11
sarima,6.21979600586424e-69
