model_name,weigth
arima,5.206082126805525e-178
eakf_model1,1.2092635985482529e-33
eakf_model2,0.9999999999124884
eakf_model3,8.751147382835805e-11
sarima,6.626926708692192e-162
