model_name,weigth
arima,2.5e-323
eakf_model1,9.968744658574853e-211
eakf_model2,1.1784368888049446e-09
eakf_model3,0.999999998821563
