model_name,weigth
arima,4.1098518926068945e-44
eakf_model1,1.968224827826348e-21
eakf_model2,1.1763757030075914e-12
eakf_model3,0.9999999999988237
