model_name,weigth
arima,2.2550776299945517e-83
eakf_model1,6.884492901907502e-21
eakf_model2,3.6909834423947145e-12
eakf_model3,0.999999999996309
