model_name,weigth
arima,2e-323
eakf_model1,4.4e-323
eakf_model2,0.8915564545878304
eakf_model3,0.10844354541216959
sarima,1.6070369219507742e-130
