model_name,weigth
arima,1.5167146360852964e-189
eakf_model1,8.021932299528956e-120
eakf_model2,9.457907831320171e-11
eakf_model3,0.9999999999054209
sarima,6.388151650265165e-28
