model_name,weigth
arima,2e-323
eakf_model1,2.1381124777064743e-135
eakf_model2,5.594587359075687e-10
eakf_model3,0.9999999994405412
sarima,9.708031942789509e-150
