model_name,weigth
arima,1.0567631270460288e-56
eakf_model1,1.88238486914585e-40
eakf_model2,5.74924869458867e-12
eakf_model3,0.9999999999942507
