model_name,weigth
arima,4.544179094957977e-160
eakf_model1,3.407820236620301e-26
eakf_model2,9.03540404820728e-12
eakf_model3,0.9999999999909647
