model_name,weigth
arima,2.482380233836003e-93
eakf_model1,3.3013784290293153e-44
eakf_model2,6.025370737917335e-12
eakf_model3,0.9999999999939746
