model_name,weigth
arima,7.259901212501073e-167
eakf_model1,5.894775470076898e-24
eakf_model2,0.9999999998529747
eakf_model3,1.4702524978787475e-10
sarima,5.454547647001544e-82
