model_name,weigth
arima,4.220622567238434e-101
eakf_model1,2.8343722932565898e-36
eakf_model2,1.2539206182288134e-11
eakf_model3,0.9999999999874608
