model_name,weigth
arima,4.85301462273083e-24
eakf_model1,0.9999999999970793
eakf_model2,1.1040177298311319e-13
eakf_model3,2.810257420590858e-12
sarima,5.6753239537276025e-18
