model_name,weigth
arima,1.2171378327546245e-60
eakf_model1,9.594426780029752e-35
eakf_model2,4.3751296019652785e-12
eakf_model3,0.9999999999956249
