model_name,weigth
arima,2.979721995021395e-212
eakf_model1,0.9999999998642612
eakf_model2,1.3573869598629228e-10
eakf_model3,7.652662889197526e-26
sarima,9.95207901613885e-169
