model_name,weigth
arima,3.910754427327626e-286
eakf_model1,4.208905889690116e-09
eakf_model2,1.4552873307746366e-42
eakf_model3,0.49711753050271673
sarima,0.5028824652883774
