model_name,weigth
arima,2.2503210695689774e-67
eakf_model1,0.9999999999733956
eakf_model2,2.6604308972996537e-11
eakf_model3,2.5545099899524383e-25
sarima,2.2394541216305844e-63
