model_name,weigth
arima,6.769234395601393e-65
eakf_model1,6.438165945826696e-91
eakf_model2,1.091679742105844e-11
eakf_model3,0.9999999999890832
