model_name,weigth
arima,8.104432780242308e-13
eakf_model1,1.9258512225447684e-16
eakf_model2,7.692990683489313e-14
eakf_model3,0.9999999999991125
