model_name,weigth
arima,4.115059980912735e-60
eakf_model1,3.337133446058299e-30
eakf_model2,2.8731529123869527e-12
eakf_model3,0.999999999997127
