model_name,weigth
arima,4.1670024952380086e-78
eakf_model1,0.2947719746693457
eakf_model2,1.4258317918031495e-10
eakf_model3,0.7052280251880712
