model_name,weigth
arima,1.4114273679402624e-14
eakf_model1,5.9446052115836665e-31
eakf_model2,1.5535053741742056e-12
eakf_model3,0.9999999999984324
