model_name,weigth
arima,8.537456270502907e-41
eakf_model1,0.9999999999964871
eakf_model2,3.4911337355127123e-12
eakf_model3,2.1793839343264932e-14
