model_name,weigth
arima,3.5791166362815344e-22
eakf_model1,1.61370568206852e-32
eakf_model2,4.526602902181736e-16
eakf_model3,0.9999999999965037
sarima,3.4958540032025563e-12
