model_name,weigth
arima,1.2831185138859555e-213
eakf_model1,1.7820376236525102e-166
eakf_model2,4.5988707251373253e-10
eakf_model3,0.22838057042609322
sarima,0.7716194291140197
