model_name,weigth
arima,5.457941748819841e-112
eakf_model1,4.362182099367865e-21
eakf_model2,6.15984248778818e-12
eakf_model3,0.99999999999384
