model_name,weigth
arima,3.021075218733329e-86
eakf_model1,1.1737139442734425e-42
eakf_model2,6.194989332992292e-12
eakf_model3,0.999999999993805
