model_name,weigth
arima,5.890192625236356e-162
eakf_model1,0.999999999955185
eakf_model2,4.481496672996775e-11
eakf_model3,2.3809995483894048e-26
