model_name,weigth
arima,6.60352609459292e-22
eakf_model1,0.9999999999991369
eakf_model2,2.906578015270876e-15
eakf_model3,8.602521098149621e-13
