model_name,weigth
arima,6.94978640808166e-110
eakf_model1,2.840039583489811e-249
eakf_model2,2.1305424061791338e-45
eakf_model3,0.24179313405672276
sarima,0.7582068659432772
