model_name,weigth
arima,2.4784722874728223e-11
eakf_model1,1.485659163508192e-21
eakf_model2,3.9557886805188786e-14
eakf_model3,0.9999999999751757
