model_name,weigth
arima,2.4841367926423208e-51
eakf_model1,4.326390034778299e-17
eakf_model2,1.3449326478096143e-11
eakf_model3,0.9999999999865505
