model_name,weigth
arima,3.768207047667447e-12
eakf_model1,2.764451834890932e-25
eakf_model2,2.7694000111689574e-14
eakf_model3,0.9999999999962041
