model_name,weigth
arima,1.434554e-317
eakf_model1,0.9999999980637393
eakf_model2,3.234555321097007e-23
eakf_model3,1.9362606409596727e-09
sarima,0.0
