model_name,weigth
arima,2.458197585808281e-21
eakf_model1,2.381517635205222e-16
eakf_model2,2.9449241756025436e-12
eakf_model3,0.9999999999970548
sarima,6.905326895184659e-42
