model_name,weigth
arima,6.2136694295725706e-61
eakf_model1,1.3829038870433065e-36
eakf_model2,2.1995543745949286e-11
eakf_model3,0.9999999999780045
