model_name,weigth
arima,6.568593537324412e-111
eakf_model1,3.1253061022617655e-24
eakf_model2,1.477286179013555e-10
eakf_model3,0.9999999998522713
sarima,2.7449180087562556e-170
