model_name,weigth
arima,4.303793587122162e-37
eakf_model1,3.2155043798948205e-23
eakf_model2,5.377983508628885e-12
eakf_model3,0.999999999994622
