model_name,weigth
arima,2.5e-323
eakf_model1,8.378270237230907e-79
eakf_model2,0.466828987540671
eakf_model3,0.533171012459329
