model_name,weigth
arima,4e-323
eakf_model1,0.9999999815365959
eakf_model2,1.710800421543859e-14
eakf_model3,1.8463386996292053e-08
sarima,4e-323
