model_name,weigth
arima,1.9081823218305697e-107
eakf_model1,7.2280554825943e-11
eakf_model2,4.427790031721543e-28
eakf_model3,0.9999999999277194
