model_name,weigth
arima,5.999629009569428e-210
eakf_model1,4.8672336447601585e-115
eakf_model2,9.348171713154603e-10
eakf_model3,0.9999999990651829
sarima,1.5443650072211612e-220
