model_name,weigth
arima,6.989563738032987e-22
eakf_model1,2.570967623948054e-39
eakf_model2,2.9671461055123325e-11
eakf_model3,0.9999999999703285
sarima,2.7506378537069057e-43
