model_name,weigth
arima,1.9e-322
eakf_model1,7e-323
eakf_model2,0.9967655203584856
eakf_model3,0.0032344796415142447
sarima,5e-323
