model_name,weigth
arima,2.5e-323
eakf_model1,6.2897981199869755e-09
eakf_model2,6.2189239675472495e-25
eakf_model3,0.9999999937102018
sarima,5.0169483247654326e-188
