model_name,weigth
arima,9.467805157704093e-121
eakf_model1,0.9999999997428511
eakf_model2,2.571488374482099e-10
eakf_model3,5.970088458480883e-49
