model_name,weigth
arima,1.0568893653130211e-39
eakf_model1,1.1061906612141526e-11
eakf_model2,1.0354484158279844e-12
eakf_model3,0.9999999999879026
