model_name,weigth
arima,6.99518951043325e-177
eakf_model1,0.0843598141179721
eakf_model2,6.109760447038095e-09
eakf_model3,0.9156401797722675
sarima,4.0404667664626156e-136
