model_name,weigth
arima,1.2200332636774293e-96
eakf_model1,6.182825835055915e-10
eakf_model2,0.9999999993817175
eakf_model3,8.089907224766043e-42
