model_name,weigth
arima,1.766228895093515e-83
eakf_model1,1.292072733710523e-156
eakf_model2,0.9999999976509963
eakf_model3,2.3490036114490734e-09
