model_name,weigth
arima,0.9999999999982956
eakf_model1,1.4396776808954915e-38
eakf_model2,4.383553703143999e-13
eakf_model3,1.266029158567698e-12
