model_name,weigth
arima,4.503932804983312e-11
eakf_model1,2.0111204530322559e-22
eakf_model2,0.9999999999510762
eakf_model3,3.884327882559435e-12
sarima,4.722396087648022e-26
