model_name,weigth
arima,0.9999999999899625
eakf_model1,5.791277871088647e-35
eakf_model2,2.028308701234855e-20
eakf_model3,1.0037649077478179e-11
