model_name,weigth
arima,5.5415693876304266e-12
eakf_model1,1.969236041752601e-40
eakf_model2,2.246332035019897e-45
eakf_model3,1.5204648394593776e-29
sarima,0.9999999999944584
