model_name,weigth
arima,0.9979457434361725
eakf_model1,2.5e-323
eakf_model2,5.8e-322
eakf_model3,2.27e-322
sarima,0.0020542565638274083
