model_name,weigth
arima,1.0036513075596125e-14
eakf_model1,3.2600127330714913e-24
eakf_model2,9.571561308860916e-12
eakf_model3,0.9999999999904184
