model_name,weigth
arima,1.0037774889685753e-50
eakf_model1,6.197323712081425e-16
eakf_model2,6.06852905059686e-12
eakf_model3,0.9999999999939309
