model_name,weigth
arima,0.527785657165918
eakf_model1,2.5177680113946974e-36
eakf_model2,3.49293345535447e-23
eakf_model3,0.47221434283408215
