model_name,weigth
arima,3.285268802671657e-43
eakf_model1,4.323152008212604e-18
eakf_model2,3.5942937737984334e-11
eakf_model3,0.999999999964057
