model_name,weigth
arima,3.367226948917602e-37
eakf_model1,0.9999999999873318
eakf_model2,1.2668263913788357e-11
eakf_model3,2.7317226052143767e-40
