model_name,weigth
arima,4.032766837223481e-119
eakf_model1,0.24768892580080693
eakf_model2,0.7523110741991931
eakf_model3,1.22163945609437e-59
