model_name,weigth
arima,0.9999999999976397
eakf_model1,2.3585917103086272e-17
eakf_model2,5.624348774843518e-20
eakf_model3,2.3603878272228586e-12
