model_name,weigth
arima,1.9918133026156494e-11
eakf_model1,1.1520652164948371e-29
eakf_model2,5.489068202265552e-36
eakf_model3,0.9999999999800817
