model_name,weigth
arima,0.9999999996466974
eakf_model1,0.0
eakf_model2,2.0104273274137434e-79
eakf_model3,8.66318349316423e-136
sarima,3.533025654663844e-10
