model_name,weigth
arima,2.4626031019158273e-18
eakf_model1,7.098081257154284e-17
eakf_model2,0.9999999999912605
eakf_model3,8.73935926889099e-12
