model_name,weigth
arima,0.7648991018128004
eakf_model1,3.839944331679111e-27
eakf_model2,0.2351008981871993
eakf_model3,2.258644700056831e-16
