model_name,weigth
arima,6.0168143773903574e-24
eakf_model1,5.445136035827525e-58
eakf_model2,1.3767023742275687e-12
eakf_model3,0.9999999998911744
sarima,1.0744880648331928e-10
