model_name,weigth
arima,3.421717876930353e-119
eakf_model1,0.9999999998437017
eakf_model2,1.5629835373326552e-10
eakf_model3,1.8902947689399298e-23
sarima,2.643027314462e-103
