model_name,weigth
arima,0.999999999974857
eakf_model1,2.179935483581678e-23
eakf_model2,2.513820600357357e-11
eakf_model3,4.89677549861894e-15
sarima,5.8833116940616865e-25
