model_name,weigth
arima,1.3682585247669237e-23
eakf_model1,0.9999999999906095
eakf_model2,6.836611671241944e-12
eakf_model3,2.553881139016775e-12
