model_name,weigth
arima,6.959357061522715e-18
eakf_model1,0.9999999999891686
eakf_model2,1.0327297596294548e-11
eakf_model3,4.180451990939354e-18
sarima,5.041695738095223e-13
