model_name,weigth
arima,1.0674200925251407e-201
eakf_model1,0.9999999996285807
eakf_model2,3.71419392442881e-10
eakf_model3,6.595532449334321e-22
