model_name,weigth
arima,3.826901237253884e-44
eakf_model1,0.9999999999800097
eakf_model2,1.999034937756333e-11
eakf_model3,4.212100873164722e-29
