model_name,weigth
arima,7.605547688630306e-48
eakf_model1,7.54682485389871e-11
eakf_model2,0.999999999924433
eakf_model3,9.887353747779821e-14
