model_name,weigth
arima,9.394290916511779e-136
eakf_model1,0.9999999994245845
eakf_model2,5.754153963790787e-10
eakf_model3,5.637429035206517e-77
sarima,9.376967879524637e-115
