model_name,weigth
arima,7.479750393291515e-44
eakf_model1,0.999999999859962
eakf_model2,1.4003797414929348e-10
eakf_model3,2.8638409661092754e-95
