model_name,weigth
arima,0.25971130392568176
eakf_model1,6.6303631842583635e-80
eakf_model2,6.945199652318677e-10
eakf_model3,0.7402886953797982
sarima,1.1367631111620662e-40
