model_name,weigth
arima,1.875273486281617e-10
eakf_model1,2.7162337134105762e-27
eakf_model2,0.9999999998124727
eakf_model3,2.632169455974548e-27
