model_name,weigth
arima,7e-323
eakf_model1,0.06232080305586251
eakf_model2,0.9376791969441375
eakf_model3,1.4e-322
sarima,1.43e-322
