model_name,weigth
arima,8.099466658436417e-240
eakf_model1,7.950728900779264e-125
eakf_model2,2.966188669830588e-10
eakf_model3,0.999999999703381
