model_name,weigth
arima,1.3500405911500099e-89
eakf_model1,2.2177764140797143e-33
eakf_model2,2.7709273039659004e-11
eakf_model3,0.9999999999722907
