model_name,weigth
arima,4.8142400547355015e-20
eakf_model1,5.43353404264867e-12
eakf_model2,0.9999999999945665
eakf_model3,3.1758947571063127e-34
