model_name,weigth
arima,1.2258390769673733e-20
eakf_model1,3.703916172457124e-12
eakf_model2,0.999999999996296
eakf_model3,5.992551370504285e-20
