model_name,weigth
arima,2.1068616122609473e-151
eakf_model1,2.1904655525018448e-29
eakf_model2,6.529084819529101e-11
eakf_model3,0.9999999999347091
