model_name,weigth
arima,5.0964569092702005e-36
eakf_model1,5.093890781591289e-12
eakf_model2,0.999999999993755
eakf_model3,1.1510727140135283e-12
