model_name,weigth
arima,3.062297201923715e-241
eakf_model1,1.0295961356737962e-115
eakf_model2,0.9999999997468272
eakf_model3,2.5317285526259155e-10
