model_name,weigth
arima,2.3304294525806878e-278
eakf_model1,2.7157596984562943e-111
eakf_model2,8.225292634957158e-10
eakf_model3,0.9999999991774706
sarima,1.400869148889221e-302
