model_name,weigth
arima,1.0493435692894853e-251
eakf_model1,2.2942508201491918e-10
eakf_model2,7.078219292954021e-85
eakf_model3,0.999999999770575
