model_name,weigth
arima,1.2353829133444324e-241
eakf_model1,0.9999999997705431
eakf_model2,7.043601907132133e-64
eakf_model3,2.2945687311373793e-10
sarima,3.2737775669146713e-106
