model_name,weigth
arima,9.947e-320
eakf_model1,0.9999999996448514
eakf_model2,1.2799139299297238e-119
eakf_model3,3.5514870742032177e-10
sarima,3.752880511020127e-96
