model_name,weigth
arima,0.0
eakf_model1,0.99999999844912
eakf_model2,8.143230129724541e-286
eakf_model3,1.550880072056603e-09
