model_name,weigth
arima,2.953625661101197e-158
eakf_model1,0.9999999999265468
eakf_model2,3.2779733514244e-33
eakf_model3,7.345323607032701e-11
