model_name,weigth
arima,1.8336787657e-313
eakf_model1,0.9999999996776797
eakf_model2,9.908026946354183e-94
eakf_model3,3.2232022170774914e-10
sarima,3.6226837675971186e-69
