model_name,weigth
arima,9.516225811995779e-94
eakf_model1,0.999999999939619
eakf_model2,5.935785341393847e-115
eakf_model3,6.038108354362287e-11
