model_name,weigth
arima,1.000796428149893e-83
eakf_model1,0.9999999999707634
eakf_model2,3.926070211449371e-18
eakf_model3,2.923668686119443e-11
sarima,7.463554476863769e-72
