model_name,weigth
arima,4.383199954592723e-118
eakf_model1,0.9999999999437881
eakf_model2,9.377366865297811e-19
eakf_model3,5.621189771681011e-11
sarima,2.4235618640002347e-83
