model_name,weigth
arima,2.5218377917272735e-125
eakf_model1,0.9999999999457365
eakf_model2,9.827526895879803e-21
eakf_model3,5.4263540822051973e-11
