model_name,weigth
arima,1.3618540649392867e-263
eakf_model1,1.4992906134737997e-10
eakf_model2,4.999721442025783e-91
eakf_model3,0.9999999998500709
