model_name,weigth
arima,1.3531453845835768e-135
eakf_model1,7.833836548399033e-11
eakf_model2,1.9350317437904793e-44
eakf_model3,0.9999999999216619
