model_name,weigth
arima,3.1644338785516253e-84
eakf_model1,0.9999999999656146
eakf_model2,6.35194954284804e-13
eakf_model3,3.375020847823896e-11
sarima,3.3150683174382267e-56
