model_name,weigth
arima,1.3548394098393617e-144
eakf_model1,0.999999999962315
eakf_model2,6.132132130584585e-23
eakf_model3,3.768504198190005e-11
