model_name,weigth
arima,1.1929029914403568e-89
eakf_model1,0.9999999999490157
eakf_model2,1.0987197975021871e-14
eakf_model3,5.097344886539077e-11
sarima,2.1221861502021413e-56
