model_name,weigth
arima,2.0150942715877447e-125
eakf_model1,0.999999999956816
eakf_model2,7.102788126292941e-19
eakf_model3,4.31841747943707e-11
