model_name,weigth
arima,1.0261449819266212e-107
eakf_model1,0.9999999999498124
eakf_model2,1.4451835131623974e-16
eakf_model3,5.018771720635902e-11
