model_name,weigth
arima,1.0845592499700508e-92
eakf_model1,0.9999999999598863
eakf_model2,4.8600641866805015e-19
eakf_model3,4.011374820203755e-11
sarima,7.241507111663931e-75
