model_name,weigth
arima,7.225599607551245e-177
eakf_model1,0.9999999999583066
eakf_model2,3.02897924876361e-22
eakf_model3,4.169324854267029e-11
