model_name,weigth
arima,1.0779251257168e-154
eakf_model1,6.577038103312874e-11
eakf_model2,7.756079676362431e-54
eakf_model3,0.9999999999342298
