model_name,weigth
arima,6.889555097965046e-160
eakf_model1,0.9999999999618835
eakf_model2,5.82899066927893e-23
eakf_model3,3.8116492416725596e-11
