model_name,weigth
arima,3.650162296550199e-145
eakf_model1,0.9999999999577774
eakf_model2,5.683528776435786e-18
eakf_model3,4.222257261137434e-11
sarima,1.4071077451572496e-142
