model_name,weigth
arima,1.1066808995481061e-306
eakf_model1,0.9999999998898635
eakf_model2,2.537986514474743e-35
eakf_model3,1.1013626405038955e-10
