model_name,weigth
arima,2.1134716878185867e-200
eakf_model1,0.9999999999187539
eakf_model2,6.823287496838574e-25
eakf_model3,8.124613785677672e-11
sarima,1.8017175255994282e-216
