model_name,weigth
arima,1.2265159982998815e-182
eakf_model1,0.9999999999323178
eakf_model2,2.1565786175379817e-23
eakf_model3,6.76819267101676e-11
sarima,1.2441023396019744e-183
