model_name,weigth
arima,5.4641339920743295e-211
eakf_model1,0.9999999999086847
eakf_model2,6.314237202363748e-25
eakf_model3,9.131525902331797e-11
sarima,1.176752008671649e-222
