model_name,weigth
arima,8.605716337054517e-131
eakf_model1,0.9999999999668254
eakf_model2,1.5083856563394087e-14
eakf_model3,3.315984457488716e-11
sarima,3.5897069417615934e-116
