model_name,weigth
arima,0.0
eakf_model1,0.9999999998800115
eakf_model2,1.5021197034501258e-35
eakf_model3,1.1998867111728357e-10
