model_name,weigth
arima,1.2439541381523106e-305
eakf_model1,0.9999999998709871
eakf_model2,3.90863995472357e-55
eakf_model3,1.290129425173204e-10
