model_name,weigth
arima,4.366520020276075e-243
eakf_model1,0.999999999866071
eakf_model2,2.6126323021366605e-28
eakf_model3,1.3392907996026913e-10
sarima,2.6490711706753778e-256
