model_name,weigth
arima,2.305949501507979e-226
eakf_model1,0.9999999999346804
eakf_model2,8.920590387432043e-39
eakf_model3,6.531961291090134e-11
