model_name,weigth
arima,1.3026779848777378e-288
eakf_model1,0.999999999896438
eakf_model2,1.6146752550951944e-35
eakf_model3,1.0356224758509808e-10
