model_name,weigth
arima,0.0
eakf_model1,0.9999999998586048
eakf_model2,5.778363787046295e-36
eakf_model3,1.4139523821992504e-10
