model_name,weigth
arima,0.0
eakf_model1,0.9999999975052483
eakf_model2,7.806769983174153e-200
eakf_model3,2.494751615219886e-09
