model_name,weigth
arima,0.0
eakf_model1,0.9999999998166867
eakf_model2,1.7596838766707344e-64
eakf_model3,1.833135772889e-10
