model_name,weigth
arima,3.177004264200853e-269
eakf_model1,0.9999999999107775
eakf_model2,6.048768648676677e-34
eakf_model3,8.922254319429674e-11
