model_name,weigth
arima,1.09384979e-315
eakf_model1,0.9999999998883471
eakf_model2,1.3522258540581317e-34
eakf_model3,1.1165312139689807e-10
