model_name,weigth
arima,1.042279152181334e-231
eakf_model1,0.9999999999437875
eakf_model2,2.668936994324094e-23
eakf_model3,5.621238382666709e-11
