model_name,weigth
arima,5.080644863579281e-237
eakf_model1,0.9999999999311981
eakf_model2,3.0408512557081574e-40
eakf_model3,6.880179715543129e-11
