model_name,weigth
arima,0.0
eakf_model1,0.9999999997773491
eakf_model2,2.2976351592694935e-42
eakf_model3,2.2265100693725866e-10
