model_name,weigth
arima,4.276979625062839e-167
eakf_model1,0.9999999999609873
eakf_model2,4.677199160711495e-33
eakf_model3,3.901286126998602e-11
