model_name,weigth
arima,2.3257717361377823e-262
eakf_model1,0.9999999998344725
eakf_model2,2.998690369845815e-32
eakf_model3,1.6552747099948812e-10
sarima,5.7973523394542464e-276
