model_name,weigth
arima,0.0
eakf_model1,0.9999999997706059
eakf_model2,1.689652074625974e-37
eakf_model3,2.2939404738670943e-10
sarima,0.0
