model_name,weigth
arima,4.946977629646872e-181
eakf_model1,0.999999999954795
eakf_model2,9.051557982210793e-35
eakf_model3,4.520532222270044e-11
