model_name,weigth
arima,1.594588653077319e-294
eakf_model1,0.9999999997897773
eakf_model2,2.3011603400449477e-37
eakf_model3,2.1022297326638057e-10
sarima,2.523690129749417e-309
