model_name,weigth
arima,4.998428408353219e-162
eakf_model1,0.9999999999627718
eakf_model2,1.073846131973562e-32
eakf_model3,3.722808594023468e-11
