model_name,weigth
arima,0.0
eakf_model1,0.9999999996618412
eakf_model2,1.4534956238407367e-50
eakf_model3,3.381584228824746e-10
