model_name,weigth
arima,1.3678060911699163e-151
eakf_model1,0.9999999999653764
eakf_model2,2.711344269370589e-32
eakf_model3,3.462337837035489e-11
