model_name,weigth
arima,0.0
eakf_model1,0.9999999996784484
eakf_model2,8.970812084260219e-51
eakf_model3,3.2155180914822176e-10
