model_name,weigth
arima,0.0
eakf_model1,0.9999999997384433
eakf_model2,1.844697984712844e-38
eakf_model3,2.6155643626989493e-10
sarima,0.0
