model_name,weigth
arima,6.498234621918089e-186
eakf_model1,0.9999999999508998
eakf_model2,1.9429773493837228e-35
eakf_model3,4.910007128083987e-11
