model_name,weigth
arima,0.0
eakf_model1,0.9999999995635318
eakf_model2,8.448870341195271e-62
eakf_model3,4.364685393934831e-10
