model_name,weigth
arima,0.0
eakf_model1,0.9999999995780117
eakf_model2,8.87570022168583e-60
eakf_model3,4.219884214709269e-10
