model_name,weigth
arima,1.6603237137122206e-260
eakf_model1,0.9999999998338004
eakf_model2,1.2716868333972432e-31
eakf_model3,1.6619959777891134e-10
sarima,1.8168424710692324e-274
