model_name,weigth
arima,0.0
eakf_model1,0.9999999995091724
eakf_model2,1.5142005898460718e-66
eakf_model3,4.908276162443098e-10
