model_name,weigth
arima,9.1891274287e-314
eakf_model1,0.9999999997601152
eakf_model2,3.952423047336521e-40
eakf_model3,2.398848964969377e-10
sarima,0.0
