model_name,weigth
arima,1.3161864e-317
eakf_model1,0.9999999997479311
eakf_model2,2.9409259504542837e-43
eakf_model3,2.520688321979704e-10
sarima,0.0
