model_name,weigth
arima,1.154931241100114e-165
eakf_model1,0.9999999999625994
eakf_model2,1.8383396752177388e-32
eakf_model3,3.740060174568072e-11
