model_name,weigth
arima,0.0
eakf_model1,0.9999999996729034
eakf_model2,5.5590092716787106e-52
eakf_model3,3.2709643298229114e-10
