model_name,weigth
arima,5.245372616561497e-194
eakf_model1,0.9999999999536157
eakf_model2,1.2084679373734268e-36
eakf_model3,4.638472015310755e-11
