model_name,weigth
arima,0.0
eakf_model1,0.9999999996902079
eakf_model2,1.924325929022874e-50
eakf_model3,3.0979184581249337e-10
