model_name,weigth
arima,3.674246102024048e-159
eakf_model1,0.9999999999636666
eakf_model2,1.588059290465266e-32
eakf_model3,3.633353469350771e-11
