model_name,weigth
arima,0.0
eakf_model1,0.9999999995858542
eakf_model2,2.9387115196372688e-58
eakf_model3,4.141460502740734e-10
