model_name,weigth
arima,0.0
eakf_model1,0.9999999994932622
eakf_model2,3.447094581873705e-64
eakf_model3,5.067379498514153e-10
