model_name,weigth
arima,0.0
eakf_model1,0.9999999995992207
eakf_model2,1.1641035730924534e-55
eakf_model3,4.0077933268122644e-10
