model_name,weigth
arima,7.307557263288533e-222
eakf_model1,0.9999999999424652
eakf_model2,3.6766322012008125e-42
eakf_model3,5.7534601260440524e-11
