model_name,weigth
arima,1.206499326392514e-260
eakf_model1,0.9999999999253734
eakf_model2,9.022612307709992e-49
eakf_model3,7.462648371373014e-11
