model_name,weigth
arima,0.0
eakf_model1,0.9999999993360943
eakf_model2,1.8816209670221673e-70
eakf_model3,6.639055232019721e-10
