model_name,weigth
arima,0.0
eakf_model1,0.9999999996599017
eakf_model2,9.086140087993773e-42
eakf_model3,3.400984078983205e-10
sarima,0.0
