model_name,weigth
arima,0.0
eakf_model1,0.9999999996224418
eakf_model2,9.43976610202504e-47
eakf_model3,3.7755817932506166e-10
sarima,0.0
