model_name,weigth
arima,0.0
eakf_model1,0.9999999995973452
eakf_model2,9.965360618149774e-57
eakf_model3,4.02654636488963e-10
