model_name,weigth
arima,0.0
eakf_model1,0.9999999995807045
eakf_model2,5.4348472354972465e-48
eakf_model3,4.1929560766436825e-10
sarima,0.0
