model_name,weigth
arima,5.7312364949990155e-230
eakf_model1,0.9999999999398969
eakf_model2,8.944407559957169e-44
eakf_model3,6.010335772262287e-11
