model_name,weigth
arima,0.0
eakf_model1,0.9999999995075997
eakf_model2,3.128689505618999e-51
eakf_model3,4.924001559012854e-10
sarima,0.0
