model_name,weigth
arima,0.0
eakf_model1,0.999999999606649
eakf_model2,3.471239844521958e-53
eakf_model3,3.933509924183807e-10
