model_name,weigth
arima,0.0
eakf_model1,0.9999999996751333
eakf_model2,3.714616799598319e-42
eakf_model3,3.2486675456506374e-10
sarima,0.0
