model_name,weigth
arima,4.433074806436202e-301
eakf_model1,0.9999999999069997
eakf_model2,5.010388554429334e-55
eakf_model3,9.30006960437951e-11
