model_name,weigth
arima,0.0
eakf_model1,0.9999999995461307
eakf_model2,8.317800111273346e-63
eakf_model3,4.5386969406251867e-10
