model_name,weigth
arima,0.0
eakf_model1,0.9999999996248505
eakf_model2,3.1813246287872104e-47
eakf_model3,3.751494306713475e-10
sarima,0.0
