model_name,weigth
arima,0.0
eakf_model1,0.9999999996338648
eakf_model2,1.401116168814644e-47
eakf_model3,3.6613496968325374e-10
sarima,0.0
