model_name,weigth
arima,0.0
eakf_model1,0.9999999992748205
eakf_model2,4.297864142643904e-74
eakf_model3,7.251793112205275e-10
