model_name,weigth
arima,0.0
eakf_model1,0.9999999996049042
eakf_model2,1.1957106535558684e-48
eakf_model3,3.9509574867534604e-10
sarima,0.0
