model_name,weigth
arima,0.0
eakf_model1,0.9999999995006423
eakf_model2,5.841924955242035e-65
eakf_model3,4.993575425281321e-10
