model_name,weigth
arima,0.0
eakf_model1,0.9999999998358479
eakf_model2,6.162323091797641e-29
eakf_model3,1.641521187466369e-10
sarima,0.0
