model_name,weigth
arima,0.0
eakf_model1,0.9999999997031599
eakf_model2,1.215480611611553e-38
eakf_model3,2.9683978694434594e-10
sarima,0.0
