model_name,weigth
arima,1.5138735576848408e-287
eakf_model1,0.9999999998644296
eakf_model2,5.190582409247557e-29
eakf_model3,1.3557063655035706e-10
sarima,5.695003441424313e-288
