model_name,weigth
arima,0.0
eakf_model1,0.9999999994703261
eakf_model2,5.5237768107225555e-62
eakf_model3,5.296738421941062e-10
