model_name,weigth
arima,3.133654172524796e-270
eakf_model1,0.9999999998843381
eakf_model2,6.942838047640086e-27
eakf_model3,1.1566202581721e-10
sarima,1.4783715727574025e-273
