model_name,weigth
arima,0.0
eakf_model1,0.9999999994290037
eakf_model2,7.316854932029599e-64
eakf_model3,5.709959518624635e-10
