model_name,weigth
arima,8.335469048923843e-308
eakf_model1,0.9999999999234898
eakf_model2,7.169271102380401e-42
eakf_model3,7.651018930669294e-11
