model_name,weigth
arima,0.0
eakf_model1,0.999999999801819
eakf_model2,5.887806360363511e-43
eakf_model3,1.981808324731046e-10
