model_name,weigth
arima,0.0
eakf_model1,0.9999999997263098
eakf_model2,8.095575483000117e-37
eakf_model3,2.7369050554883174e-10
sarima,0.0
