model_name,weigth
arima,0.0
eakf_model1,0.9999999998955047
eakf_model2,1.990801630715521e-49
eakf_model3,1.0449559763699818e-10
