model_name,weigth
arima,0.0
eakf_model1,0.9999999995086135
eakf_model2,3.478021367927585e-60
eakf_model3,4.913864494023664e-10
