model_name,weigth
arima,0.0
eakf_model1,0.9999999993192011
eakf_model2,4.682117635999261e-92
eakf_model3,6.807987955957308e-10
