model_name,weigth
arima,0.0
eakf_model1,0.9999999998326786
eakf_model2,1.5058977326488498e-38
eakf_model3,1.673212669232955e-10
