model_name,weigth
arima,0.0
eakf_model1,0.9999999997923055
eakf_model2,2.516590256857017e-32
eakf_model3,2.076945559861755e-10
sarima,0.0
