model_name,weigth
arima,7.52751797453981e-299
eakf_model1,0.9999999999318585
eakf_model2,1.6706312475330235e-39
eakf_model3,6.814139207503809e-11
