model_name,weigth
arima,0.0
eakf_model1,0.9999999982144149
eakf_model2,5.2248833044099173e-132
eakf_model3,1.7855853786789238e-09
