model_name,weigth
arima,1.9270973192004262e-286
eakf_model1,0.9999999998745344
eakf_model2,5.338877452780507e-26
eakf_model3,1.2546561055840316e-10
sarima,1.3560315813034754e-296
