model_name,weigth
arima,0.0
eakf_model1,0.999999999819247
eakf_model2,5.129874026623181e-41
eakf_model3,1.807531781854787e-10
