model_name,weigth
arima,0.0
eakf_model1,0.9999999997983887
eakf_model2,5.0354679902102395e-42
eakf_model3,2.0161141546336242e-10
