model_name,weigth
arima,4.192433797616828e-226
eakf_model1,0.9999999999518399
eakf_model2,8.48574141720812e-40
eakf_model3,4.816017194954672e-11
