model_name,weigth
arima,1.1210479282345583e-283
eakf_model1,0.9999999998492579
eakf_model2,3.166617552718621e-30
eakf_model3,1.5074241295447671e-10
sarima,2.1735576053337476e-278
