model_name,weigth
arima,1.8681720034484078e-305
eakf_model1,0.9999999998225602
eakf_model2,1.61856845535429e-33
eakf_model3,1.774398031299618e-10
sarima,1.6984597061657328e-303
