model_name,weigth
arima,1.869680811470341e-285
eakf_model1,0.9999999998493481
eakf_model2,6.202108318725204e-31
eakf_model3,1.506521819095787e-10
sarima,1.1377322108998298e-278
