model_name,weigth
arima,0.0
eakf_model1,0.9999999997934796
eakf_model2,1.635746223364841e-41
eakf_model3,2.065202887732405e-10
