model_name,weigth
arima,4.366120181527443e-304
eakf_model1,0.9999999998323659
eakf_model2,1.0342958193121452e-32
eakf_model3,1.67634274611288e-10
sarima,1.7998736916309542e-302
