model_name,weigth
arima,1.63436007722014e-213
eakf_model1,0.9999999999582504
eakf_model2,6.96591900017402e-39
eakf_model3,4.174952238896984e-11
