model_name,weigth
arima,0.0
eakf_model1,0.9999999990368602
eakf_model2,1.6691160400983014e-102
eakf_model3,9.631399777810909e-10
