model_name,weigth
arima,6.4292691458029545e-285
eakf_model1,0.9999999998595136
eakf_model2,6.120775381688002e-30
eakf_model3,1.4048630410853055e-10
sarima,8.647918791099372e-284
