model_name,weigth
arima,1.0770829960123634e-279
eakf_model1,0.9999999998561274
eakf_model2,1.4677247532032019e-30
eakf_model3,1.4387275905500822e-10
sarima,1.7895732675391064e-270
