model_name,weigth
arima,0.0
eakf_model1,0.9999999998208573
eakf_model2,3.853500749822976e-38
eakf_model3,1.791431060437686e-10
