model_name,weigth
arima,6.300339574876412e-280
eakf_model1,0.9999999998527892
eakf_model2,4.386406233301233e-30
eakf_model3,1.4721057459017102e-10
sarima,2.5429675578993995e-276
