model_name,weigth
arima,8.622823775140797e-291
eakf_model1,0.9999999998412605
eakf_model2,8.987735085545687e-32
eakf_model3,1.5873943849015785e-10
sarima,2.241406695551821e-288
