model_name,weigth
arima,0.0
eakf_model1,0.999999999810642
eakf_model2,3.241707655173163e-41
eakf_model3,1.893582342689608e-10
