model_name,weigth
arima,5.456222101012284e-223
eakf_model1,0.999999999950359
eakf_model2,1.577773911758858e-42
eakf_model3,4.964093279098371e-11
