model_name,weigth
arima,0.0
eakf_model1,0.9999999996512452
eakf_model2,1.617472472635246e-45
eakf_model3,3.4875466952220045e-10
