model_name,weigth
arima,1.7547768142595554e-291
eakf_model1,0.9999999998449052
eakf_model2,1.6111826652487098e-29
eakf_model3,1.5509466042079374e-10
sarima,6.197720655892694e-279
