model_name,weigth
arima,1.6410631622857998e-181
eakf_model1,0.9999999999682322
eakf_model2,7.437112076312929e-38
eakf_model3,3.1768144556059506e-11
