model_name,weigth
arima,0.0
eakf_model1,0.9999999996740235
eakf_model2,5.362594151759828e-38
eakf_model3,3.25976733981477e-10
sarima,0.0
