model_name,weigth
arima,0.0
eakf_model1,0.9999999998086119
eakf_model2,8.244628942389456e-39
eakf_model3,1.913881742304229e-10
