model_name,weigth
arima,2.0553451330556684e-271
eakf_model1,0.999999999865882
eakf_model2,1.462955158688872e-28
eakf_model3,1.3411809375962364e-10
sarima,1.826090854310833e-260
