model_name,weigth
arima,0.0
eakf_model1,0.999999999738462
eakf_model2,5.835953959560546e-35
eakf_model3,2.615377777978421e-10
sarima,0.0
