model_name,weigth
arima,2.9093807062737878e-269
eakf_model1,0.9999999998664146
eakf_model2,5.579833263482441e-28
eakf_model3,1.3358555586864568e-10
sarima,6.505069703968839e-258
