model_name,weigth
arima,0.0
eakf_model1,0.9999999995739848
eakf_model2,9.5930855215602e-52
eakf_model3,4.2601507968738073e-10
