model_name,weigth
arima,2.5520793862122577e-168
eakf_model1,0.9999999999728513
eakf_model2,1.881560807354532e-36
eakf_model3,2.7148785623972038e-11
