model_name,weigth
arima,0.0
eakf_model1,0.9999999996405106
eakf_model2,4.2275824347079247e-48
eakf_model3,3.594896034056836e-10
