model_name,weigth
arima,1.2769580015334582e-268
eakf_model1,0.9999999998655016
eakf_model2,2.7639109847309245e-28
eakf_model3,1.3449853695179791e-10
sarima,1.972760260536008e-257
