model_name,weigth
arima,1.0433470429596826e-303
eakf_model1,0.9999999998297167
eakf_model2,1.204292998970339e-29
eakf_model3,1.7028327624862757e-10
sarima,4.026549997344857e-289
