model_name,weigth
arima,2.6129393530012937e-273
eakf_model1,0.999999999860562
eakf_model2,5.471641134189028e-29
eakf_model3,1.3943805768338896e-10
sarima,5.928004005530015e-262
