model_name,weigth
arima,0.0
eakf_model1,0.9999999997996236
eakf_model2,1.3681487086152088e-39
eakf_model3,2.003763252317354e-10
