model_name,weigth
arima,0.0
eakf_model1,0.9999999997888777
eakf_model2,1.0054670989616329e-40
eakf_model3,2.111224745013493e-10
