model_name,weigth
arima,1.1510144171595821e-178
eakf_model1,0.9999999999702187
eakf_model2,2.416027862897826e-37
eakf_model3,2.9781356405072324e-11
