model_name,weigth
arima,3.294890118287535e-268
eakf_model1,0.9999999998688095
eakf_model2,1.7850975760261884e-28
eakf_model3,1.3119036347960823e-10
sarima,2.2379331625710147e-257
