model_name,weigth
arima,0.0
eakf_model1,0.9999999997945876
eakf_model2,1.026191527312077e-39
eakf_model3,2.0541233961807406e-10
