model_name,weigth
arima,2.2055271169912582e-202
eakf_model1,0.9999999999615214
eakf_model2,1.3115265331860206e-38
eakf_model3,3.8478338952526744e-11
