model_name,weigth
arima,0.0
eakf_model1,0.9999999987471975
eakf_model2,9.098431193557817e-56
eakf_model3,1.2528027529160467e-09
sarima,0.0
