model_name,weigth
arima,0.0
eakf_model1,0.9999999991525332
eakf_model2,2.5546879031934654e-68
eakf_model3,8.474667268049988e-10
