model_name,weigth
arima,0.0
eakf_model1,0.9999999991613963
eakf_model2,9.89723761710008e-48
eakf_model3,8.386039904907608e-10
sarima,0.0
