model_name,weigth
arima,0.0
eakf_model1,0.9999999997877769
eakf_model2,7.257413071669225e-64
eakf_model3,2.1222346824388322e-10
