model_name,weigth
arima,0.0
eakf_model1,0.9999999996146812
eakf_model2,1.849450003432876e-40
eakf_model3,3.8531879564845095e-10
sarima,0.0
