model_name,weigth
arima,0.0
eakf_model1,0.9999999992488923
eakf_model2,1.0970234904398655e-65
eakf_model3,7.511072927303066e-10
