model_name,weigth
arima,0.0
eakf_model1,0.9999999994846626
eakf_model2,7.450023391686744e-41
eakf_model3,5.153376332229318e-10
sarima,0.0
