model_name,weigth
arima,0.0
eakf_model1,0.9999999982485245
eakf_model2,8.65287278758454e-80
eakf_model3,1.75147578973931e-09
