model_name,weigth
arima,0.0
eakf_model1,0.9999999996541085
eakf_model2,2.6794483786310807e-39
eakf_model3,3.458913479299634e-10
sarima,0.0
