model_name,weigth
arima,0.0
eakf_model1,0.9999999995376747
eakf_model2,2.678728142598943e-42
eakf_model3,4.6232537688255944e-10
sarima,0.0
