model_name,weigth
arima,7.432826657023894e-250
eakf_model1,0.9999999999356634
eakf_model2,9.752797207870633e-45
eakf_model3,6.4336204454169e-11
