model_name,weigth
arima,0.0
eakf_model1,0.9999825678185107
eakf_model2,1.02e-321
eakf_model3,1.7432181489238238e-05
