model_name,weigth
arima,0.0
eakf_model1,0.9999999996753863
eakf_model2,1.3927866824995058e-38
eakf_model3,3.246130130060608e-10
sarima,0.0
