model_name,weigth
arima,0.0
eakf_model1,0.9999999996910254
eakf_model2,2.1442695631825165e-71
eakf_model3,3.0897443529616083e-10
