model_name,weigth
arima,0.0
eakf_model1,0.9999999996364629
eakf_model2,7.72258901741274e-40
eakf_model3,3.635368941132283e-10
sarima,0.0
