model_name,weigth
arima,0.0
eakf_model1,0.7704368715194969
eakf_model2,3.554621822750212e-63
eakf_model3,0.22956312848050267
