model_name,weigth
arima,0.0
eakf_model1,0.7366194452631084
eakf_model2,1.532206549587489e-135
eakf_model3,0.2633805547368913
