model_name,weigth
arima,0.0
eakf_model1,0.9999999960816491
eakf_model2,1.2900284569614253e-88
eakf_model3,3.918350607385873e-09
sarima,0.0
