model_name,weigth
arima,0.0
eakf_model1,0.8781055643441162
eakf_model2,5.821131839346462e-232
eakf_model3,0.12189443565588313
