model_name,weigth
arima,0.0
eakf_model1,0.9855526495823179
eakf_model2,5.3e-322
eakf_model3,0.014447350417681772
