model_name,weigth
arima,0.0
eakf_model1,0.8936441346346261
eakf_model2,1.4520330346399569e-245
eakf_model3,0.10635586536537377
