model_name,weigth
arima,0.0
eakf_model1,0.7697069427878386
eakf_model2,2.780613363291311e-143
eakf_model3,0.23029305721216164
