model_name,weigth
arima,0.0
eakf_model1,0.746304935520597
eakf_model2,6.373145602120671e-59
eakf_model3,0.253695064479403
