model_name,weigth
arima,0.0
eakf_model1,0.6909106033977956
eakf_model2,2.9877253012079915e-51
eakf_model3,0.30908939660220386
