model_name,weigth
arima,0.0
eakf_model1,0.9999999972874313
eakf_model2,7.172307763683209e-76
eakf_model3,2.712568760268382e-09
sarima,0.0
