model_name,weigth
arima,0.0
eakf_model1,7.890093798566754e-07
eakf_model2,1.15e-321
eakf_model3,0.9999992109906203
