model_name,weigth
arima,0.0
eakf_model1,0.6883623307203361
eakf_model2,2.523008205193513e-121
eakf_model3,0.31163766927966363
