model_name,weigth
arima,0.0
eakf_model1,0.9999999981499674
eakf_model2,1.3479327586786296e-64
eakf_model3,1.8500324675409402e-09
sarima,0.0
