model_name,weigth
arima,0.0
eakf_model1,0.7780313710955018
eakf_model2,1.559806937169513e-154
eakf_model3,0.22196862890449784
