model_name,weigth
arima,0.0
eakf_model1,0.9999999972257361
eakf_model2,1.7965078742725328e-75
eakf_model3,2.7742640268117298e-09
sarima,0.0
