model_name,weigth
arima,0.0
eakf_model1,0.9999999976952729
eakf_model2,3.874184113304134e-74
eakf_model3,2.304727049920669e-09
sarima,0.0
