model_name,weigth
arima,0.0
eakf_model1,0.86606155400693
eakf_model2,4.891644689381352e-96
eakf_model3,0.13393844599306967
