model_name,weigth
arima,0.0
eakf_model1,0.7530202570908476
eakf_model2,2.6307069174474967e-144
eakf_model3,0.24697974290915278
