model_name,weigth
arima,0.0
eakf_model1,0.9085115859359536
eakf_model2,6.486641313096746e-128
eakf_model3,0.0914884140640465
