model_name,weigth
arima,0.0
eakf_model1,1.6596283123493333e-08
eakf_model2,5.17288393074237e-178
eakf_model3,0.9999999834037167
