model_name,weigth
arima,0.0
eakf_model1,0.26976945988612433
eakf_model2,8.8093404249156e-125
eakf_model3,0.7302305401138757
