model_name,weigth
arima,0.0
eakf_model1,0.4729597178005753
eakf_model2,1.0680447954304187e-54
eakf_model3,0.5270402821994249
sarima,0.0
