model_name,weigth
arima,0.0
eakf_model1,0.6165149237315135
eakf_model2,5.024231957673703e-98
eakf_model3,0.3834850762684867
sarima,0.0
