model_name,weigth
arima,0.0
eakf_model1,2.41573552055927e-08
eakf_model2,6.831101893360567e-204
eakf_model3,0.9999999758426448
