model_name,weigth
arima,0.0
eakf_model1,0.4337684810637275
eakf_model2,7.61047792909525e-42
eakf_model3,0.5662315189362728
