model_name,weigth
arima,0.0
eakf_model1,0.3505007643385246
eakf_model2,6.125965230806659e-92
eakf_model3,0.6494992356614749
