model_name,weigth
arima,0.0
eakf_model1,2.620030937595995e-09
eakf_model2,3.656673479507106e-74
eakf_model3,0.9999999973799689
