model_name,weigth
arima,0.0
eakf_model1,1.8567661516185753e-09
eakf_model2,4.811125738955733e-64
eakf_model3,0.9999999981432339
