model_name,weigth
arima,0.0
eakf_model1,0.17220087301573744
eakf_model2,4.795076673900028e-69
eakf_model3,0.8277991269842627
