model_name,weigth
arima,0.0
eakf_model1,0.5919101924409989
eakf_model2,2.1836151481104022e-41
eakf_model3,0.40808980755900137
