model_name,weigth
arima,0.0
eakf_model1,0.17586419495096556
eakf_model2,3.4457167687579803e-106
eakf_model3,0.8241358050490344
sarima,0.0
