model_name,weigth
arima,0.0
eakf_model1,0.9999999533819672
eakf_model2,6.816783418708684e-215
eakf_model3,4.661803293205354e-08
sarima,0.0
