model_name,weigth
arima,1.3404202804267323e-270
eakf_model1,0.5266087667154254
eakf_model2,8.651208891915338e-28
eakf_model3,0.4733912332845748
