model_name,weigth
arima,0.0
eakf_model1,0.9999999892462308
eakf_model2,2.62266056093582e-121
eakf_model3,1.0753769037219654e-08
sarima,0.0
