model_name,weigth
arima,0.0
eakf_model1,0.2587136917392071
eakf_model2,2.3737145619940657e-108
eakf_model3,0.7412863082607924
