model_name,weigth
arima,0.0
eakf_model1,3.5855793925888945e-09
eakf_model2,1.9581071839412643e-79
eakf_model3,0.9999999964144202
