model_name,weigth
arima,0.0
eakf_model1,0.30995596022746025
eakf_model2,9.578517447964619e-51
eakf_model3,0.6900440397725394
