model_name,weigth
arima,0.0
eakf_model1,4.511260402441635e-08
eakf_model2,7.762676493843043e-257
eakf_model3,0.9999999548873959
