model_name,weigth
arima,0.0
eakf_model1,4.051933682811882e-09
eakf_model2,1.8336652064626238e-51
eakf_model3,0.9999999959480664
sarima,0.0
