model_name,weigth
arima,0.0
eakf_model1,7.296341950879925e-10
eakf_model2,1.9553643089154304e-64
eakf_model3,0.9999999992703658
