model_name,weigth
arima,0.0
eakf_model1,0.051374135205795854
eakf_model2,3.15104660280458e-164
eakf_model3,0.948625864794204
