model_name,weigth
arima,0.0
eakf_model1,1.2998316049982427e-07
eakf_model2,1.215e-321
eakf_model3,0.9999998700168391
