model_name,weigth
arima,0.0
eakf_model1,0.5558769811952377
eakf_model2,1.4007765948819815e-44
eakf_model3,0.44412301880476207
