model_name,weigth
arima,0.0
eakf_model1,8.740448438109816e-08
eakf_model2,9.45220214566809e-249
eakf_model3,0.9999999125955159
