model_name,weigth
arima,0.0
eakf_model1,8.241506369535623e-10
eakf_model2,4.823520463393571e-68
eakf_model3,0.9999999991758499
