model_name,weigth
arima,0.0
eakf_model1,0.9999995985907779
eakf_model2,1.976e-321
eakf_model3,4.014092221454427e-07
sarima,0.0
