model_name,weigth
arima,0.0
eakf_model1,3.394675525815321e-08
eakf_model2,1.2175106799650506e-184
eakf_model3,0.9999999660532445
