model_name,weigth
arima,0.0
eakf_model1,0.4071076633476921
eakf_model2,1.9250782273772674e-56
eakf_model3,0.5928923366523078
sarima,0.0
