model_name,weigth
arima,0.0
eakf_model1,4.61766231306959e-10
eakf_model2,6.023198757702309e-54
eakf_model3,0.9999999995382338
