model_name,weigth
arima,0.0
eakf_model1,2.747788441657369e-06
eakf_model2,1.23e-321
eakf_model3,0.999997252211558
