model_name,weigth
arima,0.0
eakf_model1,0.09210046672915767
eakf_model2,1.2585267014696384e-139
eakf_model3,0.9078995332708422
