model_name,weigth
arima,0.0
eakf_model1,1.390224000265205e-09
eakf_model2,4.916964539213135e-47
eakf_model3,0.9999999986097757
