model_name,weigth
arima,0.0
eakf_model1,0.02245396303503297
eakf_model2,1.31e-321
eakf_model3,0.9775460369649663
