model_name,weigth
arima,0.0
eakf_model1,3.78625750666195e-10
eakf_model2,7.245306938552203e-50
eakf_model3,0.9999999996213744
