model_name,weigth
arima,0.0
eakf_model1,4.795099309459753e-09
eakf_model2,1.3172393694292567e-87
eakf_model3,0.9999999952049002
