model_name,weigth
arima,0.0
eakf_model1,3.4449003815263807e-09
eakf_model2,2.7095927387098988e-121
eakf_model3,0.9999999965550996
