model_name,weigth
arima,0.0
eakf_model1,0.3451301798808711
eakf_model2,1.329915280466122e-56
eakf_model3,0.6548698201191288
