model_name,weigth
arima,0.0
eakf_model1,2.4842312547552113e-10
eakf_model2,1.3656858122732004e-42
eakf_model3,0.9999999997515768
