model_name,weigth
arima,0.0
eakf_model1,3.4814255983930874e-09
eakf_model2,5.412612527433876e-48
eakf_model3,0.9999999965185744
sarima,0.0
