model_name,weigth
arima,0.0
eakf_model1,5.344095391395613e-10
eakf_model2,1.1187930078640816e-33
eakf_model3,0.9999999994655905
