model_name,weigth
arima,0.0
eakf_model1,2.908318061582153e-10
eakf_model2,2.888891620012351e-45
eakf_model3,0.9999999997091684
