model_name,weigth
arima,0.0
eakf_model1,7.255508722272218e-10
eakf_model2,2.9094131629116177e-38
eakf_model3,0.9999999992744487
