model_name,weigth
arima,0.0
eakf_model1,1.3416458733593577e-09
eakf_model2,2.5595658135513285e-34
eakf_model3,0.9999999986583542
sarima,0.0
