model_name,weigth
arima,0.0
eakf_model1,7.809695292502176e-10
eakf_model2,2.1104250421885867e-39
eakf_model3,0.9999999992190303
