model_name,weigth
arima,0.0
eakf_model1,4.332855971280997e-10
eakf_model2,7.585624098085659e-31
eakf_model3,0.9999999995667143
