model_name,weigth
arima,0.0
eakf_model1,1.8136567875655654e-09
eakf_model2,1.455080025568194e-37
eakf_model3,0.9999999981863432
sarima,0.0
