model_name,weigth
arima,0.0
eakf_model1,5.743754851104534e-10
eakf_model2,3.115200635581086e-34
eakf_model3,0.9999999994256241
