model_name,weigth
arima,0.0
eakf_model1,3.1507163285068897e-10
eakf_model2,1.3280972506229615e-46
eakf_model3,0.9999999996849284
