model_name,weigth
arima,0.0
eakf_model1,2.2163599106914885e-10
eakf_model2,2.654981696148724e-40
eakf_model3,0.9999999997783641
