model_name,weigth
arima,0.0
eakf_model1,2.559693856363308e-09
eakf_model2,1.1013979525967454e-41
eakf_model3,0.999999997440306
sarima,0.0
