model_name,weigth
arima,0.0
eakf_model1,6.289488288702946e-10
eakf_model2,1.1819437869078093e-35
eakf_model3,0.9999999993710508
