model_name,weigth
arima,0.0
eakf_model1,7.815695339149968e-10
eakf_model2,6.084339665342233e-39
eakf_model3,0.9999999992184303
