model_name,weigth
arima,0.0
eakf_model1,6.805229642465034e-10
eakf_model2,4.7764273867883645e-37
eakf_model3,0.9999999993194771
