model_name,weigth
arima,4.921211587310127e-288
eakf_model1,1.964676122723035e-10
eakf_model2,7.122246699543235e-19
eakf_model3,0.9999999998035326
