model_name,weigth
arima,0.0
eakf_model1,1.9073157388137213e-09
eakf_model2,1.5066427845276666e-29
eakf_model3,0.9999999980926844
sarima,0.0
