model_name,weigth
arima,0.0
eakf_model1,8.350892620577061e-10
eakf_model2,1.2394673488117619e-19
eakf_model3,0.9999999991649108
sarima,0.0
