model_name,weigth
arima,0.0
eakf_model1,5.168301465010982e-10
eakf_model2,2.0746813265256386e-15
eakf_model3,0.9999999994831679
sarima,2.5517764250777523e-264
