model_name,weigth
arima,0.0
eakf_model1,7.62860951353152e-10
eakf_model2,2.054373723891214e-34
eakf_model3,0.999999999237139
