model_name,weigth
arima,1.3483037168976996e-229
eakf_model1,1.0303230166355932e-10
eakf_model2,1.2603399339089737e-26
eakf_model3,0.9999999998969676
