model_name,weigth
arima,1.0163547036973552e-240
eakf_model1,1.0873157551199167e-10
eakf_model2,1.7565215719652633e-27
eakf_model3,0.9999999998912682
