model_name,weigth
arima,5.3597304469681994e-235
eakf_model1,1.0454194045598355e-10
eakf_model2,4.318654143269176e-27
eakf_model3,0.9999999998954584
