model_name,weigth
arima,2.2298757338001684e-280
eakf_model1,1.4748697014902987e-10
eakf_model2,4.940692303429085e-31
eakf_model3,0.9999999998525123
