model_name,weigth
arima,0.0
eakf_model1,4.4199822967105803e-10
eakf_model2,2.162532888529279e-27
eakf_model3,0.9999999995580022
