model_name,weigth
arima,5.535513265772741e-298
eakf_model1,4.325468597541346e-10
eakf_model2,2.9275837378394822e-15
eakf_model3,0.9999999995674506
sarima,1.1892348901637362e-240
