model_name,weigth
arima,2.7573292417265285e-205
eakf_model1,7.800628173467937e-11
eakf_model2,1.5632842766748297e-25
eakf_model3,0.999999999921994
