model_name,weigth
arima,0.0
eakf_model1,6.258073225719451e-10
eakf_model2,7.932225649871082e-17
eakf_model3,0.9999999993741928
sarima,4.416848503728468e-293
