model_name,weigth
arima,2.6505123956724006e-271
eakf_model1,1.360129127848338e-10
eakf_model2,6.580767996181471e-30
eakf_model3,0.9999999998639875
