model_name,weigth
arima,9.052090930409118e-285
eakf_model1,2.0158426863462576e-10
eakf_model2,7.224438905552063e-19
eakf_model3,0.9999999997984158
