model_name,weigth
arima,0.0
eakf_model1,7.58655866620982e-10
eakf_model2,3.91862954291431e-34
eakf_model3,0.9999999992413438
