model_name,weigth
arima,1.8899143510034725e-134
eakf_model1,4.17811613311329e-11
eakf_model2,1.6104517013378408e-18
eakf_model3,0.999999999958219
