model_name,weigth
arima,0.0
eakf_model1,6.279539724656861e-10
eakf_model2,1.6188879557581723e-16
eakf_model3,0.9999999993720456
sarima,1.2532830349702957e-268
