model_name,weigth
arima,3.305994316e-315
eakf_model1,5.067749810011157e-10
eakf_model2,1.0541120472362794e-16
eakf_model3,0.9999999994932247
sarima,3.0631352913979626e-252
