model_name,weigth
arima,5.450986075834796e-289
eakf_model1,2.2129851527957979e-10
eakf_model2,4.5976421563187117e-20
eakf_model3,0.9999999997787016
