model_name,weigth
arima,1.547984646596178e-192
eakf_model1,7.04756108206968e-11
eakf_model2,2.752523292972452e-24
eakf_model3,0.9999999999295243
