model_name,weigth
arima,3.4747128373719085e-137
eakf_model1,4.1501321684424366e-11
eakf_model2,7.691954186244496e-19
eakf_model3,0.9999999999584988
