model_name,weigth
arima,0.0
eakf_model1,6.712113603095278e-10
eakf_model2,7.964956741983761e-18
eakf_model3,0.9999999993287887
sarima,2.2329100806873613e-279
