model_name,weigth
arima,3.496881297183322e-288
eakf_model1,2.1699896812162083e-10
eakf_model2,3.7248256315772125e-20
eakf_model3,0.9999999997830009
