model_name,weigth
arima,2.7560498508035518e-288
eakf_model1,2.1537534561421012e-10
eakf_model2,6.671914734233259e-20
eakf_model3,0.9999999997846245
