model_name,weigth
arima,5.465855301552448e-132
eakf_model1,4.123686288599776e-11
eakf_model2,5.881844935336411e-18
eakf_model3,0.9999999999587628
