model_name,weigth
arima,9.775737625235122e-168
eakf_model1,5.3586856935986264e-11
eakf_model2,1.5991531375044746e-21
eakf_model3,0.9999999999464129
