model_name,weigth
arima,0.0
eakf_model1,6.741661398510743e-10
eakf_model2,1.1431501938006889e-16
eakf_model3,0.9999999993258338
sarima,6.697444488349229e-278
