model_name,weigth
arima,1.702875896838623e-145
eakf_model1,4.5724028149874946e-11
eakf_model2,4.198510684531455e-19
eakf_model3,0.9999999999542749
