model_name,weigth
arima,8.539861409624575e-170
eakf_model1,5.806811185907013e-11
eakf_model2,1.012134088099029e-21
eakf_model3,0.9999999999419313
