model_name,weigth
arima,8.120584436339264e-298
eakf_model1,4.795854845274233e-10
eakf_model2,8.584582966164252e-15
eakf_model3,0.9999999995204059
sarima,1.1040752955805675e-237
