model_name,weigth
arima,4.5027818021070456e-242
eakf_model1,1.561237111680729e-10
eakf_model2,9.37429888338524e-17
eakf_model3,0.9999999998438764
