model_name,weigth
arima,0.0
eakf_model1,6.64819488452909e-10
eakf_model2,3.6297284216101635e-16
eakf_model3,0.9999999993351802
sarima,1.3048782761789555e-274
