model_name,weigth
arima,6.6391958660708155e-124
eakf_model1,3.5388210855280055e-11
eakf_model2,3.2273877305190003e-16
eakf_model3,0.999999999964612
