model_name,weigth
arima,2.4640064446652106e-242
eakf_model1,1.5480922170390283e-10
eakf_model2,7.66144647208567e-17
eakf_model3,0.9999999998451907
