model_name,weigth
arima,9.768066920276713e-287
eakf_model1,2.2000467466811687e-10
eakf_model2,1.5916828571405969e-19
eakf_model3,0.9999999997799959
