model_name,weigth
arima,8.297263985925715e-123
eakf_model1,3.414483299932941e-11
eakf_model2,1.0754216630211344e-16
eakf_model3,0.999999999965855
