model_name,weigth
arima,0.0
eakf_model1,6.013628079735534e-10
eakf_model2,5.675679673543743e-16
eakf_model3,0.9999999993986367
sarima,7.677715193630591e-263
