model_name,weigth
arima,8.355760274041575e-135
eakf_model1,4.2712239701935755e-11
eakf_model2,4.497143921162573e-18
eakf_model3,0.9999999999572878
