model_name,weigth
arima,2.1611062125886498e-276
eakf_model1,2.08158005635853e-10
eakf_model2,4.451754899810383e-19
eakf_model3,0.9999999997918417
