model_name,weigth
arima,1.0878543808330811e-273
eakf_model1,3.944918228953235e-10
eakf_model2,4.4545950418060504e-14
eakf_model3,0.9999999996054638
sarima,6.778059789290086e-219
