model_name,weigth
arima,1.518349717160583e-280
eakf_model1,4.1693424102469055e-10
eakf_model2,5.689890935703165e-14
eakf_model3,0.9999999995830089
sarima,1.4840801524560818e-224
