model_name,weigth
arima,0.0
eakf_model1,0.5649279904096546
eakf_model2,9.327390528226394e-56
eakf_model3,2.8995311009756737e-10
sarima,0.4350720093003925
