model_name,weigth
arima,0.0
eakf_model1,0.999999993661522
eakf_model2,2.5e-323
eakf_model3,6.338477927778539e-09
