model_name,weigth
arima,2.5991989815029954e-159
eakf_model1,3.1465889544286485e-11
eakf_model2,0.9999999999685337
eakf_model3,3.779264842880757e-16
