model_name,weigth
arima,0.0
eakf_model1,1.3828136645547928e-09
eakf_model2,3.601670664803481e-119
eakf_model3,0.9999999986171864
