model_name,weigth
arima,0.0
eakf_model1,2.261799845149088e-150
eakf_model2,3.327830330492881e-08
eakf_model3,0.9999999667216967
