model_name,weigth
arima,0.0
eakf_model1,0.29133087190332985
eakf_model2,1.3148855048191243e-122
eakf_model3,4.478557955897019e-10
sarima,0.7086691276488144
