model_name,weigth
arima,0.0
eakf_model1,6.572816531683615e-10
eakf_model2,0.9999999993427183
eakf_model3,7.525658632029235e-33
sarima,0.0
