model_name,weigth
arima,5.24367675e-316
eakf_model1,1.0801843091761087e-10
eakf_model2,2.9015220247247205e-131
eakf_model3,0.9999999998919816
