model_name,weigth
arima,7.791721763745647e-96
eakf_model1,0.9999999999784773
eakf_model2,8.214130833070837e-27
eakf_model3,2.152259688015872e-11
