model_name,weigth
arima,0.0
eakf_model1,0.9999999999216955
eakf_model2,7.830452151506934e-11
eakf_model3,2.8871922487118314e-21
sarima,0.0
