model_name,weigth
arima,0.0
eakf_model1,0.9999999999789956
eakf_model2,1.3591687763109594e-25
eakf_model3,2.1004481849079764e-11
