model_name,weigth
arima,1.768992370638794e-40
eakf_model1,5.649070516811225e-12
eakf_model2,5.833079763332789e-13
eakf_model3,0.9999999999937677
