model_name,weigth
arima,2.7292602884343717e-196
eakf_model1,0.9999999999587404
eakf_model2,4.2117324647255933e-44
eakf_model3,4.125949572245867e-11
