model_name,weigth
arima,8.622377009712405e-53
eakf_model1,1.121553853443531e-11
eakf_model2,0.9999999999887845
eakf_model3,1.259837568379379e-22
sarima,1.1324100328904653e-73
