model_name,weigth
arima,1.3050296142345859e-50
eakf_model1,1.1541950011816214e-13
eakf_model2,6.535371094008626e-12
eakf_model3,0.9999999999933492
