model_name,weigth
arima,5.678576608806608e-60
eakf_model1,9.913241912510667e-12
eakf_model2,0.9999999999900867
eakf_model3,3.723275517649218e-23
