model_name,weigth
arima,1.693959952526023e-38
eakf_model1,1.292412152266046e-11
eakf_model2,0.999999999987076
eakf_model3,4.1415632802687926e-21
sarima,6.686709693670348e-51
