model_name,weigth
arima,1.2913505040500803e-102
eakf_model1,0.9999999999776278
eakf_model2,5.0719953526953524e-26
eakf_model3,2.237221604446821e-11
sarima,2.2033976325208508e-132
