model_name,weigth
arima,0.0
eakf_model1,0.9999999997997676
eakf_model2,6.714671315438686e-26
eakf_model3,2.002324779719197e-10
