model_name,weigth
arima,2.2377733283291973e-39
eakf_model1,3.804250169353007e-15
eakf_model2,7.631323853744594e-12
eakf_model3,0.9999999999923649
