model_name,weigth
arima,6.377225442260574e-124
eakf_model1,0.9999999999877595
eakf_model2,2.5240988603090407e-21
eakf_model3,1.2240543969714335e-11
sarima,3.4135167748403175e-166
