model_name,weigth
arima,1.1756655560934207e-298
eakf_model1,0.9999999999785089
eakf_model2,1.1583836694544972e-50
eakf_model3,2.149118712169352e-11
