model_name,weigth
arima,0.0
eakf_model1,0.999999999970478
eakf_model2,8.194854293767594e-37
eakf_model3,2.952227323488959e-11
