model_name,weigth
arima,1.889810612279833e-198
eakf_model1,0.999999999983323
eakf_model2,6.268631637799278e-18
eakf_model3,1.6676998217677512e-11
sarima,5.822853731587852e-237
