model_name,weigth
arima,6.860464158109032e-79
eakf_model1,0.9999999999799909
eakf_model2,1.1147537352133683e-12
eakf_model3,1.889438365952867e-11
