model_name,weigth
arima,1.1258153189028324e-97
eakf_model1,2.2393159797958765e-11
eakf_model2,1.8199324164143164e-56
eakf_model3,0.999999999977607
