model_name,weigth
arima,4.1323957673778e-59
eakf_model1,2.238664475920297e-11
eakf_model2,0.9999999999776134
eakf_model3,2.0324542891374303e-29
