model_name,weigth
arima,7.369178274155207e-306
eakf_model1,1.306099867997274e-09
eakf_model2,0.9999999986939002
eakf_model3,2.3253735812616563e-98
sarima,0.0
