model_name,weigth
arima,6.812935244584684e-53
eakf_model1,0.9999999999876065
eakf_model2,9.043288635076211e-18
eakf_model3,1.2393597118809282e-11
sarima,1.7823044281870126e-62
