model_name,weigth
arima,2.27730891320538e-78
eakf_model1,1.0953555655818459e-11
eakf_model2,0.9999999999890464
eakf_model3,3.095143468722053e-17
