model_name,weigth
arima,2.625062678756874e-273
eakf_model1,0.9999999999858368
eakf_model2,2.667944425543812e-23
eakf_model3,1.4163333516264114e-11
