model_name,weigth
arima,0.0
eakf_model1,4.490834147037256e-10
eakf_model2,1.6524319069503925e-101
eakf_model3,0.9999999995509165
