model_name,weigth
arima,0.0
eakf_model1,0.9999999983550772
eakf_model2,1.6449227168330067e-09
eakf_model3,9.368235032333007e-26
sarima,0.0
