model_name,weigth
arima,0.0
eakf_model1,8.262921837954277e-11
eakf_model2,2.8064976099585724e-12
eakf_model3,0.9999999999145643
