model_name,weigth
arima,0.0
eakf_model1,7.787508165313677e-10
eakf_model2,0.9999999992212493
eakf_model3,2.250666510123933e-45
sarima,0.0
