model_name,weigth
arima,8.623115427789921e-98
eakf_model1,0.9999999999940551
eakf_model2,5.9441757692208116e-12
eakf_model3,7.999932020049513e-16
