model_name,weigth
arima,2.986442961671907e-82
eakf_model1,0.9999999999953911
eakf_model2,4.601111877198397e-12
eakf_model3,7.811329512444643e-15
