model_name,weigth
arima,0.0
eakf_model1,0.9493150703623073
eakf_model2,3e-323
eakf_model3,0.050684929637692694
