model_name,weigth
arima,0.0
eakf_model1,1.2339364628519375e-10
eakf_model2,3.1133834239463766e-47
eakf_model3,0.9999999998766065
