model_name,weigth
arima,0.0
eakf_model1,8.353093072265372e-10
eakf_model2,1.6802568176103628e-42
eakf_model3,0.9999999991646907
