model_name,weigth
arima,1.28867e-319
eakf_model1,0.9999999999604329
eakf_model2,3.956722224272231e-11
eakf_model3,9.09848075416155e-36
