model_name,weigth
arima,1.2254639227560526e-54
eakf_model1,0.9999999999967223
eakf_model2,3.046338278291312e-12
eakf_model3,2.3134803463743733e-13
