model_name,weigth
arima,0.0
eakf_model1,0.9999999993512834
eakf_model2,1.1387415302575714e-53
eakf_model3,6.487165875684667e-10
