model_name,weigth
arima,0.0
eakf_model1,7.289497086460892e-10
eakf_model2,1.5405537503673725e-129
eakf_model3,0.9999999992710503
sarima,0.0
