model_name,weigth
arima,0.0
eakf_model1,5.958861175693721e-10
eakf_model2,1.2432916073264055e-109
eakf_model3,0.999999999404114
sarima,0.0
