model_name,weigth
arima,3.025892242812056e-64
eakf_model1,0.9999999999916269
eakf_model2,1.409422323173031e-24
eakf_model3,8.373148149785204e-12
