model_name,weigth
arima,0.0
eakf_model1,0.9999999999045656
eakf_model2,8.191036521739926e-13
eakf_model3,9.461539327261884e-11
