model_name,weigth
arima,1.856205368353168e-52
eakf_model1,0.999999999992252
eakf_model2,4.797384931545301e-19
eakf_model3,7.748143489391181e-12
