model_name,weigth
arima,2.5608480547815375e-51
eakf_model1,0.9999999999933461
eakf_model2,1.2771456497845419e-16
eakf_model3,6.653880106355843e-12
