model_name,weigth
arima,3.1800876474722577e-56
eakf_model1,0.9999999999922987
eakf_model2,9.836740494676573e-22
eakf_model3,7.701366089765248e-12
