model_name,weigth
arima,0.0
eakf_model1,2.0699557187532955e-10
eakf_model2,5.0305577692359295e-75
eakf_model3,0.9999999997930044
