model_name,weigth
arima,2.2053463443914473e-135
eakf_model1,3.542387484225303e-11
eakf_model2,5.929031854826719e-17
eakf_model3,0.9999999999645761
sarima,1.0086429363396038e-169
