model_name,weigth
arima,2.845874289804203e-71
eakf_model1,0.9999999999940714
eakf_model2,4.617308734050359e-12
eakf_model3,1.3112575689976734e-12
