model_name,weigth
arima,0.0
eakf_model1,0.999999998288791
eakf_model2,1.7112090018975168e-09
eakf_model3,7.477510855812935e-44
