model_name,weigth
arima,0.0
eakf_model1,2.1821710704356108e-10
eakf_model2,4.01764595053555e-75
eakf_model3,0.9999999997817829
sarima,0.0
