model_name,weigth
arima,3.930884622389953e-155
eakf_model1,0.9999999999758101
eakf_model2,2.4257969684501666e-30
eakf_model3,2.4189971216558184e-11
