model_name,weigth
arima,3.157109483253243e-42
eakf_model1,0.9999999999925837
eakf_model2,7.507433552936019e-20
eakf_model3,7.41638063325782e-12
