model_name,weigth
arima,0.0
eakf_model1,0.999999998466791
eakf_model2,8.385333932047406e-146
eakf_model3,1.5332090764089242e-09
