model_name,weigth
arima,0.0
eakf_model1,0.9999999995235905
eakf_model2,9.482255929232183e-64
eakf_model3,4.764095319017477e-10
