model_name,weigth
arima,1.019606130062847e-164
eakf_model1,3.909718590742234e-11
eakf_model2,2.9226231188891645e-31
eakf_model3,0.9999999999609028
