model_name,weigth
arima,1.91658964791353e-250
eakf_model1,5.023183373350838e-11
eakf_model2,3.719090003800242e-15
eakf_model3,0.9999999999497645
