model_name,weigth
arima,0.0
eakf_model1,0.9999998100532719
eakf_model2,1.8994672806789667e-07
eakf_model3,3.7641659544313954e-280
