model_name,weigth
arima,0.0
eakf_model1,0.9999999748997243
eakf_model2,6e-323
eakf_model3,2.51002757762508e-08
