model_name,weigth
arima,0.0
eakf_model1,6.452104210250522e-11
eakf_model2,2.3242947681467877e-67
eakf_model3,0.9999999999354791
