model_name,weigth
arima,0.0
eakf_model1,0.9999999994591587
eakf_model2,3.811784782227019e-137
eakf_model3,5.408414320203777e-10
