model_name,weigth
arima,0.0
eakf_model1,9.278856744300494e-11
eakf_model2,1.0467616069866666e-99
eakf_model3,0.9999999999072114
