model_name,weigth
arima,0.0
eakf_model1,0.9999999786476209
eakf_model2,9.796398956e-315
eakf_model3,2.1352379099440963e-08
