model_name,weigth
arima,0.0
eakf_model1,0.9999999439012033
eakf_model2,1.4364780318411635e-266
eakf_model3,5.609879669463515e-08
sarima,0.0
