model_name,weigth
arima,0.0
eakf_model1,1.886003083892662e-07
eakf_model2,6e-323
eakf_model3,0.9999998113996916
