model_name,weigth
arima,0.0
eakf_model1,0.6962939807919732
eakf_model2,6e-323
eakf_model3,0.3037060192080268
