model_name,weigth
arima,0.0
eakf_model1,0.9999999974446063
eakf_model2,4.310497540052964e-10
eakf_model3,2.1243439980777863e-09
