model_name,weigth
arima,0.0
eakf_model1,5.341712931128262e-11
eakf_model2,1.0227024083691209e-81
eakf_model3,0.999999999946583
