model_name,weigth
arima,0.0
eakf_model1,4.020181484682322e-09
eakf_model2,1.2874610905556013e-109
eakf_model3,0.9999999959798185
sarima,0.0
