model_name,weigth
arima,0.0
eakf_model1,1.483650799423733e-09
eakf_model2,4.752477898635408e-229
eakf_model3,0.9999999985163491
