model_name,weigth
arima,0.0
eakf_model1,0.9999999994428109
eakf_model2,7.45948031987824e-25
eakf_model3,5.571891640420562e-10
sarima,0.0
