model_name,weigth
arima,0.0
eakf_model1,6.317492904126597e-09
eakf_model2,3.5115455767018667e-178
eakf_model3,0.9999999936825071
