model_name,weigth
arima,0.0
eakf_model1,4.091592743756699e-11
eakf_model2,1.7363622050224102e-61
eakf_model3,0.9999999999590841
