model_name,weigth
arima,0.0
eakf_model1,7.990214198031347e-21
eakf_model2,0.9999999998049692
eakf_model3,1.950307095325366e-10
