model_name,weigth
arima,0.0
eakf_model1,2.330278230755882e-09
eakf_model2,2.2013987024669077e-86
eakf_model3,0.9999999976697218
