model_name,weigth
arima,8.00328725631287e-90
eakf_model1,0.9999999999843683
eakf_model2,7.608332143596071e-20
eakf_model3,1.5631736648826658e-11
sarima,7.982937702914119e-49
