model_name,weigth
arima,0.0
eakf_model1,0.9999999998116527
eakf_model2,1.8834743217775387e-10
eakf_model3,2.30377623533363e-49
sarima,0.0
