model_name,weigth
arima,0.0
eakf_model1,0.999999999721002
eakf_model2,2.789981011299463e-10
eakf_model3,1.1465660376636281e-27
