model_name,weigth
arima,0.0
eakf_model1,0.9999999997226958
eakf_model2,2.7730412750792247e-10
eakf_model3,1.9988342107358785e-37
sarima,0.0
