model_name,weigth
arima,0.0
eakf_model1,1.3127153414858692e-09
eakf_model2,7.188215125938776e-51
eakf_model3,0.9999999986872847
