model_name,weigth
arima,4.1446830538155105e-68
eakf_model1,0.9999999999943328
eakf_model2,7.748391336126255e-13
eakf_model3,4.8924209558912025e-12
sarima,1.158540209896821e-41
