model_name,weigth
arima,9.347059728535541e-200
eakf_model1,0.9999999999883952
eakf_model2,1.1604776505620046e-11
eakf_model3,8.060899381984684e-18
