model_name,weigth
arima,1.0331553180906993e-113
eakf_model1,0.999999999994268
eakf_model2,5.38578004035856e-12
eakf_model3,3.4611090770686236e-13
