model_name,weigth
arima,0.0
eakf_model1,1.6929097254211545e-08
eakf_model2,3.85668929557719e-136
eakf_model3,0.9999999830709028
