model_name,weigth
arima,1.5461296342171655e-90
eakf_model1,0.9999999999938504
eakf_model2,1.0015499765047097e-15
eakf_model3,6.148601980554105e-12
