model_name,weigth
arima,1.0626697572010799e-276
eakf_model1,0.9999999999844834
eakf_model2,1.551653977361534e-11
eakf_model3,1.0436512813273728e-22
