model_name,weigth
arima,0.0
eakf_model1,0.9999999999648786
eakf_model2,3.505035898738128e-11
eakf_model3,7.120921201516103e-14
