model_name,weigth
arima,3.6979876889436175e-137
eakf_model1,0.9999999999882149
eakf_model2,1.178532119003511e-11
eakf_model3,1.5328153563564085e-18
sarima,1.072624799822835e-112
