model_name,weigth
arima,1.7545900309381458e-216
eakf_model1,0.9999999999298617
eakf_model2,2.6245880940302883e-11
eakf_model3,4.389259961344947e-11
sarima,3.66258541902486e-206
