model_name,weigth
arima,1.4936302948116782e-307
eakf_model1,0.9999999997857342
eakf_model2,1.2976185209121942e-14
eakf_model3,2.1425282909201661e-10
sarima,1.0388859491353139e-276
