model_name,weigth
arima,0.0
eakf_model1,2.1284405004759687e-11
eakf_model2,0.9999999999787156
eakf_model3,1.3729546222417004e-18
