model_name,weigth
arima,5.170979460520469e-19
eakf_model1,0.9999999999994441
eakf_model2,9.544224748214067e-24
eakf_model3,5.558171385923182e-13
