model_name,weigth
arima,8.22017977205016e-185
eakf_model1,2.3259068684509038e-10
eakf_model2,1.5805807819088816e-57
eakf_model3,0.9999999997674094
sarima,5.871918243540507e-134
