model_name,weigth
arima,0.0
eakf_model1,0.9999999994245773
eakf_model2,3.558148005560098e-47
eakf_model3,5.754227374081679e-10
