model_name,weigth
arima,3e-323
eakf_model1,0.9999999948778933
eakf_model2,1.1616207795577432e-174
eakf_model3,5.12210675709028e-09
sarima,3e-323
