model_name,weigth
arima,1.2592708408800578e-159
eakf_model1,2.1185780167591846e-10
eakf_model2,1.1486289854956471e-54
eakf_model3,0.9999999997881424
sarima,2.026614036604123e-128
