model_name,weigth
arima,7.940433388226819e-241
eakf_model1,0.9999999994683105
eakf_model2,1.805608435374589e-67
eakf_model3,5.316894140082181e-10
sarima,2.410439342570915e-187
