model_name,weigth
arima,0.0
eakf_model1,0.9999999984706985
eakf_model2,2.9991311852544577e-81
eakf_model3,1.5293015910558776e-09
