model_name,weigth
arima,3.3788938765654627e-19
eakf_model1,0.9999999999993952
eakf_model2,7.772732462160729e-24
eakf_model3,6.049706374115569e-13
