model_name,weigth
arima,3e-323
eakf_model1,0.9999999928774871
eakf_model2,3.1506539248346176e-264
eakf_model3,7.122513014798985e-09
sarima,3e-323
