model_name,weigth
arima,1.4730016848616885e-132
eakf_model1,0.9999999999380126
eakf_model2,1.4509370505699726e-28
eakf_model3,6.198727651231932e-11
