model_name,weigth
arima,1.653449862603801e-20
eakf_model1,0.9999999999990552
eakf_model2,2.6339613453518557e-26
eakf_model3,9.448401601280371e-13
