model_name,weigth
arima,3.3109542167252637e-124
eakf_model1,0.9999999998999073
eakf_model2,8.46196465611892e-16
eakf_model3,1.0009182819380199e-10
