model_name,weigth
arima,0.0
eakf_model1,0.9999999982268565
eakf_model2,1.9514797613077255e-106
eakf_model3,1.7731435392117266e-09
