model_name,weigth
arima,2.8368183034690637e-22
eakf_model1,0.9999999999991882
eakf_model2,1.4254965655080272e-23
eakf_model3,8.117849993724934e-13
