model_name,weigth
arima,3.4544687179427033e-106
eakf_model1,0.999999999967719
eakf_model2,2.868988155745726e-25
eakf_model3,3.228104283062836e-11
sarima,2.102004712161782e-52
