model_name,weigth
arima,3.098265710573344e-155
eakf_model1,1.644548213243098e-11
eakf_model2,6.653551705840313e-15
eakf_model3,0.9999999999835479
