model_name,weigth
arima,4.3102045226351945e-171
eakf_model1,0.9999999999419151
eakf_model2,5.601509837128834e-11
eakf_model3,2.0698178081180516e-12
sarima,1.580544841666317e-125
