model_name,weigth
arima,0.0
eakf_model1,6.049420660650487e-18
eakf_model2,8.73884798211958e-11
eakf_model3,0.9999999999126116
