model_name,weigth
arima,0.0
eakf_model1,0.9999999998822737
eakf_model2,2.811063444135814e-12
eakf_model3,1.1491516348441891e-10
