model_name,weigth
arima,2.5419901282529315e-166
eakf_model1,0.9999999999521406
eakf_model2,8.22679754729366e-12
eakf_model3,3.963260919008311e-11
sarima,5.748032441790541e-113
