model_name,weigth
arima,9.541014174382838e-202
eakf_model1,0.999999999926663
eakf_model2,1.5334872819186192e-12
eakf_model3,7.180362525084682e-11
sarima,5.573727765293458e-186
