model_name,weigth
arima,3.6313672204852543e-177
eakf_model1,0.9999999999347514
eakf_model2,4.6265862936850384e-11
eakf_model3,1.8982897669754355e-11
sarima,2.9697122106183165e-152
