model_name,weigth
arima,9.886651125060894e-105
eakf_model1,9.700499604278177e-12
eakf_model2,3.184682367922348e-12
eakf_model3,0.999999999987115
sarima,1.912709379183089e-74
