model_name,weigth
arima,0.0
eakf_model1,5.850873231620703e-10
eakf_model2,1.3000759246059797e-48
eakf_model3,0.9999999994149127
