model_name,weigth
arima,0.0
eakf_model1,1.916743560639482e-17
eakf_model2,1.62603579722251e-10
eakf_model3,0.9999999998373966
