model_name,weigth
arima,9.712881109692293e-212
eakf_model1,0.9999999999176054
eakf_model2,8.677020933449813e-19
eakf_model3,8.239479992562926e-11
sarima,4.3369321803396936e-133
