model_name,weigth
arima,3.025724004724467e-188
eakf_model1,1.6360506836218843e-13
eakf_model2,4.1905276408878466e-11
eakf_model3,0.9999999999579311
sarima,3.327965135796306e-145
