model_name,weigth
arima,1.3947504149780615e-22
eakf_model1,0.9999999999990584
eakf_model2,5.683300558676804e-24
eakf_model3,9.414880660744732e-13
