model_name,weigth
arima,3.0841576322444305e-213
eakf_model1,2.930797832640071e-11
eakf_model2,3.308384556217478e-14
eakf_model3,0.999999999970659
