model_name,weigth
arima,3.4943810390633275e-33
eakf_model1,0.9999999999983012
eakf_model2,1.0249631058181022e-32
eakf_model3,1.6987904453597558e-12
