model_name,weigth
arima,0.0
eakf_model1,0.9999999997936051
eakf_model2,1.8188743924157847e-10
eakf_model3,2.4507426246039614e-11
