model_name,weigth
arima,9.856457985276591e-28
eakf_model1,0.9999999999990038
eakf_model2,1.265844357994536e-30
eakf_model3,9.96232776630801e-13
