model_name,weigth
arima,1.3107275993921685e-40
eakf_model1,0.9999999999977601
eakf_model2,2.179704165994951e-30
eakf_model3,2.240015414117197e-12
