model_name,weigth
arima,4.2434080382774764e-191
eakf_model1,1.0669959878542341e-20
eakf_model2,2.4401544511329386e-11
eakf_model3,0.9999999999755985
