model_name,weigth
arima,1.4211037371539123e-57
eakf_model1,0.9999999999957443
eakf_model2,1.1658156837321099e-28
eakf_model3,4.255727548704649e-12
