model_name,weigth
arima,0.0
eakf_model1,0.9999999992457023
eakf_model2,2.2602306594126972e-55
eakf_model3,7.5429779305923e-10
