model_name,weigth
arima,9.659179212734008e-129
eakf_model1,5.3445234108002066e-11
eakf_model2,0.9999999999464394
eakf_model3,1.1534240151033225e-13
