model_name,weigth
arima,1.210981154576934e-148
eakf_model1,2.116288928723375e-20
eakf_model2,0.9999999999367656
eakf_model3,6.323452362533569e-11
