model_name,weigth
arima,4.329932573431172e-187
eakf_model1,1.425073300642812e-10
eakf_model2,3.5613118136231334e-34
eakf_model3,0.9999999998574928
sarima,1.9044156737574874e-182
