model_name,weigth
arima,1.123170768302788e-173
eakf_model1,1.6482418164983698e-10
eakf_model2,0.9999999998349935
eakf_model3,1.8225998309851962e-13
sarima,9.320302689789551e-84
