model_name,weigth
arima,0.0
eakf_model1,2.4026789614786555e-131
eakf_model2,0.9999999979713885
eakf_model3,2.028611487531727e-09
