model_name,weigth
arima,0.0
eakf_model1,3e-323
eakf_model2,0.730721053683945
eakf_model3,0.269278946316055
