model_name,weigth
arima,1.613891319048206e-241
eakf_model1,4.462703675373099e-22
eakf_model2,0.9999999996672668
eakf_model3,3.327332718686854e-10
sarima,4.1543485685951695e-65
