model_name,weigth
arima,1.2963428396496882e-235
eakf_model1,3.08541903726882e-41
eakf_model2,0.9999999997612959
eakf_model3,2.387040847204608e-10
sarima,2.731135751506544e-33
