model_name,weigth
arima,8.01973908073582e-247
eakf_model1,1.5932975696073897e-10
eakf_model2,1.5903754679702168e-29
eakf_model3,0.9999999998406705
