model_name,weigth
arima,0.0
eakf_model1,1.8517603884460916e-228
eakf_model2,0.9999999995880519
eakf_model3,4.1194813753184954e-10
