model_name,weigth
arima,0.0
eakf_model1,1.4034818132112205e-07
eakf_model2,0.9999998596518187
eakf_model3,1.0760151459803202e-17
