model_name,weigth
arima,0.0
eakf_model1,9.215822508628487e-280
eakf_model2,0.9999999889933003
eakf_model3,1.100669978355992e-08
sarima,2.2284334336374253e-140
