model_name,weigth
arima,3.8712213606416263e-116
eakf_model1,1.679277198878203e-11
eakf_model2,2.2958770473546817e-17
eakf_model3,0.9999999999832073
