model_name,weigth
arima,4.558938903472651e-233
eakf_model1,1.0935001471096214e-48
eakf_model2,0.9999999998306939
eakf_model3,1.693061992961583e-10
sarima,3.6698451486078557e-34
