model_name,weigth
arima,0.0
eakf_model1,3.73173060573593e-91
eakf_model2,0.9999999999462987
eakf_model3,5.3701398857636406e-11
