model_name,weigth
arima,1.0471475436835974e-144
eakf_model1,4.358819083233891e-11
eakf_model2,6.086512749964923e-24
eakf_model3,0.9999999999564118
