model_name,weigth
arima,6.303448251139298e-124
eakf_model1,1.950751593279128e-11
eakf_model2,5.2927461639207264e-21
eakf_model3,0.9999999999804926
sarima,3.9013426186366035e-97
