model_name,weigth
arima,0.0
eakf_model1,8.873110107159772e-185
eakf_model2,0.9999999997121657
eakf_model3,2.878344935252661e-10
