model_name,weigth
arima,2.0690068700725446e-147
eakf_model1,1.5063162942013584e-11
eakf_model2,1.8235679356167493e-26
eakf_model3,0.9999999999849368
