model_name,weigth
arima,7.425349709758608e-204
eakf_model1,1.7162291795458216e-10
eakf_model2,9.529873754939745e-13
eakf_model3,0.9999999998274242
sarima,5.0687710756741246e-145
