model_name,weigth
arima,3.672262540622276e-139
eakf_model1,1.7728207093135705e-11
eakf_model2,7.235784525295199e-24
eakf_model3,0.9999999999822718
