model_name,weigth
arima,0.0
eakf_model1,3e-323
eakf_model2,0.9999999763633843
eakf_model3,2.3636615732087828e-08
