model_name,weigth
arima,1.4658048298315905e-90
eakf_model1,4.539671703818375e-12
eakf_model2,1.2222819909496736e-11
eakf_model3,0.9999999999832375
