model_name,weigth
arima,1.3016988526724604e-108
eakf_model1,3.92731895997641e-29
eakf_model2,2.845552651539558e-11
eakf_model3,0.9999999999715445
