model_name,weigth
arima,0.0
eakf_model1,0.9999999992907527
eakf_model2,4.877411456035945e-65
eakf_model3,7.092474193213916e-10
