model_name,weigth
arima,1.9531078103820983e-284
eakf_model1,2.450985279998283e-10
eakf_model2,1.0948264705801765e-36
eakf_model3,0.9999999997549015
