model_name,weigth
arima,2.307492420444832e-94
eakf_model1,5.037128841143596e-15
eakf_model2,1.171952534740442e-11
eakf_model3,0.9999999999882755
