model_name,weigth
arima,0.0
eakf_model1,0.5630082195887378
eakf_model2,2.91995367057885e-170
eakf_model3,0.43699178041126224
