model_name,weigth
arima,1.675728435409118e-146
eakf_model1,3.161468723001229e-24
eakf_model2,0.9999999999719834
eakf_model3,2.801653456213895e-11
