model_name,weigth
arima,1.0721371808144452e-140
eakf_model1,3.1546651837862334e-11
eakf_model2,4.0870200927827635e-19
eakf_model3,0.9999999999684533
