model_name,weigth
arima,2.1999871717037623e-169
eakf_model1,8.087191240943566e-11
eakf_model2,2.3036346049968066e-24
eakf_model3,0.9999999999191281
sarima,9.29799414465775e-73
