model_name,weigth
arima,3.738025006715186e-68
eakf_model1,2.4360322001175386e-18
eakf_model2,1.2228079708696803e-11
eakf_model3,0.999999999987772
sarima,4.371795379865139e-25
