model_name,weigth
arima,9.583993412537626e-186
eakf_model1,2.5829151519135233e-28
eakf_model2,0.9999999999494492
eakf_model3,5.0550767721609567e-11
