model_name,weigth
arima,1.3239311003988696e-92
eakf_model1,2.5486639365299002e-15
eakf_model2,1.7704864112505143e-11
eakf_model3,0.9999999999822927
sarima,1.0047948352230372e-35
