model_name,weigth
arima,0.0
eakf_model1,0.9999999984014648
eakf_model2,2.949031916550934e-97
eakf_model3,1.598535134198834e-09
sarima,3e-323
