model_name,weigth
arima,1.467823630879763e-57
eakf_model1,9.791730459148131e-17
eakf_model2,5.05212006265232e-12
eakf_model3,0.9999999999949479
