model_name,weigth
arima,2.1896899661969257e-230
eakf_model1,3.403404932461342e-37
eakf_model2,0.9999999999285268
eakf_model3,7.147314768122577e-11
