model_name,weigth
arima,6.237933934224965e-168
eakf_model1,8.773075988554836e-11
eakf_model2,1.131775404105503e-19
eakf_model3,0.9999999999122693
