model_name,weigth
arima,6.187946787704891e-110
eakf_model1,4.647183648359187e-19
eakf_model2,0.9999999999867332
eakf_model3,1.3266953750351496e-11
