model_name,weigth
arima,4.179191150205197e-258
eakf_model1,1.97761233503075e-50
eakf_model2,0.9999999999159652
eakf_model3,8.403482441571173e-11
