model_name,weigth
arima,2.3476515411420507e-252
eakf_model1,1.212100310667904e-10
eakf_model2,3.174852700437429e-38
eakf_model3,0.99999999987879
