model_name,weigth
arima,3.0338382190372254e-129
eakf_model1,7.513205244116665e-52
eakf_model2,0.9999999999476814
eakf_model3,5.231853461255827e-11
