model_name,weigth
arima,6.214829459001342e-149
eakf_model1,1.4600380099640244e-38
eakf_model2,2.2234307323430933e-11
eakf_model3,0.9999999999777657
