model_name,weigth
arima,4.468635834754147e-189
eakf_model1,3.326159371204811e-21
eakf_model2,3.0012541110554707e-11
eakf_model3,0.9999999999699873
