model_name,weigth
arima,0.0
eakf_model1,1.514729253206582e-123
eakf_model2,3.5331105335642613e-10
eakf_model3,0.999999999646689
