model_name,weigth
arima,3.933924798556696e-201
eakf_model1,3.1629952028001393e-25
eakf_model2,2.8373680404097507e-11
eakf_model3,0.9999999999716263
