model_name,weigth
arima,2.6397856073222133e-147
eakf_model1,4.626464547923441e-40
eakf_model2,0.9999999999604067
eakf_model3,3.959341409423036e-11
