model_name,weigth
arima,4.6619993946383484e-172
eakf_model1,3.208225586841182e-48
eakf_model2,6.765678927506705e-11
eakf_model3,0.9999999999323432
