model_name,weigth
arima,6.765152297459144e-94
eakf_model1,0.9999999999075964
eakf_model2,9.240369139686206e-11
eakf_model3,2.8892436378212464e-19
sarima,2.8375241461755255e-90
