model_name,weigth
arima,1.4827788854461834e-77
eakf_model1,0.999999999960535
eakf_model2,1.239112410742104e-14
eakf_model3,3.945273165841283e-11
