model_name,weigth
arima,9.413140997589777e-73
eakf_model1,0.9999999999643857
eakf_model2,3.561431196637752e-11
eakf_model3,5.767513775007369e-19
sarima,2.4131797401392572e-65
