model_name,weigth
arima,7.511770638438395e-153
eakf_model1,3.533525569991392e-12
eakf_model2,0.9999999997089682
eakf_model3,2.874980502130978e-10
sarima,2.1540886486592293e-119
