model_name,weigth
arima,1.7969605188138255e-243
eakf_model1,1.4415889073276596e-74
eakf_model2,1.1737167343183893e-10
eakf_model3,0.9999999998826284
