model_name,weigth
arima,9.289229904467052e-306
eakf_model1,2.4236316462876748e-126
eakf_model2,0.999999999763041
eakf_model3,2.369590486148466e-10
