model_name,weigth
arima,2.255916047515651e-214
eakf_model1,7.753873747126163e-67
eakf_model2,2.2271919091410015e-10
eakf_model3,0.9999999997772809
