model_name,weigth
arima,0.0
eakf_model1,1.7263432271029516e-79
eakf_model2,5.780253487542375e-10
eakf_model3,0.9999999994219747
