model_name,weigth
arima,4.216874735618743e-120
eakf_model1,1.0545694376896139e-37
eakf_model2,0.9999999999432865
eakf_model3,5.671351567622069e-11
