model_name,weigth
arima,6.333679230019472e-219
eakf_model1,1.2684630348439916e-68
eakf_model2,6.774562426953253e-11
eakf_model3,0.9999999999322544
