model_name,weigth
arima,0.0
eakf_model1,2.1466252647134033e-141
eakf_model2,5.007543191172428e-10
eakf_model3,0.9999999994992458
