model_name,weigth
arima,1.1456110189535061e-73
eakf_model1,0.999999999953559
eakf_model2,4.6440907522863247e-11
eakf_model3,9.846438827488802e-27
sarima,3.5133978981051377e-74
