model_name,weigth
arima,4.301139170009031e-300
eakf_model1,5.328095850962603e-69
eakf_model2,1.801145524047699e-09
eakf_model3,3.4635529371612913e-22
sarima,0.9999999981988544
