model_name,weigth
arima,1.307849584502125e-215
eakf_model1,1.7824003317047061e-66
eakf_model2,6.877294472805676e-11
eakf_model3,0.9999999999312271
