model_name,weigth
arima,6.083599027553707e-40
eakf_model1,0.9999999999908956
eakf_model2,9.104369960557402e-12
eakf_model3,6.683530150156969e-22
sarima,2.3899632863479406e-39
