model_name,weigth
arima,3e-323
eakf_model1,0.9999999967797047
eakf_model2,3.220295180674341e-09
eakf_model3,1.998076930043323e-150
