model_name,weigth
arima,6.250413146713114e-57
eakf_model1,1.3153616839782901e-11
eakf_model2,0.9999999999844772
eakf_model3,2.369355405007466e-12
