model_name,weigth
arima,5.89308875656348e-95
eakf_model1,0.7635759630793058
eakf_model2,0.23642403674252854
eakf_model3,1.7816576467487125e-10
sarima,6.239088345566508e-22
