model_name,weigth
arima,2.6584852282479418e-129
eakf_model1,3.1839427422164505e-65
eakf_model2,2.7685680751369543e-10
eakf_model3,0.9999999997231431
