model_name,weigth
arima,5.357130873251538e-81
eakf_model1,2.40029818544784e-85
eakf_model2,1.623504953683868e-22
eakf_model3,3.7335832741611914e-11
sarima,0.9999999999626642
