model_name,weigth
arima,3.858206577848435e-74
eakf_model1,0.9999999999680593
eakf_model2,3.1940671498522285e-11
eakf_model3,3.6013138309914224e-29
