model_name,weigth
arima,1.759392191900677e-130
eakf_model1,2.1092348176875808e-45
eakf_model2,3.9397267026665634e-11
eakf_model3,0.9999999999606028
