model_name,weigth
arima,8.394448552061369e-48
eakf_model1,1.5039862896550344e-57
eakf_model2,8.014684743854271e-12
eakf_model3,0.9999999999919853
