model_name,weigth
arima,8.577161169128462e-47
eakf_model1,1.914310632783459e-25
eakf_model2,6.210794521577436e-12
eakf_model3,0.9999999999937892
