model_name,weigth
arima,9.207578722967888e-223
eakf_model1,5.520293744015222e-64
eakf_model2,9.422059355814611e-11
eakf_model3,0.9999999999057795
