model_name,weigth
arima,9.657148706458097e-57
eakf_model1,4.361629163434445e-28
eakf_model2,8.00130485939521e-12
eakf_model3,0.9999999999919987
