model_name,weigth
arima,3.694860193672122e-246
eakf_model1,1.2597863126887106e-49
eakf_model2,1.0799662670526089e-10
eakf_model3,0.9999999998920034
