model_name,weigth
arima,2.495562860007559e-255
eakf_model1,0.9999999989679874
eakf_model2,3.0209516662098393e-52
eakf_model3,1.0320127558364688e-09
