model_name,weigth
arima,8.958127270661115e-64
eakf_model1,0.9999999999221935
eakf_model2,7.78065281380702e-11
eakf_model3,6.428045581599183e-19
sarima,1.584510315752218e-89
