model_name,weigth
arima,6.773552961816306e-34
eakf_model1,6.728516626542044e-18
eakf_model2,4.897266396005466e-12
eakf_model3,0.9999999999951028
