model_name,weigth
arima,2.4622230708545594e-26
eakf_model1,3.512073829634777e-18
eakf_model2,3.429919847939527e-12
eakf_model3,0.9999999999965701
