model_name,weigth
arima,2.8214323410541256e-62
eakf_model1,3.131090023461983e-11
eakf_model2,4.233036225449151e-11
eakf_model3,0.9999999999263588
sarima,4.148961801579123e-87
