model_name,weigth
arima,6.719989692852863e-83
eakf_model1,1.0168541534888574e-41
eakf_model2,9.596741384902884e-10
eakf_model3,0.9999999990403259
