model_name,weigth
arima,1.296732192007289e-42
eakf_model1,0.9999999999550195
eakf_model2,4.498064671665644e-11
eakf_model3,1.4400860286697607e-18
sarima,7.876984200018872e-54
