model_name,weigth
arima,1.1803309357046188e-69
eakf_model1,5.912591519303195e-34
eakf_model2,7.167766218072983e-11
eakf_model3,0.9999999999283222
