model_name,weigth
arima,6.32338629826452e-31
eakf_model1,3.7751372837533314e-20
eakf_model2,5.346048950476591e-12
eakf_model3,0.9999999999946538
