model_name,weigth
arima,8.880139037969961e-63
eakf_model1,1.672655552906865e-46
eakf_model2,1.2657048331401827e-10
eakf_model3,0.9999999998734295
sarima,6.049632745477901e-80
