model_name,weigth
arima,5.057756673852704e-36
eakf_model1,3.814636801867287e-42
eakf_model2,1.3485552672824723e-10
eakf_model3,0.9999999998651444
