model_name,weigth
arima,2.1019558323319194e-77
eakf_model1,0.9999999998871418
eakf_model2,2.1801346557243983e-26
eakf_model3,1.1285814468310434e-10
