model_name,weigth
arima,1.5821651952938735e-88
eakf_model1,1.405181798716306e-75
eakf_model2,1.7843943663776333e-10
eakf_model3,0.9999999998215605
