model_name,weigth
arima,4.4776195698346e-109
eakf_model1,1.8051555761465876e-10
eakf_model2,1.9563215111205585e-26
eakf_model3,0.9999999998194845
