model_name,weigth
arima,2.3706341330219144e-96
eakf_model1,0.9999999998132285
eakf_model2,4.716087302562844e-12
eakf_model3,1.8205543116150037e-10
sarima,2.081295410364325e-156
