model_name,weigth
arima,1.175437231851323e-55
eakf_model1,8.880866272174726e-31
eakf_model2,3.017467926098865e-11
eakf_model3,0.9999999999698254
sarima,6.515247586813065e-65
