model_name,weigth
arima,2.6981080347236563e-37
eakf_model1,1.4853256160268303e-26
eakf_model2,4.54859345985948e-12
eakf_model3,0.9999999999954515
