model_name,weigth
arima,2.4393854962959445e-123
eakf_model1,6.098329711505924e-45
eakf_model2,4.255531276065142e-10
eakf_model3,0.999999999574447
sarima,1.2306194734062955e-158
