model_name,weigth
arima,1.1819873642011221e-39
eakf_model1,1.0176480616109838e-11
eakf_model2,1.2572037146445313e-14
eakf_model3,0.999999999989811
