model_name,weigth
arima,2.1507279415722724e-46
eakf_model1,1.3340392696440414e-10
eakf_model2,0.9999999998665963
eakf_model3,9.690973487170664e-33
sarima,1.2859120012018714e-55
