model_name,weigth
arima,7.287968394349707e-22
eakf_model1,5.4357625004085176e-27
eakf_model2,1.828686178733066e-11
eakf_model3,0.9999999999817132
