model_name,weigth
arima,5.114416606303625e-29
eakf_model1,1.925884649678084e-11
eakf_model2,0.9999999999727817
eakf_model3,7.959571007508296e-12
