model_name,weigth
arima,6.386387572978545e-12
eakf_model1,6.231900610235773e-50
eakf_model2,2.0112309371494413e-21
eakf_model3,4.762367069902808e-22
sarima,0.9999999999936134
