model_name,weigth
arima,3.356135510209751e-24
eakf_model1,1.6310052087811866e-11
eakf_model2,0.9999999999482261
eakf_model3,3.5463838090384745e-11
