model_name,weigth
arima,1.8013860512184733e-39
eakf_model1,2.098829503439002e-136
eakf_model2,0.9999999983366347
eakf_model3,1.6633654242672468e-09
