model_name,weigth
arima,6.173420338333794e-28
eakf_model1,2.6511804674733024e-33
eakf_model2,2.581060470333715e-11
eakf_model3,0.9999999999741894
