model_name,weigth
arima,4.2219568675183217e-44
eakf_model1,1.5561054151265356e-27
eakf_model2,0.999999999932642
eakf_model3,6.735803802910297e-11
sarima,2.361105413321649e-50
