model_name,weigth
arima,5.255184699059982e-26
eakf_model1,2.9192170265904036e-11
eakf_model2,0.999999999970611
eakf_model3,1.9707227937018431e-13
sarima,5.227132151932386e-30
