model_name,weigth
arima,7.383396720588196e-10
eakf_model1,7.799458788345911e-166
eakf_model2,8.187263872416276e-21
eakf_model3,0.9999999992616603
