model_name,weigth
arima,6.5127956142963146e-12
eakf_model1,1.0386352234434368e-56
eakf_model2,8.247830260412396e-12
eakf_model3,4.1742590418795024e-15
sarima,0.9999999999852353
