model_name,weigth
arima,3.896866176256913e-52
eakf_model1,1.2183821906096153e-10
eakf_model2,0.9999999998781619
eakf_model3,5.687082821251013e-28
