model_name,weigth
arima,2.979839058626846e-11
eakf_model1,2.3754583472423494e-27
eakf_model2,0.9999999999649906
eakf_model3,5.2111619313293664e-12
sarima,3.5483421249458306e-20
