model_name,weigth
arima,5.260570052165763e-15
eakf_model1,7.166203683978636e-22
eakf_model2,1.466106316971798e-11
eakf_model3,0.9999999999853337
