model_name,weigth
arima,5.570863776094633e-21
eakf_model1,7.274621959123653e-20
eakf_model2,1.946744565016646e-11
eakf_model3,0.9999999999805325
