model_name,weigth
arima,2.1377090545583875e-75
eakf_model1,2.41882302916452e-56
eakf_model2,2.3395389319924687e-10
eakf_model3,0.9999999997660461
sarima,5.222082541197788e-97
