model_name,weigth
arima,0.9999999999915217
eakf_model1,1.8913491145675573e-42
eakf_model2,2.2584910556827863e-13
eakf_model3,8.252504797045887e-12
