model_name,weigth
arima,3e-323
eakf_model1,6.2379515182040986e-130
eakf_model2,0.2888619673441251
eakf_model3,0.7111380326558749
