model_name,weigth
arima,5.4e-323
eakf_model1,8.657391830687273e-09
eakf_model2,0.9999999913426081
eakf_model3,5.4254975505845656e-242
sarima,5.4e-323
