model_name,weigth
arima,1.2754871899066907e-44
eakf_model1,0.9999999999690314
eakf_model2,2.8673527031050666e-13
eakf_model3,3.0681649529823793e-11
sarima,1.6621742175410045e-16
