model_name,weigth
arima,1.8791129893570138e-12
eakf_model1,2.62497864334616e-29
eakf_model2,1.9369444502290602e-16
eakf_model3,1.8991801466708551e-16
sarima,0.9999999999981205
