model_name,weigth
arima,0.0
eakf_model1,0.9999999700801345
eakf_model2,2.991986557582199e-08
eakf_model3,4.274866661641504e-98
sarima,5.4e-323
