model_name,weigth
arima,0.999999999998627
eakf_model1,4.507766562504047e-26
eakf_model2,1.1460385522583717e-12
eakf_model3,2.2705559144330372e-13
