model_name,weigth
arima,2e-323
eakf_model1,0.2153556123287941
eakf_model2,2.4785013144129938e-207
eakf_model3,0.7846443876712058
