model_name,weigth
arima,7.849158440983203e-151
eakf_model1,1.0838007419864771e-16
eakf_model2,0.9999999998082262
eakf_model3,1.9177356062040088e-10
sarima,7.374877193477217e-122
