model_name,weigth
arima,0.0
eakf_model1,9.817189068977108e-33
eakf_model2,2.2960031266272865e-09
eakf_model3,0.999999997703997
