model_name,weigth
arima,0.9999999999995887
eakf_model1,9.887331509161607e-21
eakf_model2,7.641640572531576e-16
eakf_model3,4.105246112898416e-13
