model_name,weigth
arima,0.22640090689644268
eakf_model1,8.750249148198376e-64
eakf_model2,2.8887746530390717e-11
eakf_model3,0.7735990930746698
