model_name,weigth
arima,2.2232313029282773e-186
eakf_model1,4.444805114862418e-15
eakf_model2,0.9999999998283807
eakf_model3,1.7161492546211265e-10
sarima,3.914175640004061e-126
