model_name,weigth
arima,0.9999999999996338
eakf_model1,6.89183668818167e-22
eakf_model2,4.645667450851042e-16
eakf_model3,3.657562871465826e-13
