model_name,weigth
arima,0.22820648336187568
eakf_model1,9.414717400650791e-11
eakf_model2,7.419147261505996e-22
eakf_model3,0.7717935165439772
