model_name,weigth
arima,2.0123549136522416e-12
eakf_model1,8.62929499989921e-25
eakf_model2,7.199569504387359e-19
eakf_model3,2.9602276052128675e-16
sarima,0.9999999999979873
