model_name,weigth
arima,2.7501780545192394e-237
eakf_model1,4.167503328705177e-10
eakf_model2,1.813628106950454e-12
eakf_model3,0.999999999581436
