model_name,weigth
arima,0.0
eakf_model1,7.462725409782591e-09
eakf_model2,5.393619911052852e-47
eakf_model3,0.9999999925372747
