model_name,weigth
arima,6.25137338271983e-16
eakf_model1,5.7688873343699155e-18
eakf_model2,4.542790050668453e-16
eakf_model3,3.3235690133275425e-12
sarima,0.9999999999966752
