model_name,weigth
arima,1.540825270519144e-39
eakf_model1,9.076719550806767e-11
eakf_model2,2.2108815142103232e-32
eakf_model3,1.4245775965063748e-20
sarima,0.9999999999092329
