model_name,weigth
arima,3.5376952435037213e-15
eakf_model1,5.148039551738154e-16
eakf_model2,2.827865128286031e-20
eakf_model3,6.398444339442532e-12
sarima,0.9999999999935977
