model_name,weigth
arima,0.9999999999978122
eakf_model1,1.1098054607901692e-23
eakf_model2,1.7236823700875877e-14
eakf_model3,2.1706793939536452e-12
