model_name,weigth
arima,0.9999999999993698
eakf_model1,8.69054090081462e-23
eakf_model2,1.0855793867203419e-16
eakf_model3,6.300503628782233e-13
