model_name,weigth
arima,2.4319390204214908e-79
eakf_model1,0.9999999999425987
eakf_model2,2.506168278197806e-11
eakf_model3,3.233973501823822e-11
sarima,1.591317486193931e-41
