model_name,weigth
arima,3.980831050928713e-118
eakf_model1,1.0172214040922198e-23
eakf_model2,5.2450363910984154e-11
eakf_model3,0.9999999999475497
