model_name,weigth
arima,5.715921999272921e-108
eakf_model1,1.345985628158074e-36
eakf_model2,5.700951680501505e-11
eakf_model3,0.9999999999429906
