model_name,weigth
arima,7.245215129219299e-157
eakf_model1,7.11227710376164e-50
eakf_model2,1.0279627211360942e-10
eakf_model3,0.9999999998972038
