model_name,weigth
arima,1.4205029704057167e-136
eakf_model1,1.8053205197868934e-13
eakf_model2,8.379376619270177e-11
eakf_model3,0.9999999999160257
