model_name,weigth
arima,0.0
eakf_model1,3.23025631847918e-135
eakf_model2,0.25498048663442435
eakf_model3,0.7450195133655758
sarima,3e-323
