model_name,weigth
arima,2.0535185957808245e-92
eakf_model1,7.406933611984533e-31
eakf_model2,6.68685129759759e-11
eakf_model3,0.9999999999331316
sarima,4.596495068076691e-96
