model_name,weigth
arima,4.697201248825893e-106
eakf_model1,1.3464856044723557e-14
eakf_model2,0.9999999998890065
eakf_model3,1.1098020128277444e-10
sarima,7.648309258289683e-92
