model_name,weigth
arima,5.809774229720676e-152
eakf_model1,2.011018605180839e-27
eakf_model2,1.5765784609133993e-10
eakf_model3,0.9999999998423422
sarima,3.7375936913911735e-140
