model_name,weigth
arima,0.07904097223537855
eakf_model1,1.039767715780733e-66
eakf_model2,0.5522885615761096
eakf_model3,0.36867046618851196
