model_name,weigth
arima,0.0
eakf_model1,2.5e-323
eakf_model2,0.006416387860257606
eakf_model3,0.9935836121397423
