model_name,weigth
arima,0.0
eakf_model1,6.322372732955955e-34
eakf_model2,2.354562174685245e-09
eakf_model3,0.9999999976454378
sarima,3e-323
