model_name,weigth
arima,1.0943497591153566e-194
eakf_model1,4.1879580855452417e-81
eakf_model2,2.0018053210621547e-10
eakf_model3,0.9999999997998196
