model_name,weigth
arima,1.0135348017240212e-183
eakf_model1,2.605772392897725e-76
eakf_model2,0.10327459538855883
eakf_model3,0.8967254046114412
