model_name,weigth
arima,1.045267614928382e-133
eakf_model1,5.191036285863499e-12
eakf_model2,1.765435324234775e-28
eakf_model3,0.9999999999948089
sarima,2.4678880689490952e-23
