model_name,weigth
arima,1.8915574757916254e-46
eakf_model1,3.4633485781069875e-12
eakf_model2,4.4282509408846255e-25
eakf_model3,0.9999999999965367
sarima,1.0944137843803732e-42
