model_name,weigth
arima,0.0
eakf_model1,0.9999999983996244
eakf_model2,1.7415082243552668e-143
eakf_model3,1.6003754884297244e-09
sarima,0.0
