model_name,weigth
arima,3.9466357580473565e-72
eakf_model1,0.9999999999428288
eakf_model2,5.301580145868522e-11
eakf_model3,4.155274556336988e-12
sarima,5.056811511108419e-75
