model_name,weigth
arima,9.07118972322441e-183
eakf_model1,0.9999999999201145
eakf_model2,6.709135119145927e-42
eakf_model3,7.988548347560138e-11
sarima,6.184630231724215e-252
