model_name,weigth
arima,2e-323
eakf_model1,0.9999999992186169
eakf_model2,2.9565393170434298e-43
eakf_model3,7.813830601384643e-10
sarima,0.0
