model_name,weigth
arima,0.0
eakf_model1,0.9999999995100111
eakf_model2,4.899889373758912e-10
eakf_model3,3.950481819147334e-17
sarima,0.0
