model_name,weigth
arima,0.0
eakf_model1,1.1794251478672747e-09
eakf_model2,1.4456115025933382e-87
eakf_model3,0.9999999988205748
sarima,2e-323
