model_name,weigth
arima,0.0
eakf_model1,8.867930293957777e-10
eakf_model2,7.486524117161224e-59
eakf_model3,0.9999999991132069
sarima,0.0
