model_name,weigth
arima,2e-323
eakf_model1,8.147240729036212e-10
eakf_model2,1.9999196778729922e-92
eakf_model3,0.9999999991852758
sarima,0.0
