model_name,weigth
arima,2e-323
eakf_model1,4.746424881278275e-17
eakf_model2,0.9999999989577664
eakf_model3,1.0422334981675376e-09
sarima,4e-323
