model_name,weigth
arima,0.0
eakf_model1,4.632404507347989e-10
eakf_model2,1.6981714207493836e-29
eakf_model3,0.9999999995367594
sarima,0.0
