model_name,weigth
arima,2e-323
eakf_model1,5.569890983010704e-10
eakf_model2,1.2536257548872175e-44
eakf_model3,0.9999999994430109
sarima,2e-323
