model_name,weigth
arima,2e-323
eakf_model1,3.351871431138635e-18
eakf_model2,0.9999999998528106
eakf_model3,1.4718930676651843e-10
sarima,0.0
