model_name,weigth
arima,3.531323912245074e-274
eakf_model1,7.248207970409343e-11
eakf_model2,8.800513085856943e-44
eakf_model3,0.999999999927518
sarima,2.2857390605e-313
