model_name,weigth
arima,1.4814329970531697e-217
eakf_model1,4.0699623564164566e-11
eakf_model2,6.951173587211047e-29
eakf_model3,0.9999999999593003
sarima,6.944238688023839e-264
