model_name,weigth
arima,0.0
eakf_model1,0.9999999998146737
eakf_model2,1.8530991725843617e-10
eakf_model3,1.6533390474264443e-14
sarima,0.0
