model_name,weigth
arima,2.0022063957640182e-159
eakf_model1,0.9999999999863485
eakf_model2,1.3626809380504619e-11
eakf_model3,2.4812140049442372e-14
sarima,4.1728392186949493e-140
