model_name,weigth
arima,1.8777866531382193e-75
eakf_model1,0.9999999999945368
eakf_model2,5.433226130460448e-12
eakf_model3,2.992559568460449e-14
sarima,5.1513089740915925e-48
