model_name,weigth
arima,3.423597134921041e-134
eakf_model1,2.9657148046383163e-11
eakf_model2,3.748344127846716e-32
eakf_model3,0.9999999999703428
sarima,4.8024594022266187e-119
