model_name,weigth
arima,1.0098849659006712e-298
eakf_model1,0.9999999999116714
eakf_model2,3.316353703330464e-56
eakf_model3,8.832861317324582e-11
sarima,1.654717462742883e-300
