model_name,weigth
arima,5.4609018584945144e-263
eakf_model1,0.9999999999712603
eakf_model2,1.9335885055082286e-15
eakf_model3,2.873772376057699e-11
sarima,9.958863923637612e-278
