model_name,weigth
arima,2e-323
eakf_model1,0.9999999995086146
eakf_model2,1.720089049866134e-108
eakf_model3,4.913852542832176e-10
sarima,0.0
