model_name,weigth
arima,2.1879021431633244e-112
eakf_model1,9.735170985650173e-11
eakf_model2,8.006848486517393e-42
eakf_model3,0.9999999999026483
sarima,6.50966257851043e-89
