model_name,weigth
arima,0.0
eakf_model1,0.9999999996642156
eakf_model2,3.3578437192027413e-10
eakf_model3,1.5539755635087704e-42
sarima,3.1098573131756747e-284
