model_name,weigth
arima,3.638800957545085e-75
eakf_model1,0.999999999985707
eakf_model2,1.424120809176901e-11
eakf_model3,5.1772344577143277e-14
sarima,4.971667304392458e-43
