model_name,weigth
arima,1.6437652599823948e-52
eakf_model1,0.9999999999950738
eakf_model2,1.1190067354692305e-15
eakf_model3,4.924948178150851e-12
sarima,4.866695245255743e-27
