model_name,weigth
arima,1.1555698753699245e-238
eakf_model1,0.9999999998965905
eakf_model2,1.0340938009398034e-10
eakf_model3,9.596163007905345e-21
sarima,1.4383430756817127e-146
