model_name,weigth
arima,3.588262452416819e-52
eakf_model1,0.9999999999956305
eakf_model2,1.2306711969430026e-13
eakf_model3,4.2465068270304154e-12
sarima,1.4021378669602336e-25
