model_name,weigth
arima,5.215518341670481e-160
eakf_model1,0.9999999996723083
eakf_model2,2.4844393400047296e-14
eakf_model3,3.276667940102584e-10
sarima,3.3096958519945093e-127
