model_name,weigth
arima,3.1221810370373182e-235
eakf_model1,8.277455324437738e-11
eakf_model2,0.9999999999172254
eakf_model3,4.360406386152829e-19
sarima,6.99837697576719e-213
