model_name,weigth
arima,2e-323
eakf_model1,1.4638066520022737e-10
eakf_model2,7.820840408586834e-28
eakf_model3,0.9999999998536193
sarima,3.276009782651513e-291
