model_name,weigth
arima,2e-323
eakf_model1,3.1157015603543805e-08
eakf_model2,0.9999999688429844
eakf_model3,1.0589034766660337e-208
sarima,4e-323
