model_name,weigth
arima,2e-323
eakf_model1,3.357460550902152e-10
eakf_model2,0.7339322934806005
eakf_model3,0.2660677061836534
sarima,2e-323
