model_name,weigth
arima,2.262913285758906e-111
eakf_model1,9.422016208328912e-35
eakf_model2,1.4303962559610275e-11
eakf_model3,0.999999999985696
sarima,9.291091487265461e-23
