model_name,weigth
arima,1.5300081872663583e-64
eakf_model1,4.29402050095707e-12
eakf_model2,9.003408294192378e-24
eakf_model3,0.999999999995706
sarima,1.9235058957183944e-55
