model_name,weigth
arima,8.346805913741018e-116
eakf_model1,3.4864794737818505e-27
eakf_model2,2.1240241376906044e-11
eakf_model3,0.9999999999787597
sarima,2.4548149567812556e-27
