model_name,weigth
arima,1.5173776357876244e-58
eakf_model1,2.5787551093055562e-14
eakf_model2,8.589899998202469e-12
eakf_model3,0.9999999999913843
sarima,6.684564878116361e-32
