model_name,weigth
arima,1.9726032830775924e-66
eakf_model1,4.418615758155312e-17
eakf_model2,7.595473062336587e-12
eakf_model3,0.9999999999924045
sarima,6.033792550905387e-25
