model_name,weigth
arima,2.951770097851748e-61
eakf_model1,2.834029255602257e-12
eakf_model2,9.594781041246373e-21
eakf_model3,0.999999999997166
sarima,3.9110074508098325e-48
