model_name,weigth
arima,4.0633317980007506e-63
eakf_model1,3.284851224112653e-12
eakf_model2,2.0277950743469566e-16
eakf_model3,0.9999999999967151
sarima,2.0226296885564435e-44
