model_name,weigth
arima,3.8577278863709754e-114
eakf_model1,4.333203422309344e-12
eakf_model2,4.9103991380173367e-11
eakf_model3,0.9999999999465627
sarima,3.262771879507521e-99
