model_name,weigth
arima,2.4788736582800005e-113
eakf_model1,2.5961152674169136e-11
eakf_model2,2.0952281647790193e-33
eakf_model3,0.9999999999740389
sarima,4.953290042869582e-105
