model_name,weigth
arima,3.016971373777114e-88
eakf_model1,3.22090610145291e-23
eakf_model2,1.2298004720559975e-11
eakf_model3,0.999999999987702
sarima,6.518296260922066e-29
