model_name,weigth
arima,6.112003548971164e-76
eakf_model1,5.913863642093674e-13
eakf_model2,1.0230804641206268e-11
eakf_model3,0.9999999999891778
sarima,4.070504316900188e-31
