model_name,weigth
arima,4e-323
eakf_model1,4.3329745217400525e-46
eakf_model2,0.9999999940562392
eakf_model3,5.943760762616462e-09
sarima,4e-323
