model_name,weigth
arima,2e-323
eakf_model1,1.7295166208750435e-12
eakf_model2,0.9999999990398191
eakf_model3,9.584514101541728e-10
sarima,4e-323
