model_name,weigth
arima,2.289216141081086e-152
eakf_model1,6.3017178793022e-11
eakf_model2,7.513743746715552e-17
eakf_model3,0.9999999999369827
sarima,4.206107674231244e-80
