model_name,weigth
arima,2e-323
eakf_model1,5.331646653629837e-21
eakf_model2,0.9999999993430279
eakf_model3,6.569721593097676e-10
sarima,1.1149732191273915e-307
