model_name,weigth
arima,5.272195224807376e-83
eakf_model1,7.629777372422231e-28
eakf_model2,9.07954440203571e-12
eakf_model3,0.9999999999909205
sarima,3.0264579829578e-17
