model_name,weigth
arima,2.027459771581327e-290
eakf_model1,5.985085814453693e-10
eakf_model2,3.900000196892864e-15
eakf_model3,0.9999999994014874
sarima,8.317954989352135e-160
