model_name,weigth
arima,2.5476645969584046e-118
eakf_model1,1.1945240630561934e-10
eakf_model2,0.9999999998805477
eakf_model3,9.010855840443352e-39
sarima,1.589678423306622e-101
