model_name,weigth
arima,8.492681273793598e-75
eakf_model1,4.29069764360672e-11
eakf_model2,0.999999999957093
eakf_model3,3.608532646757886e-22
sarima,4.6591323793589807e-54
