model_name,weigth
arima,2.6129509776174034e-195
eakf_model1,8.812748327320836e-71
eakf_model2,0.9999999999170616
eakf_model3,8.293844894772855e-11
sarima,4.488461912662793e-52
