model_name,weigth
arima,1.34846553139417e-70
eakf_model1,1.4460564081475928e-17
eakf_model2,0.9999999999777857
eakf_model3,2.221431262770926e-11
sarima,1.91595687310406e-34
