model_name,weigth
arima,2.8676468062182397e-61
eakf_model1,5.095378343709438e-19
eakf_model2,0.9999999999857373
eakf_model3,1.4262656229891867e-11
sarima,3.00078996788339e-26
