model_name,weigth
arima,3.270372242316192e-152
eakf_model1,1.363651277248076e-150
eakf_model2,3.5064917227167245e-53
eakf_model3,1.4012921621808113e-10
sarima,0.9999999998598708
