model_name,weigth
arima,3.1104131413966785e-148
eakf_model1,1.8905102810328361e-10
eakf_model2,0.9999999998109489
eakf_model3,1.403658148325976e-61
sarima,1.1173788006170182e-124
