model_name,weigth
arima,1.5697188941909016e-107
eakf_model1,3.339304334933529e-20
eakf_model2,4.4527902941993966e-10
eakf_model3,0.9999999995547209
sarima,8.590663354582637e-111
