model_name,weigth
arima,1.0255788787990932e-51
eakf_model1,3.944225003275249e-11
eakf_model2,0.9999999999603657
eakf_model3,1.9208968628297078e-13
sarima,6.699116302098882e-70
