model_name,weigth
arima,8.765269952892073e-56
eakf_model1,9.120473976895597e-69
eakf_model2,1.07403088425396e-14
eakf_model3,0.9999999999939067
sarima,6.082628666066131e-12
