model_name,weigth
arima,1.55741869732802e-44
eakf_model1,2.6215972550526643e-46
eakf_model2,2.836834152841952e-12
eakf_model3,0.9999999999971629
sarima,3.3363875806660473e-16
