model_name,weigth
arima,3.832566959215525e-105
eakf_model1,0.9999999996417479
eakf_model2,3.5825205281340164e-10
eakf_model3,4.080958198591509e-47
sarima,1.3703082860200959e-139
