model_name,weigth
arima,1.8727606768795532e-158
eakf_model1,0.9999999993613172
eakf_model2,6.386827186392269e-10
eakf_model3,1.5568695102047032e-56
sarima,1.9678837023322774e-191
