model_name,weigth
arima,6.584916363447286e-92
eakf_model1,1.8627449345690169e-10
eakf_model2,0.9999999998137254
eakf_model3,4.138049182835645e-31
sarima,3.6255478226679104e-119
