model_name,weigth
arima,2.5616449323837566e-63
eakf_model1,0.9999999992601752
eakf_model2,1.7000450785430612e-22
eakf_model3,7.39824720944011e-10
sarima,6.766566596809121e-98
