model_name,weigth
arima,1.028401580647159e-22
eakf_model1,7.136552071158897e-131
eakf_model2,2.598015364434095e-32
eakf_model3,1.4445413668047893e-10
sarima,0.9999999998555459
