model_name,weigth
arima,1.3633055081424754e-28
eakf_model1,1.858899534426072e-11
eakf_model2,0.999999999981411
eakf_model3,5.018914452945193e-17
sarima,1.4770313565414662e-25
