model_name,weigth
arima,1.555046332994251e-10
eakf_model1,5.5424862912526435e-25
eakf_model2,1.549958906862024e-24
eakf_model3,0.9999999998444954
sarima,1.4270855867825283e-44
