model_name,weigth
arima,1.3020160568921428e-86
eakf_model1,5.497923731138986e-11
eakf_model2,2.6644902304170946e-55
eakf_model3,0.9999999999450208
sarima,1.0002593025708135e-46
