model_name,weigth
arima,1.3321807137355809e-102
eakf_model1,1.6978352322233145e-10
eakf_model2,1.1168525217796973e-90
eakf_model3,0.9999999998302165
sarima,2.2586337991330486e-40
