model_name,weigth
arima,1.2605116174230349e-245
eakf_model1,1.5059201987083888e-15
eakf_model2,2e-323
eakf_model3,0.9999999914911706
sarima,8.508827837852336e-09
