model_name,weigth
arima,1.5468321231220798e-131
eakf_model1,6.115829575163113e-11
eakf_model2,8.210859972721173e-34
eakf_model3,0.9999999999388418
sarima,6.629141642224467e-71
