model_name,weigth
arima,2.5756341153112564e-16
eakf_model1,1.5750217151438342e-30
eakf_model2,2.720824253853572e-15
eakf_model3,3.0062250543376327e-12
sarima,0.9999999999969909
