model_name,weigth
arima,1.3930418115140196e-41
eakf_model1,5.042696355809799e-13
eakf_model2,7.886381045002887e-12
eakf_model3,0.9999999999916094
sarima,1.902489651099966e-41
