model_name,weigth
arima,6.419364764615787e-134
eakf_model1,7.2853224985298e-11
eakf_model2,2.0531737616233364e-14
eakf_model3,0.9999999999271262
sarima,5.036460825045378e-98
