model_name,weigth
arima,4.452354022716625e-54
eakf_model1,2.927460692099052e-20
eakf_model2,1.3140411753392198e-11
eakf_model3,0.9999999999868596
sarima,5.353933132198625e-46
