model_name,weigth
arima,5.537470654327656e-54
eakf_model1,9.919398830270665e-12
eakf_model2,9.438640617565083e-13
eakf_model3,0.9999999999891368
sarima,3.6393695161010904e-45
