model_name,weigth
arima,0.0
eakf_model1,2.406873036863735e-10
eakf_model2,0.9999999997593126
eakf_model3,8.853828428716175e-20
sarima,5.3252584008720575e-196
