model_name,weigth
arima,1.8229432546067858e-47
eakf_model1,6.393054733113046e-14
eakf_model2,8.523784061400383e-12
eakf_model3,0.9999999999914123
sarima,3.3335301607060903e-43
