model_name,weigth
arima,1.58487733124042e-87
eakf_model1,1.9418476431136415e-12
eakf_model2,5.266701654838712e-26
eakf_model3,0.999999999998058
sarima,7.263895247060739e-21
