model_name,weigth
arima,1.3894937187911967e-188
eakf_model1,9.298703297581105e-10
eakf_model2,1.3429716263787974e-18
eakf_model3,0.9999999990701296
sarima,1.5e-323
