model_name,weigth
arima,2.0326620052095893e-55
eakf_model1,7.608380594910602e-11
eakf_model2,0.9999999999239161
eakf_model3,1.956670250844738e-28
sarima,3.113754845939549e-65
