model_name,weigth
arima,6.837744309743867e-43
eakf_model1,1.600413284813883e-12
eakf_model2,5.24103040773924e-26
eakf_model3,0.9999999999983995
sarima,2.1065786066632685e-24
