model_name,weigth
arima,5.1473039054103544e-83
eakf_model1,0.9999999999298365
eakf_model2,8.612470870285607e-22
eakf_model3,7.016340957537555e-11
sarima,5.222315196173423e-90
