model_name,weigth
arima,0.0
eakf_model1,0.9999999974539189
eakf_model2,1.0688623620301716e-85
eakf_model3,2.546081076923307e-09
sarima,0.0
