model_name,weigth
arima,1.732658274004126e-174
eakf_model1,0.9999999999737805
eakf_model2,1.74295106675567e-31
eakf_model3,2.6219362970054467e-11
sarima,9.393951881957209e-232
