model_name,weigth
arima,2.288356272211773e-89
eakf_model1,0.9999999995254485
eakf_model2,4.745237378367095e-10
eakf_model3,2.7801074376036477e-14
sarima,6.828812066557515e-103
