model_name,weigth
arima,3.536631526917934e-246
eakf_model1,5.6430580078815725e-11
eakf_model2,1.121313949161017e-36
eakf_model3,0.9999999999435694
sarima,8.677976376245495e-231
