model_name,weigth
arima,0.0
eakf_model1,0.9999999863948533
eakf_model2,1.823876892854286e-148
eakf_model3,1.3605146641493714e-08
sarima,0.0
