model_name,weigth
arima,1.9805019637193703e-148
eakf_model1,5.924865399658526e-11
eakf_model2,1.3511772319189878e-40
eakf_model3,0.9999999999407514
sarima,9.813103688330644e-280
