model_name,weigth
arima,0.0
eakf_model1,0.9999999992795223
eakf_model2,2.0298336365589662e-23
eakf_model3,7.204777392856305e-10
sarima,0.0
