model_name,weigth
arima,1.1471061345557286e-286
eakf_model1,6.35488691179823e-11
eakf_model2,5.626515203797513e-18
eakf_model3,0.9999999999364511
sarima,1.1471061345557286e-286
