model_name,weigth
arima,0.0
eakf_model1,0.9999999999170015
eakf_model2,3.0553446592751637e-12
eakf_model3,7.994312597339277e-11
sarima,0.0
