model_name,weigth
arima,1.2904665615726898e-262
eakf_model1,4.207648005782768e-14
eakf_model2,2.2975000900601283e-10
eakf_model3,0.9999999997702078
sarima,1.635227189449374e-239
