model_name,weigth
arima,0.0
eakf_model1,0.999999733578699
eakf_model2,2.664213008394551e-07
eakf_model3,1.3129389773477964e-244
sarima,0.0
