model_name,weigth
arima,0.0
eakf_model1,0.9999999996452993
eakf_model2,3.5463473256214885e-10
eakf_model3,6.602470045185023e-14
sarima,0.0
