model_name,weigth
arima,1.9171530967119375e-129
eakf_model1,1.8805794950509797e-11
eakf_model2,2.060253200878435e-25
eakf_model3,0.9999999999811942
sarima,1.1878054690827013e-114
