model_name,weigth
arima,0.0
eakf_model1,0.9999999997835021
eakf_model2,4.171707265573389e-81
eakf_model3,2.1649780517114317e-10
sarima,0.0
