model_name,weigth
arima,1.022344524758306e-120
eakf_model1,0.9999999999918608
eakf_model2,7.838261343727772e-12
eakf_model3,3.0080404665908516e-13
sarima,4.5839788809164605e-99
