model_name,weigth
arima,4.83799983798119e-187
eakf_model1,0.9999999999781055
eakf_model2,8.848537988812625e-33
eakf_model3,2.189438087956686e-11
sarima,6.480418637562882e-194
