model_name,weigth
arima,4.3692643108574507e-128
eakf_model1,3.327282025271159e-11
eakf_model2,1.3254299569772337e-36
eakf_model3,0.9999999999667271
sarima,5.309070132937062e-108
