model_name,weigth
arima,4.319347174704837e-82
eakf_model1,5.2541379922328247e-11
eakf_model2,1.4824485601593784e-36
eakf_model3,0.9999999999474585
sarima,5.369697311947857e-68
