model_name,weigth
arima,4.272028882126917e-98
eakf_model1,5.806767487186973e-11
eakf_model2,1.2012686514321854e-37
eakf_model3,0.9999999999419323
sarima,1.273915519864733e-77
