model_name,weigth
arima,4.583419833551163e-43
eakf_model1,0.9999999999971048
eakf_model2,5.105545349952985e-14
eakf_model3,2.8440837607583945e-12
sarima,3.118611995819942e-20
