model_name,weigth
arima,8.995980644219891e-121
eakf_model1,0.9999999999529684
eakf_model2,4.703122142056303e-11
eakf_model3,3.144429810098745e-16
sarima,1.4810862956462997e-73
