model_name,weigth
arima,4.410074747603665e-273
eakf_model1,0.9999999996469836
eakf_model2,1.390389117000524e-41
eakf_model3,3.5301637488816763e-10
sarima,8.96655942226392e-197
