model_name,weigth
arima,1.6491920482945785e-66
eakf_model1,0.9999999999916158
eakf_model2,2.7191540124434964e-18
eakf_model3,8.384104841740744e-12
sarima,6.893455866355167e-35
