model_name,weigth
arima,3.9872807006863675e-54
eakf_model1,1.4262930311135738e-11
eakf_model2,0.999999999985737
eakf_model3,9.364911692668838e-24
sarima,1.1786543682014588e-44
