model_name,weigth
arima,3.562844564749203e-229
eakf_model1,8.449836937049018e-11
eakf_model2,0.9999999999155016
eakf_model3,3.571988016532311e-25
sarima,1.3881888742298798e-166
