model_name,weigth
arima,0.0
eakf_model1,3.427520041838598e-10
eakf_model2,0.999999999657248
eakf_model3,2.538632832810666e-25
sarima,0.0
