model_name,weigth
arima,2.1896302593663378e-128
eakf_model1,1.2862954776754069e-11
eakf_model2,2.1706988463192876e-15
eakf_model3,0.9999999999871347
sarima,7.418328263402428e-86
