model_name,weigth
arima,2.9688560615280827e-106
eakf_model1,1.603492233265169e-12
eakf_model2,7.439649733045762e-12
eakf_model3,0.9999999999909568
sarima,5.446892596367329e-67
