model_name,weigth
arima,4.1209469208885346e-70
eakf_model1,6.293724881125847e-12
eakf_model2,1.0202747816031952e-27
eakf_model3,0.9999999999937061
sarima,1.423624837475407e-63
