model_name,weigth
arima,2.9132906202496573e-67
eakf_model1,8.107856445083572e-14
eakf_model2,1.5039302231034044e-11
eakf_model3,0.9999999999848795
sarima,8.463447277781707e-56
