model_name,weigth
arima,3.784881844437932e-55
eakf_model1,2.293407902332931e-12
eakf_model2,3.1276091278815402e-24
eakf_model3,0.9999999999977065
sarima,2.1568310390014548e-46
