model_name,weigth
arima,6.008208628352547e-59
eakf_model1,4.491741775694205e-14
eakf_model2,8.45946576877257e-12
eakf_model3,0.9999999999914955
sarima,2.7076112655911696e-26
