model_name,weigth
arima,1.0814771787621146e-111
eakf_model1,1.7276016237536756e-36
eakf_model2,1.5570178738550844e-11
eakf_model3,0.9999999999844298
sarima,3.5886176695328276e-20
