model_name,weigth
arima,3e-323
eakf_model1,3.385018485083634e-28
eakf_model2,0.9999999994012412
eakf_model3,5.987588501312482e-10
sarima,9.37719358799355e-296
