model_name,weigth
arima,3.0507364277228015e-230
eakf_model1,1.541163491070936e-10
eakf_model2,1.0172169762409463e-19
eakf_model3,0.9999999998458835
sarima,2.0974477213688516e-140
