model_name,weigth
arima,2.407796972378658e-94
eakf_model1,7.329108930067289e-28
eakf_model2,1.4341136606692159e-11
eakf_model3,0.9999999999856588
sarima,1.5150291367405086e-26
