model_name,weigth
arima,5.577881119027666e-81
eakf_model1,5.940701038044425e-29
eakf_model2,1.0694148491840031e-11
eakf_model3,0.9999999999893042
sarima,1.5642734932551559e-15
