model_name,weigth
arima,1.2893259495443727e-101
eakf_model1,7.889093556541035e-26
eakf_model2,1.55337999927504e-11
eakf_model3,0.9999999999844662
sarima,7.297292455863306e-37
