model_name,weigth
arima,2.3241018359311728e-152
eakf_model1,0.9999999997256371
eakf_model2,2.743628283691339e-10
eakf_model3,1.46925777010108e-40
sarima,5.174515598278206e-144
