model_name,weigth
arima,2.7929069743455567e-185
eakf_model1,3.357992418343847e-10
eakf_model2,0.9999999996642007
eakf_model3,9.407538755724552e-74
sarima,2.7177089676010245e-182
