model_name,weigth
arima,1.5e-323
eakf_model1,4.0360899459318445e-155
eakf_model2,0.9999999996021238
eakf_model3,3.9787613865975844e-10
sarima,1.9828599592302796e-100
