model_name,weigth
arima,1.5e-323
eakf_model1,9.55536819078589e-100
eakf_model2,3.9205002189085055e-10
eakf_model3,0.9999999996079499
sarima,4.952080044157266e-94
