model_name,weigth
arima,6.116319635090783e-92
eakf_model1,7.083196829618295e-11
eakf_model2,0.999999999929168
eakf_model3,4.615262859097238e-29
sarima,2.751444608705343e-76
