model_name,weigth
arima,5.141512717632953e-216
eakf_model1,0.999999999599516
eakf_model2,3.228245557726049e-17
eakf_model3,4.004840290667059e-10
sarima,6.0723653641881e-149
