model_name,weigth
arima,1.6274125352389448e-101
eakf_model1,3.8621805997963944e-38
eakf_model2,0.9999999999775064
eakf_model3,2.2493608768176572e-11
sarima,3.117537768778977e-29
