model_name,weigth
arima,6.773864345579392e-143
eakf_model1,1.3627003945443332e-39
eakf_model2,0.9999999999086174
eakf_model3,9.138246620870528e-11
sarima,1.48799866166802e-53
