model_name,weigth
arima,1.5686269318825858e-48
eakf_model1,0.9999999999737155
eakf_model2,2.5587473851782096e-11
eakf_model3,6.968488277198051e-13
sarima,3.278500633681099e-20
