model_name,weigth
arima,9.376904725280077e-167
eakf_model1,2.4402205037490476e-10
eakf_model2,0.999999999755978
eakf_model3,5.025065193430762e-80
sarima,2.750115184709353e-167
