model_name,weigth
arima,4.790206919871766e-84
eakf_model1,3.5091648118831325e-67
eakf_model2,6.782055870517843e-43
eakf_model3,4.8956601614201794e-11
sarima,0.9999999999510434
