model_name,weigth
arima,4.52584606720508e-280
eakf_model1,4.078807170222319e-56
eakf_model2,1.8829891616045913e-88
eakf_model3,1.4204043390267315e-09
sarima,0.9999999985795955
