model_name,weigth
arima,2.208448304878497e-73
eakf_model1,0.9999999999465701
eakf_model2,5.342989448453636e-11
eakf_model3,1.1970024838383888e-43
sarima,6.594990785205791e-57
