model_name,weigth
arima,5.743318317076878e-53
eakf_model1,7.157774448284948e-64
eakf_model2,4.008039132920419e-12
eakf_model3,0.9999999999957067
sarima,2.853476397665673e-13
