model_name,weigth
arima,9.029143669832204e-78
eakf_model1,9.864282854181443e-32
eakf_model2,4.543109561413108e-11
eakf_model3,0.9999999999545688
sarima,8.215513010325384e-73
