model_name,weigth
arima,1.9395652240745782e-70
eakf_model1,8.486009774907869e-11
eakf_model2,0.9999999999151399
eakf_model3,2.9298198151118742e-24
sarima,4.720367290239442e-102
