model_name,weigth
arima,1.621358744315288e-33
eakf_model1,1.6446605640278716e-29
eakf_model2,3.0906636870551886e-11
eakf_model3,0.9999999999690932
sarima,2.2470376174375846e-30
