model_name,weigth
arima,3.918790241089457e-62
eakf_model1,1.1964099429931535e-26
eakf_model2,6.887399608956225e-11
eakf_model3,0.9999999999311259
sarima,3.0318441056491454e-61
