model_name,weigth
arima,2.0622635489453184e-66
eakf_model1,1.3093614363960682e-15
eakf_model2,0.9999999999315065
eakf_model3,6.84922474166828e-11
sarima,9.148074571083422e-84
