model_name,weigth
arima,2.913874187300387e-22
eakf_model1,5.097018527566578e-17
eakf_model2,0.9999999999837621
eakf_model3,1.6237900791895562e-11
sarima,7.984132477302777e-22
