model_name,weigth
arima,2.610013065707402e-101
eakf_model1,0.9999999995443554
eakf_model2,4.556446572343063e-10
eakf_model3,2.179535658583563e-33
sarima,1.3404317915590562e-117
