model_name,weigth
arima,7.287137601527725e-10
eakf_model1,3.656645630190258e-233
eakf_model2,9.194474491474986e-81
eakf_model3,0.9999999992712861
sarima,3.133620527566693e-74
