model_name,weigth
arima,3.762224019942933e-78
eakf_model1,1.2859706302789087e-10
eakf_model2,0.9999999998714029
eakf_model3,3.939279960902929e-31
sarima,5.276071268583265e-69
