model_name,weigth
arima,1.4851374611374676e-13
eakf_model1,1.0272716528955336e-50
eakf_model2,1.2153525487242338e-16
eakf_model3,9.022789378507579e-12
sarima,0.9999999999908287
