model_name,weigth
arima,2.5481068653091077e-38
eakf_model1,3.1587469964496016e-11
eakf_model2,0.9999999999684125
eakf_model3,9.325662195061999e-21
sarima,2.8457701529174933e-33
