model_name,weigth
arima,1.5946000519351967e-85
eakf_model1,2.8687594148847765e-11
eakf_model2,1.8049093514321104e-25
eakf_model3,0.9999999999713123
sarima,1.5467673842699625e-37
