model_name,weigth
arima,5.883297229169983e-130
eakf_model1,1.536955523483943e-10
eakf_model2,4.030282159690566e-88
eakf_model3,0.9999999998463043
sarima,7.2714397085597675e-81
