model_name,weigth
arima,2.3503303675418434e-303
eakf_model1,1.873387181546146e-10
eakf_model2,0.9999999998126613
eakf_model3,9.692481145255836e-18
sarima,2.4905600425866502e-182
