model_name,weigth
arima,9.15756988009212e-18
eakf_model1,1.3080914968498205e-28
eakf_model2,2.2987602185717885e-15
eakf_model3,2.401280318146548e-12
sarima,0.9999999999975964
