model_name,weigth
arima,6.536539684076704e-12
eakf_model1,2.3532992836379058e-14
eakf_model2,2.9288065947517705e-44
eakf_model3,5.606627862183765e-13
sarima,0.9999999999928793
