model_name,weigth
arima,1.5e-323
eakf_model1,3.457136105338966e-10
eakf_model2,0.9999999996542864
eakf_model3,6.170021946465978e-23
sarima,1.1474447221796199e-245
