model_name,weigth
arima,2.658813390915184e-12
eakf_model1,6.655822640166131e-18
eakf_model2,8.872782073301343e-28
eakf_model3,9.54080319723222e-15
sarima,0.9999999999973316
