model_name,weigth
arima,9.313295756729819e-20
eakf_model1,8.89286963188478e-40
eakf_model2,1.0576469770950029e-16
eakf_model3,5.137730611188693e-12
sarima,0.9999999999948621
