model_name,weigth
arima,2.1742437289842573e-72
eakf_model1,1.0735788259280637e-24
eakf_model2,2.510616138162439e-11
eakf_model3,0.9999999999748937
sarima,1.9354545393073715e-60
