model_name,weigth
arima,1.3174534418700982e-58
eakf_model1,3.339600869549748e-27
eakf_model2,4.9890974617010984e-11
eakf_model3,0.999999999950109
sarima,8.24009945308817e-29
