model_name,weigth
arima,2.892334372990575e-79
eakf_model1,3.203715992790366e-30
eakf_model2,4.650666747845296e-11
eakf_model3,0.9999999999534933
sarima,6.88042995785778e-56
