model_name,weigth
arima,1.1489321298806865e-34
eakf_model1,2.153482664816589e-12
eakf_model2,3.0926638922268458e-12
eakf_model3,0.9999999999947539
sarima,7.653631486711529e-34
