model_name,weigth
arima,7.38681231950008e-202
eakf_model1,2.974514979933758e-11
eakf_model2,6.537888050024938e-45
eakf_model3,0.9999999999702549
sarima,2.0410923695627208e-32
