model_name,weigth
arima,0.0
eakf_model1,1.016423918823343e-26
eakf_model2,4.910373983391378e-304
eakf_model3,0.9999999979619528
sarima,2.0380472561708347e-09
