model_name,weigth
arima,0.0
eakf_model1,0.9999999983583703
eakf_model2,9.826370356318319e-281
eakf_model3,1.6416297790237256e-09
sarima,2.1269262866610856e-269
