model_name,weigth
arima,2.2669860246371475e-88
eakf_model1,4.4288764573416387e-11
eakf_model2,9.949076432737789e-25
eakf_model3,0.9999999999557112
sarima,5.53510122885098e-100
