model_name,weigth
arima,2.8557475786757087e-114
eakf_model1,2.0216018667279473e-11
eakf_model2,3.0348189928714154e-25
eakf_model3,0.9999999999797841
sarima,4.8282591954065e-81
