model_name,weigth
arima,7.098983124888889e-171
eakf_model1,0.9999999998129413
eakf_model2,1.906531010373828e-34
eakf_model3,1.87058701268079e-10
sarima,1.3115529963294266e-187
