model_name,weigth
arima,2.1663412102807763e-188
eakf_model1,8.461006205545676e-11
eakf_model2,3.9345280441143644e-45
eakf_model3,0.99999999991539
sarima,7.6647748001e-313
