model_name,weigth
arima,0.0
eakf_model1,0.9999999993634194
eakf_model2,6.3417860425833975e-27
eakf_model3,6.365806314491701e-10
sarima,0.0
