model_name,weigth
arima,0.0
eakf_model1,2.487805489589888e-10
eakf_model2,1.7540999141552839e-56
eakf_model3,0.9999999997512196
sarima,0.0
