model_name,weigth
arima,0.0
eakf_model1,0.9999999996805912
eakf_model2,8.519974177525949e-16
eakf_model3,3.194081490777273e-10
sarima,0.0
