model_name,weigth
arima,0.0
eakf_model1,0.9999999997913646
eakf_model2,9.00213387679207e-14
eakf_model3,2.085454391404918e-10
sarima,0.0
