model_name,weigth
arima,0.0
eakf_model1,6.001058985219198e-09
eakf_model2,1.8302039204901035e-147
eakf_model3,0.999999993998941
sarima,0.0
