model_name,weigth
arima,3.381294445824715e-228
eakf_model1,1.0147068144662887e-10
eakf_model2,7.774883774179829e-33
eakf_model3,0.9999999998985295
sarima,3.381294445824715e-228
