model_name,weigth
arima,0.0
eakf_model1,0.999999966979362
eakf_model2,3.3020638049107356e-08
eakf_model3,8.523281512781085e-47
sarima,0.0
