model_name,weigth
arima,0.0
eakf_model1,9.679481365265642e-39
eakf_model2,0.0792321931756181
eakf_model3,0.9207678068243818
sarima,0.0
