model_name,weigth
arima,2.1903540152545454e-220
eakf_model1,3.97349115985913e-11
eakf_model2,3.318158808848809e-23
eakf_model3,0.9999999999602652
sarima,2.441963801730961e-269
