model_name,weigth
arima,5.59413570488995e-235
eakf_model1,0.9999999999595152
eakf_model2,1.0989626835460784e-23
eakf_model3,4.0484998325414167e-11
sarima,6.135444572518006e-239
