model_name,weigth
arima,9.985906131994327e-248
eakf_model1,0.9999999999712027
eakf_model2,2.8797433194145547e-11
eakf_model3,4.461438392748218e-21
sarima,3.478600069947686e-243
