model_name,weigth
arima,2.2456484724090596e-233
eakf_model1,0.9999999999410694
eakf_model2,2.4022138862594207e-32
eakf_model3,5.893066607191006e-11
sarima,3.000241847836871e-228
