model_name,weigth
arima,0.0
eakf_model1,0.9999999912613589
eakf_model2,2.09548317534695e-262
eakf_model3,8.738641211594395e-09
sarima,0.0
