model_name,weigth
arima,1.0402264508512458e-94
eakf_model1,0.9999999999923287
eakf_model2,7.671434310429911e-12
eakf_model3,2.3389049630315006e-19
sarima,4.677717595140386e-68
