model_name,weigth
arima,3.069205830891042e-234
eakf_model1,0.999999999976296
eakf_model2,2.3688035244839423e-11
eakf_model3,1.6086497694593968e-14
sarima,3.6863861397013746e-243
