model_name,weigth
arima,1.3415413007369303e-118
eakf_model1,0.9999999999267261
eakf_model2,7.42963622395815e-21
eakf_model3,7.327404262364577e-11
sarima,8.726973029401133e-86
