model_name,weigth
arima,5.21157657873689e-72
eakf_model1,0.9999999999801346
eakf_model2,1.6492259675671683e-11
eakf_model3,3.373270469249745e-12
sarima,7.759744814576167e-42
