model_name,weigth
arima,7.055048045918834e-56
eakf_model1,0.9999999999957581
eakf_model2,2.8329840239770306e-13
eakf_model3,3.9587135404511205e-12
sarima,1.4722052759019472e-30
