model_name,weigth
arima,1.0998397489070452e-149
eakf_model1,0.999999999925682
eakf_model2,1.9529064476033198e-19
eakf_model3,7.4318013829634e-11
sarima,1.236185727722805e-101
