model_name,weigth
arima,1.0185035519521611e-263
eakf_model1,0.9999999993336424
eakf_model2,6.396575220480401e-31
eakf_model3,6.663576140529563e-10
sarima,2.0748189630192493e-197
