model_name,weigth
arima,1.6007164991960393e-186
eakf_model1,0.9999999999392167
eakf_model2,6.078323719414739e-11
eakf_model3,7.20543067539679e-18
sarima,2.266472936264683e-115
