model_name,weigth
arima,1.178721543898553e-255
eakf_model1,1.2005032522878848e-10
eakf_model2,0.9999999998799497
eakf_model3,4.450557542436101e-18
sarima,9.812952070531178e-192
