model_name,weigth
arima,1.6657727066877408e-97
eakf_model1,9.35995960643634e-12
eakf_model2,1.0000659295820984e-14
eakf_model3,0.99999999999063
sarima,5.379469498131385e-68
