model_name,weigth
arima,3.0628873325369326e-275
eakf_model1,1.3324846981558545e-10
eakf_model2,0.9999999998667515
eakf_model3,2.7729246168510548e-17
sarima,2.9711715642195335e-226
