model_name,weigth
arima,0.0
eakf_model1,2.969534001483789e-10
eakf_model2,0.9999999997030392
eakf_model3,7.445186964192107e-15
sarima,0.0
