model_name,weigth
arima,4.491033038898961e-282
eakf_model1,1.35780266586779e-10
eakf_model2,0.9999999998642062
eakf_model3,1.3617722588805724e-14
sarima,1.3276676747711524e-247
