model_name,weigth
arima,2.3283824029166424e-301
eakf_model1,1.7644290893018004e-10
eakf_model2,0.999999999823557
eakf_model3,5.6873386327597116e-18
sarima,2.2189571545796463e-199
