model_name,weigth
arima,0.0
eakf_model1,2.7483806128295914e-10
eakf_model2,7.433204254061639e-25
eakf_model3,0.999999999725162
sarima,0.0
