model_name,weigth
arima,7.872006513532562e-160
eakf_model1,7.270051382937813e-38
eakf_model2,6.31876440986971e-11
eakf_model3,0.9999999999368123
sarima,8.988025327241157e-42
