model_name,weigth
arima,1.3417779660495365e-150
eakf_model1,6.980434874468478e-11
eakf_model2,8.174841475444254e-27
eakf_model3,0.9999999999301957
sarima,5.331810892034132e-140
