model_name,weigth
arima,2.5374552712522784e-90
eakf_model1,7.48750442919645e-12
eakf_model2,8.504428145737433e-19
eakf_model3,0.9999999999925127
sarima,1.568775600018024e-63
