model_name,weigth
arima,1.986302039781092e-172
eakf_model1,6.188314160603171e-26
eakf_model2,1.0057005195605573e-10
eakf_model3,0.9999999998994299
sarima,2.7117528887839474e-92
