model_name,weigth
arima,3.2063807278274694e-236
eakf_model1,1.3407853457624332e-15
eakf_model2,2.95834255195062e-10
eakf_model3,0.9999999997041644
sarima,8.737308662599937e-166
