model_name,weigth
arima,8.686398671017155e-83
eakf_model1,6.809680193213566e-12
eakf_model2,1.9938578023361996e-21
eakf_model3,0.9999999999931903
sarima,3.78814915301895e-62
