model_name,weigth
arima,4.177071054235604e-117
eakf_model1,9.042585331526039e-32
eakf_model2,2.762522606373104e-11
eakf_model3,0.9999999999723748
sarima,5.957236588904574e-23
