model_name,weigth
arima,1.7270864847763055e-60
eakf_model1,5.2941246187388275e-12
eakf_model2,3.5961422090189406e-12
eakf_model3,0.9999999999911097
sarima,5.317975992810499e-38
