model_name,weigth
arima,5.235717051719865e-64
eakf_model1,1.2967232933192793e-19
eakf_model2,6.717399004780539e-12
eakf_model3,0.9999999999932826
sarima,1.6294385775454773e-17
