model_name,weigth
arima,1.9704481552201147e-61
eakf_model1,3.4689220637694696e-17
eakf_model2,8.320586929610799e-12
eakf_model3,0.9999999999916795
sarima,5.559913225851677e-21
