model_name,weigth
arima,5.4140966323056634e-136
eakf_model1,4.2876781164805075e-17
eakf_model2,4.41797671855514e-11
eakf_model3,0.9999999999558202
sarima,1.1245394650737599e-61
