model_name,weigth
arima,3.2035081743284945e-181
eakf_model1,7.72529575221878e-11
eakf_model2,1.5856155536967397e-11
eakf_model3,0.9999999999068909
sarima,1.1416411957849958e-99
