model_name,weigth
arima,7.070060495803698e-217
eakf_model1,1.993239044582187e-10
eakf_model2,2.7002039189205752e-17
eakf_model3,0.9999999998006762
sarima,3.3427964529668926e-163
