model_name,weigth
arima,0.0
eakf_model1,2.1297949908662046e-168
eakf_model2,2.52920340145377e-09
eakf_model3,0.9999999974707966
sarima,7.631218227340078e-271
