model_name,weigth
arima,0.0
eakf_model1,4.400914651272559e-81
eakf_model2,0.9999999991526778
eakf_model3,8.473222841856445e-10
sarima,4.1329419899226254e-147
