model_name,weigth
arima,2.709219223865928e-290
eakf_model1,5.996570200970687e-63
eakf_model2,3.9568609002356975e-10
eakf_model3,0.999999999604314
sarima,3.118734893381024e-95
