model_name,weigth
arima,7.39770527357001e-152
eakf_model1,2.6036149850260005e-10
eakf_model2,0.9999999997396385
eakf_model3,2.0573841045106397e-23
sarima,6.232484812966781e-109
