model_name,weigth
arima,1.7971220155665523e-159
eakf_model1,6.294202193281107e-33
eakf_model2,7.174680276898944e-11
eakf_model3,0.9999999999282531
sarima,2.044876555904063e-53
