model_name,weigth
arima,0.0
eakf_model1,1.8821545155343993e-104
eakf_model2,0.9999999996558656
eakf_model3,3.44134383599345e-10
sarima,7.865940806020518e-95
