model_name,weigth
arima,1.2481042997021887e-86
eakf_model1,5.7404132342452584e-27
eakf_model2,0.9999999999706919
eakf_model3,2.930808903866164e-11
sarima,1.8338877875599838e-34
