model_name,weigth
arima,3e-323
eakf_model1,1.8318213914854784e-276
eakf_model2,7.201425349793752e-59
eakf_model3,1.775759319826245e-09
sarima,0.9999999982242407
