model_name,weigth
arima,6.281809595802032e-185
eakf_model1,2.5512995282362738e-188
eakf_model2,1.6558006826567717e-54
eakf_model3,1.9365255365884537e-10
sarima,0.9999999998063476
