model_name,weigth
arima,2.455785642019495e-53
eakf_model1,5.58478737218412e-13
eakf_model2,0.999999999987765
eakf_model3,1.1676671145274553e-11
sarima,3.394194068065572e-30
