model_name,weigth
arima,1.0322735231105953e-169
eakf_model1,2.8405562091360306e-46
eakf_model2,5.058934426256429e-10
eakf_model3,0.9999999994941066
sarima,1.9449131316579502e-202
