model_name,weigth
arima,4.2096005516521655e-57
eakf_model1,2.0019520847247372e-30
eakf_model2,2.1443221265373732e-11
eakf_model3,0.9999999999785568
sarima,4.268245154815783e-53
