model_name,weigth
arima,4.899316720524745e-149
eakf_model1,0.9999999992750351
eakf_model2,7.249648051547463e-10
eakf_model3,3.882931601461661e-32
sarima,1.1076992245741756e-165
