model_name,weigth
arima,2.1672186251805015e-43
eakf_model1,6.6558374762585e-45
eakf_model2,3.7142346091587e-12
eakf_model3,0.9999999999962216
sarima,6.435566468698683e-14
