model_name,weigth
arima,6.330515899506724e-48
eakf_model1,4.640275971628343e-36
eakf_model2,8.449828596814633e-12
eakf_model3,0.9999999999915502
sarima,2.926966359497199e-31
