model_name,weigth
arima,7.79289856498228e-128
eakf_model1,4.828371138986127e-10
eakf_model2,0.9999999995166805
eakf_model3,4.82380878875603e-13
sarima,4.0901222897000533e-165
