model_name,weigth
arima,3.918981224851906e-67
eakf_model1,1.8681254651665133e-10
eakf_model2,0.9999999998131875
eakf_model3,9.782747265239215e-30
sarima,6.61405035437037e-69
