model_name,weigth
arima,9.931629866744668e-39
eakf_model1,2.3230434143812315e-25
eakf_model2,0.9999999999573735
eakf_model3,4.2626535736870916e-11
sarima,1.2348267175327448e-34
