model_name,weigth
arima,0.7307003593897314
eakf_model1,3e-323
eakf_model2,2.8756176112422107e-163
eakf_model3,1.9360301500848265e-08
sarima,0.2692996212499672
