model_name,weigth
arima,1.4133053823820314e-16
eakf_model1,1.604067240113521e-56
eakf_model2,4.988359717545526e-10
eakf_model3,0.9999999995011639
sarima,2.2242093491928063e-63
