model_name,weigth
arima,0.0
eakf_model1,4.940048572710608e-10
eakf_model2,3.0028338492225954e-42
eakf_model3,0.9999999995059952
sarima,2.622746471969557e-190
