model_name,weigth
arima,2.16486039783251e-138
eakf_model1,6.938803683950482e-10
eakf_model2,2.892276708783179e-149
eakf_model3,0.9999999993061198
sarima,7.511821275351385e-29
