model_name,weigth
arima,3.80269683208207e-13
eakf_model1,5.627935619849842e-22
eakf_model2,4.426139017959347e-17
eakf_model3,1.3773344489513083e-12
sarima,0.9999999999982424
