model_name,weigth
arima,0.0
eakf_model1,9.438733622160204e-10
eakf_model2,1.6799130148460416e-26
eakf_model3,0.9999999990561267
sarima,6.660052585980934e-243
