model_name,weigth
arima,1.86921191594312e-146
eakf_model1,2.6830728938078805e-10
eakf_model2,1.2651822916181199e-80
eakf_model3,0.9999999997316927
sarima,1.2544351636914836e-52
