model_name,weigth
arima,0.0
eakf_model1,0.9999998029151259
eakf_model2,1.9708487407455318e-07
eakf_model3,2.0138789763852076e-174
sarima,3e-323
