model_name,weigth
arima,1.1090942893795016e-127
eakf_model1,7.487616693329531e-11
eakf_model2,5.072605515095563e-13
eakf_model3,0.9999999999246165
sarima,5.957927031008344e-97
