model_name,weigth
arima,3.965590366022675e-64
eakf_model1,1.3663012992185145e-23
eakf_model2,2.5160673411485113e-11
eakf_model3,0.9999999999748393
sarima,3.3478319417452414e-53
