model_name,weigth
arima,6.449102233823052e-244
eakf_model1,0.8709574560085187
eakf_model2,6.90912419884846e-151
eakf_model3,0.1290425420268644
sarima,1.9646167058958526e-09
