model_name,weigth
arima,8.855844713558009e-81
eakf_model1,3.6017937200133286e-11
eakf_model2,1.6767090089923317e-29
eakf_model3,0.999999999963982
