model_name,weigth
arima,8.892814526644726e-65
eakf_model1,0.9999999999850444
eakf_model2,3.777924412376479e-38
eakf_model3,1.4955782793786472e-11
