model_name,weigth
arima,0.0
eakf_model1,0.9795279268631203
eakf_model2,8e-323
eakf_model3,0.020472073136879692
