model_name,weigth
arima,1.5e-323
eakf_model1,0.9999999979687533
eakf_model2,9.890641649408244e-207
eakf_model3,2.03124686633632e-09
