model_name,weigth
arima,3.307206384080628e-174
eakf_model1,0.9343639364948639
eakf_model2,0.06563606350513583
eakf_model3,3.0458768821412574e-20
