model_name,weigth
arima,1.5005771909219082e-209
eakf_model1,0.7992230566812346
eakf_model2,3e-323
eakf_model3,0.20077693993863757
sarima,3.3801280662682316e-09
