model_name,weigth
arima,6.4e-323
eakf_model1,0.9999999926272001
eakf_model2,3.1694668545110464e-98
eakf_model3,7.372799964777584e-09
