model_name,weigth
arima,5e-323
eakf_model1,0.8869763419788547
eakf_model2,1.0197527690921726e-115
eakf_model3,0.11302365802114536
sarima,3.457884350623102e-148
