model_name,weigth
arima,4.284997103960134e-206
eakf_model1,0.8661900094441973
eakf_model2,1.4092198956614144e-91
eakf_model3,0.1338099905558027
