model_name,weigth
arima,2.016936514642635e-52
eakf_model1,0.511444012946115
eakf_model2,1.468551052582273e-40
eakf_model3,0.4885559870538852
