model_name,weigth
arima,4.71409560108327e-209
eakf_model1,1.078130418869957e-10
eakf_model2,1.8898123296773346e-72
eakf_model3,0.9999999998921868
