model_name,weigth
arima,2.253035705101697e-66
eakf_model1,0.9999999998381087
eakf_model2,1.6109519158482472e-10
eakf_model3,7.96249419636383e-13
sarima,3.168174057437108e-17
