model_name,weigth
arima,1.617488318416523e-97
eakf_model1,0.9999999999583334
eakf_model2,3.6163799629181094e-11
eakf_model3,5.502761873462496e-12
