model_name,weigth
arima,2.1267154329011404e-146
eakf_model1,0.9999999999550714
eakf_model2,4.275342797078505e-11
eakf_model3,2.174791268002094e-12
