model_name,weigth
arima,5.607290642278562e-90
eakf_model1,3.4624588343460084e-11
eakf_model2,5.886635925031406e-29
eakf_model3,0.9999999999653755
