model_name,weigth
arima,2.2542328073215383e-118
eakf_model1,0.999999999955171
eakf_model2,1.6321408402446655e-11
eakf_model3,2.8507519445157815e-11
sarima,4.7811338547567285e-104
