model_name,weigth
arima,4.420147164765001e-96
eakf_model1,0.9999999999657357
eakf_model2,7.780610940868419e-13
eakf_model3,3.3486500613302216e-11
sarima,2.992291063201146e-86
