model_name,weigth
arima,1.2928644162234458e-54
eakf_model1,0.9999999999708861
eakf_model2,3.953289423592642e-12
eakf_model3,2.516066809155304e-11
sarima,1.171539739629499e-47
