model_name,weigth
arima,2.61398939663709e-116
eakf_model1,0.9999999999311477
eakf_model2,6.884734349226755e-11
eakf_model3,4.9441209373752746e-15
