model_name,weigth
arima,1.625634078619373e-83
eakf_model1,3.13554468350452e-11
eakf_model2,9.699655799389022e-28
eakf_model3,0.9999999999686446
