model_name,weigth
arima,0.0
eakf_model1,0.04207465037452124
eakf_model2,1.14e-322
eakf_model3,0.9579253496254788
