model_name,weigth
arima,3.474729240777607e-228
eakf_model1,0.9999999999108228
eakf_model2,8.838213467390383e-11
eakf_model3,7.948509765575279e-13
