model_name,weigth
arima,1.6130074425972768e-119
eakf_model1,4.955676205369531e-11
eakf_model2,2.7514320662214245e-39
eakf_model3,0.9999999999504432
