model_name,weigth
arima,6.657926922814643e-97
eakf_model1,0.999999999961545
eakf_model2,3.344320179879812e-11
eakf_model3,5.012149132492753e-12
sarima,3.185866117366597e-86
