model_name,weigth
arima,3.91023129731646e-62
eakf_model1,0.9999999999482956
eakf_model2,6.837184958076369e-13
eakf_model3,5.102066800972133e-11
sarima,3.0573043378023527e-46
