model_name,weigth
arima,9.020019931342033e-295
eakf_model1,1.8945176076300467e-10
eakf_model2,1.0025835538041763e-85
eakf_model3,0.999999999810548
