model_name,weigth
arima,1.868938102362228e-53
eakf_model1,0.9999999999697156
eakf_model2,6.35600667592472e-13
eakf_model3,2.9648869884219545e-11
sarima,7.188911788984175e-44
