model_name,weigth
arima,0.0
eakf_model1,4.4745924032105794e-09
eakf_model2,5.634423044883978e-270
eakf_model3,0.9999999955254076
