model_name,weigth
arima,2.3375342301592293e-170
eakf_model1,0.9999999999693412
eakf_model2,2.4188091532689886e-30
eakf_model3,3.0658912190419516e-11
