model_name,weigth
arima,2.0501910862580368e-237
eakf_model1,0.9999999999273744
eakf_model2,2.682060071070318e-45
eakf_model3,7.262529502584538e-11
