model_name,weigth
arima,1.3635173484162947e-127
eakf_model1,0.9999999999532232
eakf_model2,2.4570144624540733e-14
eakf_model3,4.675237285497631e-11
sarima,6.541680308358861e-123
