model_name,weigth
arima,4.6408320907913245e-191
eakf_model1,0.999999999966245
eakf_model2,7.0766542204240895e-31
eakf_model3,3.3755130003256715e-11
