model_name,weigth
arima,1.8693355276518723e-128
eakf_model1,0.99999999995199
eakf_model2,1.325684274354464e-11
eakf_model3,3.47532566880077e-11
sarima,1.1146334614404428e-119
