model_name,weigth
arima,2.2038060254925928e-153
eakf_model1,0.999999999973238
eakf_model2,1.794642885477654e-28
eakf_model3,2.676235613622571e-11
