model_name,weigth
arima,1.2556495497236394e-211
eakf_model1,0.9999999998668648
eakf_model2,4.238760872908164e-22
eakf_model3,1.3313510495839564e-10
sarima,1.2883274600994608e-225
