model_name,weigth
arima,1.09683e-319
eakf_model1,0.9999999998504119
eakf_model2,6.264026127359856e-21
eakf_model3,1.495879805168874e-10
