model_name,weigth
arima,0.0
eakf_model1,0.9989773306727935
eakf_model2,1.3e-322
eakf_model3,0.001022669327206499
