model_name,weigth
arima,1.9114824284673693e-172
eakf_model1,0.9999999999151612
eakf_model2,4.920414843040772e-21
eakf_model3,8.483877769308785e-11
sarima,7.231009977218845e-192
