model_name,weigth
arima,3.5187555971184947e-234
eakf_model1,0.9999999999335736
eakf_model2,2.890958456113707e-17
eakf_model3,6.642637543359043e-11
