model_name,weigth
arima,2.96369563183818e-309
eakf_model1,0.9999999998897845
eakf_model2,1.4295003129457297e-15
eakf_model3,1.1021386390566049e-10
