model_name,weigth
arima,1.0776105023431734e-229
eakf_model1,0.9999999999306713
eakf_model2,3.4330458027492496e-18
eakf_model3,6.932866716152777e-11
