model_name,weigth
arima,5.893008769166759e-172
eakf_model1,0.9999999999692867
eakf_model2,5.484402752132739e-30
eakf_model3,3.071326668122229e-11
