model_name,weigth
arima,7.610319752820786e-212
eakf_model1,0.999999999854911
eakf_model2,5.662491605031472e-25
eakf_model3,1.4508910998139575e-10
sarima,9.419018365668286e-226
