model_name,weigth
arima,5.215333648257168e-212
eakf_model1,0.9999999998813774
eakf_model2,2.366526320731699e-20
eakf_model3,1.186224087895277e-10
sarima,4.92216984638419e-226
