model_name,weigth
arima,8.797752343620744e-205
eakf_model1,0.9999999999488054
eakf_model2,3.0315617120351268e-12
eakf_model3,4.816305192911852e-11
