model_name,weigth
arima,0.0
eakf_model1,0.9999999995059536
eakf_model2,1.2910551546245317e-35
eakf_model3,4.9404638731417e-10
