model_name,weigth
arima,4.988397993768958e-152
eakf_model1,0.9999999999758239
eakf_model2,9.826388417775393e-28
eakf_model3,2.4176599338062705e-11
