model_name,weigth
arima,0.0
eakf_model1,0.9999999998190547
eakf_model2,4.242445254620547e-25
eakf_model3,1.809452490690336e-10
