model_name,weigth
arima,0.0
eakf_model1,0.9999999996652446
eakf_model2,1.1350193455968483e-29
eakf_model3,3.347554986700281e-10
