model_name,weigth
arima,8.919555700049671e-228
eakf_model1,0.9999999998423231
eakf_model2,1.883426231732497e-27
eakf_model3,1.5767711628066676e-10
sarima,5.325541236544503e-242
