model_name,weigth
arima,8.861753471325537e-174
eakf_model1,0.9999999999686198
eakf_model2,1.1609979565678715e-26
eakf_model3,3.137984280359258e-11
