model_name,weigth
arima,2.883663997263767e-149
eakf_model1,0.9999999999748195
eakf_model2,2.2683819356760995e-27
eakf_model3,2.5180300981584995e-11
