model_name,weigth
arima,1.3440914829305628e-277
eakf_model1,0.9999999998310077
eakf_model2,2.6604000656699656e-27
eakf_model3,1.6899197553895724e-10
sarima,4.368160287905211e-286
