model_name,weigth
arima,8.689863808055036e-289
eakf_model1,0.9999999998033426
eakf_model2,6.41786163955404e-29
eakf_model3,1.9665753723167692e-10
sarima,6.568648030535278e-296
