model_name,weigth
arima,0.0
eakf_model1,0.9999999998376737
eakf_model2,1.6478923934801747e-23
eakf_model3,1.6232663040264157e-10
