model_name,weigth
arima,7.0192968037322435e-239
eakf_model1,0.9999999998408378
eakf_model2,7.487066654142712e-28
eakf_model3,1.5916241438138647e-10
sarima,4.2716052290926015e-253
