model_name,weigth
arima,1.3662340131423149e-163
eakf_model1,0.9999999999705741
eakf_model2,3.714187636154757e-27
eakf_model3,2.942630661764184e-11
