model_name,weigth
arima,0.0
eakf_model1,0.9999999997687191
eakf_model2,4.068044451164153e-27
eakf_model3,2.3128066739016818e-10
