model_name,weigth
arima,4.80556336653033e-155
eakf_model1,0.9999999999763469
eakf_model2,1.4496796369398657e-27
eakf_model3,2.3653109619129232e-11
