model_name,weigth
arima,3.547000268208743e-212
eakf_model1,0.999999999878087
eakf_model2,5.329024894380646e-27
eakf_model3,1.2191304176078227e-10
sarima,7.010402145087647e-224
