model_name,weigth
arima,4.9998970233283846e-226
eakf_model1,0.9999999998467936
eakf_model2,1.1976004274655982e-30
eakf_model3,1.5320634823911356e-10
sarima,2.1445296858459314e-239
