model_name,weigth
arima,1.5093595199393444e-266
eakf_model1,0.999999999811964
eakf_model2,8.020920679595616e-30
eakf_model3,1.880361403139414e-10
sarima,1.3475011887730142e-278
