model_name,weigth
arima,4.9006532916845236e-303
eakf_model1,0.9999999997974534
eakf_model2,8.949646145591341e-27
eakf_model3,2.0254664878037242e-10
sarima,1.7831060233e-314
