model_name,weigth
arima,0.0
eakf_model1,0.9999999996977154
eakf_model2,5.905933509747126e-36
eakf_model3,3.0228476832358926e-10
sarima,0.0
