model_name,weigth
arima,0.0
eakf_model1,0.9999999996961324
eakf_model2,3.517649523556311e-35
eakf_model3,3.0386738215658313e-10
sarima,0.0
