model_name,weigth
arima,0.0
eakf_model1,0.9999999997939701
eakf_model2,4.405268395865527e-30
eakf_model3,2.060297908730726e-10
