model_name,weigth
arima,0.0
eakf_model1,0.9999999974286309
eakf_model2,7.302731325990724e-79
eakf_model3,2.5713686177321235e-09
