model_name,weigth
arima,1.2721753727764469e-290
eakf_model1,0.9999999998102624
eakf_model2,1.5248133846278741e-27
eakf_model3,1.8973766178086876e-10
sarima,1.34690744e-316
