model_name,weigth
arima,0.0
eakf_model1,0.9999999748950312
eakf_model2,3.3266590542812726e-194
eakf_model3,2.5104968564794044e-08
