model_name,weigth
arima,0.0
eakf_model1,0.9999999991730432
eakf_model2,3.261031472875261e-50
eakf_model3,8.269569347563411e-10
