model_name,weigth
arima,0.0
eakf_model1,0.9999999997858415
eakf_model2,2.342695341308127e-32
eakf_model3,2.1415853070116717e-10
sarima,0.0
