model_name,weigth
arima,0.0
eakf_model1,0.9999999996737999
eakf_model2,8.523167085492913e-37
eakf_model3,3.261998475930809e-10
sarima,0.0
