model_name,weigth
arima,4.6501550996091425e-301
eakf_model1,0.9999999998064547
eakf_model2,1.9187444209817655e-31
eakf_model3,1.9354544143608294e-10
sarima,0.0
