model_name,weigth
arima,0.0
eakf_model1,0.9999999997589232
eakf_model2,2.953382021155838e-33
eakf_model3,2.410767299109496e-10
sarima,0.0
