model_name,weigth
arima,3.953e-321
eakf_model1,0.999999999774708
eakf_model2,4.488883888104667e-32
eakf_model3,2.2529196370701565e-10
sarima,0.0
