model_name,weigth
arima,0.0
eakf_model1,0.99999999886955
eakf_model2,2.2545058998143855e-46
eakf_model3,1.1304501727904397e-09
