model_name,weigth
arima,0.0
eakf_model1,0.9999999995216614
eakf_model2,3.7527361781491146e-39
eakf_model3,4.783385646930379e-10
