model_name,weigth
arima,6.681027400454908e-288
eakf_model1,0.9999999998187264
eakf_model2,1.0333632125485914e-30
eakf_model3,1.8127327796872686e-10
sarima,5.6896750018e-313
