model_name,weigth
arima,0.0
eakf_model1,0.9999999992515266
eakf_model2,3.779106228307879e-41
eakf_model3,7.484726903873999e-10
