model_name,weigth
arima,3.6048908411956785e-232
eakf_model1,0.9999999999479816
eakf_model2,8.255035696103944e-27
eakf_model3,5.201829484554626e-11
