model_name,weigth
arima,0.0
eakf_model1,0.9999999932881636
eakf_model2,1.42191500465326e-116
eakf_model3,6.711836505387357e-09
