model_name,weigth
arima,0.0
eakf_model1,0.9999999995585245
eakf_model2,7.366165012666702e-39
eakf_model3,4.414753127114756e-10
