model_name,weigth
arima,2.1380356022728775e-216
eakf_model1,0.9999999999538545
eakf_model2,2.9132922804492203e-27
eakf_model3,4.614539306906279e-11
