model_name,weigth
arima,0.0
eakf_model1,0.9073548071866879
eakf_model2,5.190474804012157e-170
eakf_model3,0.09264519281331196
