model_name,weigth
arima,0.0
eakf_model1,0.9999999995627528
eakf_model2,1.4450215217338174e-39
eakf_model3,4.372477092431659e-10
sarima,0.0
