model_name,weigth
arima,0.0
eakf_model1,0.999999999359992
eakf_model2,1.4088327883269603e-47
eakf_model3,6.400077377483721e-10
sarima,0.0
