model_name,weigth
arima,0.0
eakf_model1,0.9999999563792259
eakf_model2,4.825464369513168e-292
eakf_model3,4.3620773518209914e-08
