model_name,weigth
arima,0.0
eakf_model1,0.9999999997079748
eakf_model2,5.988609957918942e-31
eakf_model3,2.920252723167973e-10
sarima,0.0
