model_name,weigth
arima,0.0
eakf_model1,0.7897869208013129
eakf_model2,9.977966520939002e-99
eakf_model3,0.21021307919868742
