model_name,weigth
arima,0.0
eakf_model1,0.999999999678714
eakf_model2,2.1274774222638454e-34
eakf_model3,3.212862412055011e-10
sarima,0.0
