model_name,weigth
arima,0.0
eakf_model1,0.9999999949479219
eakf_model2,4.586125282768019e-114
eakf_model3,5.052078090386511e-09
