model_name,weigth
arima,0.0
eakf_model1,0.9999999997221118
eakf_model2,2.5797468322455446e-31
eakf_model3,2.778882360608842e-10
sarima,0.0
