model_name,weigth
arima,0.0
eakf_model1,0.9999999999052736
eakf_model2,1.3606976654933907e-18
eakf_model3,9.472650054512087e-11
