model_name,weigth
arima,0.0
eakf_model1,0.9999999978541362
eakf_model2,1.9018025937578634e-73
eakf_model3,2.1458635276644718e-09
