model_name,weigth
arima,0.0
eakf_model1,0.9999999988934112
eakf_model2,3.6248312559142764e-58
eakf_model3,1.106588840146145e-09
sarima,0.0
