model_name,weigth
arima,0.0
eakf_model1,0.9999999997008526
eakf_model2,7.84662626352682e-32
eakf_model3,2.9914728408304956e-10
sarima,0.0
