model_name,weigth
arima,0.0
eakf_model1,0.9999999996804827
eakf_model2,5.593555720107387e-33
eakf_model3,3.195177256739271e-10
sarima,0.0
