model_name,weigth
arima,0.0
eakf_model1,0.9999999968657005
eakf_model2,2.2187578099551618e-89
eakf_model3,3.1342992594653264e-09
