model_name,weigth
arima,0.0
eakf_model1,0.9999999938050366
eakf_model2,7.020407418151318e-115
eakf_model3,6.194963484204588e-09
