model_name,weigth
arima,0.0
eakf_model1,0.9999999999195668
eakf_model2,1.2718487024914484e-16
eakf_model3,8.043266340465354e-11
