model_name,weigth
arima,0.0
eakf_model1,0.9999999998872589
eakf_model2,3.1003764616248085e-28
eakf_model3,1.1274108639291677e-10
