model_name,weigth
arima,0.0
eakf_model1,0.9891389801228576
eakf_model2,7.26e-322
eakf_model3,0.010861019877141824
