model_name,weigth
arima,1.2951139951341441e-282
eakf_model1,0.9999999999321562
eakf_model2,7.542240386705289e-26
eakf_model3,6.784429845145396e-11
