model_name,weigth
arima,0.0
eakf_model1,0.8002569103537043
eakf_model2,1.583264576884831e-106
eakf_model3,0.19974308964629567
