model_name,weigth
arima,0.0
eakf_model1,0.4571268064010688
eakf_model2,1.2739494872886601e-63
eakf_model3,0.5428731935989312
