model_name,weigth
arima,0.0
eakf_model1,0.9999999988449784
eakf_model2,2.9430017813212345e-69
eakf_model3,1.1550216615142726e-09
sarima,0.0
