model_name,weigth
arima,0.0
eakf_model1,0.9999999991994869
eakf_model2,1.8512519487058174e-57
eakf_model3,8.005133042705316e-10
sarima,0.0
