model_name,weigth
arima,0.0
eakf_model1,0.999999999564607
eakf_model2,2.118331761329798e-34
eakf_model3,4.3539261725567443e-10
