model_name,weigth
arima,0.0
eakf_model1,0.9999999997674924
eakf_model2,1.3826007484031285e-32
eakf_model3,2.3250705363081575e-10
