model_name,weigth
arima,0.0
eakf_model1,0.9532075066797363
eakf_model2,9.144314199743048e-292
eakf_model3,0.046792493320263716
