model_name,weigth
arima,0.0
eakf_model1,0.9999999992927605
eakf_model2,6.237480548582053e-53
eakf_model3,7.07239644865871e-10
sarima,0.0
