model_name,weigth
arima,0.0
eakf_model1,0.9999999730794268
eakf_model2,2.4152322852210535e-234
eakf_model3,2.6920573217932438e-08
