model_name,weigth
arima,1.456959387e-315
eakf_model1,0.9999999999205895
eakf_model2,6.745449838905192e-26
eakf_model3,7.941064090127589e-11
