model_name,weigth
arima,0.0
eakf_model1,0.6145638897264003
eakf_model2,9.75118942801409e-75
eakf_model3,0.3854361102735998
