model_name,weigth
arima,0.0
eakf_model1,0.9999999993536397
eakf_model2,5.796602466834902e-50
eakf_model3,6.463603218465662e-10
sarima,0.0
