model_name,weigth
arima,0.0
eakf_model1,0.999999999240648
eakf_model2,5.46772075518826e-56
eakf_model3,7.593520966072924e-10
sarima,0.0
