model_name,weigth
arima,0.0
eakf_model1,0.999999999249551
eakf_model2,1.0630164457915925e-57
eakf_model3,7.504489854972354e-10
sarima,0.0
