model_name,weigth
arima,0.0
eakf_model1,0.9988135741752351
eakf_model2,7.16e-322
eakf_model3,0.001186425824764824
