model_name,weigth
arima,0.0
eakf_model1,0.6513591210841787
eakf_model2,1.1702124563092702e-78
eakf_model3,0.3486408789158215
