model_name,weigth
arima,0.0
eakf_model1,0.7986995384323183
eakf_model2,1.5739257742265064e-108
eakf_model3,0.20130046156768147
