model_name,weigth
arima,0.0
eakf_model1,0.6902461579832082
eakf_model2,4.899976521923572e-82
eakf_model3,0.3097538420167916
