model_name,weigth
arima,5.616060908172076e-279
eakf_model1,0.9999999999291209
eakf_model2,8.142898227778488e-28
eakf_model3,7.087859029117413e-11
