model_name,weigth
arima,1.5876547363181245e-260
eakf_model1,0.9999999999423521
eakf_model2,7.409139258172283e-26
eakf_model3,5.7647961458393434e-11
