model_name,weigth
arima,2.9625154636116464e-242
eakf_model1,0.9999999999483022
eakf_model2,3.493676262610352e-26
eakf_model3,5.169812981709387e-11
