model_name,weigth
arima,5.334285426194882e-253
eakf_model1,0.9999999999435816
eakf_model2,2.4229477590853724e-26
eakf_model3,5.641876387761695e-11
