model_name,weigth
arima,4.91419987248437e-251
eakf_model1,0.9999999999440989
eakf_model2,2.399868748572441e-26
eakf_model3,5.590089011130167e-11
