model_name,weigth
arima,0.0
eakf_model1,0.8154733702099636
eakf_model2,9.461599503048084e-116
eakf_model3,0.18452662979003578
