model_name,weigth
arima,5.0267996691040615e-217
eakf_model1,0.9999999999592476
eakf_model2,5.411394784008263e-25
eakf_model3,4.075227181760649e-11
