model_name,weigth
arima,6.437609379871324e-228
eakf_model1,0.9999999999554867
eakf_model2,1.4843618135797362e-25
eakf_model3,4.451346847381841e-11
