model_name,weigth
arima,0.0
eakf_model1,0.9999999976944746
eakf_model2,1.879571587285937e-86
eakf_model3,2.3055255645722215e-09
sarima,0.0
