model_name,weigth
arima,0.0
eakf_model1,0.8638991294830941
eakf_model2,1.8841499935002e-142
eakf_model3,0.13610087051690573
