model_name,weigth
arima,2.418648510735159e-261
eakf_model1,0.999999999940985
eakf_model2,7.562356593667e-27
eakf_model3,5.901440390205426e-11
