model_name,weigth
arima,0.0
eakf_model1,0.9999999982677815
eakf_model2,9.981373756071262e-77
eakf_model3,1.7322178895091386e-09
sarima,0.0
