model_name,weigth
arima,1.1825144030872457e-239
eakf_model1,0.999999999951136
eakf_model2,2.7685471123854265e-25
eakf_model3,4.886408912036128e-11
