model_name,weigth
arima,0.0
eakf_model1,0.9999999992629516
eakf_model2,1.4419027030941616e-55
eakf_model3,7.370483540199525e-10
sarima,0.0
