model_name,weigth
arima,0.0
eakf_model1,0.999999999507876
eakf_model2,2.8383144423780914e-48
eakf_model3,4.921240270174363e-10
sarima,0.0
