model_name,weigth
arima,0.0
eakf_model1,0.7179259381802106
eakf_model2,9.507726232866259e-87
eakf_model3,0.282074061819789
