model_name,weigth
arima,0.0
eakf_model1,0.23119283060558668
eakf_model2,3.081120543059917e-101
eakf_model3,0.7688071693944127
