model_name,weigth
arima,0.0
eakf_model1,0.9999999918207677
eakf_model2,1.4894916224043445e-141
eakf_model3,8.179232374824427e-09
sarima,0.0
