model_name,weigth
arima,2.8568620555386683e-289
eakf_model1,0.9999999999262299
eakf_model2,3.383159815117555e-28
eakf_model3,7.37698006144355e-11
