model_name,weigth
arima,0.0
eakf_model1,0.9999999987050957
eakf_model2,4.2821476530756044e-69
eakf_model3,1.2949037111229348e-09
