model_name,weigth
arima,0.0
eakf_model1,0.9999999998666731
eakf_model2,7.830255340066333e-33
eakf_model3,1.333271426772394e-10
