model_name,weigth
arima,0.0
eakf_model1,0.999999986177103
eakf_model2,2.1293825367853423e-171
eakf_model3,1.3822897176493078e-08
sarima,0.0
