model_name,weigth
arima,0.0
eakf_model1,0.9999999998505733
eakf_model2,2.6669801166913787e-33
eakf_model3,1.4942671269736135e-10
