model_name,weigth
arima,0.0
eakf_model1,0.999999999089094
eakf_model2,3.0484905694593434e-61
eakf_model3,9.109059275926321e-10
