model_name,weigth
arima,7.227348031531005e-308
eakf_model1,0.9999999999120173
eakf_model2,2.6922045828909414e-29
eakf_model3,8.798263696486106e-11
