model_name,weigth
arima,0.0
eakf_model1,0.2912930944708347
eakf_model2,2.165957927866415e-84
eakf_model3,0.7087069055291654
