model_name,weigth
arima,0.0
eakf_model1,0.9999999998953195
eakf_model2,1.997021713908537e-30
eakf_model3,1.0468028954341188e-10
