model_name,weigth
arima,0.0
eakf_model1,0.11879375706155784
eakf_model2,2.053182783495191e-152
eakf_model3,0.881206242938442
