model_name,weigth
arima,0.0
eakf_model1,0.17374869538536322
eakf_model2,1.6376005385498692e-120
eakf_model3,0.8262513046146366
sarima,0.0
