model_name,weigth
arima,0.0
eakf_model1,2.798363970979472e-09
eakf_model2,7.715401688536421e-90
eakf_model3,0.9999999972016363
