model_name,weigth
arima,0.0
eakf_model1,0.23316949093080608
eakf_model2,1.5865551532511834e-91
eakf_model3,0.7668305090691945
