model_name,weigth
arima,0.0
eakf_model1,1.393377758340652e-09
eakf_model2,1.5005835747357166e-67
eakf_model3,0.9999999986066225
