model_name,weigth
arima,0.0
eakf_model1,0.3699111987081443
eakf_model2,2.5637819288991202e-76
eakf_model3,0.6300888012918556
sarima,0.0
