model_name,weigth
arima,0.0
eakf_model1,0.9999999924913535
eakf_model2,3.774185547394399e-123
eakf_model3,7.508646920535271e-09
sarima,0.0
