model_name,weigth
arima,0.0
eakf_model1,0.2220779457238822
eakf_model2,9.347943043470186e-102
eakf_model3,0.7779220542761176
sarima,0.0
