model_name,weigth
arima,4.6471362294539836e-262
eakf_model1,0.4601854377749969
eakf_model2,1.9144169769739003e-19
eakf_model3,0.5398145622250038
