model_name,weigth
arima,1.3306710308e-313
eakf_model1,0.30332518303582257
eakf_model2,4.763835144900324e-24
eakf_model3,0.6966748169641778
