model_name,weigth
arima,0.0
eakf_model1,0.21218527800894943
eakf_model2,6.393504198174476e-104
eakf_model3,0.7878147219910505
sarima,0.0
