model_name,weigth
arima,0.0
eakf_model1,0.021760924775196283
eakf_model2,1.58e-321
eakf_model3,0.9782390752248039
sarima,0.0
