model_name,weigth
arima,0.0
eakf_model1,2.7321421015059976e-09
eakf_model2,5.155482893650554e-90
eakf_model3,0.9999999972678577
