model_name,weigth
arima,0.0
eakf_model1,0.9297098445661218
eakf_model2,6.458623646758291e-63
eakf_model3,0.07029015543387841
