model_name,weigth
arima,0.0
eakf_model1,0.1152384305029933
eakf_model2,1.2615583971115637e-150
eakf_model3,0.8847615694970064
sarima,0.0
