model_name,weigth
arima,0.0
eakf_model1,0.9999967304528912
eakf_model2,8.5e-322
eakf_model3,3.2695471088583277e-06
