model_name,weigth
arima,0.0
eakf_model1,1.6589107469355887e-09
eakf_model2,4.1689277538946724e-72
eakf_model3,0.9999999983410889
