model_name,weigth
arima,2.8155757813429996e-234
eakf_model1,0.5144387187023803
eakf_model2,1.2588411410846452e-17
eakf_model3,0.4855612812976196
