model_name,weigth
arima,0.0
eakf_model1,0.09485052002438453
eakf_model2,9.899177832571882e-180
eakf_model3,0.9051494799756151
sarima,0.0
