model_name,weigth
arima,0.0
eakf_model1,1.5053050535866048e-09
eakf_model2,4.4637584877922056e-57
eakf_model3,0.999999998494695
sarima,0.0
