model_name,weigth
arima,0.0
eakf_model1,0.14482503653354564
eakf_model2,1.2174873088034183e-134
eakf_model3,0.8551749634664539
sarima,0.0
