model_name,weigth
arima,0.0
eakf_model1,2.589026325688795e-09
eakf_model2,6.165460860289869e-88
eakf_model3,0.9999999974109732
