model_name,weigth
arima,1.1718226075422301e-281
eakf_model1,0.39013812092646283
eakf_model2,5.371671994900599e-21
eakf_model3,0.6098618790735367
