model_name,weigth
arima,0.0
eakf_model1,0.02648461820635455
eakf_model2,1.75e-321
eakf_model3,0.9735153817936449
sarima,0.0
