model_name,weigth
arima,0.0
eakf_model1,1.5944461288615372e-09
eakf_model2,9.237957967548623e-71
eakf_model3,0.9999999984055533
