model_name,weigth
arima,0.0
eakf_model1,1.5535075030450617e-09
eakf_model2,1.5577822581922465e-54
eakf_model3,0.9999999984464925
sarima,0.0
