model_name,weigth
arima,0.0
eakf_model1,2.226251376800082e-10
eakf_model2,5.046896431654429e-31
eakf_model3,0.9999999997773747
