model_name,weigth
arima,0.0
eakf_model1,1.1093835691747142e-09
eakf_model2,2.3417520683174497e-67
eakf_model3,0.9999999988906162
