model_name,weigth
arima,0.0
eakf_model1,1.2827612275971438e-09
eakf_model2,2.5043658265060703e-48
eakf_model3,0.9999999987172388
sarima,0.0
