model_name,weigth
arima,0.0
eakf_model1,3.428343304004627e-10
eakf_model2,3.5037475377433505e-36
eakf_model3,0.9999999996571659
