model_name,weigth
arima,0.0
eakf_model1,1.1472927679978395e-09
eakf_model2,9.24032644097228e-63
eakf_model3,0.9999999988527072
