model_name,weigth
arima,0.0
eakf_model1,1.4973665840891186e-08
eakf_model2,3.8896812982229553e-141
eakf_model3,0.9999999850263344
sarima,0.0
