model_name,weigth
arima,0.0
eakf_model1,2.9003254463139325e-09
eakf_model2,1.4984503590006423e-73
eakf_model3,0.9999999970996747
sarima,0.0
