model_name,weigth
arima,0.0
eakf_model1,7.818694065591293e-10
eakf_model2,1.8388848059773092e-57
eakf_model3,0.9999999992181303
