model_name,weigth
arima,0.0
eakf_model1,1.2508522453990556e-09
eakf_model2,2.7799549739571132e-70
eakf_model3,0.9999999987491472
