model_name,weigth
arima,0.0
eakf_model1,2.715172457908803e-08
eakf_model2,2.510699812381755e-184
eakf_model3,0.9999999728482758
sarima,0.0
