model_name,weigth
arima,0.0
eakf_model1,0.05077956968614082
eakf_model2,8.292684036658577e-85
eakf_model3,0.949220430313859
