model_name,weigth
arima,0.0
eakf_model1,1.1330287975840126e-09
eakf_model2,4.057258246560972e-61
eakf_model3,0.9999999988669713
