model_name,weigth
arima,0.0
eakf_model1,0.2210556451929518
eakf_model2,5.794465226534688e-30
eakf_model3,0.7789443548070482
