model_name,weigth
arima,0.0
eakf_model1,5.707363910955784e-08
eakf_model2,3.039113089169498e-248
eakf_model3,0.9999999429263606
sarima,0.0
