model_name,weigth
arima,0.0
eakf_model1,0.16033734458532545
eakf_model2,7.325541274719539e-37
eakf_model3,0.8396626554146747
