model_name,weigth
arima,0.0
eakf_model1,6.587952382915664e-10
eakf_model2,3.63166585551576e-48
eakf_model3,0.999999999341205
