model_name,weigth
arima,0.0
eakf_model1,1.3805690648881185e-08
eakf_model2,3.556079674792987e-118
eakf_model3,0.9999999861943095
sarima,0.0
