model_name,weigth
arima,3.001531794619972e-308
eakf_model1,1.156318476771938e-10
eakf_model2,4.5133261718497845e-28
eakf_model3,0.9999999998843676
