model_name,weigth
arima,9.861903164344092e-256
eakf_model1,7.856814498373064e-11
eakf_model2,1.139637794976684e-24
eakf_model3,0.9999999999214316
