model_name,weigth
arima,0.0
eakf_model1,6.505685586520678e-10
eakf_model2,2.7047150982344033e-43
eakf_model3,0.9999999993494315
