model_name,weigth
arima,0.0
eakf_model1,1.0340762576847381e-09
eakf_model2,9.068818618075995e-53
eakf_model3,0.9999999989659242
