model_name,weigth
arima,0.0
eakf_model1,2.867745051357432e-08
eakf_model2,3.677268125129534e-154
eakf_model3,0.9999999713225497
sarima,0.0
