model_name,weigth
arima,0.0
eakf_model1,1.423179223305413e-10
eakf_model2,5.680681886780403e-30
eakf_model3,0.9999999998576831
