model_name,weigth
arima,0.0
eakf_model1,3.9333168023963874e-10
eakf_model2,6.692843183787087e-29
eakf_model3,0.9999999996066684
sarima,2.610470645623051e-289
