model_name,weigth
arima,0.0
eakf_model1,2.7316057012186684e-09
eakf_model2,1.3952700158384696e-59
eakf_model3,0.9999999972683941
sarima,0.0
