model_name,weigth
arima,0.0
eakf_model1,0.1627617082870615
eakf_model2,6.5683781854473865e-62
eakf_model3,0.8372382917129384
sarima,0.0
