model_name,weigth
arima,0.0
eakf_model1,0.07490470156258935
eakf_model2,1.3404493395895412e-113
eakf_model3,0.9250952984374106
sarima,0.0
