model_name,weigth
arima,0.0
eakf_model1,2.3325819495601886e-10
eakf_model2,2.220937529760942e-35
eakf_model3,0.9999999997667418
