model_name,weigth
arima,3.1594315600675873e-242
eakf_model1,7.026625767716755e-11
eakf_model2,5.694697645873314e-24
eakf_model3,0.9999999999297339
