model_name,weigth
arima,3.983432536400203e-273
eakf_model1,8.989025498842404e-11
eakf_model2,1.0904035731792692e-25
eakf_model3,0.9999999999101099
