model_name,weigth
arima,0.0
eakf_model1,3.91706673298582e-10
eakf_model2,8.422270486384875e-35
eakf_model3,0.9999999996082939
