model_name,weigth
arima,0.0
eakf_model1,2.277197659959543e-10
eakf_model2,4.698935242041491e-29
eakf_model3,0.99999999977228
