model_name,weigth
arima,7.925168463027226e-236
eakf_model1,6.629786964131081e-11
eakf_model2,7.870815227781517e-24
eakf_model3,0.9999999999337023
