model_name,weigth
arima,4.18655473e-316
eakf_model1,3.5367164830054677e-10
eakf_model2,7.973104389534945e-27
eakf_model3,0.9999999996463286
sarima,8.95129405401233e-274
