model_name,weigth
arima,3.296702337930543e-181
eakf_model1,4.0543411747449094e-11
eakf_model2,9.152537415205419e-20
eakf_model3,0.9999999999594563
