model_name,weigth
arima,4.913135819221928e-163
eakf_model1,3.298244740981601e-11
eakf_model2,8.021036895632076e-19
eakf_model3,0.9999999999670177
