model_name,weigth
arima,4.2607168728842e-310
eakf_model1,3.3610808471372927e-10
eakf_model2,1.0663365694039124e-26
eakf_model3,0.999999999663892
sarima,1.8550812562532622e-269
