model_name,weigth
arima,0.0
eakf_model1,3.972918862756634e-10
eakf_model2,1.797538174043781e-28
eakf_model3,0.9999999996027081
sarima,3.6342236028535867e-289
