model_name,weigth
arima,1.0431239190138942e-256
eakf_model1,1.1062173168184228e-10
eakf_model2,1.5963701586726188e-21
eakf_model3,0.9999999998893775
