model_name,weigth
arima,1.467917362061333e-193
eakf_model1,4.4578742674849073e-11
eakf_model2,1.0415111395222272e-20
eakf_model3,0.9999999999554213
