model_name,weigth
arima,1.1824683041346607e-158
eakf_model1,3.2241616800376606e-11
eakf_model2,1.3921700584647859e-18
eakf_model3,0.9999999999677583
