model_name,weigth
arima,9.041113055856674e-214
eakf_model1,5.4040026886346176e-11
eakf_model2,2.6297864993312533e-22
eakf_model3,0.9999999999459597
