model_name,weigth
arima,0.0
eakf_model1,2.171207007530241e-10
eakf_model2,1.6291644559557657e-27
eakf_model3,0.9999999997828795
