model_name,weigth
arima,1.3270535799669757e-224
eakf_model1,6.201025682448702e-11
eakf_model2,2.8056882555603935e-23
eakf_model3,0.9999999999379894
