model_name,weigth
arima,6.621059203e-315
eakf_model1,3.393413011309472e-10
eakf_model2,7.217111017612273e-27
eakf_model3,0.9999999996606588
sarima,1.4787544636496808e-275
