model_name,weigth
arima,1.3329426333917885e-247
eakf_model1,2.236596838704668e-10
eakf_model2,5.339173920659974e-22
eakf_model3,0.9999999997763401
sarima,1.473689132248601e-217
