model_name,weigth
arima,5.586487124253825e-203
eakf_model1,5.014104182176879e-11
eakf_model2,1.2785332550680184e-21
eakf_model3,0.9999999999498583
