model_name,weigth
arima,0.0
eakf_model1,1.8025276027759852e-10
eakf_model2,3.3619613391267433e-25
eakf_model3,0.9999999998197464
