model_name,weigth
arima,0.0
eakf_model1,7.058011944823375e-10
eakf_model2,3.7866245220810795e-29
eakf_model3,0.9999999992941988
sarima,0.0
