model_name,weigth
arima,7.550464977226275e-136
eakf_model1,2.701410211897816e-11
eakf_model2,3.6740030743781604e-17
eakf_model3,0.9999999999729862
