model_name,weigth
arima,3.087671388517514e-144
eakf_model1,2.849361218654196e-11
eakf_model2,1.6907214242855583e-17
eakf_model3,0.999999999971506
