model_name,weigth
arima,1.582537445085469e-243
eakf_model1,2.745693471586722e-10
eakf_model2,2.0617125653581606e-18
eakf_model3,0.9999999997254307
sarima,1.1704248251365355e-213
