model_name,weigth
arima,6.669719068466513e-239
eakf_model1,1.244174459851564e-10
eakf_model2,1.6160171105358292e-18
eakf_model3,0.999999999875583
