model_name,weigth
arima,8.098712901229027e-249
eakf_model1,1.3177777905919842e-10
eakf_model2,5.161623192882051e-19
eakf_model3,0.9999999998682224
