model_name,weigth
arima,6.706861333912712e-148
eakf_model1,2.9467554970806e-11
eakf_model2,1.0462928346233016e-17
eakf_model3,0.9999999999705325
