model_name,weigth
arima,8.832597075468367e-233
eakf_model1,2.6579544521713975e-10
eakf_model2,1.497299177572497e-19
eakf_model3,0.9999999997342047
sarima,3.9669411624170668e-202
