model_name,weigth
arima,0.0
eakf_model1,2.4594501752238154e-10
eakf_model2,5.56336084824897e-25
eakf_model3,0.9999999997540547
