model_name,weigth
arima,8.222839329450067e-221
eakf_model1,2.2560659019567254e-10
eakf_model2,4.4337138214527855e-18
eakf_model3,0.9999999997743936
sarima,3.98072245904615e-192
