model_name,weigth
arima,0.0
eakf_model1,6.481446321198859e-10
eakf_model2,8.045354761455382e-29
eakf_model3,0.9999999993518554
sarima,0.0
