model_name,weigth
arima,2.386659955654412e-150
eakf_model1,3.022769096705259e-11
eakf_model2,7.725706737627943e-18
eakf_model3,0.9999999999697716
