model_name,weigth
arima,9.061578603194488e-219
eakf_model1,2.1649459134298642e-10
eakf_model2,8.116477493229915e-18
eakf_model3,0.9999999997835056
sarima,1.6326653595871275e-192
