model_name,weigth
arima,3.399274995035442e-135
eakf_model1,2.544539591170215e-11
eakf_model2,2.3102302243839734e-17
eakf_model3,0.9999999999745548
