model_name,weigth
arima,0.0
eakf_model1,3.0798037545381953e-10
eakf_model2,7.260004840775824e-28
eakf_model3,0.9999999996920198
