model_name,weigth
arima,1.0546836331509426e-139
eakf_model1,2.5757903509737236e-11
eakf_model2,3.653429273540124e-17
eakf_model3,0.9999999999742426
