model_name,weigth
arima,1.871954011650694e-146
eakf_model1,2.9436011879651104e-11
eakf_model2,1.4116221782420127e-17
eakf_model3,0.9999999999705641
