model_name,weigth
arima,3.91e-321
eakf_model1,4.2023974781988134e-10
eakf_model2,7.500678480061431e-26
eakf_model3,0.9999999995797602
sarima,8.7270023687864e-282
