model_name,weigth
arima,6.770953229922439e-293
eakf_model1,3.9656288083612464e-10
eakf_model2,3.4829048021573833e-22
eakf_model3,0.9999999996034371
sarima,4.405074717378442e-259
