model_name,weigth
arima,9.470634629430369e-155
eakf_model1,3.0994496486466545e-11
eakf_model2,3.1731340717907047e-18
eakf_model3,0.9999999999690052
