model_name,weigth
arima,0.0
eakf_model1,6.399270688529794e-10
eakf_model2,1.5280392371648464e-28
eakf_model3,0.9999999993600731
sarima,0.0
