model_name,weigth
arima,1.8644611949345517e-143
eakf_model1,2.791831810576555e-11
eakf_model2,1.580633669250577e-17
eakf_model3,0.9999999999720816
