model_name,weigth
arima,2.712525026575512e-262
eakf_model1,3.1495188923623894e-10
eakf_model2,9.815775791381375e-20
eakf_model3,0.9999999996850484
sarima,4.397685924793922e-231
