model_name,weigth
arima,0.0
eakf_model1,1.1006249515889809e-09
eakf_model2,3.54341773565669e-35
eakf_model3,0.9999999988993752
sarima,0.0
