model_name,weigth
arima,1.3953684237098489e-245
eakf_model1,1.4209487845043744e-10
eakf_model2,7.0264881432236e-20
eakf_model3,0.999999999857905
