model_name,weigth
arima,5.141776728771412e-224
eakf_model1,2.76767729107697e-10
eakf_model2,7.480974994129407e-18
eakf_model3,0.9999999997232321
sarima,4.7238246788072714e-194
