model_name,weigth
arima,1.1993674337326205e-229
eakf_model1,1.3605245912662893e-10
eakf_model2,9.996549749769562e-18
eakf_model3,0.9999999998639474
