model_name,weigth
arima,2.7824639347445047e-240
eakf_model1,3.313755906842364e-10
eakf_model2,8.172456679645244e-19
eakf_model3,0.9999999996686244
sarima,3.478815014081354e-210
