model_name,weigth
arima,2.348257092513505e-231
eakf_model1,2.632210166317342e-10
eakf_model2,4.06944528332177e-19
eakf_model3,0.999999999736779
sarima,2.3240713247870344e-200
