model_name,weigth
arima,1.5050963314639522e-218
eakf_model1,1.2035346315302812e-10
eakf_model2,2.1615807183712183e-17
eakf_model3,0.9999999998796467
