model_name,weigth
arima,2.812011667358094e-153
eakf_model1,4.7719611064321015e-11
eakf_model2,1.0341302081030315e-16
eakf_model3,0.99999999995228
