model_name,weigth
arima,3.2479983268389386e-134
eakf_model1,2.8208836458837763e-11
eakf_model2,1.0005989375523799e-16
eakf_model3,0.9999999999717913
