model_name,weigth
arima,9.523594950054973e-229
eakf_model1,1.281956812876342e-10
eakf_model2,3.893755804988117e-18
eakf_model3,0.9999999998718047
