model_name,weigth
arima,5.313832805519647e-250
eakf_model1,1.4994459885214454e-10
eakf_model2,6.364847578370788e-20
eakf_model3,0.9999999998500553
