model_name,weigth
arima,6.13666498348401e-155
eakf_model1,4.791631164981654e-11
eakf_model2,6.377754733746e-17
eakf_model3,0.9999999999520834
