model_name,weigth
arima,3.8521267244314246e-230
eakf_model1,2.9526682197536537e-10
eakf_model2,4.305258075759998e-18
eakf_model3,0.9999999997047332
sarima,9.297060663114058e-200
