model_name,weigth
arima,1.628141785611141e-235
eakf_model1,2.993864321008689e-10
eakf_model2,1.0007765153782714e-18
eakf_model3,0.9999999997006137
sarima,3.8818542917026534e-204
