model_name,weigth
arima,9.348523566890725e-244
eakf_model1,1.4127481631654137e-10
eakf_model2,1.57978214130038e-19
eakf_model3,0.9999999998587247
