model_name,weigth
arima,9.096525220029787e-277
eakf_model1,4.184891730966786e-10
eakf_model2,1.4594280909325939e-21
eakf_model3,0.999999999581511
sarima,2.4384393029561885e-240
