model_name,weigth
arima,6.503364347929081e-269
eakf_model1,3.918665943628765e-10
eakf_model2,9.466328338947949e-21
eakf_model3,0.9999999996081333
sarima,2.2452382639251604e-232
