model_name,weigth
arima,5.344270939054109e-224
eakf_model1,1.263436166612932e-10
eakf_model2,1.5670467973390144e-17
eakf_model3,0.9999999998736564
