model_name,weigth
arima,6.521623499524917e-223
eakf_model1,1.2202603208819395e-10
eakf_model2,2.0160435840715348e-17
eakf_model3,0.9999999998779739
