model_name,weigth
arima,1.6304764651397488e-155
eakf_model1,5.165813439851399e-11
eakf_model2,5.982494467939252e-16
eakf_model3,0.9999999999483414
