model_name,weigth
arima,6.257445217519116e-214
eakf_model1,1.1692677382217588e-10
eakf_model2,9.598838522534342e-17
eakf_model3,0.999999999883073
