model_name,weigth
arima,2.276181436474697e-199
eakf_model1,1.0151844828766267e-10
eakf_model2,1.4795925750133635e-15
eakf_model3,0.99999999989848
