model_name,weigth
arima,3.0985093763495263e-229
eakf_model1,1.3621907199072764e-10
eakf_model2,6.862467904449452e-18
eakf_model3,0.9999999998637809
