model_name,weigth
arima,4.058747722447937e-183
eakf_model1,8.522714016056808e-11
eakf_model2,3.249190007167321e-16
eakf_model3,0.9999999999147721
