model_name,weigth
arima,4.102653946932336e-244
eakf_model1,3.465213330322327e-10
eakf_model2,2.958576960941582e-19
eakf_model3,0.9999999996534786
sarima,3.240099858241685e-212
