model_name,weigth
arima,3.375330979977509e-224
eakf_model1,2.8201806899775174e-10
eakf_model2,5.887841954969789e-18
eakf_model3,0.9999999997179819
sarima,6.907988636691928e-195
