model_name,weigth
arima,1.136022707848828e-158
eakf_model1,5.414616425145466e-11
eakf_model2,1.1903545387241015e-16
eakf_model3,0.9999999999458539
