model_name,weigth
arima,0.0
eakf_model1,6.238748792858499e-11
eakf_model2,1.389980583302334e-84
eakf_model3,0.9999999999376126
