model_name,weigth
arima,1.7289977517007162e-250
eakf_model1,4.3264301077401864e-11
eakf_model2,2.463326435049617e-66
eakf_model3,0.9999999999567358
sarima,1.0024141979585526e-22
