model_name,weigth
arima,2.787293162383426e-229
eakf_model1,0.9999999999723087
eakf_model2,1.1395487746288905e-29
eakf_model3,2.7691379817582197e-11
