model_name,weigth
arima,1.3261678715052697e-224
eakf_model1,2.5556242970309534e-11
eakf_model2,4.824790068086632e-38
eakf_model3,0.9999999999744439
