model_name,weigth
arima,2.313216800661879e-100
eakf_model1,0.9999999999805773
eakf_model2,2.907000378313819e-18
eakf_model3,1.9422729760925214e-11
