model_name,weigth
arima,1.701336092573336e-104
eakf_model1,5.411422170753305e-12
eakf_model2,1.2083940291067125e-21
eakf_model3,0.9999999999945887
