model_name,weigth
arima,4.48308548916625e-256
eakf_model1,0.9999999999111201
eakf_model2,1.7260781794649e-75
eakf_model3,8.888005922131283e-11
