model_name,weigth
arima,9.172854870243486e-157
eakf_model1,1.241141093597007e-11
eakf_model2,2.488592112356402e-23
eakf_model3,0.9999999999875886
