model_name,weigth
arima,3.37446675445555e-73
eakf_model1,0.9999999999798009
eakf_model2,1.5629777409375224e-15
eakf_model3,2.019755049260355e-11
sarima,2.433962885680323e-91
