model_name,weigth
arima,5.098214628092233e-81
eakf_model1,2.3724821052447475e-11
eakf_model2,2.8014616657025763e-16
eakf_model3,0.9999999999762749
