model_name,weigth
arima,1.2566635338118647e-74
eakf_model1,3.036079692894222e-11
eakf_model2,1.3156479488820591e-18
eakf_model3,0.9999999999696393
sarima,6.159096388574214e-75
