model_name,weigth
arima,4.182419873604626e-115
eakf_model1,1.5417315715147265e-11
eakf_model2,6.31054288380682e-19
eakf_model3,0.9999999999845827
