model_name,weigth
arima,5.689266280550799e-130
eakf_model1,0.9999999996906642
eakf_model2,3.0933577951471987e-10
eakf_model3,6.5881045998066e-44
sarima,3.3714071099123563e-208
