model_name,weigth
arima,6.352283880530685e-139
eakf_model1,1.0536797962021724e-11
eakf_model2,1.2502145021270932e-33
eakf_model3,0.9999999999894633
sarima,1.7795353092719467e-25
