model_name,weigth
arima,0.0
eakf_model1,4.487703768906306e-09
eakf_model2,1.767836362012794e-25
eakf_model3,0.9999999955122963
sarima,0.0
