model_name,weigth
arima,8.230913155447413e-119
eakf_model1,5.229948922412115e-12
eakf_model2,1.6340940492953645e-27
eakf_model3,0.9999999999947702
