model_name,weigth
arima,5.789658171163031e-122
eakf_model1,0.9999999998448151
eakf_model2,1.551850377510214e-10
eakf_model3,1.977249222294536e-30
