model_name,weigth
arima,2e-323
eakf_model1,2.5729535954625254e-09
eakf_model2,2.8423704823320373e-35
eakf_model3,0.9999999974270465
