model_name,weigth
arima,0.0
eakf_model1,0.9999999999695932
eakf_model2,2.1796628673432514e-33
eakf_model3,3.0406816862407507e-11
