model_name,weigth
arima,1.031916665541431e-195
eakf_model1,0.9999999999798767
eakf_model2,1.1063512060711234e-22
eakf_model3,2.0123477347486557e-11
sarima,3.813768752886782e-227
