model_name,weigth
arima,1.5575405131694204e-81
eakf_model1,0.999999999906589
eakf_model2,6.590490300830539e-15
eakf_model3,9.340440207581431e-11
