model_name,weigth
arima,2.1081275551937e-66
eakf_model1,4.5780212752403856e-11
eakf_model2,1.6542936126789423e-18
eakf_model3,0.9999999999542198
