model_name,weigth
arima,5.665316746741933e-89
eakf_model1,9.85492214813926e-12
eakf_model2,1.0343602649264698e-18
eakf_model3,0.9999999999901452
