model_name,weigth
arima,0.0
eakf_model1,0.9999999997342606
eakf_model2,3.289007280050043e-28
eakf_model3,2.6573944691728814e-10
