model_name,weigth
arima,4.868671055822843e-77
eakf_model1,0.9999999999945214
eakf_model2,5.4787232313524964e-12
eakf_model3,8.731486943213499e-23
