model_name,weigth
arima,0.0
eakf_model1,0.9999999976551268
eakf_model2,1.1369449899030601e-154
eakf_model3,2.3448732638657893e-09
sarima,0.0
