model_name,weigth
arima,0.0
eakf_model1,2.402809852014199e-10
eakf_model2,7.920418384124165e-83
eakf_model3,0.999999999759719
