model_name,weigth
arima,8.25605063764125e-92
eakf_model1,0.9999999999935918
eakf_model2,6.408204850047818e-12
eakf_model3,8.128783050752807e-21
