model_name,weigth
arima,0.0
eakf_model1,0.9999999999702708
eakf_model2,9.215987531190924e-42
eakf_model3,2.972921051476284e-11
