model_name,weigth
arima,0.0
eakf_model1,0.9999999999110127
eakf_model2,4.400229846169968e-43
eakf_model3,8.898724963100314e-11
