model_name,weigth
arima,0.0
eakf_model1,0.9999999999033741
eakf_model2,1.5060595208975268e-25
eakf_model3,9.662588140871388e-11
