model_name,weigth
arima,2.5593355644077614e-243
eakf_model1,0.9999999998646574
eakf_model2,4.953664302156224e-43
eakf_model3,1.353426514389697e-10
sarima,0.0
