model_name,weigth
arima,0.0
eakf_model1,0.9999999999703388
eakf_model2,2.966120362394263e-11
eakf_model3,4.299335474953285e-23
