model_name,weigth
arima,5.761198263159855e-150
eakf_model1,0.9999999999860735
eakf_model2,1.39264565111503e-11
eakf_model3,1.2173753488926598e-29
