model_name,weigth
arima,3.558458412646058e-154
eakf_model1,0.9999999999660406
eakf_model2,8.690395855141506e-14
eakf_model3,3.3872630969221736e-11
sarima,3.1804631839668767e-236
