model_name,weigth
arima,0.0
eakf_model1,0.9999999993772569
eakf_model2,5.907773201143052e-54
eakf_model3,6.227431499298549e-10
