model_name,weigth
arima,0.0
eakf_model1,7.474591362543782e-09
eakf_model2,4.90359093746839e-293
eakf_model3,0.9999999925254086
