model_name,weigth
arima,0.0
eakf_model1,0.9999999997700222
eakf_model2,9.773988781830546e-78
eakf_model3,2.2997792953930876e-10
