model_name,weigth
arima,0.0
eakf_model1,0.9999999998198664
eakf_model2,2.4716741732657897e-34
eakf_model3,1.8013372775749767e-10
