model_name,weigth
arima,0.0
eakf_model1,0.9999999992250109
eakf_model2,3.6555898970781585e-53
eakf_model3,7.7498904995044e-10
