model_name,weigth
arima,0.0
eakf_model1,0.9999999999312065
eakf_model2,6.8793588390289e-11
eakf_model3,1.2921340455382874e-36
