model_name,weigth
arima,0.0
eakf_model1,0.9999999800112614
eakf_model2,1.998873861318184e-08
eakf_model3,2.4530179528787585e-86
