model_name,weigth
arima,0.0
eakf_model1,7.296217803275296e-10
eakf_model2,0.9999999992703779
eakf_model3,5.265831664361439e-16
