model_name,weigth
arima,0.0
eakf_model1,0.9999999990325885
eakf_model2,6.176492525991913e-45
eakf_model3,9.674115656052258e-10
sarima,0.0
