model_name,weigth
arima,0.0
eakf_model1,0.9999999998201613
eakf_model2,6.428111834645229e-17
eakf_model3,1.798387398053595e-10
