model_name,weigth
arima,6.681984386436603e-239
eakf_model1,5.409798632948411e-11
eakf_model2,1.722958934818936e-20
eakf_model3,0.999999999945902
