model_name,weigth
arima,0.0
eakf_model1,4.4686669170257145e-09
eakf_model2,1.585202676308655e-72
eakf_model3,0.9999999955313331
sarima,0.0
