model_name,weigth
arima,0.0
eakf_model1,2.538602707536591e-10
eakf_model2,3.3218643391449755e-36
eakf_model3,0.9999999997461397
