model_name,weigth
arima,0.0
eakf_model1,1.5959252334495973e-08
eakf_model2,3.2840856651564305e-21
eakf_model3,0.9999999840407477
sarima,0.0
