model_name,weigth
arima,0.0
eakf_model1,4.5821426932978545e-10
eakf_model2,6.941082588308919e-19
eakf_model3,0.9999999995417858
