model_name,weigth
arima,1.0484422548267576e-78
eakf_model1,0.9999999999937467
eakf_model2,6.253316947836672e-12
eakf_model3,5.4761373954374146e-17
