model_name,weigth
arima,0.0
eakf_model1,1.8600496817849227e-10
eakf_model2,0.9999999998139951
eakf_model3,1.2879664762691102e-21
