model_name,weigth
arima,1.749492077614391e-77
eakf_model1,0.9999999999935405
eakf_model2,6.4585454461471155e-12
eakf_model3,9.598190030844872e-16
