model_name,weigth
arima,0.0
eakf_model1,2.6709309172482844e-09
eakf_model2,2.737536665578339e-61
eakf_model3,0.9999999973290691
