model_name,weigth
arima,0.0
eakf_model1,2.113829259323386e-10
eakf_model2,0.9999999997886172
eakf_model3,4.398755060504707e-23
