model_name,weigth
arima,7.445283514618058e-159
eakf_model1,0.9999999999885004
eakf_model2,1.1499724520261972e-11
eakf_model3,1.0788439568151441e-23
