model_name,weigth
arima,0.0
eakf_model1,5.741190278883076e-10
eakf_model2,2.3841205734746855e-41
eakf_model3,0.9999999994258811
sarima,0.0
