model_name,weigth
arima,1.0557329342426945e-90
eakf_model1,0.9999999999916381
eakf_model2,8.361738836919482e-12
eakf_model3,2.5591116050169117e-20
