model_name,weigth
arima,0.0
eakf_model1,2.2265389193653463e-09
eakf_model2,4.0934939991734727e-50
eakf_model3,0.999999997773461
sarima,0.0
