model_name,weigth
arima,0.0
eakf_model1,3.6463729595856727e-09
eakf_model2,0.9999999963536271
eakf_model3,1.0211540511060356e-83
sarima,0.0
