model_name,weigth
arima,5.817091743381283e-128
eakf_model1,0.9999999999940453
eakf_model2,4.878241744249244e-19
eakf_model3,5.954753789134564e-12
