model_name,weigth
arima,0.0
eakf_model1,2.5021284965212692e-08
eakf_model2,0.9999999749787151
eakf_model3,3.917213824926489e-187
