model_name,weigth
arima,5.529436480016129e-240
eakf_model1,3.860148396478824e-11
eakf_model2,1.8762164669999872e-30
eakf_model3,0.9999999999613985
