model_name,weigth
arima,2.4483383809021636e-94
eakf_model1,0.99999999999428
eakf_model2,5.1324532695648565e-20
eakf_model3,5.720044755772906e-12
