model_name,weigth
arima,0.0
eakf_model1,0.9999999997784059
eakf_model2,1.2652718746385977e-31
eakf_model3,2.2159406845221605e-10
