model_name,weigth
arima,8.871185256821559e-205
eakf_model1,0.9999999999848704
eakf_model2,8.796091122946981e-20
eakf_model3,1.512972065951901e-11
