model_name,weigth
arima,0.0
eakf_model1,0.9999999995857395
eakf_model2,4.1426060041227417e-10
eakf_model3,1.2275061701977366e-36
