model_name,weigth
arima,2.89142002456916e-268
eakf_model1,8.833556091170114e-11
eakf_model2,7.448186108793045e-35
eakf_model3,0.9999999999116644
sarima,3.30441085485221e-287
