model_name,weigth
arima,0.0
eakf_model1,2.727317709457727e-10
eakf_model2,0.9999999997272683
eakf_model3,4.152279356034784e-31
sarima,0.0
