model_name,weigth
arima,0.0
eakf_model1,0.9999999992960946
eakf_model2,1.5309259683609543e-73
eakf_model3,7.039055074686628e-10
