model_name,weigth
arima,3.335415157380485e-90
eakf_model1,0.9999999999949922
eakf_model2,2.0261252617954254e-19
eakf_model3,5.007814625247672e-12
