model_name,weigth
arima,0.0
eakf_model1,0.9999999996074307
eakf_model2,3.9256949038331955e-10
eakf_model3,3.217410956661025e-20
sarima,0.0
