model_name,weigth
arima,0.0
eakf_model1,3.2756671103718147e-10
eakf_model2,0.9999999996724332
eakf_model3,2.5539091658096998e-24
sarima,0.0
