model_name,weigth
arima,6.867373014253825e-95
eakf_model1,0.9999999999953486
eakf_model2,6.54091754795626e-19
eakf_model3,4.651415315922969e-12
