model_name,weigth
arima,0.0
eakf_model1,3.654361932974963e-09
eakf_model2,0.9999999963456381
eakf_model3,7.0129045793279886e-74
