model_name,weigth
arima,0.0
eakf_model1,1.5179205544655695e-10
eakf_model2,9.578053920506e-39
eakf_model3,0.9999999998482081
sarima,0.0
