model_name,weigth
arima,0.0
eakf_model1,1.1539233858984228e-08
eakf_model2,0.9999999884607661
eakf_model3,5.471029814707282e-135
