model_name,weigth
arima,1.4295527506755622e-307
eakf_model1,0.9999999999472523
eakf_model2,2.191234442836615e-19
eakf_model3,5.274761475233025e-11
sarima,4.144356e-318
