model_name,weigth
arima,0.0
eakf_model1,4.2428532026894653e-10
eakf_model2,7.184236146848805e-82
eakf_model3,0.9999999995757147
