model_name,weigth
arima,3.650325370523672e-129
eakf_model1,0.9999999999945293
eakf_model2,4.9230902501003105e-12
eakf_model3,5.476080355941483e-13
