model_name,weigth
arima,0.0
eakf_model1,0.9999999998846844
eakf_model2,1.0055928502975074e-34
eakf_model3,1.153156409171483e-10
