model_name,weigth
arima,4.6985195292869115e-146
eakf_model1,0.999999999989279
eakf_model2,6.64010477325023e-12
eakf_model3,4.080970094926413e-12
sarima,1.8863242366635588e-125
