model_name,weigth
arima,2.430233667454276e-148
eakf_model1,3.569823855525541e-11
eakf_model2,2.7278785005151072e-34
eakf_model3,0.9999999999643018
sarima,6.811490215530877e-132
