model_name,weigth
arima,2.2990183219330257e-269
eakf_model1,0.9999999999815994
eakf_model2,1.76592133512943e-11
eakf_model3,7.415228658511922e-13
