model_name,weigth
arima,1.8431425364253256e-211
eakf_model1,0.999999999979035
eakf_model2,2.0927481132455923e-11
eakf_model3,3.765665852770087e-14
sarima,9.530011549507891e-198
