model_name,weigth
arima,9.274100149774011e-87
eakf_model1,0.9999999999928869
eakf_model2,3.5364232147625515e-17
eakf_model3,7.1129776730072946e-12
sarima,7.657755829387373e-59
