model_name,weigth
arima,5.834128922395497e-104
eakf_model1,0.9999999999925869
eakf_model2,1.9132014449552633e-13
eakf_model3,7.22175016646941e-12
sarima,1.7513756792726344e-80
