model_name,weigth
arima,0.0
eakf_model1,0.9999999999494309
eakf_model2,5.0569120619609e-11
eakf_model3,1.1393513398078591e-67
