model_name,weigth
arima,1.200864949678359e-260
eakf_model1,0.9999999999673951
eakf_model2,3.260494820364745e-11
eakf_model3,4.3086271216482692e-19
