model_name,weigth
arima,1.8361305206598925e-238
eakf_model1,0.9999999999756104
eakf_model2,1.280622523526028e-11
eakf_model3,1.1583491408269885e-11
sarima,3.127902373648101e-238
