model_name,weigth
arima,7.378626643926087e-84
eakf_model1,0.999999999995144
eakf_model2,5.3423911507497177e-14
eakf_model3,4.802640543836426e-12
