model_name,weigth
arima,4.5768729817006515e-184
eakf_model1,8.573921054945824e-12
eakf_model2,2.0463191118924326e-15
eakf_model3,0.9999999999914242
