model_name,weigth
arima,0.0
eakf_model1,4.047833595492319e-10
eakf_model2,0.9999999995952167
eakf_model3,2.2257693251257422e-177
