model_name,weigth
arima,1.005577639838454e-121
eakf_model1,0.9999999999150609
eakf_model2,8.493920417173425e-11
eakf_model3,2.2076239840967867e-18
sarima,7.1315161962608525e-84
