model_name,weigth
arima,1.0158287404709887e-81
eakf_model1,0.9999999999935437
eakf_model2,1.847568576797859e-18
eakf_model3,6.456319648875765e-12
