model_name,weigth
arima,3.5506523763e-313
eakf_model1,0.9999999997583428
eakf_model2,3.4218215960783716e-40
eakf_model3,2.416571834902953e-10
sarima,2.4613326668240047e-199
