model_name,weigth
arima,4.6319056719931424e-95
eakf_model1,1.306617183989525e-16
eakf_model2,2.4341872623605556e-12
eakf_model3,0.9999999999975657
