model_name,weigth
arima,4.4608942973180425e-77
eakf_model1,0.9999999999916883
eakf_model2,4.707594398549982e-15
eakf_model3,8.307057716926805e-12
