model_name,weigth
arima,1.5760637234615751e-69
eakf_model1,0.9999999999860257
eakf_model2,1.3619259653632809e-11
eakf_model3,3.5500979025581587e-13
sarima,7.49742177254215e-40
