model_name,weigth
arima,2.8560059962826758e-71
eakf_model1,0.9999999999928767
eakf_model2,2.6437190873315915e-18
eakf_model3,7.123429078872812e-12
sarima,7.817141214269535e-40
