model_name,weigth
arima,9.637751259739518e-74
eakf_model1,0.9999999999889804
eakf_model2,1.0726782385902154e-11
eakf_model3,2.9292866892423636e-13
