model_name,weigth
arima,0.0
eakf_model1,0.9999999920615416
eakf_model2,1.7223652342240329e-215
eakf_model3,7.938458576943487e-09
sarima,3e-323
