model_name,weigth
arima,9.316255757705272e-81
eakf_model1,0.9999999999741392
eakf_model2,2.5859280454256696e-11
eakf_model3,1.4739995535491e-15
sarima,2.949201575473358e-50
