model_name,weigth
arima,1.2715330285206208e-172
eakf_model1,0.9999999997856164
eakf_model2,3.113206309715797e-27
eakf_model3,2.1438372358367252e-10
sarima,3.326104570099797e-130
