model_name,weigth
arima,6.55832070581812e-183
eakf_model1,0.9999999998568216
eakf_model2,1.431785187728386e-10
eakf_model3,1.515002765413721e-32
