model_name,weigth
arima,1.3434055109673615e-48
eakf_model1,0.9999999999937624
eakf_model2,6.237449592182319e-12
eakf_model3,2.868944759386398e-16
