model_name,weigth
arima,1.9097004066585986e-92
eakf_model1,1.3894244795367778e-13
eakf_model2,1.4342611884032884e-12
eakf_model3,0.9999999999984268
