model_name,weigth
arima,9.21598885212185e-172
eakf_model1,0.9999999998603827
eakf_model2,1.396172896354816e-10
eakf_model3,4.6992459495229216e-21
