model_name,weigth
arima,7.981664361133373e-14
eakf_model1,0.9999999999992965
eakf_model2,3.9223799617300805e-15
eakf_model3,6.199531592812231e-13
