model_name,weigth
arima,1.3090738830919427e-14
eakf_model1,0.9999999999989458
eakf_model2,3.4049682842389492e-18
eakf_model3,1.041094836945533e-12
