model_name,weigth
arima,1.1048883914391556e-299
eakf_model1,0.999999999165432
eakf_model2,8.345679965415196e-10
eakf_model3,3.417548987287354e-27
sarima,2.6747218894998706e-229
