model_name,weigth
arima,2.1218203321756474e-75
eakf_model1,0.9999999999932695
eakf_model2,4.774630872935036e-20
eakf_model3,6.730684623344754e-12
sarima,4.44190632319148e-44
