model_name,weigth
arima,2.6833380301452043e-77
eakf_model1,0.9999999999874674
eakf_model2,4.042138896195347e-17
eakf_model3,1.253267396386466e-11
sarima,7.082616505803466e-43
