model_name,weigth
arima,1.222966457415085e-243
eakf_model1,0.9999999998739378
eakf_model2,6.463448139360484e-27
eakf_model3,1.260624039638732e-10
