model_name,weigth
arima,1.2383456651308275e-192
eakf_model1,6.2099287775198124e-21
eakf_model2,2.758182404445705e-11
eakf_model3,0.9999999999724182
