model_name,weigth
arima,0.0
eakf_model1,4.96420496099732e-10
eakf_model2,4.704684321812994e-22
eakf_model3,0.9999999995035797
