model_name,weigth
arima,0.0
eakf_model1,0.9999999998020893
eakf_model2,1.9791076617119067e-10
eakf_model3,1.7289813823705022e-27
sarima,4.935972646587715e-223
