model_name,weigth
arima,0.0
eakf_model1,0.9999999980982971
eakf_model2,1.90170302021335e-09
eakf_model3,1.1038167399228723e-94
sarima,0.0
