model_name,weigth
arima,0.0
eakf_model1,0.999999999001005
eakf_model2,9.98994905112754e-10
eakf_model3,1.8822957318148453e-69
sarima,3e-323
