model_name,weigth
arima,5.595531761071542e-70
eakf_model1,0.999999999995283
eakf_model2,6.614194778229778e-20
eakf_model3,4.716999268281792e-12
