model_name,weigth
arima,2.1067847632143984e-162
eakf_model1,0.9999999999769171
eakf_model2,4.869827062413982e-12
eakf_model3,1.821313609949107e-11
