model_name,weigth
arima,3.2616442290815654e-41
eakf_model1,0.9999999999983025
eakf_model2,4.17205735498797e-20
eakf_model3,1.69754858398237e-12
