model_name,weigth
arima,5.502914395592309e-184
eakf_model1,0.999999999946598
eakf_model2,3.836623659548041e-18
eakf_model3,5.340211625498926e-11
sarima,3.0616290638119546e-114
