model_name,weigth
arima,0.0
eakf_model1,0.999999983419294
eakf_model2,1.658070607089824e-08
eakf_model3,9.663761074680683e-205
sarima,0.0
