model_name,weigth
arima,3.959365434129301e-186
eakf_model1,3.2495672488672586e-15
eakf_model2,3.3677149054860146e-11
eakf_model3,0.9999999999663195
sarima,4.843709146122704e-144
