model_name,weigth
arima,0.0
eakf_model1,2.2173813036976165e-10
eakf_model2,4.3763784324815805e-13
eakf_model3,0.9999999997778243
sarima,0.0
