model_name,weigth
arima,7.198928911035494e-172
eakf_model1,0.9999999999628191
eakf_model2,3.3002980135168773e-11
eakf_model3,4.177979859317005e-12
sarima,4.318789753966655e-108
