model_name,weigth
arima,6.50819163516266e-253
eakf_model1,0.9999999999467296
eakf_model2,5.327043650435284e-11
eakf_model3,4.628589923372194e-17
