model_name,weigth
arima,0.0
eakf_model1,0.9999999998150061
eakf_model2,1.328136370654625e-10
eakf_model3,5.2180341053699684e-11
