model_name,weigth
arima,0.0
eakf_model1,0.9999999997278699
eakf_model2,2.72105773797656e-10
eakf_model3,2.4313666083433677e-14
sarima,0.0
