model_name,weigth
arima,0.0
eakf_model1,0.9999999998078253
eakf_model2,1.9217476694528015e-10
eakf_model3,1.0222877330575793e-30
