model_name,weigth
arima,1.4645409671662658e-13
eakf_model1,0.9999999999992172
eakf_model2,2.821372500438143e-16
eakf_model3,6.361580441940485e-13
