model_name,weigth
arima,2.2503988414427627e-129
eakf_model1,4.591438941046833e-12
eakf_model2,3.6025075680658507e-12
eakf_model3,0.999999999991806
