model_name,weigth
arima,7.174373800750191e-113
eakf_model1,6.510473274753773e-12
eakf_model2,2.3158639423908514e-14
eakf_model3,0.9999999999934664
