model_name,weigth
arima,3.5856227818804383e-109
eakf_model1,2.1983096860157165e-11
eakf_model2,4.652338103572763e-16
eakf_model3,0.9999999999780166
