model_name,weigth
arima,1.757898113238977e-81
eakf_model1,4.137698295306236e-12
eakf_model2,6.78771942971584e-21
eakf_model3,0.9999999999958623
