model_name,weigth
arima,0.0
eakf_model1,1.6840952342135278e-130
eakf_model2,2.1183114998101645e-10
eakf_model3,0.9999999997881689
