model_name,weigth
arima,0.0
eakf_model1,3.398661044579619e-162
eakf_model2,3.7833254925412396e-10
eakf_model3,0.9999999996216674
