model_name,weigth
arima,9.176986540419221e-157
eakf_model1,1.524746942822266e-36
eakf_model2,4.483468497187968e-11
eakf_model3,0.9999999999551653
