model_name,weigth
arima,1.3819839331473228e-96
eakf_model1,5.811024961598533e-12
eakf_model2,1.1995883769133433e-11
eakf_model3,0.9999999999821931
