model_name,weigth
arima,2.650807296286445e-112
eakf_model1,8.041259230656763e-19
eakf_model2,2.238656213891184e-11
eakf_model3,0.9999999999776136
