model_name,weigth
arima,7.630187561139694e-107
eakf_model1,1.0075179445616032e-11
eakf_model2,5.307170887797274e-27
eakf_model3,0.999999999989925
