model_name,weigth
arima,0.0
eakf_model1,3e-323
eakf_model2,3.552739267600402e-09
eakf_model3,0.9999999964472608
