model_name,weigth
arima,1.432752862213626e-116
eakf_model1,5.837982919552794e-11
eakf_model2,2.375449751597936e-16
eakf_model3,0.99999999994162
sarima,1.3596365675047807e-95
