model_name,weigth
arima,1.3842918298697695e-162
eakf_model1,3.217016648366291e-11
eakf_model2,1.9780733207284328e-35
eakf_model3,0.99999999996783
