model_name,weigth
arima,3.578038813099964e-127
eakf_model1,6.144229229395329e-11
eakf_model2,1.5193324498750753e-12
eakf_model3,0.9999999999370385
sarima,8.248880914850876e-82
