model_name,weigth
arima,4.124025232900469e-246
eakf_model1,2.1176343270472967e-39
eakf_model2,2.3148477199864174e-10
eakf_model3,0.9999999997685153
sarima,4.28063026298909e-71
