model_name,weigth
arima,2.382005232134471e-70
eakf_model1,3.4890332795906565e-12
eakf_model2,1.0495084566091954e-14
eakf_model3,0.9999999999965005
sarima,1.2731461106580971e-51
