model_name,weigth
arima,7.973921145352731e-133
eakf_model1,2.5632694423959055e-11
eakf_model2,2.809234183283837e-27
eakf_model3,0.9999999999743674
