model_name,weigth
arima,0.0
eakf_model1,3e-323
eakf_model2,5.105103047319931e-07
eakf_model3,0.9999994894896952
