model_name,weigth
arima,0.0
eakf_model1,7.2461724481878255e-09
eakf_model2,2.133946476454427e-65
eakf_model3,0.9999999927538276
sarima,3e-323
