model_name,weigth
arima,5.228901205338734e-187
eakf_model1,1.1019035421671063e-10
eakf_model2,2.1083048610769512e-16
eakf_model3,0.9999999998898095
sarima,1.0451772632629916e-113
