model_name,weigth
arima,3.1005398184898506e-90
eakf_model1,1.4775487421637148e-25
eakf_model2,1.0035237871930278e-11
eakf_model3,0.9999999999899648
