model_name,weigth
arima,5.331446425143795e-74
eakf_model1,1.3719508256160483e-23
eakf_model2,6.628872169944223e-12
eakf_model3,0.9999999999933712
