model_name,weigth
arima,8.586686320989589e-148
eakf_model1,7.174958254508531e-35
eakf_model2,1.9947194660883197e-11
eakf_model3,0.9999999999800528
