model_name,weigth
arima,2.2304966888031353e-89
eakf_model1,4.4430672369127645e-18
eakf_model2,2.6140370375201953e-11
eakf_model3,0.9999999999738597
sarima,8.910137192565827e-29
