model_name,weigth
arima,0.0
eakf_model1,8.292867524749731e-120
eakf_model2,1.7686171335347314e-10
eakf_model3,0.9999999998231384
