model_name,weigth
arima,5.311003199702211e-92
eakf_model1,6.142633156788514e-13
eakf_model2,1.6896005027823834e-11
eakf_model3,0.9999999999824898
sarima,3.240208164192716e-48
