model_name,weigth
arima,0.0
eakf_model1,0.9999999996797496
eakf_model2,1.303610814450697e-12
eakf_model3,3.189467637198483e-10
