model_name,weigth
arima,3.565097242210435e-173
eakf_model1,7.369138221230516e-39
eakf_model2,8.78033733010235e-11
eakf_model3,0.9999999999121966
sarima,4.388911457740868e-24
