model_name,weigth
arima,6.072405621403871e-101
eakf_model1,4.502490951960398e-27
eakf_model2,1.0925240876204728e-11
eakf_model3,0.9999999999890749
