model_name,weigth
arima,8.809996509539962e-74
eakf_model1,8.522739200807053e-23
eakf_model2,6.489876418147099e-12
eakf_model3,0.9999999999935102
