model_name,weigth
arima,3e-323
eakf_model1,0.99999999536915
eakf_model2,2.876855369462467e-37
eakf_model3,4.630850045532947e-09
sarima,3e-323
