model_name,weigth
arima,1.968673202183374e-88
eakf_model1,3.46305081368915e-22
eakf_model2,1.874334247539437e-11
eakf_model3,0.9999999999812567
sarima,7.517550322236883e-21
