model_name,weigth
arima,0.0
eakf_model1,1.4452907656822996e-09
eakf_model2,3.3046359588051616e-28
eakf_model3,0.9999999985547093
