model_name,weigth
arima,0.0
eakf_model1,6.101836590501041e-274
eakf_model2,0.9999999823086928
eakf_model3,1.7691307300946152e-08
