model_name,weigth
arima,0.0
eakf_model1,1.0562424814506862e-08
eakf_model2,0.9999999894375752
eakf_model3,1.0688964065960939e-89
sarima,6e-323
