model_name,weigth
arima,1.2486147356533832e-162
eakf_model1,2.085316687863956e-35
eakf_model2,5.767183464677729e-11
eakf_model3,0.9999999999423282
