model_name,weigth
arima,6.754449475324439e-140
eakf_model1,8.90999756921462e-11
eakf_model2,0.9999999999109
eakf_model3,2.3477214637294203e-47
