model_name,weigth
arima,1.364139103315803e-131
eakf_model1,2.7452259442225385e-27
eakf_model2,3.8294090266014836e-11
eakf_model3,0.9999999999617059
