model_name,weigth
arima,5.362592811265935e-74
eakf_model1,1.8920475874910918e-11
eakf_model2,0.9999999999795687
eakf_model3,1.5110731377337942e-12
