model_name,weigth
arima,2.4017968909249757e-72
eakf_model1,5.557978797468813e-21
eakf_model2,5.349503584665048e-12
eakf_model3,0.9999999999946505
