model_name,weigth
arima,1.197261983983998e-108
eakf_model1,4.871899684437636e-25
eakf_model2,3.296970537562756e-11
eakf_model3,0.9999999999670303
sarima,1.7550734491228942e-38
