model_name,weigth
arima,5.201401567310681e-83
eakf_model1,8.029146329982094e-16
eakf_model2,1.5623210011549902e-11
eakf_model3,0.9999999999843759
sarima,7.53614241206332e-32
