model_name,weigth
arima,3.855814405629307e-120
eakf_model1,1.383604183865257e-10
eakf_model2,0.9999999998616396
eakf_model3,1.0867208614093803e-31
sarima,1.6543940484385316e-92
