model_name,weigth
arima,1.202784930549542e-72
eakf_model1,9.843803980899262e-24
eakf_model2,5.750983885540165e-12
eakf_model3,0.9999999999942492
