model_name,weigth
arima,2.866851515751651e-188
eakf_model1,3.1336275793583456e-10
eakf_model2,0.9999999996866373
eakf_model3,9.994735092501423e-36
sarima,2.6135069522626444e-142
