model_name,weigth
arima,4.8155255695835406e-102
eakf_model1,9.581360946943104e-17
eakf_model2,1.8247689116172695e-11
eakf_model3,0.9999999999817523
