model_name,weigth
arima,2.1909249171978752e-132
eakf_model1,3.134337571518785e-26
eakf_model2,0.9999999999137165
eakf_model3,8.628366372519633e-11
sarima,5.1156813910745375e-62
