model_name,weigth
arima,7.800830401895659e-257
eakf_model1,4.349998698561708e-10
eakf_model2,0.9999999995650002
eakf_model3,9.279289264892646e-38
