model_name,weigth
arima,0.0
eakf_model1,4.869269592140391e-57
eakf_model2,0.21725713611202352
eakf_model3,0.7827428638879765
