model_name,weigth
arima,0.0
eakf_model1,1.3e-322
eakf_model2,7.675525786582999e-06
eakf_model3,0.9999923244742134
sarima,3e-323
