model_name,weigth
arima,0.0
eakf_model1,7.957758116971542e-104
eakf_model2,2.6471679625882573e-09
eakf_model3,0.999999997352832
