model_name,weigth
arima,1.1788803821856927e-147
eakf_model1,1.53113445318285e-10
eakf_model2,0.9999999998468866
eakf_model3,2.222841569375517e-33
