model_name,weigth
arima,3e-323
eakf_model1,0.689731333039689
eakf_model2,0.3102686669603111
eakf_model3,1.6871329418738432e-127
