model_name,weigth
arima,1.2067232994235182e-43
eakf_model1,1.948481781179506e-21
eakf_model2,1.3799603656509914e-11
eakf_model3,0.9999999999862005
