model_name,weigth
arima,1.1955393180162017e-94
eakf_model1,0.9999999998808918
eakf_model2,1.1910811261249877e-10
eakf_model3,8.086974312819675e-30
sarima,2.2304552506291486e-36
