model_name,weigth
arima,3e-323
eakf_model1,0.0
eakf_model2,1.53e-322
eakf_model3,0.9999996567479928
sarima,3.432520070898272e-07
