model_name,weigth
arima,2.589177653020636e-69
eakf_model1,8.952299343606746e-11
eakf_model2,0.9999999999104769
eakf_model3,9.46116214891631e-99
