model_name,weigth
arima,3e-323
eakf_model1,0.9999999969448357
eakf_model2,3.05516432193234e-09
eakf_model3,2.686566539775495e-261
sarima,3e-323
