model_name,weigth
arima,8.375205576801002e-142
eakf_model1,0.9999999998084272
eakf_model2,1.9157274491023515e-10
eakf_model3,1.8116699665113133e-76
sarima,1.6642657309584997e-126
