model_name,weigth
arima,1.7563089571306443e-84
eakf_model1,1.1069256180787985e-10
eakf_model2,0.9999999998893075
eakf_model3,1.3695898897254051e-114
