model_name,weigth
arima,3.4993792812467347e-107
eakf_model1,0.9999999999254499
eakf_model2,7.455023650242189e-11
eakf_model3,2.719931335646398e-51
