model_name,weigth
arima,1.228538696774696e-86
eakf_model1,0.9999999999298039
eakf_model2,7.019611895770869e-11
eakf_model3,5.3823249027886717e-45
sarima,4.8070096166717806e-63
