model_name,weigth
arima,4.372663238532294e-154
eakf_model1,1.9231417169890265e-10
eakf_model2,0.999999999807686
eakf_model3,8.106142051432889e-66
sarima,2.920108272808707e-114
