model_name,weigth
arima,5.6405756209488165e-83
eakf_model1,9.434973758349204e-11
eakf_model2,0.9999999999056502
eakf_model3,3.010359258472901e-122
