model_name,weigth
arima,1.196912943448313e-60
eakf_model1,3.778180685844934e-11
eakf_model2,0.9999999999622181
eakf_model3,5.121797685264214e-88
