model_name,weigth
arima,4.7595350830420733e-51
eakf_model1,3.4666733126122143e-11
eakf_model2,0.9999999999653334
eakf_model3,3.824610703871642e-79
