model_name,weigth
arima,4.002117476807428e-255
eakf_model1,1.391407834444044e-68
eakf_model2,0.9999999997726241
eakf_model3,2.2737595804840291e-10
sarima,4.838108526653462e-63
