model_name,weigth
arima,1.0271106520241552e-284
eakf_model1,0.36766413573349255
eakf_model2,0.38161651028466337
eakf_model3,0.2507193539818442
