model_name,weigth
arima,7.40205025661161e-57
eakf_model1,3.5606090040481727e-11
eakf_model2,0.9999999999643939
eakf_model3,1.6160690864846198e-75
