model_name,weigth
arima,2.3888665447953157e-36
eakf_model1,2.0442049688898138e-29
eakf_model2,4.701411012403743e-12
eakf_model3,0.9999999999952985
