model_name,weigth
arima,1.4093544981813467e-274
eakf_model1,5.487487526802012e-10
eakf_model2,0.9999999994512513
eakf_model3,6.004005469947616e-170
