model_name,weigth
arima,5.950282545419348e-85
eakf_model1,0.9999999999355355
eakf_model2,6.446467659725869e-11
eakf_model3,6.833373627987058e-26
