model_name,weigth
arima,1.8442930709287344e-51
eakf_model1,8.161120816580512e-13
eakf_model2,0.9999999999896594
eakf_model3,9.52456329885209e-12
sarima,1.35516735538528e-24
