model_name,weigth
arima,5.139787739171418e-44
eakf_model1,3.0294073879948227e-11
eakf_model2,0.999999999969706
eakf_model3,8.359203411585345e-67
