model_name,weigth
arima,2.802843416573592e-34
eakf_model1,3.115170920810808e-11
eakf_model2,0.9999999999688484
eakf_model3,1.4513493532659316e-64
