model_name,weigth
arima,3e-323
eakf_model1,7.732455479887392e-07
eakf_model2,0.999999226754452
eakf_model3,5.844461321866059e-246
