model_name,weigth
arima,4.095843798366846e-52
eakf_model1,6.031163733202732e-11
eakf_model2,0.9999999999396885
eakf_model3,3.8270230644315276e-76
