model_name,weigth
arima,4.596559569602237e-40
eakf_model1,1.1188944710623252e-37
eakf_model2,4.87953813820971e-12
eakf_model3,0.9999999999951205
