model_name,weigth
arima,6e-323
eakf_model1,8.4e-323
eakf_model2,0.9999996143975936
eakf_model3,3.85602406533025e-07
sarima,6e-323
