model_name,weigth
arima,4.12780011263069e-121
eakf_model1,5.918023174000779e-55
eakf_model2,1.5267647940830054e-10
eakf_model3,0.9999999998473237
sarima,3.06606789585435e-121
