model_name,weigth
arima,2.5082834058319867e-42
eakf_model1,3.909892273550083e-11
eakf_model2,0.9999999999609012
eakf_model3,4.4065984063275136e-64
