model_name,weigth
arima,4.3083719725832066e-73
eakf_model1,8.722151174928589e-66
eakf_model2,1.8651826205845458e-11
eakf_model3,0.9999999999813481
sarima,3.741565701627005e-35
