model_name,weigth
arima,1.3437109820883536e-86
eakf_model1,2.608939478842438e-62
eakf_model2,4.14739911573513e-11
eakf_model3,0.9999999999585261
sarima,1.590310800413338e-59
