model_name,weigth
arima,1.0346842371089029e-41
eakf_model1,2.85917802328461e-43
eakf_model2,3.457983056161441e-12
eakf_model3,0.999999999996542
