model_name,weigth
arima,1.5906022012113865e-119
eakf_model1,8.431216469802116e-37
eakf_model2,0.9999999997783047
eakf_model3,2.216952715591162e-10
sarima,1.593035554688307e-131
