model_name,weigth
arima,1.1617528043425351e-110
eakf_model1,7.762301125973794e-11
eakf_model2,0.9999999999223771
eakf_model3,4.2962244407993817e-110
