model_name,weigth
arima,3.961752886648314e-72
eakf_model1,3.37552721494132e-11
eakf_model2,0.9999999999662448
eakf_model3,2.076003923187193e-77
