model_name,weigth
arima,2.8442450383581838e-157
eakf_model1,2.6434546830142807e-18
eakf_model2,0.9999999988395882
eakf_model3,1.1604117599215015e-09
sarima,1.252506736865721e-174
