model_name,weigth
arima,1.0285996038827951e-61
eakf_model1,1.4819773496737016e-53
eakf_model2,1.0213026979358464e-11
eakf_model3,0.999999999989787
