model_name,weigth
arima,3e-323
eakf_model1,0.9999999936516141
eakf_model2,6.348385983515614e-09
eakf_model3,1.3829825534925726e-102
