model_name,weigth
arima,2e-323
eakf_model1,3.2373391097162634e-282
eakf_model2,7.0782484972350954e-09
eakf_model3,0.9999999929217516
