model_name,weigth
arima,1.1779072377777353e-168
eakf_model1,3.6155279895707237e-35
eakf_model2,0.09147897669278704
eakf_model3,0.9085210233072131
