model_name,weigth
arima,3.8757926594133504e-55
eakf_model1,2.613678035082529e-34
eakf_model2,0.9999999998730316
eakf_model3,1.2696847226163829e-10
sarima,7.668060207771813e-54
