model_name,weigth
arima,6.171652506504526e-28
eakf_model1,1.0681427653283348e-16
eakf_model2,0.9999999999755488
eakf_model3,2.445113552584153e-11
