model_name,weigth
arima,5.887039223680075e-70
eakf_model1,5.4757311345212266e-11
eakf_model2,0.9999999999452427
eakf_model3,2.2444006421017313e-41
