model_name,weigth
arima,3.281328603357638e-20
eakf_model1,2.83343597630828e-10
eakf_model2,0.9999999997165724
eakf_model3,8.406696044894409e-14
sarima,3.030787842126061e-47
