model_name,weigth
arima,2.53501954916127e-52
eakf_model1,1.6600563841365912e-11
eakf_model2,0.9999999999833995
eakf_model3,5.4724771250108044e-61
