model_name,weigth
arima,8.246129850325664e-11
eakf_model1,2.482021759982722e-44
eakf_model2,7.569110919097702e-25
eakf_model3,0.9999999999175389
