model_name,weigth
arima,4.945855859655965e-10
eakf_model1,3.922497675460375e-77
eakf_model2,2.2407206404028777e-15
eakf_model3,0.9999999995054122
sarima,2.1978314503378224e-56
