model_name,weigth
arima,4.342271251838796e-81
eakf_model1,4.346919700416281e-11
eakf_model2,0.9999999999565309
eakf_model3,7.688804893596616e-100
