model_name,weigth
arima,8.966220448517314e-13
eakf_model1,7.530410498530736e-153
eakf_model2,6.248481385017655e-36
eakf_model3,0.999999999709353
sarima,2.8975026117207685e-10
