model_name,weigth
arima,5.024623924494213e-10
eakf_model1,1.1772953000248435e-153
eakf_model2,9.923910921969692e-44
eakf_model3,0.9999999994975377
sarima,2.3404163307048728e-45
