model_name,weigth
arima,3.912573433688133e-238
eakf_model1,6.79348201183087e-143
eakf_model2,0.9999999975797206
eakf_model3,2.420279493900229e-09
