model_name,weigth
arima,1.2485886789944174e-10
eakf_model1,5.106215306679713e-97
eakf_model2,7.241234854380513e-46
eakf_model3,0.9999999998751413
