model_name,weigth
arima,8.746462578681689e-47
eakf_model1,8.579692666804798e-11
eakf_model2,0.9999999999142032
eakf_model3,1.0707675745936193e-34
sarima,5.137536040470521e-48
