model_name,weigth
arima,1.2863901752452059e-95
eakf_model1,5.609164181364097e-11
eakf_model2,0.9999999999439083
eakf_model3,3.779730078842501e-98
