model_name,weigth
arima,2.5548285477216335e-25
eakf_model1,1.5902381021112033e-11
eakf_model2,1.6025015979537884e-21
eakf_model3,0.9999999999840977
