model_name,weigth
arima,1.5371944938919274e-21
eakf_model1,6.123174438389846e-12
eakf_model2,0.999999999981184
eakf_model3,1.2692892340365497e-11
