model_name,weigth
arima,0.0
eakf_model1,0.9999999987378252
eakf_model2,1.2621749114753423e-09
eakf_model3,4.442409989158898e-21
sarima,1.5450918952633596e-277
