model_name,weigth
arima,2.869158505397499e-269
eakf_model1,2.749229796056446e-135
eakf_model2,2.427157205990856e-273
eakf_model3,0.999999994837888
sarima,5.162112091294194e-09
