model_name,weigth
arima,0.0
eakf_model1,1.1524601591346277e-08
eakf_model2,1.089821032157146e-58
eakf_model3,0.9999999884753984
