model_name,weigth
arima,5.827425019236479e-140
eakf_model1,0.9999999999093262
eakf_model2,2.9062236585666326e-18
eakf_model3,9.067382201379574e-11
sarima,1.1121430436292455e-71
