model_name,weigth
arima,1.5491309284920733e-11
eakf_model1,1.3029027641585992e-53
eakf_model2,8.855683398155249e-13
eakf_model3,0.9999999999836231
