model_name,weigth
arima,1.6716891641604888e-19
eakf_model1,1.0926320224899247e-16
eakf_model2,4.800864056144857e-12
eakf_model3,0.9999999999951991
