model_name,weigth
arima,4.1707640877350174e-55
eakf_model1,5.634208049439664e-44
eakf_model2,0.9999999999241004
eakf_model3,7.589967839803127e-11
