model_name,weigth
arima,1.3601231498490343e-168
eakf_model1,1.5110602633260873e-10
eakf_model2,6.651135673590407e-53
eakf_model3,0.999999999848894
