model_name,weigth
arima,7.388907316977872e-15
eakf_model1,3.469226133259578e-40
eakf_model2,3.3454735393626127e-17
eakf_model3,5.52171600453757e-12
sarima,0.9999999999944709
