model_name,weigth
arima,2.719265834080618e-13
eakf_model1,4.724312613742765e-12
eakf_model2,8.393988160172619e-13
eakf_model3,0.9999999999941643
