model_name,weigth
arima,1.0881597488616835e-20
eakf_model1,8.478293837424114e-21
eakf_model2,0.9999999999806884
eakf_model3,1.9311629735052182e-11
