model_name,weigth
arima,6.380258916796095e-31
eakf_model1,1.0066252287039476e-26
eakf_model2,0.9999999999592218
eakf_model3,4.077827250341115e-11
