model_name,weigth
arima,0.0
eakf_model1,6.931713223662951e-09
eakf_model2,1.178008751247219e-140
eakf_model3,0.9999999930682869
