model_name,weigth
arima,3.715644474540455e-61
eakf_model1,1.4104999814873052e-32
eakf_model2,0.9999999998683003
eakf_model3,1.3169975162233927e-10
