model_name,weigth
arima,4.3311780702124756e-11
eakf_model1,2.8377925338930545e-59
eakf_model2,1.2136453408216207e-26
eakf_model3,0.9999999999566882
