model_name,weigth
arima,3.438428168248845e-121
eakf_model1,4.845432257738955e-10
eakf_model2,1.352906407958163e-83
eakf_model3,0.9999999995154568
sarima,1.857278543696394e-23
