model_name,weigth
arima,2.315730536565406e-67
eakf_model1,4.701884180683257e-49
eakf_model2,2.5842125092651136e-61
eakf_model3,1.8420468533960645e-10
sarima,0.9999999998157955
