model_name,weigth
arima,1.6929546505492072e-10
eakf_model1,9.868313261840225e-127
eakf_model2,1.6415310076146747e-36
eakf_model3,0.9999999998307046
