model_name,weigth
arima,6.978503214736898e-55
eakf_model1,3.919120983692208e-11
eakf_model2,7.463699846716146e-36
eakf_model3,0.9999999999608089
