model_name,weigth
arima,3.1769528281028836e-13
eakf_model1,5.362078067161802e-13
eakf_model2,3.9686781526876617e-13
eakf_model3,0.9999999999987492
