model_name,weigth
arima,1.7345127710259814e-11
eakf_model1,2.1709542248344243e-12
eakf_model2,0.999999999980484
eakf_model3,2.3632207248276912e-17
