model_name,weigth
arima,2.50458364006653e-53
eakf_model1,4.8401404034866514e-11
eakf_model2,0.9999999999515986
eakf_model3,3.9671921170684803e-19
