model_name,weigth
arima,8.937884692114095e-52
eakf_model1,5.471074629083304e-20
eakf_model2,1.3747886562264194e-11
eakf_model3,0.9999999999862522
sarima,9.249358858609589e-47
