model_name,weigth
arima,0.0
eakf_model1,4.121281419665947e-09
eakf_model2,0.9999999958787187
eakf_model3,1.6929007932187723e-30
