model_name,weigth
arima,6.300985482571004e-89
eakf_model1,1.9536516052677504e-11
eakf_model2,5.749243192688094e-14
eakf_model3,0.999999999980406
