model_name,weigth
arima,7.90523768503399e-84
eakf_model1,1.9776502871817103e-11
eakf_model2,5.304538052859702e-12
eakf_model3,0.9999999999749191
sarima,4.417213350219812e-62
