model_name,weigth
arima,0.0
eakf_model1,4.709631626055936e-18
eakf_model2,5.517699464694043e-09
eakf_model3,0.9999999944823006
