model_name,weigth
arima,0.0
eakf_model1,6.874513387847784e-09
eakf_model2,0.9999999931254867
eakf_model3,1.2498207148706091e-76
sarima,3e-323
