model_name,weigth
arima,4.0435514686478935e-68
eakf_model1,1.2657889457868854e-14
eakf_model2,2.1276776179326436e-11
eakf_model3,0.9999999999787105
sarima,8.524511384897611e-60
