model_name,weigth
arima,4.503242061091977e-55
eakf_model1,7.788443425202514e-11
eakf_model2,0.9999999999221156
eakf_model3,1.8511596239570005e-24
