model_name,weigth
arima,6.987305786194912e-23
eakf_model1,5.153660753903934e-11
eakf_model2,0.9999999999484636
eakf_model3,6.141860469356184e-28
