model_name,weigth
arima,0.0
eakf_model1,1.4120667482328968e-15
eakf_model2,1.118679697466533e-08
eakf_model3,0.9999999888132016
