model_name,weigth
arima,0.0
eakf_model1,1.2448717623993724e-114
eakf_model2,0.25525631717453695
eakf_model3,0.7447436828254631
sarima,3e-323
