model_name,weigth
arima,8.10454120429683e-256
eakf_model1,6.259801531151312e-11
eakf_model2,9.419773058032179e-72
eakf_model3,0.9999999999374023
sarima,8.056977083124755e-95
