model_name,weigth
arima,1.0976693291548331e-271
eakf_model1,0.9999999999424325
eakf_model2,5.492975413952197e-51
eakf_model3,5.756762450615525e-11
sarima,1.1646251881425659e-95
