model_name,weigth
arima,2.1523477067649342e-115
eakf_model1,0.9999999999810261
eakf_model2,6.80179777599382e-36
eakf_model3,1.897383113561458e-11
sarima,5.871211086202618e-73
