model_name,weigth
arima,0.0
eakf_model1,2.2719179614285344e-08
eakf_model2,1.6e-322
eakf_model3,0.9999999772808204
sarima,0.0
