model_name,weigth
arima,0.0
eakf_model1,4.3410124799391653e-10
eakf_model2,2.671175588545536e-82
eakf_model3,0.9999999995658986
sarima,1.0820253239517544e-206
