model_name,weigth
arima,2.4199602526e-313
eakf_model1,4.113508145780486e-10
eakf_model2,6.325889062219223e-79
eakf_model3,0.9999999995886496
sarima,4.486423957367318e-193
