model_name,weigth
arima,4.27e-321
eakf_model1,2.890865656871905e-10
eakf_model2,4.844185111972466e-76
eakf_model3,0.9999999997109134
sarima,5.602763043824087e-186
