model_name,weigth
arima,0.0
eakf_model1,6.750328894639125e-09
eakf_model2,8.363157540900403e-216
eakf_model3,0.9999999932496714
sarima,0.0
