model_name,weigth
arima,0.0
eakf_model1,1.7291938264788308e-07
eakf_model2,4.4e-322
eakf_model3,0.9999998270806175
sarima,0.0
