model_name,weigth
arima,0.0
eakf_model1,7.642600280358334e-09
eakf_model2,1.0469173680890113e-185
eakf_model3,0.9999999923573999
sarima,0.0
