model_name,weigth
arima,0.0
eakf_model1,9.628566605529593e-06
eakf_model2,6.47e-322
eakf_model3,0.9999903714333942
sarima,0.0
