model_name,weigth
arima,0.0
eakf_model1,2.1110079052908752e-07
eakf_model2,6.6e-322
eakf_model3,0.9999997888992095
sarima,0.0
