model_name,weigth
arima,0.0
eakf_model1,0.9999999874737948
eakf_model2,5.668563109561828e-213
eakf_model3,1.2526205213568439e-08
sarima,0.0
