model_name,weigth
arima,0.0
eakf_model1,9.975398324645137e-08
eakf_model2,9.14e-322
eakf_model3,0.9999999002460169
sarima,0.0
