model_name,weigth
arima,0.0
eakf_model1,0.7741688501216316
eakf_model2,2.0603e-320
eakf_model3,0.2258311498783683
sarima,0.0
