model_name,weigth
arima,0.0
eakf_model1,1.6668185462423875e-09
eakf_model2,1.5230738495915942e-93
eakf_model3,0.9999999983331814
sarima,0.0
