model_name,weigth
arima,0.0
eakf_model1,0.9999999971558217
eakf_model2,6.467467860991127e-115
eakf_model3,2.844178237382847e-09
sarima,0.0
