model_name,weigth
arima,0.0
eakf_model1,8.760778767277712e-09
eakf_model2,9.561196533379873e-183
eakf_model3,0.9999999912392212
sarima,0.0
