model_name,weigth
arima,0.0
eakf_model1,0.9999999987468238
eakf_model2,1.08565828329332e-78
eakf_model3,1.253176565171892e-09
sarima,0.0
