model_name,weigth
arima,0.0
eakf_model1,0.9999999992932163
eakf_model2,1.1934584505626539e-57
eakf_model3,7.06783467247528e-10
sarima,0.0
