model_name,weigth
arima,0.0
eakf_model1,0.9999999988896632
eakf_model2,1.920304598746824e-71
eakf_model3,1.1103368303714292e-09
sarima,0.0
