model_name,weigth
arima,0.0
eakf_model1,0.9999999981172046
eakf_model2,5.091658027933574e-98
eakf_model3,1.88279562389202e-09
sarima,0.0
