model_name,weigth
arima,0.0
eakf_model1,0.9999999995331137
eakf_model2,6.984641620271435e-42
eakf_model3,4.668865491247155e-10
sarima,0.0
