model_name,weigth
arima,0.0
eakf_model1,0.9999999995243765
eakf_model2,2.3368760607337314e-42
eakf_model3,4.756237086732824e-10
sarima,0.0
