model_name,weigth
arima,0.0
eakf_model1,0.9999999995250975
eakf_model2,2.245089432534292e-42
eakf_model3,4.749026286950412e-10
sarima,0.0
