model_name,weigth
arima,0.0
eakf_model1,0.9999999985596794
eakf_model2,3.653087456020506e-65
eakf_model3,1.4403206876501424e-09
sarima,0.0
