model_name,weigth
arima,0.0
eakf_model1,1.698098865941369e-08
eakf_model2,4.654081582385893e-172
eakf_model3,0.9999999830190117
sarima,0.0
