model_name,weigth
arima,0.0
eakf_model1,0.9999999569133963
eakf_model2,1.8105171749612184e-292
eakf_model3,4.3086603505235774e-08
sarima,0.0
