model_name,weigth
arima,0.0
eakf_model1,0.9999999511278276
eakf_model2,5.007826887705304e-305
eakf_model3,4.887217250559565e-08
sarima,0.0
