model_name,weigth
arima,0.0
eakf_model1,3.2563085950848815e-09
eakf_model2,1.1281480349106067e-86
eakf_model3,0.9999999967436918
sarima,0.0
