model_name,weigth
arima,0.0
eakf_model1,9.323590331929865e-10
eakf_model2,2.5252424380135155e-51
eakf_model3,0.9999999990676413
sarima,0.0
