model_name,weigth
arima,0.0
eakf_model1,1.7006912841826656e-09
eakf_model2,1.3566977463930958e-66
eakf_model3,0.9999999982993089
sarima,0.0
