model_name,weigth
arima,0.0
eakf_model1,1.0929802415564364e-09
eakf_model2,3.48702179321889e-56
eakf_model3,0.9999999989070197
sarima,0.0
