model_name,weigth
arima,0.0
eakf_model1,4.3248211155472306e-10
eakf_model2,4.43678116603604e-36
eakf_model3,0.9999999995675177
sarima,0.0
