model_name,weigth
arima,0.0
eakf_model1,7.646050110363863e-10
eakf_model2,5.008010966750257e-41
eakf_model3,0.9999999992353951
sarima,0.0
