model_name,weigth
arima,0.0
eakf_model1,3.0566040489849e-10
eakf_model2,7.091048343888647e-27
eakf_model3,0.9999999996943398
sarima,3.892292017099236e-295
