model_name,weigth
arima,0.0
eakf_model1,6.212306688377707e-10
eakf_model2,1.4672430201016106e-38
eakf_model3,0.9999999993787695
sarima,0.0
