model_name,weigth
arima,0.0
eakf_model1,4.0662932128083215e-10
eakf_model2,4.866628896806088e-27
eakf_model3,0.9999999995933708
sarima,0.0
