model_name,weigth
arima,2.1852760040838345e-270
eakf_model1,1.892228986811246e-10
eakf_model2,1.8482291483382835e-17
eakf_model3,0.9999999998107775
sarima,7.379452790016332e-211
