model_name,weigth
arima,0.0
eakf_model1,5.339423732668408e-10
eakf_model2,1.054297791690547e-28
eakf_model3,0.9999999994660576
sarima,0.0
