model_name,weigth
arima,0.0
eakf_model1,3.0095118396334674e-10
eakf_model2,5.119625502100096e-21
eakf_model3,0.9999999996990487
sarima,1.0713622333398335e-262
