model_name,weigth
arima,1.2983146594986487e-238
eakf_model1,1.6057801813237716e-10
eakf_model2,3.037938102494638e-15
eakf_model3,0.999999999839419
sarima,4.545982324194172e-188
