model_name,weigth
arima,9.950512732084283e-220
eakf_model1,1.2359003660533747e-10
eakf_model2,7.52004998706007e-15
eakf_model3,0.9999999998764021
sarima,4.425603251378028e-172
