model_name,weigth
arima,3.720597810665798e-225
eakf_model1,1.3430588777353227e-10
eakf_model2,8.016364550543651e-15
eakf_model3,0.9999999998656861
sarima,6.064718404532899e-177
