model_name,weigth
arima,5.856058584821588e-218
eakf_model1,1.197287889384822e-10
eakf_model2,7.671347233931695e-15
eakf_model3,0.9999999998802636
sarima,3.638172099964739e-170
