model_name,weigth
arima,2.5736211134112566e-217
eakf_model1,1.1778632263194456e-10
eakf_model2,4.9175338652335e-15
eakf_model3,0.9999999998822088
sarima,2.2717679776379542e-169
