model_name,weigth
arima,9.31204351137284e-226
eakf_model1,1.6058987536290062e-10
eakf_model2,2.470295668666313e-13
eakf_model3,0.9999999998391631
sarima,1.9587875103822846e-178
