model_name,weigth
arima,1.1800632729839648e-219
eakf_model1,1.439516794826955e-10
eakf_model2,2.265167503063725e-13
eakf_model3,0.9999999998558218
sarima,1.8589883362037817e-173
