model_name,weigth
arima,1.441189967107275e-195
eakf_model1,1.2178556716335864e-10
eakf_model2,1.000587398522485e-12
eakf_model3,0.9999999998772139
sarima,3.407626265059902e-156
