model_name,weigth
arima,3.8933286432397976e-216
eakf_model1,1.3629434237782905e-10
eakf_model2,1.5689406769679496e-13
eakf_model3,0.9999999998635491
sarima,9.91994323289364e-171
