model_name,weigth
arima,1.2778775216486148e-213
eakf_model1,1.3223529799883165e-10
eakf_model2,9.001341255875042e-14
eakf_model3,0.9999999998676747
sarima,1.007279867145273e-168
