model_name,weigth
arima,8.132494617620953e-175
eakf_model1,8.48036764064574e-11
eakf_model2,1.1274560802389065e-11
eakf_model3,0.9999999999039216
sarima,2.3147700766287927e-139
