model_name,weigth
arima,1.0391208768937409e-154
eakf_model1,5.1523895333026533e-11
eakf_model2,2.533282426732217e-11
eakf_model3,0.9999999999231435
sarima,2.598320443359059e-121
