model_name,weigth
arima,1.7862123604793058e-153
eakf_model1,8.03575523016322e-11
eakf_model2,1.2371354105452376e-12
eakf_model3,0.9999999999184052
sarima,1.751322381425193e-118
