model_name,weigth
arima,1.6876657952281744e-149
eakf_model1,7.70635869436639e-11
eakf_model2,1.2367583319990833e-12
eakf_model3,0.9999999999216999
sarima,4.4431768984808943e-116
