model_name,weigth
arima,6.795806049828705e-151
eakf_model1,7.775141564600293e-11
eakf_model2,1.2715643675437194e-12
eakf_model3,0.9999999999209771
sarima,7.505708867033496e-117
