model_name,weigth
arima,1.1826679006501626e-151
eakf_model1,7.544881231128553e-11
eakf_model2,4.447377358268939e-12
eakf_model3,0.9999999999201038
sarima,2.507731276209928e-118
