model_name,weigth
arima,4.865112185329594e-160
eakf_model1,2.7885708242482983e-11
eakf_model2,5.219294511089771e-11
eakf_model3,0.9999999999199216
sarima,1.1032032622905655e-125
