model_name,weigth
arima,1.0497589790565417e-142
eakf_model1,6.496804949386786e-11
eakf_model2,5.703279130855006e-12
eakf_model3,0.9999999999293288
sarima,8.51918132072935e-110
