model_name,weigth
arima,1.9213440456264542e-158
eakf_model1,8.534913474697622e-11
eakf_model2,1.5779951485435603e-12
eakf_model3,0.9999999999130729
sarima,1.4392622239284222e-121
