model_name,weigth
arima,1.044542109503248e-154
eakf_model1,8.123719480827593e-11
eakf_model2,1.5325397136377113e-12
eakf_model3,0.9999999999172302
sarima,4.8693649628282207e-119
