model_name,weigth
arima,7.132770802785473e-157
eakf_model1,8.297724468614892e-11
eakf_model2,1.8003021968392687e-12
eakf_model3,0.9999999999152223
sarima,1.3732725098421155e-120
