model_name,weigth
arima,3.4777754692348625e-151
eakf_model1,7.65435250370248e-11
eakf_model2,1.8063828784655653e-12
eakf_model3,0.9999999999216501
sarima,2.011972926296462e-116
