model_name,weigth
arima,4.4e-323
eakf_model1,1.0631773587204599e-07
eakf_model2,1.33e-322
eakf_model3,0.9999998936822642
sarima,1.33e-322
