model_name,weigth
arima,0.0
eakf_model1,1.6393896042181061e-09
eakf_model2,3.840501359849366e-232
eakf_model3,0.9999999983606104
sarima,4.893498820894046e-63
