model_name,weigth
arima,1.6722894133215544e-108
eakf_model1,0.9290919195660822
eakf_model2,1.3827382032341644e-92
eakf_model3,1.1302518737093461e-10
sarima,0.07090808032089266
