model_name,weigth
arima,1.2365696e-315
eakf_model1,8.703879808636338e-10
eakf_model2,4.345577073116144e-133
eakf_model3,0.9999999991296119
sarima,9.060855892604422e-56
