model_name,weigth
arima,4.879333861354079e-192
eakf_model1,0.999999999808515
eakf_model2,6.705862317895132e-27
eakf_model3,1.914849638062784e-10
sarima,4.360925928048293e-168
