model_name,weigth
arima,1.2847852521194822e-107
eakf_model1,0.999999999868386
eakf_model2,2.6068351607591193e-15
eakf_model3,1.3161139349558073e-10
sarima,2.379763346399342e-51
