model_name,weigth
arima,2.3571037827163783e-189
eakf_model1,0.9999999998435791
eakf_model2,8.549443809214584e-23
eakf_model3,1.5642053415155288e-10
sarima,5.637922445833881e-163
