model_name,weigth
arima,1.5652476511845372e-227
eakf_model1,0.999999999797113
eakf_model2,6.716504611367978e-24
eakf_model3,2.028873260269678e-10
sarima,4.817215339659893e-192
