model_name,weigth
arima,1.5943668281403015e-229
eakf_model1,0.999999999836279
eakf_model2,5.1013799915591176e-23
eakf_model3,1.6372101596219345e-10
sarima,4.802073718751469e-213
