model_name,weigth
arima,0.0
eakf_model1,0.9999999992962828
eakf_model2,1.151806338626331e-44
eakf_model3,7.037172568877647e-10
sarima,0.0
