model_name,weigth
arima,3.789119028850944e-304
eakf_model1,0.999999999681839
eakf_model2,4.091360718942044e-36
eakf_model3,3.1816122860015255e-10
sarima,5.981790936073552e-298
