model_name,weigth
arima,4.849252771609133e-211
eakf_model1,0.9999999998755889
eakf_model2,4.5730488941384975e-18
eakf_model3,1.2441114726453387e-10
sarima,4.13646605091189e-191
