model_name,weigth
arima,0.0
eakf_model1,0.9999999987390865
eakf_model2,6.593557714038891e-65
eakf_model3,1.2609135073727915e-09
sarima,0.0
