model_name,weigth
arima,0.0
eakf_model1,0.9999999993840353
eakf_model2,3.513867121898808e-47
eakf_model3,6.159649221528385e-10
sarima,0.0
