model_name,weigth
arima,0.0
eakf_model1,0.9999999983791428
eakf_model2,1.9080997917246457e-72
eakf_model3,1.6208571152669066e-09
sarima,0.0
