model_name,weigth
arima,0.0
eakf_model1,0.9999999933169077
eakf_model2,5.652047659652754e-123
eakf_model3,6.6830922985768554e-09
sarima,0.0
