model_name,weigth
arima,0.0
eakf_model1,0.7400884280305773
eakf_model2,7.6490735964751e-269
eakf_model3,0.2599115719694229
sarima,0.0
