model_name,weigth
arima,0.0
eakf_model1,0.9999985095046153
eakf_model2,7.26e-322
eakf_model3,1.4904953846919632e-06
sarima,0.0
