model_name,weigth
arima,0.0
eakf_model1,0.6093304482537619
eakf_model2,1.2994351752477607e-201
eakf_model3,0.39066955174623813
sarima,0.0
