model_name,weigth
arima,0.0
eakf_model1,0.9015034514681203
eakf_model2,8.45e-322
eakf_model3,0.09849654853187968
sarima,0.0
