model_name,weigth
arima,0.0
eakf_model1,0.9999999725347839
eakf_model2,1.0603738225102359e-240
eakf_model3,2.7465215819916753e-08
sarima,0.0
