model_name,weigth
arima,0.0
eakf_model1,0.9999999932733733
eakf_model2,1.940316727377626e-124
eakf_model3,6.726626721112195e-09
sarima,0.0
