model_name,weigth
arima,0.0
eakf_model1,0.9999999992088822
eakf_model2,1.601936141092771e-50
eakf_model3,7.911180058766227e-10
sarima,0.0
