model_name,weigth
arima,0.0
eakf_model1,0.999999998240412
eakf_model2,1.4381800410314642e-75
eakf_model3,1.7595883482297148e-09
sarima,0.0
