model_name,weigth
arima,0.0
eakf_model1,0.9999999991788799
eakf_model2,7.7138429576531675e-50
eakf_model3,8.211199729810178e-10
sarima,0.0
