model_name,weigth
arima,0.0
eakf_model1,0.9999999983190696
eakf_model2,6.715666811026636e-79
eakf_model3,1.6809303710692448e-09
sarima,0.0
