model_name,weigth
arima,0.0
eakf_model1,0.9999999989536816
eakf_model2,6.997179416534584e-63
eakf_model3,1.0463185416524125e-09
sarima,0.0
