model_name,weigth
arima,0.0
eakf_model1,0.9999999984654921
eakf_model2,2.2685406811409836e-71
eakf_model3,1.5345074958563373e-09
sarima,0.0
