model_name,weigth
arima,0.0
eakf_model1,0.9999999985494021
eakf_model2,1.6328160906048083e-74
eakf_model3,1.4505975673655957e-09
sarima,0.0
