model_name,weigth
arima,0.0
eakf_model1,0.9999999994528396
eakf_model2,3.866060421741538e-46
eakf_model3,5.471605062476122e-10
sarima,0.0
