model_name,weigth
arima,0.0
eakf_model1,0.9999999962632743
eakf_model2,4.1067149955987573e-100
eakf_model3,3.736725713106512e-09
sarima,0.0
