model_name,weigth
arima,0.0
eakf_model1,0.9999999584124747
eakf_model2,5.18582277836103e-257
eakf_model3,4.158752539407749e-08
sarima,0.0
