model_name,weigth
arima,0.0
eakf_model1,7.0995467925523794e-09
eakf_model2,1.8498831461340737e-109
eakf_model3,0.9999999929004532
sarima,0.0
