model_name,weigth
arima,0.0
eakf_model1,1.5872969416356406e-09
eakf_model2,1.9092135028188686e-58
eakf_model3,0.9999999984127035
sarima,0.0
