model_name,weigth
arima,0.0
eakf_model1,1.0602766893556515e-09
eakf_model2,2.4561696152216905e-50
eakf_model3,0.9999999989397231
sarima,0.0
