model_name,weigth
arima,0.0
eakf_model1,7.504918219481065e-09
eakf_model2,3.006875501051211e-115
eakf_model3,0.9999999924950816
sarima,0.0
