model_name,weigth
arima,0.0
eakf_model1,4.708346419007626e-09
eakf_model2,1.3114327859609075e-91
eakf_model3,0.9999999952916534
sarima,0.0
