model_name,weigth
arima,0.0
eakf_model1,5.05141520695606e-09
eakf_model2,1.8473619218992306e-96
eakf_model3,0.9999999949485846
sarima,0.0
