model_name,weigth
arima,0.0
eakf_model1,5.360416691558635e-10
eakf_model2,1.2283849121996477e-33
eakf_model3,0.9999999994639583
sarima,0.0
