model_name,weigth
arima,0.0
eakf_model1,3.1487845995274455e-09
eakf_model2,2.878634564244394e-76
eakf_model3,0.999999996851215
sarima,0.0
