model_name,weigth
arima,0.0
eakf_model1,4.5846978168815054e-09
eakf_model2,2.7129255985889486e-91
eakf_model3,0.9999999954153026
sarima,0.0
