model_name,weigth
arima,0.0
eakf_model1,9.421177055848749e-10
eakf_model2,1.052897391880578e-46
eakf_model3,0.9999999990578824
sarima,0.0
