model_name,weigth
arima,0.0
eakf_model1,1.2847597225326945e-09
eakf_model2,1.9257778268517474e-52
eakf_model3,0.9999999987152403
sarima,0.0
