model_name,weigth
arima,2.06110478906977e-310
eakf_model1,3.199666056563971e-10
eakf_model2,5.292321609265837e-24
eakf_model3,0.9999999996800334
sarima,1.0744474223008507e-249
