model_name,weigth
arima,0.0
eakf_model1,2.236887809355257e-09
eakf_model2,5.165618634461375e-54
eakf_model3,0.9999999977631121
sarima,0.0
