model_name,weigth
arima,0.0
eakf_model1,6.685669707283894e-10
eakf_model2,2.5002266967517394e-31
eakf_model3,0.999999999331433
sarima,0.0
