model_name,weigth
arima,0.0
eakf_model1,2.2514113092246552e-08
eakf_model2,7.68953388705141e-133
eakf_model3,0.9999999774858869
sarima,0.0
