model_name,weigth
arima,1.233880263017026e-288
eakf_model1,2.719958412964819e-10
eakf_model2,1.0713288189781022e-22
eakf_model3,0.999999999728004
sarima,4.4420862979824713e-231
