model_name,weigth
arima,4.25105743054019e-265
eakf_model1,2.595889283130309e-10
eakf_model2,2.5898764886205676e-21
eakf_model3,0.9999999997404109
sarima,1.1992414538302153e-219
