model_name,weigth
arima,2.1261444393659732e-272
eakf_model1,2.368552067542686e-10
eakf_model2,7.385657509201018e-22
eakf_model3,0.9999999997631448
sarima,2.939005863724244e-223
