model_name,weigth
arima,1.4963387786113006e-276
eakf_model1,2.5242125866774815e-10
eakf_model2,3.724039743019572e-22
eakf_model3,0.9999999997475787
sarima,2.6743655404329636e-226
