model_name,weigth
arima,6.4093652841183465e-286
eakf_model1,2.9770303278053513e-10
eakf_model2,1.5114092265913395e-22
eakf_model3,0.9999999997022972
sarima,2.9913479486438716e-236
