model_name,weigth
arima,1.1412940972162339e-306
eakf_model1,3.3940254860582675e-10
eakf_model2,2.338322518858989e-24
eakf_model3,0.9999999996605974
sarima,1.3781028980718894e-252
