model_name,weigth
arima,1.296651849069292e-277
eakf_model1,2.4822284637926867e-10
eakf_model2,3.9922381669969047e-22
eakf_model3,0.9999999997517768
sarima,3.99595315926063e-225
