model_name,weigth
arima,1.410705333654404e-305
eakf_model1,3.2742716176213804e-10
eakf_model2,2.8188166818906208e-24
eakf_model3,0.9999999996725728
sarima,2.7366233440096546e-250
