model_name,weigth
arima,0.0
eakf_model1,5.339443624053752e-10
eakf_model2,2.424123932646687e-25
eakf_model3,0.9999999994660558
sarima,1.0563876316969876e-292
