model_name,weigth
arima,0.0
eakf_model1,5.712127556031971e-10
eakf_model2,3.8254259781036704e-26
eakf_model3,0.9999999994287869
sarima,1.6006085422313398e-302
