model_name,weigth
arima,2.230000160581156e-234
eakf_model1,2.5554925144220716e-10
eakf_model2,1.0163520877129563e-17
eakf_model3,0.9999999997444508
sarima,7.7783444002205e-191
