model_name,weigth
arima,6.704414671630702e-229
eakf_model1,2.2789711048433713e-10
eakf_model2,1.720992325326114e-16
eakf_model3,0.9999999997721029
sarima,5.52849779935752e-189
