model_name,weigth
arima,3.5348143488309397e-280
eakf_model1,3.356268133335293e-10
eakf_model2,2.6680331587906128e-20
eakf_model3,0.9999999996643731
sarima,2.2978464303190428e-234
