model_name,weigth
arima,8.4e-322
eakf_model1,4.155687911284533e-10
eakf_model2,1.8341310249923168e-23
eakf_model3,0.9999999995844312
sarima,1.0180992531136998e-266
