model_name,weigth
arima,0.0
eakf_model1,4.824034660562143e-10
eakf_model2,1.7433713802548142e-24
eakf_model3,0.9999999995175968
sarima,1.7948831791559407e-279
