model_name,weigth
arima,1.5380862990886463e-233
eakf_model1,2.84466171659328e-10
eakf_model2,7.073832277722614e-18
eakf_model3,0.9999999997155339
sarima,8.394379294018364e-191
