model_name,weigth
arima,6.584614951262083e-225
eakf_model1,2.4764909873020346e-10
eakf_model2,5.0980753093205605e-18
eakf_model3,0.9999999997523503
sarima,1.9848905464587506e-182
