model_name,weigth
arima,1.817401119235148e-228
eakf_model1,2.523343194995345e-10
eakf_model2,1.4668855044728962e-18
eakf_model3,0.9999999997476657
sarima,4.563997338455123e-186
