model_name,weigth
arima,1.1317472757373217e-229
eakf_model1,2.690695985162194e-10
eakf_model2,1.1244333263379901e-17
eakf_model3,0.9999999997309305
sarima,2.038287454888359e-186
