model_name,weigth
arima,2.0326157115687717e-223
eakf_model1,2.433402990086657e-10
eakf_model2,2.1718158580495227e-18
eakf_model3,0.9999999997566598
sarima,3.682272099182955e-182
