model_name,weigth
arima,2.449876429248185e-227
eakf_model1,2.678539769273252e-10
eakf_model2,2.0412452801290956e-17
eakf_model3,0.999999999732146
sarima,4.197240060335242e-185
