model_name,weigth
arima,2.3173483118530198e-234
eakf_model1,2.592195114239577e-10
eakf_model2,3.1696261768626717e-18
eakf_model3,0.9999999997407806
sarima,4.656806088405798e-191
