model_name,weigth
arima,5.569748478278682e-224
eakf_model1,2.417722687083506e-10
eakf_model2,3.63584658288278e-18
eakf_model3,0.9999999997582276
sarima,1.6786068868653747e-181
