model_name,weigth
arima,3.3691610961175096e-235
eakf_model1,2.5857566191438587e-10
eakf_model2,3.568377530486829e-18
eakf_model3,0.999999999741424
sarima,2.0611563085949817e-191
