model_name,weigth
arima,3.385611415879428e-219
eakf_model1,2.3992583258898697e-10
eakf_model2,4.50517025045159e-17
eakf_model3,0.9999999997600743
sarima,1.437390737368691e-177
