model_name,weigth
arima,2.1343473292638895e-222
eakf_model1,2.3865099865782197e-10
eakf_model2,4.716135091289834e-18
eakf_model3,0.999999999761349
sarima,9.316989891806563e-181
