model_name,weigth
arima,1.2301980245899823e-205
eakf_model1,2.1677235128361447e-10
eakf_model2,5.216446139774865e-16
eakf_model3,0.9999999997832273
sarima,1.9695904169736988e-168
