model_name,weigth
arima,1.4172173741151088e-219
eakf_model1,2.471527801692386e-10
eakf_model2,1.1364729645360032e-16
eakf_model3,0.9999999997528471
sarima,2.6382816849515164e-178
