model_name,weigth
arima,2.1588934777817626e-216
eakf_model1,2.407853843606912e-10
eakf_model2,1.9330679969717194e-16
eakf_model3,0.9999999997592145
sarima,1.772314919849732e-176
