model_name,weigth
arima,2.1650535397216862e-222
eakf_model1,2.545550521141265e-10
eakf_model2,5.5005690336012e-17
eakf_model3,0.9999999997454451
sarima,1.3362444962255066e-180
