model_name,weigth
arima,2.9105124118320056e-168
eakf_model1,1.2068096129392974e-11
eakf_model2,1.5799414707817443e-40
eakf_model3,2.3612310118733748e-17
sarima,0.9999999999879319
