model_name,weigth
arima,0.0
eakf_model1,0.999999990204898
eakf_model2,1.3492576703587022e-125
eakf_model3,9.795101951557951e-09
sarima,0.0
