model_name,weigth
arima,0.0
eakf_model1,0.9999998997626549
eakf_model2,1.53e-322
eakf_model3,1.0023734493686541e-07
sarima,0.0
