model_name,weigth
arima,3.9075125100405094e-57
eakf_model1,6.341700917146545e-12
eakf_model2,9.131387092741023e-27
eakf_model3,0.9999999999936583
sarima,2.0252292365392115e-53
