model_name,weigth
arima,1.7068049415539422e-80
eakf_model1,4.705745292979436e-10
eakf_model2,0.9999999995294254
eakf_model3,1.7255446654153533e-24
sarima,2.0934491890874414e-122
