model_name,weigth
arima,0.0
eakf_model1,4.177330764476222e-09
eakf_model2,7.327788035977723e-130
eakf_model3,0.9999999958226692
sarima,0.0
