model_name,weigth
arima,1.4363005921863255e-199
eakf_model1,1.0747242128809098e-10
eakf_model2,6.91139525396448e-47
eakf_model3,0.9999999998925275
sarima,0.0
