model_name,weigth
arima,0.0
eakf_model1,4.7191987879115375e-09
eakf_model2,8.351185026763426e-119
eakf_model3,0.9999999952808012
sarima,0.0
