model_name,weigth
arima,0.0
eakf_model1,0.9999999995208889
eakf_model2,4.791109831480946e-10
eakf_model3,1.338866439510057e-17
sarima,0.0
