model_name,weigth
arima,0.0
eakf_model1,3.4492268253869707e-09
eakf_model2,1.8793924947577747e-90
eakf_model3,0.9999999965507732
sarima,0.0
