model_name,weigth
arima,2e-323
eakf_model1,3.0050529263909125e-10
eakf_model2,1.2505073689142814e-50
eakf_model3,0.9999999996994946
sarima,2e-323
