model_name,weigth
arima,0.0
eakf_model1,6.254480094680926e-19
eakf_model2,2.1754642268179938e-10
eakf_model3,0.9999999997824536
sarima,0.0
