model_name,weigth
arima,2e-323
eakf_model1,4.120145153396411e-23
eakf_model2,2.2599248164392623e-10
eakf_model3,0.9999999997740076
sarima,0.0
