model_name,weigth
arima,0.0
eakf_model1,1.4335371401058857e-10
eakf_model2,0.999999996024735
eakf_model3,3.831911267473987e-09
sarima,0.0
