model_name,weigth
arima,6.867473688128062e-200
eakf_model1,3.369568486793724e-11
eakf_model2,1.0136905684529965e-31
eakf_model3,0.9999999999663043
sarima,1.7643549326624076e-256
