model_name,weigth
arima,0.0
eakf_model1,8.344908651200577e-10
eakf_model2,1.966931805429988e-105
eakf_model3,0.9999999991655092
sarima,0.0
