model_name,weigth
arima,5.321933220551547e-66
eakf_model1,0.9999999999951297
eakf_model2,4.8703262560566215e-12
eakf_model3,1.0308276811383004e-18
sarima,9.006201423344913e-38
