model_name,weigth
arima,7.868105840441914e-308
eakf_model1,0.9999999999598462
eakf_model2,4.005702476377677e-11
eakf_model3,9.678399382726063e-14
sarima,8.117e-321
