model_name,weigth
arima,1.12543110384e-313
eakf_model1,0.9999999999500523
eakf_model2,4.9947754277783886e-11
eakf_model3,1.7784013489548464e-33
sarima,9.45559494410681e-299
