model_name,weigth
arima,1.4954490279794152e-281
eakf_model1,0.9999999998879316
eakf_model2,1.1206827322616427e-10
eakf_model3,4.9314433678876144e-26
sarima,4.544575708976707e-169
