model_name,weigth
arima,1.7409505912955e-158
eakf_model1,0.9999999995862435
eakf_model2,1.1916977560337338e-22
eakf_model3,4.137564872337591e-10
sarima,3.689035849553406e-123
