model_name,weigth
arima,1.831000398945008e-243
eakf_model1,0.9999999999268845
eakf_model2,7.311555490946497e-11
eakf_model3,1.096160267395845e-18
sarima,1.451085118522466e-140
