model_name,weigth
arima,1.1733664931495392e-108
eakf_model1,0.999999999965934
eakf_model2,3.406250414995219e-11
eakf_model3,3.5404297994418847e-15
sarima,3.769801703714655e-77
