model_name,weigth
arima,4.4585838778167353e-131
eakf_model1,2.6946915794745333e-11
eakf_model2,0.9999999999730527
eakf_model3,5.231845030248463e-16
sarima,3.8725889991982424e-97
