model_name,weigth
arima,3.0858032126649786e-119
eakf_model1,2.0176402682723285e-11
eakf_model2,0.9999999999794538
eakf_model3,3.699302429769052e-13
sarima,6.182346410791057e-102
