model_name,weigth
arima,2e-323
eakf_model1,0.9999999347015708
eakf_model2,6.529842920074363e-08
eakf_model3,1.49920829739992e-100
sarima,4e-323
