model_name,weigth
arima,2e-323
eakf_model1,2.5359132788037737e-10
eakf_model2,0.9999999997464086
eakf_model3,1.419955232966442e-19
sarima,2e-323
