model_name,weigth
arima,4.1692830837507097e-72
eakf_model1,5.173357970313465e-12
eakf_model2,4.5704925125240955e-15
eakf_model3,0.9999999999948221
sarima,4.384814403605579e-49
