model_name,weigth
arima,3.1341485273901e-300
eakf_model1,1.0885423515205641e-10
eakf_model2,8.364241943389881e-19
eakf_model3,0.9999999998911457
sarima,5.611389274246713e-219
