model_name,weigth
arima,1.5032156336725202e-158
eakf_model1,3.927475697786808e-11
eakf_model2,0.999999999960635
eakf_model3,9.016475200522175e-14
sarima,1.979658321148878e-145
