model_name,weigth
arima,2.851163686183236e-278
eakf_model1,2.1220841096559025e-10
eakf_model2,1.4275977405600137e-55
eakf_model3,0.9999999997877915
sarima,8.180444489842704e-261
