model_name,weigth
arima,8.773639526555707e-109
eakf_model1,6.127074809830359e-20
eakf_model2,2.878059904993204e-11
eakf_model3,0.9999999999712192
sarima,1.6511673405406694e-43
