model_name,weigth
arima,4e-323
eakf_model1,4.3936084130866155e-25
eakf_model2,2.688186514057473e-09
eakf_model3,0.9999999973118134
sarima,4e-323
