model_name,weigth
arima,3.7613904772942994e-248
eakf_model1,1.7056616010204274e-12
eakf_model2,4.4412212535836945e-10
eakf_model3,0.9999999995541722
sarima,1.0096807047035191e-198
