model_name,weigth
arima,9.97798565783116e-114
eakf_model1,7.64884779138987e-39
eakf_model2,2.115301587571724e-11
eakf_model3,0.9999999999788466
sarima,3.2121568838262926e-16
