model_name,weigth
arima,6.791356811065427e-253
eakf_model1,2.556384078209852e-10
eakf_model2,7.217979357914996e-23
eakf_model3,0.9999999997443616
sarima,3.1914779755838646e-244
