model_name,weigth
arima,1.2089626465681002e-128
eakf_model1,2.4525528025868e-11
eakf_model2,9.288546288024002e-41
eakf_model3,0.9999999999754746
sarima,2.691531347822078e-119
