model_name,weigth
arima,2.4607837218367933e-73
eakf_model1,4.909819380438224e-12
eakf_model2,9.563926409004856e-21
eakf_model3,0.9999999999950901
sarima,3.8279821168658075e-54
