model_name,weigth
arima,2.827537883760964e-227
eakf_model1,1.5085134733674354e-65
eakf_model2,8.296083574902249e-11
eakf_model3,0.9999999999170391
sarima,9.620129560746799e-35
