model_name,weigth
arima,1.20588333035961e-200
eakf_model1,2.706766042917987e-42
eakf_model2,8.970303004109497e-11
eakf_model3,0.9999999999102969
sarima,7.938906825542593e-40
