model_name,weigth
arima,4.156265356126649e-79
eakf_model1,5.309397988287658e-12
eakf_model2,5.527795127695137e-27
eakf_model3,0.9999999999946906
sarima,1.2581872593411576e-66
