model_name,weigth
arima,4.204025899419282e-49
eakf_model1,5.8274320612627255e-12
eakf_model2,4.775388030521143e-15
eakf_model3,0.9999999999941678
sarima,1.2219135562508904e-26
