model_name,weigth
arima,5.598992894012465e-43
eakf_model1,1.7652514303327342e-13
eakf_model2,2.9417311507856545e-12
eakf_model3,0.9999999999968815
sarima,1.8251816532685635e-16
