model_name,weigth
arima,1.9104969720644353e-70
eakf_model1,1.356688781055207e-11
eakf_model2,1.8469732421803528e-16
eakf_model3,0.9999999999864329
sarima,1.6575272352684048e-48
