model_name,weigth
arima,2.4610193493031007e-115
eakf_model1,1.031778587637062e-12
eakf_model2,4.5975696845753075e-11
eakf_model3,0.9999999999529926
sarima,2.7337287820908052e-89
