model_name,weigth
arima,4e-323
eakf_model1,2.1352020161968743e-09
eakf_model2,1.0190349643524372e-10
eakf_model3,0.9999999977628944
sarima,4e-323
