model_name,weigth
arima,3.140448405927173e-65
eakf_model1,1.6300222222564177e-22
eakf_model2,6.811306424423307e-12
eakf_model3,0.9999999999925021
sarima,6.865938844168808e-13
