model_name,weigth
arima,5.5460822379067114e-123
eakf_model1,1.0297138514690063e-24
eakf_model2,2.7940075848686243e-11
eakf_model3,0.99999999997206
sarima,2.715854594364826e-44
