model_name,weigth
arima,0.0
eakf_model1,1.8555809122577512e-289
eakf_model2,0.9999999976321368
eakf_model3,2.367863167744797e-09
sarima,2.2840709781702353e-245
