model_name,weigth
arima,3.336408979818037e-133
eakf_model1,0.9999999998956957
eakf_model2,6.52040761291863e-11
eakf_model3,3.910030269478696e-11
sarima,2.695491314943704e-91
