model_name,weigth
arima,2.446502810086044e-183
eakf_model1,0.9999999995140142
eakf_model2,4.859857299718791e-10
eakf_model3,1.449074413251185e-55
sarima,1.8858994715060534e-197
