model_name,weigth
arima,8.749262842436603e-217
eakf_model1,2.1849497091104686e-22
eakf_model2,1.96156400616354e-10
eakf_model3,0.9999999998038436
sarima,3.4756967377018265e-110
