model_name,weigth
arima,4e-323
eakf_model1,2e-323
eakf_model2,6.4e-323
eakf_model3,0.9999999862222975
sarima,1.3777702429846373e-08
