model_name,weigth
arima,3.4917752048608717e-127
eakf_model1,8.571511235947955e-20
eakf_model2,1.144749879862149e-27
eakf_model3,3.195174434758384e-10
sarima,0.9999999996804826
