model_name,weigth
arima,1.200302635757526e-55
eakf_model1,1.7172862269630702e-11
eakf_model2,0.9999999999794994
eakf_model3,3.3278921345283523e-12
sarima,1.2301813463494234e-34
