model_name,weigth
arima,2.9264938354483155e-113
eakf_model1,0.999999999887849
eakf_model2,1.1215095052494903e-10
eakf_model3,3.5133009685962536e-70
sarima,1.1798278252663305e-117
