model_name,weigth
arima,1.9431170281482454e-30
eakf_model1,0.9999999999910069
eakf_model2,8.962516545208758e-12
eakf_model3,5.7791942047741736e-15
sarima,2.4907973535396807e-14
