model_name,weigth
arima,5.705304829640888e-76
eakf_model1,1.204786810117663e-26
eakf_model2,0.9999999999751925
eakf_model3,2.4807538686750344e-11
sarima,9.632618877765369e-29
