model_name,weigth
arima,1.790072176474179e-77
eakf_model1,1.6086677216513423e-10
eakf_model2,0.9999999998391332
eakf_model3,2.211457254200139e-25
sarima,4.779211336586161e-106
