model_name,weigth
arima,1.468920866128589e-71
eakf_model1,0.999999999818701
eakf_model2,1.812990632650498e-10
eakf_model3,1.1418847981826362e-36
sarima,8.742547009301155e-96
