model_name,weigth
arima,2.9497063336944015e-66
eakf_model1,0.9999999999226798
eakf_model2,7.732012585027894e-11
eakf_model3,2.736148187363587e-18
sarima,2.5885225967390485e-67
