model_name,weigth
arima,2.4614299255817085e-63
eakf_model1,1.0235570525131793e-26
eakf_model2,2.683998231233305e-11
eakf_model3,0.99999999997316
sarima,2.011317101892242e-73
