model_name,weigth
arima,7.675011347223522e-40
eakf_model1,5.471647391858108e-27
eakf_model2,4.433682181163819e-12
eakf_model3,0.9999999999955663
sarima,3.020231038973521e-29
