model_name,weigth
arima,1.2300074624574693e-85
eakf_model1,1.6324134352886854e-32
eakf_model2,1.4589753492592472e-10
eakf_model3,0.9999999998541025
sarima,4.280653365350892e-93
