model_name,weigth
arima,7.624563730354874e-37
eakf_model1,3.190051830889718e-33
eakf_model2,2.001267603274499e-12
eakf_model3,0.9999999999979987
sarima,5.231296373008115e-18
