model_name,weigth
arima,8.31014937992234e-15
eakf_model1,3.624455183228864e-40
eakf_model2,2.170782865193189e-14
eakf_model3,6.528876511101145e-12
sarima,0.9999999999934411
