model_name,weigth
arima,3.989629771334421e-13
eakf_model1,8.079558739501813e-93
eakf_model2,9.068504214053783e-17
eakf_model3,7.641836519301754e-11
sarima,0.9999999999231826
