model_name,weigth
arima,4.965778186200142e-157
eakf_model1,0.9999999990196247
eakf_model2,9.803753480897906e-10
eakf_model3,5.339047156534832e-75
sarima,1.8469989659326353e-170
