model_name,weigth
arima,1.1442332216152593e-09
eakf_model1,4.603932832805993e-75
eakf_model2,7.904107685978974e-27
eakf_model3,0.9999999988557667
sarima,2.945217014789339e-96
