model_name,weigth
arima,1.206452522815796e-96
eakf_model1,1.62720717925302e-10
eakf_model2,0.9999999998372793
eakf_model3,2.0408630778896086e-47
sarima,1.5419636161802945e-85
