model_name,weigth
arima,1.3470327784300639e-249
eakf_model1,1.5022397123776425e-269
eakf_model2,0.9999999940875989
eakf_model3,5.912401053645067e-09
sarima,9.386113390223237e-260
