model_name,weigth
arima,1.2589817632817363e-24
eakf_model1,1.0593127625131366e-12
eakf_model2,0.9999999999901552
eakf_model3,8.785412493954624e-12
sarima,3.877729145344078e-21
