model_name,weigth
arima,0.999999999081297
eakf_model1,9.31952784775027e-182
eakf_model2,1.9578473214234268e-71
eakf_model3,9.187030251046686e-10
sarima,1.0909511168231928e-87
