model_name,weigth
arima,8.433805090794513e-298
eakf_model1,3.3685286843718636e-10
eakf_model2,5.529581043629241e-14
eakf_model3,0.9999999996630917
sarima,2.4518605048839184e-143
