model_name,weigth
arima,4.764388740832057e-12
eakf_model1,3.6175713946267386e-19
eakf_model2,4.60227636957115e-34
eakf_model3,1.05057950087053e-17
sarima,0.9999999999952356
