model_name,weigth
arima,1.868445007545956e-13
eakf_model1,4.2534868745626e-22
eakf_model2,5.949030098151616e-17
eakf_model3,1.418536795155893e-12
sarima,0.9999999999983944
