model_name,weigth
arima,4.203814164574701e-192
eakf_model1,4.052185380098651e-10
eakf_model2,1.5507622238594384e-115
eakf_model3,0.9999999995947815
sarima,2.2392338671801067e-112
