model_name,weigth
arima,8.660839122098764e-195
eakf_model1,5.006011637589068e-09
eakf_model2,2.5e-323
eakf_model3,2.630685056721434e-13
sarima,0.9999999949937253
