model_name,weigth
arima,7.967641424900416e-40
eakf_model1,7.997647447433689e-13
eakf_model2,7.309202944200731e-12
eakf_model3,0.9999999999918909
sarima,1.2323914080939926e-39
