model_name,weigth
arima,5.083012078395233e-66
eakf_model1,1.936984189363161e-11
eakf_model2,8.049083378080555e-14
eakf_model3,0.9999999999805497
sarima,1.5596570588828753e-54
