model_name,weigth
arima,2e-323
eakf_model1,1.4599819557817389e-08
eakf_model2,0.9999999854001804
eakf_model3,1.0778717640364079e-89
sarima,4e-323
