model_name,weigth
arima,2e-323
eakf_model1,0.9999999988073874
eakf_model2,1.1926125132382937e-09
eakf_model3,2.0368229668253138e-21
sarima,4e-323
