model_name,weigth
arima,3.735899044601536e-49
eakf_model1,5.9374869179765165e-15
eakf_model2,1.0093219192574225e-11
eakf_model3,0.999999999989901
sarima,5.723882049391735e-48
