model_name,weigth
arima,1.2991720772035728e-114
eakf_model1,1.2441336774109065e-40
eakf_model2,7.147172694713795e-11
eakf_model3,0.9999999999285283
sarima,6.777151612006652e-95
