model_name,weigth
arima,1.06010842738523e-124
eakf_model1,2.5590731324013407e-41
eakf_model2,1.1996451754945496e-10
eakf_model3,0.9999999998800354
sarima,1.2381231336279064e-91
