model_name,weigth
arima,0.0
eakf_model1,1.406018724787352e-09
eakf_model2,2.181105088689652e-215
eakf_model3,6.350704515459215e-15
sarima,0.999999998593975
