model_name,weigth
arima,0.0
eakf_model1,1.3328003810103869e-09
eakf_model2,6.506723928400633e-155
eakf_model3,0.9999999986671996
sarima,2.1671043827874924e-62
