model_name,weigth
arima,5.104353632686621e-171
eakf_model1,6.15523745201999e-10
eakf_model2,0.9999999993844761
eakf_model3,1.702195476882669e-39
sarima,0.0
