model_name,weigth
arima,0.0
eakf_model1,0.9999999998590764
eakf_model2,6.576018377675795e-54
eakf_model3,1.4092380708861288e-10
sarima,0.0
