model_name,weigth
arima,0.0
eakf_model1,0.9999999983871214
eakf_model2,1.1375319044711127e-151
eakf_model3,1.6128787373766576e-09
sarima,0.0
