model_name,weigth
arima,1.2216732714219517e-155
eakf_model1,0.9999999998393109
eakf_model2,1.650698106512069e-27
eakf_model3,1.6068909985520399e-10
sarima,3.249640975973339e-176
