model_name,weigth
arima,8.226169730011126e-214
eakf_model1,0.9999999993105682
eakf_model2,6.89432059219851e-10
eakf_model3,4.178512250954628e-33
sarima,1.364617920192431e-275
