model_name,weigth
arima,2.023761045713514e-104
eakf_model1,2.753745666658201e-10
eakf_model2,0.9999999997246254
eakf_model3,1.0074648872856027e-16
sarima,1.2604663029325787e-201
