model_name,weigth
arima,0.0
eakf_model1,1.532310485458157e-09
eakf_model2,2.2569441913342157e-76
eakf_model3,0.9999999984676895
sarima,0.0
