model_name,weigth
arima,3.4683840338328312e-220
eakf_model1,1.0319132362294009e-10
eakf_model2,7.29754031483415e-43
eakf_model3,0.9999999998968087
sarima,0.0
