model_name,weigth
arima,1.737900556661425e-129
eakf_model1,3.633792917248543e-11
eakf_model2,4.330424075671152e-35
eakf_model3,0.9999999999636623
sarima,2.07730522373576e-204
