model_name,weigth
arima,2.834224962763343e-289
eakf_model1,1.5038826856710602e-10
eakf_model2,1.145455451260134e-50
eakf_model3,0.9999999998496119
sarima,0.0
