model_name,weigth
arima,8.411126901214276e-168
eakf_model1,5.5276130423609955e-11
eakf_model2,3.279984968122935e-42
eakf_model3,0.9999999999447239
sarima,1.7204030398403318e-276
