model_name,weigth
arima,0.0
eakf_model1,5.523463737682926e-09
eakf_model2,6.443846406719135e-48
eakf_model3,0.9999999944765362
sarima,0.0
