model_name,weigth
arima,0.0
eakf_model1,0.9999999995276738
eakf_model2,3.9849272469312936e-10
eakf_model3,7.383349331587125e-11
sarima,0.0
