model_name,weigth
arima,0.0
eakf_model1,5.460930476048143e-10
eakf_model2,1.0165750897517527e-12
eakf_model3,0.9999999994528904
sarima,0.0
