model_name,weigth
arima,0.0
eakf_model1,3.943829929714954e-10
eakf_model2,7.41043620777987e-19
eakf_model3,0.9999999996056171
sarima,0.0
