model_name,weigth
arima,0.0
eakf_model1,3.171739077652017e-10
eakf_model2,1.750415801208768e-76
eakf_model3,0.999999999682826
sarima,0.0
