model_name,weigth
arima,7.339254711902874e-198
eakf_model1,2.7449349948734062e-11
eakf_model2,3.7957208352756445e-15
eakf_model3,0.999999999972547
sarima,1.2833835275479384e-249
