model_name,weigth
arima,4.6847641270360316e-209
eakf_model1,3.929922728049179e-11
eakf_model2,1.1091801618662137e-28
eakf_model3,0.9999999999607009
sarima,8.597271052280623e-272
