model_name,weigth
arima,0.0
eakf_model1,0.9999999851590761
eakf_model2,1.3349857520015451e-08
eakf_model3,1.4910665140059142e-09
sarima,0.0
