model_name,weigth
arima,1.1844386075509707e-230
eakf_model1,4.749738806203299e-11
eakf_model2,3.8919799713713324e-30
eakf_model3,0.9999999999525027
sarima,1.7450012558643333e-299
