model_name,weigth
arima,8.285399219906049e-89
eakf_model1,0.9999999999918111
eakf_model2,8.188953393816387e-12
eakf_model3,6.529686786291715e-22
sarima,4.276662191154818e-58
