model_name,weigth
arima,0.0
eakf_model1,0.9999999997391303
eakf_model2,1.9733563331819917e-39
eakf_model3,2.608696721366448e-10
sarima,2.5257e-320
