model_name,weigth
arima,3.1470489159937747e-57
eakf_model1,0.9999999999958658
eakf_model2,3.2620830107604552e-12
eakf_model3,8.721398144318857e-13
sarima,4.325667709413013e-33
