model_name,weigth
arima,4.03426160691746e-214
eakf_model1,0.9999999999751917
eakf_model2,1.5403064542617052e-14
eakf_model3,2.4792855616843384e-11
sarima,1.113648458793226e-221
