model_name,weigth
arima,0.0
eakf_model1,0.9999999998717425
eakf_model2,1.2825748622645286e-10
eakf_model3,3.8408104817461946e-64
sarima,0.0
