model_name,weigth
arima,2.486189215003964e-215
eakf_model1,0.9999999999603417
eakf_model2,1.851120068389577e-19
eakf_model3,3.965827010878104e-11
sarima,1.5707257719083984e-218
