model_name,weigth
arima,0.0
eakf_model1,0.9999999999479506
eakf_model2,5.204936122461708e-11
eakf_model3,9.029717545403622e-18
sarima,0.0
