model_name,weigth
arima,5.252140904877326e-141
eakf_model1,0.9999999999640553
eakf_model2,3.5941244732670796e-11
eakf_model3,3.39095678033745e-15
sarima,2.65636798697361e-88
