model_name,weigth
arima,3.9922936970565155e-58
eakf_model1,0.9999999999939165
eakf_model2,2.420860401876181e-13
eakf_model3,5.8415216872845026e-12
sarima,2.5363069217099025e-30
