model_name,weigth
arima,2.839275845095514e-85
eakf_model1,0.9999999999719902
eakf_model2,2.5939404398545002e-20
eakf_model3,2.8009945612692375e-11
sarima,3.5035212417690356e-48
