model_name,weigth
arima,1.8282838101583e-84
eakf_model1,0.9999999999561597
eakf_model2,1.4974742439745036e-18
eakf_model3,4.384028854204437e-11
sarima,8.702160057274358e-63
