model_name,weigth
arima,4.79980633899365e-159
eakf_model1,0.9999999997439025
eakf_model2,1.3588090887840922e-27
eakf_model3,2.5609758406889073e-10
sarima,2.716798753692189e-126
