model_name,weigth
arima,0.0
eakf_model1,1.8560721021683459e-09
eakf_model2,0.9999999981436408
eakf_model3,2.8705187905459546e-13
sarima,3e-323
