model_name,weigth
arima,3.140078878350886e-220
eakf_model1,6.207470625702709e-11
eakf_model2,0.9999999999136069
eakf_model3,2.4318455548307422e-11
sarima,1.2545562909658242e-193
