model_name,weigth
arima,1.9477330366582793e-251
eakf_model1,1.2675874851597325e-10
eakf_model2,0.9999999998731843
eakf_model3,5.706026410175401e-14
sarima,5.712514013397121e-200
