model_name,weigth
arima,0.0
eakf_model1,2.5619070912567984e-10
eakf_model2,0.9999999997438064
eakf_model3,3.162034558216661e-15
sarima,0.0
