model_name,weigth
arima,6.223818214404763e-191
eakf_model1,1.7047363878487065e-12
eakf_model2,4.2367526199114825e-11
eakf_model3,0.9999999999559278
sarima,3.559188778546987e-136
