model_name,weigth
arima,6.0567798011840385e-102
eakf_model1,1.1703341305403451e-11
eakf_model2,1.0663566144339168e-25
eakf_model3,0.9999999999882967
sarima,1.43912897152651e-82
