model_name,weigth
arima,8.743522781790194e-210
eakf_model1,2.2061065401836145e-10
eakf_model2,6.58709143947822e-19
eakf_model3,0.9999999997793895
sarima,5.456461819624999e-172
