model_name,weigth
arima,1.44589970720618e-104
eakf_model1,1.510426190134244e-11
eakf_model2,2.067365093704297e-28
eakf_model3,0.9999999999848957
sarima,1.0650673375222165e-90
