model_name,weigth
arima,2.4707260141531745e-60
eakf_model1,1.238120783338811e-15
eakf_model2,8.319682801420052e-12
eakf_model3,0.999999999991679
sarima,1.3890999365653274e-26
