model_name,weigth
arima,1.7222528371182605e-292
eakf_model1,2.915945277650405e-10
eakf_model2,8.423626274242023e-28
eakf_model3,0.9999999997084056
sarima,9.683554691573359e-185
