model_name,weigth
arima,4.8444193889226204e-123
eakf_model1,7.055640771387532e-24
eakf_model2,3.245394367842823e-11
eakf_model3,0.9999999999675461
sarima,1.405117587433913e-42
