model_name,weigth
arima,1.2643056597385852e-90
eakf_model1,2.685780026161289e-11
eakf_model2,3.574148138508844e-14
eakf_model3,0.9999999999731064
sarima,1.1228981015993118e-65
