model_name,weigth
arima,4.4e-323
eakf_model1,2.3970432676314877e-116
eakf_model2,0.9999999996606014
eakf_model3,3.393986484419196e-10
sarima,7.653617220588522e-96
