model_name,weigth
arima,2.719446874011165e-205
eakf_model1,0.9999999994391106
eakf_model2,5.607383460881232e-10
eakf_model3,1.5115468586620482e-13
sarima,7.996227009445538e-165
