model_name,weigth
arima,0.0
eakf_model1,1.1999965186626735e-120
eakf_model2,1.6732901149455567e-09
eakf_model3,0.9999999983267099
sarima,4.43477320665328e-191
