model_name,weigth
arima,4.769917039734246e-206
eakf_model1,5.677092275981929e-19
eakf_model2,0.9999999993983353
eakf_model3,6.016648307141222e-10
sarima,1.1251901931142166e-131
