model_name,weigth
arima,2.7460463326890325e-173
eakf_model1,1.169012898977482e-36
eakf_model2,1.024689810422092e-10
eakf_model3,0.9999999998975311
sarima,9.60706025309883e-60
