model_name,weigth
arima,0.0
eakf_model1,2.7693566404741928e-211
eakf_model2,0.9999999974553864
eakf_model3,2.5446137764839868e-09
sarima,3.535255808251186e-276
