model_name,weigth
arima,0.0
eakf_model1,5.105209103866412e-281
eakf_model2,1.1491983226191275e-08
eakf_model3,0.9999999885080167
sarima,3e-323
