model_name,weigth
arima,0.0
eakf_model1,0.9999999985718578
eakf_model2,1.428142146153588e-09
eakf_model3,2.546679661478379e-28
sarima,7.00914230659885e-297
