model_name,weigth
arima,1.8833479028337702e-82
eakf_model1,0.999999999937817
eakf_model2,6.218286352688341e-11
eakf_model3,9.215147461635781e-17
sarima,1.4979376283605307e-77
