model_name,weigth
arima,1.1203783474637518e-78
eakf_model1,8.57218610618993e-74
eakf_model2,9.424356373918523e-22
eakf_model3,3.8035866849392516e-11
sarima,0.9999999999619641
