model_name,weigth
arima,3e-323
eakf_model1,6.332334511013278e-30
eakf_model2,0.9999999945888164
eakf_model3,5.910719910295129e-62
sarima,5.411183610582326e-09
