model_name,weigth
arima,1.235570408643522e-78
eakf_model1,5.1877762653761286e-11
eakf_model2,0.9999999999481223
eakf_model3,4.6890599128648524e-20
sarima,5.22313550920298e-55
