model_name,weigth
arima,5.534450711490777e-105
eakf_model1,0.9999999997433764
eakf_model2,2.566237527341698e-10
eakf_model3,1.0214057621115128e-19
sarima,1.3993791284453722e-136
