model_name,weigth
arima,3e-323
eakf_model1,7.584532002073434e-07
eakf_model2,4.154948101227154e-08
eakf_model3,0.9999991999973188
sarima,3e-323
