model_name,weigth
arima,9.229161131711411e-40
eakf_model1,8.033127502119162e-33
eakf_model2,5.188517907391402e-12
eakf_model3,0.9999999999948115
sarima,4.945214371276297e-25
