model_name,weigth
arima,2.646411914813656e-187
eakf_model1,2.0852494592653176e-82
eakf_model2,1.081189776877585e-09
eakf_model3,0.9999999989188101
sarima,5.16215937810441e-231
