model_name,weigth
arima,1.156443461010773e-48
eakf_model1,5.890129921289432e-47
eakf_model2,5.35799048249853e-12
eakf_model3,0.999999999994642
sarima,2.943742179026603e-19
