model_name,weigth
arima,5.463923936605561e-44
eakf_model1,2.0631557472519805e-26
eakf_model2,1.0686251088986575e-11
eakf_model3,0.9999999999893137
sarima,1.302927977884031e-39
