model_name,weigth
arima,5.63768945415109e-60
eakf_model1,6.075878310583403e-65
eakf_model2,1.8650210822239454e-14
eakf_model3,0.9999999999889075
sarima,1.1073986643975493e-11
