model_name,weigth
arima,2.0987235425288924e-47
eakf_model1,1.1047897526035223e-32
eakf_model2,0.9999999999345435
eakf_model3,6.545662860220769e-11
sarima,2.0016709026523055e-47
