model_name,weigth
arima,1.4522239264953611e-08
eakf_model1,2.9185442083030027e-297
eakf_model2,0.9999999854777607
eakf_model3,1.195091619612447e-28
sarima,2.1438927083331568e-161
