model_name,weigth
arima,1.6057259957388447e-12
eakf_model1,2.044649455465764e-19
eakf_model2,1.8976473615089343e-19
eakf_model3,6.8168520723909e-14
sarima,0.999999999998326
