model_name,weigth
arima,1.3223257947839775e-12
eakf_model1,3.8693731950640835e-21
eakf_model2,1.464456624476551e-15
eakf_model3,1.4404257365192618e-13
sarima,0.9999999999985322
