model_name,weigth
arima,3e-323
eakf_model1,3.4748594530300204e-09
eakf_model2,9.962798183333393e-209
eakf_model3,0.9999999965251406
sarima,2.1051590297940684e-147
