model_name,weigth
arima,2.304765157642984e-18
eakf_model1,1.7012272565763152e-14
eakf_model2,6.685412217861246e-24
eakf_model3,5.228287438731954e-12
sarima,0.9999999999947548
