model_name,weigth
arima,3e-323
eakf_model1,0.9999999976060466
eakf_model2,4.271045048972162e-160
eakf_model3,2.393953361300169e-09
sarima,5.175469862687563e-219
