model_name,weigth
arima,3.959127241187352e-12
eakf_model1,2.2341731785453232e-31
eakf_model2,1.149682408539184e-17
eakf_model3,1.6596277134076607e-16
sarima,0.9999999999960407
