model_name,weigth
arima,1.7426113726066036e-73
eakf_model1,6.111342780776979e-14
eakf_model2,2.828539233641455e-11
eakf_model3,0.9999999999716537
sarima,1.6726389373153242e-69
