model_name,weigth
arima,1.262349289880127e-83
eakf_model1,2.05424445056491e-27
eakf_model2,4.118867442510882e-11
eakf_model3,0.9999999999588114
sarima,8.093889455215362e-72
