model_name,weigth
arima,5.6807001535942235e-80
eakf_model1,2.5177411707582037e-24
eakf_model2,3.377183014639474e-11
eakf_model3,0.9999999999662282
sarima,3.1912733971733272e-74
