model_name,weigth
arima,1.0826621882207315e-78
eakf_model1,8.306301796579966e-21
eakf_model2,4.039216480491965e-11
eakf_model3,0.9999999999596079
sarima,6.259696832988682e-82
