model_name,weigth
arima,5.449536066117152e-134
eakf_model1,1.890017612778741e-39
eakf_model2,1.2176516673016522e-10
eakf_model3,0.9999999998782348
sarima,3.057054440401367e-112
