model_name,weigth
arima,2.228769104643983e-222
eakf_model1,0.9999999999477583
eakf_model2,1.5757098089522163e-59
eakf_model3,5.224167279674154e-11
sarima,2.0099947423336466e-70
