model_name,weigth
arima,0.0
eakf_model1,1.5716338806051911e-10
eakf_model2,5.115704758836666e-36
eakf_model3,0.9999999998428366
