model_name,weigth
arima,1.6062250711750004e-221
eakf_model1,2.5125422720793872e-11
eakf_model2,3.3702438101938604e-42
eakf_model3,0.9999999999748745
