model_name,weigth
arima,0.0
eakf_model1,2.529688710800782e-10
eakf_model2,1.3580391561742742e-129
eakf_model3,0.9999999997470311
