model_name,weigth
arima,2.2120267884306555e-263
eakf_model1,6.559367916050591e-10
eakf_model2,0.5601128498523305
eakf_model3,0.4398871494917327
sarima,2.5e-323
