model_name,weigth
arima,6.597994774858427e-65
eakf_model1,7.09216640415017e-12
eakf_model2,1.2763360417502895e-15
eakf_model3,0.9999999999929066
