model_name,weigth
arima,3.3567495359664206e-40
eakf_model1,3.18546387597831e-11
eakf_model2,5.76760094852335e-16
eakf_model3,0.9999999999681448
