model_name,weigth
arima,8.83068469832565e-179
eakf_model1,1.4165649073597535e-10
eakf_model2,5.573964107520111e-49
eakf_model3,0.9999999998583435
