model_name,weigth
arima,1.314753302601979e-135
eakf_model1,0.9999999999871735
eakf_model2,2.115252584132999e-23
eakf_model3,1.2826538217379657e-11
sarima,5.651717474329212e-172
