model_name,weigth
arima,2.5057492441305683e-63
eakf_model1,0.9999999999696821
eakf_model2,2.3141240666250037e-12
eakf_model3,2.800375486153031e-11
sarima,3.538632428440797e-54
