model_name,weigth
arima,2.5196146782420547e-141
eakf_model1,0.999999999745826
eakf_model2,2.5417417136875957e-10
eakf_model3,1.612155436123544e-28
