model_name,weigth
arima,0.0
eakf_model1,5.693366024734518e-07
eakf_model2,2.5e-323
eakf_model3,0.9999994306633975
