model_name,weigth
arima,0.0
eakf_model1,0.9999999999602297
eakf_model2,8.951120742252227e-31
eakf_model3,3.97703402827278e-11
sarima,0.0
