model_name,weigth
arima,7.44733698305417e-171
eakf_model1,2.29147224590638e-10
eakf_model2,0.9999999996754336
eakf_model3,9.541913744732939e-11
