model_name,weigth
arima,1.8259547650971245e-77
eakf_model1,2.2721797390846148e-10
eakf_model2,0.999999999772782
eakf_model3,2.274953372043462e-22
