model_name,weigth
arima,8.437691831278622e-190
eakf_model1,0.999999999970164
eakf_model2,3.022827283588091e-36
eakf_model3,2.983605887678705e-11
