model_name,weigth
arima,4.100064250580288e-121
eakf_model1,1.4503629747541298e-11
eakf_model2,6.1977306529464274e-27
eakf_model3,0.9999999999854964
sarima,1.4544495343764976e-61
