model_name,weigth
arima,8.646849071292662e-97
eakf_model1,0.9999999999610243
eakf_model2,1.3943998167684574e-27
eakf_model3,3.897573758101298e-11
sarima,1.3457435910756092e-118
