model_name,weigth
arima,0.0
eakf_model1,0.9999999991462463
eakf_model2,1.3901666252855021e-300
eakf_model3,8.537537020120035e-10
