model_name,weigth
arima,2.1305620475260322e-98
eakf_model1,8.239619778486865e-11
eakf_model2,9.191647464981958e-25
eakf_model3,0.9999999999176039
