model_name,weigth
arima,2.5e-323
eakf_model1,0.9999999825104907
eakf_model2,7.4e-323
eakf_model3,1.7489509321638314e-08
sarima,2.5e-323
