model_name,weigth
arima,1.3734948711929798e-57
eakf_model1,0.9999999999955297
eakf_model2,4.470362702199969e-12
eakf_model3,2.7020202514774665e-17
