model_name,weigth
arima,0.0
eakf_model1,3.674194151062903e-09
eakf_model2,2.524840176300089e-183
eakf_model3,0.9999999963258059
