model_name,weigth
arima,0.0
eakf_model1,0.9999999999101834
eakf_model2,4.734876511697094e-46
eakf_model3,8.981669993494119e-11
