model_name,weigth
arima,2.5e-323
eakf_model1,1.2879046973255043e-09
eakf_model2,3.839077285813185e-38
eakf_model3,0.9999999987120953
sarima,0.0
