model_name,weigth
arima,1.966855889634051e-125
eakf_model1,0.9999999999906694
eakf_model2,9.33079390833066e-12
eakf_model3,1.459090609809434e-25
