model_name,weigth
arima,0.0
eakf_model1,0.9999999984559078
eakf_model2,1.5440922384460248e-09
eakf_model3,3.58804524684951e-89
