model_name,weigth
arima,0.0
eakf_model1,5.164044484757952e-10
eakf_model2,2.9301081968382003e-120
eakf_model3,0.9999999994835956
