model_name,weigth
arima,0.0
eakf_model1,0.9999999996264722
eakf_model2,3.7352787163792005e-10
eakf_model3,1.0766281345734155e-33
