model_name,weigth
arima,3.2217597114549895e-210
eakf_model1,0.9999999998406833
eakf_model2,8.698276673984751e-53
eakf_model3,1.5931669319950138e-10
sarima,2.5e-323
