model_name,weigth
arima,1.65360241799007e-305
eakf_model1,1.2289759326681466e-10
eakf_model2,5.995238397440158e-77
eakf_model3,0.9999999998771024
