model_name,weigth
arima,0.0
eakf_model1,0.9999999997865766
eakf_model2,3.4001513341533175e-12
eakf_model3,2.1002327079455775e-10
sarima,0.0
