model_name,weigth
arima,2.5e-323
eakf_model1,1.0549337254466598e-08
eakf_model2,1e-322
eakf_model3,0.9999999894506628
sarima,2.5e-323
