model_name,weigth
arima,2.5e-323
eakf_model1,2.8671390338304053e-10
eakf_model2,1.814035267756139e-57
eakf_model3,0.9999999997132862
sarima,0.0
