model_name,weigth
arima,4.596170251083707e-303
eakf_model1,0.9999999999053355
eakf_model2,5.510411119685016e-15
eakf_model3,9.465905031849958e-11
sarima,2.5e-323
