model_name,weigth
arima,0.0
eakf_model1,0.9999999998746083
eakf_model2,9.98755425185786e-37
eakf_model3,1.2539178487639203e-10
