model_name,weigth
arima,0.0
eakf_model1,0.9999571442284978
eakf_model2,1e-322
eakf_model3,4.2855771502112496e-05
