model_name,weigth
arima,2.818551815539973e-59
eakf_model1,0.9999999999963248
eakf_model2,3.675325243612023e-12
eakf_model3,5.497134886402315e-17
