model_name,weigth
arima,2.6029816062633266e-239
eakf_model1,3.848606902779813e-11
eakf_model2,5.352993120827606e-11
eakf_model3,0.999999999907984
