model_name,weigth
arima,1.626289515236227e-48
eakf_model1,0.9999999999957123
eakf_model2,2.597086011495298e-12
eakf_model3,1.690583047658821e-12
