model_name,weigth
arima,6.875945324970545e-161
eakf_model1,5.578530546489642e-11
eakf_model2,3.360946111836347e-21
eakf_model3,0.9999999999442147
sarima,4.8536509705031285e-152
