model_name,weigth
arima,7.144233379777238e-54
eakf_model1,0.9999999999950925
eakf_model2,4.906945748356773e-12
eakf_model3,5.165787620701092e-16
