model_name,weigth
arima,2.5e-323
eakf_model1,1.7989556024066927e-08
eakf_model2,0.47545318237072703
eakf_model3,0.524546799639717
sarima,2e-323
