model_name,weigth
arima,0.0
eakf_model1,2.6761441914300342e-08
eakf_model2,1.24e-322
eakf_model3,0.999999973238558
