model_name,weigth
arima,2.5e-323
eakf_model1,2.2306111511084373e-09
eakf_model2,5.438671056129596e-87
eakf_model3,0.9999999977693887
sarima,2.5e-323
