model_name,weigth
arima,8.769213556165336e-98
eakf_model1,0.9999999999905432
eakf_model2,9.456813334487342e-12
eakf_model3,2.132514174248654e-22
