model_name,weigth
arima,0.0
eakf_model1,1.3163732354849518e-10
eakf_model2,0.9999999998683597
eakf_model3,2.962918956204265e-15
