model_name,weigth
arima,2.18787654553613e-106
eakf_model1,0.9999999999879431
eakf_model2,4.6177107658556274e-17
eakf_model3,1.2056903841453375e-11
