model_name,weigth
arima,1.8068733695264112e-253
eakf_model1,1.0559298586516144e-10
eakf_model2,7.870086684029972e-11
eakf_model3,0.9999999998157062
sarima,4.84691448395456e-215
