model_name,weigth
arima,0.0
eakf_model1,6.661679540768005e-10
eakf_model2,0.9999999993338321
eakf_model3,3.2737854750729075e-21
