model_name,weigth
arima,2.5e-323
eakf_model1,5.882884824154421e-10
eakf_model2,0.9999999993975571
eakf_model3,1.4154327399482267e-11
sarima,2.5e-323
