model_name,weigth
arima,1.3167859051236602e-282
eakf_model1,0.9999999999551151
eakf_model2,2.8581667776314615e-50
eakf_model3,4.4884869781371425e-11
