model_name,weigth
arima,0.0
eakf_model1,6.808867135866278e-11
eakf_model2,3.535957069526975e-37
eakf_model3,0.9999999999319114
