model_name,weigth
arima,7.547965633349613e-270
eakf_model1,0.9999999999604493
eakf_model2,1.5352253003166705e-48
eakf_model3,3.955080151857498e-11
