model_name,weigth
arima,2.5e-323
eakf_model1,1.637323464614279e-08
eakf_model2,1.0148873629509547e-296
eakf_model3,0.9999999836267653
sarima,0.0
