model_name,weigth
arima,0.0
eakf_model1,1.2016983866182965e-30
eakf_model2,6.023577424537243e-09
eakf_model3,0.9999999939764226
