model_name,weigth
arima,0.0
eakf_model1,0.9999999993623814
eakf_model2,2.7043868197389716e-100
eakf_model3,6.376186159807426e-10
