model_name,weigth
arima,2.5e-323
eakf_model1,0.999999999518226
eakf_model2,4.817739525574941e-10
eakf_model3,1.2264827544708617e-19
sarima,2.5e-323
