model_name,weigth
arima,1.587844014856178e-244
eakf_model1,1.3272321395949215e-10
eakf_model2,6.978055668764921e-34
eakf_model3,0.9999999998672768
sarima,1.3439035335486415e-211
