model_name,weigth
arima,0.0
eakf_model1,0.9999999616735384
eakf_model2,1e-322
eakf_model3,3.832646150899052e-08
