model_name,weigth
arima,0.0
eakf_model1,0.9999999928305712
eakf_model2,4.736802111269802e-160
eakf_model3,7.1694288033056575e-09
