model_name,weigth
arima,3.245341794e-314
eakf_model1,0.9999999999421936
eakf_model2,1.9283605094456967e-54
eakf_model3,5.7806435176036735e-11
