model_name,weigth
arima,0.0
eakf_model1,0.9999999989954478
eakf_model2,6.007982189627509e-34
eakf_model3,1.0045521433987687e-09
