model_name,weigth
arima,0.0
eakf_model1,0.999999999546834
eakf_model2,2.153202428345762e-99
eakf_model3,4.5316606915338206e-10
