model_name,weigth
arima,0.0
eakf_model1,0.9999999997786673
eakf_model2,1.0212774896500944e-83
eakf_model3,2.2133275619809654e-10
