model_name,weigth
arima,1.2089815349259554e-260
eakf_model1,0.9999999999853793
eakf_model2,1.4605012380692763e-11
eakf_model3,1.5745753414592636e-14
