model_name,weigth
arima,1.3736595951389183e-254
eakf_model1,0.9999999999621284
eakf_model2,1.1436129213301022e-12
eakf_model3,3.672802543362508e-11
sarima,5.909703651179712e-266
