model_name,weigth
arima,0.0
eakf_model1,0.9999999996858181
eakf_model2,2.234823563478578e-46
eakf_model3,3.1418194717025767e-10
