model_name,weigth
arima,2.294354534932573e-152
eakf_model1,0.9999999999921443
eakf_model2,7.855715056295803e-12
eakf_model3,8.696471747654276e-21
