model_name,weigth
arima,7.687686411880724e-90
eakf_model1,0.9999999999957301
eakf_model2,4.185674190184432e-12
eakf_model3,8.421471521060408e-14
