model_name,weigth
arima,9.92218563594952e-59
eakf_model1,0.9999999999953251
eakf_model2,6.860425662096875e-17
eakf_model3,4.675061991981508e-12
sarima,2.6291002431369745e-31
