model_name,weigth
arima,4.7628098370414515e-182
eakf_model1,3.9896595257118177e-11
eakf_model2,1.345533385505178e-32
eakf_model3,0.9999999999601036
