model_name,weigth
arima,0.0
eakf_model1,7.44494374420051e-11
eakf_model2,1.1532789013994027e-38
eakf_model3,0.9999999999255507
