model_name,weigth
arima,6.400789187792035e-108
eakf_model1,0.9999999999922031
eakf_model2,7.796914394009402e-12
eakf_model3,2.9865623168900987e-18
sarima,2.0251855231014818e-83
