model_name,weigth
arima,2.5231490908755296e-95
eakf_model1,3.1378914136248702e-15
eakf_model2,1.5662267219847954e-12
eakf_model3,0.9999999999984307
