model_name,weigth
arima,0.0
eakf_model1,0.8108659019347076
eakf_model2,6.091701547315686e-141
eakf_model3,0.1891340980652924
