model_name,weigth
arima,2.5e-323
eakf_model1,0.9999999994985819
eakf_model2,8.028416959729331e-67
eakf_model3,5.014181846956126e-10
sarima,2.5e-323
