model_name,weigth
arima,2.5e-323
eakf_model1,0.9999999999024406
eakf_model2,9.755946421391482e-11
eakf_model3,4.512737649504912e-20
sarima,2.5e-323
