model_name,weigth
arima,9.422869197868365e-75
eakf_model1,0.9999999999925816
eakf_model2,2.451577896263992e-21
eakf_model3,7.418441007801082e-12
