model_name,weigth
arima,3.905969075239762e-84
eakf_model1,0.9999999999800067
eakf_model2,1.99219310926283e-11
eakf_model3,7.154578018856624e-14
