model_name,weigth
arima,2.003427922650827e-192
eakf_model1,6.375658412494222e-18
eakf_model2,6.082311360458903e-11
eakf_model3,0.9999999999391769
