model_name,weigth
arima,4.637183420191048e-246
eakf_model1,0.9999999993895456
eakf_model2,4.592685878231208e-67
eakf_model3,6.10454421118002e-10
sarima,8.827687684450955e-188
