model_name,weigth
arima,3.0083186271880537e-84
eakf_model1,5.245948314711022e-18
eakf_model2,1.6175158686379015e-12
eakf_model3,0.9999999999983825
