model_name,weigth
arima,1.808813348142003e-12
eakf_model1,0.9999999999981912
eakf_model2,1.0920731826814983e-26
eakf_model3,2.414366862931924e-18
