model_name,weigth
arima,1.4756169256686646e-140
eakf_model1,0.999999999965047
eakf_model2,1.1878122937695835e-16
eakf_model3,3.4952904668895217e-11
