model_name,weigth
arima,1.6835207438626143e-153
eakf_model1,0.9999999999293334
eakf_model2,7.703589660841719e-17
eakf_model3,7.066659735540474e-11
