model_name,weigth
arima,1.0484556712106515e-101
eakf_model1,0.9999999999645024
eakf_model2,3.5164971120741194e-20
eakf_model3,3.549762197429168e-11
sarima,3.240938896639644e-57
