model_name,weigth
arima,1.6325133333222201e-164
eakf_model1,0.9999999998215727
eakf_model2,1.7842522028446468e-10
eakf_model3,2.1424772522991128e-15
sarima,1.6826280917568013e-123
