model_name,weigth
arima,1.3462733132724207e-171
eakf_model1,0.9999999999661876
eakf_model2,1.9516453927135924e-13
eakf_model3,3.361711261860629e-11
