model_name,weigth
arima,5.479071924948672e-16
eakf_model1,0.9999999999990462
eakf_model2,5.86608257970024e-13
eakf_model3,3.6670636795860917e-13
