model_name,weigth
arima,2.8309399398248057e-303
eakf_model1,8.266469782805423e-15
eakf_model2,5.7834161309019374e-11
eakf_model3,0.9999999999421576
