model_name,weigth
arima,0.0
eakf_model1,2.916730970125885e-08
eakf_model2,0.9999999708326903
eakf_model3,4.414848318474626e-162
