model_name,weigth
arima,1.648189138471269e-25
eakf_model1,0.9999999999990683
eakf_model2,6.372682906183773e-23
eakf_model3,9.317785561377895e-13
