model_name,weigth
arima,0.0
eakf_model1,0.999999999834222
eakf_model2,1.956223016059957e-21
eakf_model3,1.6577806390596532e-10
