model_name,weigth
arima,2.5e-323
eakf_model1,1.7881042314681108e-09
eakf_model2,0.9999999982118958
eakf_model3,1.176027553828378e-64
sarima,2.5e-323
