model_name,weigth
arima,7.037174378733522e-176
eakf_model1,2.9969415835876126e-16
eakf_model2,1.8305170884287352e-11
eakf_model3,0.9999999999816945
