model_name,weigth
arima,4.270059809677112e-245
eakf_model1,1.6356310728436675e-17
eakf_model2,6.449236743097294e-11
eakf_model3,0.9999999999355077
sarima,9.005750441925429e-191
