model_name,weigth
arima,2.5e-323
eakf_model1,0.9999999961696471
eakf_model2,3.830352946053251e-09
eakf_model3,3.608045736749572e-78
sarima,2.5e-323
