model_name,weigth
arima,1.169626e-318
eakf_model1,1.8610768613515657e-10
eakf_model2,0.9999999998138923
eakf_model3,2.933103809871895e-35
sarima,2.1181621600353695e-252
