model_name,weigth
arima,8.793100779312891e-129
eakf_model1,6.154834109227101e-13
eakf_model2,8.983822489722049e-12
eakf_model3,0.9999999999904007
