model_name,weigth
arima,8.379292566259018e-20
eakf_model1,0.9999999999995347
eakf_model2,2.7329613675357163e-21
eakf_model3,4.653747995366848e-13
