model_name,weigth
arima,1.5535749995425835e-12
eakf_model1,0.9999999999984466
eakf_model2,9.249419318975648e-26
eakf_model3,2.0892173075798093e-20
