model_name,weigth
arima,8.9291420484451e-298
eakf_model1,0.99999999987194
eakf_model2,2.5943911554404283e-19
eakf_model3,1.2806007437105208e-10
sarima,4.4093132411060834e-179
