model_name,weigth
arima,2.5e-323
eakf_model1,0.9999999977111895
eakf_model2,2.288810370112435e-09
eakf_model3,2.345149843393944e-73
sarima,5e-323
