model_name,weigth
arima,2.840411783403538e-14
eakf_model1,0.9999999999992862
eakf_model2,1.0142657995978998e-16
eakf_model3,6.852982622828015e-13
