model_name,weigth
arima,1.8167346668483605e-108
eakf_model1,6.544017258059234e-12
eakf_model2,2.5233898876060585e-16
eakf_model3,0.9999999999934557
