model_name,weigth
arima,0.0
eakf_model1,2.8088680680579428e-62
eakf_model2,0.9999999999314706
eakf_model3,6.852941155053733e-11
