model_name,weigth
arima,1.5089104929371605e-132
eakf_model1,1.17864891028918e-16
eakf_model2,5.833163625091827e-11
eakf_model3,0.9999999999416682
sarima,1.594675513360244e-59
