model_name,weigth
arima,1.106607717568604e-138
eakf_model1,4.151237191305141e-11
eakf_model2,1.0861207709569977e-13
eakf_model3,0.9999999999583791
