model_name,weigth
arima,0.0
eakf_model1,7.720815298069351e-76
eakf_model2,0.9999999998958566
eakf_model3,1.0414341486429645e-10
