model_name,weigth
arima,1.0606698518751797e-72
eakf_model1,4.786249109501426e-12
eakf_model2,7.198906378277202e-20
eakf_model3,0.9999999999952138
sarima,3.933790563488145e-57
