model_name,weigth
arima,3.797031033001479e-83
eakf_model1,3.6315117829051033e-12
eakf_model2,4.121458134577086e-23
eakf_model3,0.9999999999963686
