model_name,weigth
arima,0.0
eakf_model1,9.408914938051791e-131
eakf_model2,0.9999999995782127
eakf_model3,4.2178724849277725e-10
