model_name,weigth
arima,0.0
eakf_model1,3.278785471740798e-96
eakf_model2,0.9999999997881674
eakf_model3,2.1183266803875455e-10
