model_name,weigth
arima,2.5e-323
eakf_model1,5.606649391179842e-10
eakf_model2,1.1975994081627385e-21
eakf_model3,0.9999999994393352
