model_name,weigth
arima,1.2140481982978254e-121
eakf_model1,2.17992851587328e-11
eakf_model2,4.814303223560926e-17
eakf_model3,0.9999999999782007
