model_name,weigth
arima,2.485142517166223e-122
eakf_model1,1.5896913855813233e-11
eakf_model2,9.570686461870178e-27
eakf_model3,0.9999999999841032
