model_name,weigth
arima,2.5e-323
eakf_model1,1.2327125028610894e-220
eakf_model2,2.8107195174242294e-09
eakf_model3,0.9999999971892805
