model_name,weigth
arima,9.760210163803695e-111
eakf_model1,9.406588503497428e-12
eakf_model2,8.510609725904464e-29
eakf_model3,0.9999999999905935
