model_name,weigth
arima,0.0
eakf_model1,5e-323
eakf_model2,0.0993160645969415
eakf_model3,0.9006839354030585
