model_name,weigth
arima,4.727195120395643e-249
eakf_model1,2.0747126724856016e-42
eakf_model2,0.9999999999751393
eakf_model3,2.4860735146181367e-11
