model_name,weigth
arima,0.0
eakf_model1,3.6053611164477023e-75
eakf_model2,0.9999999999216672
eakf_model3,7.833284387249638e-11
