model_name,weigth
arima,0.0
eakf_model1,1.0069650892634214e-55
eakf_model2,0.9999999999535408
eakf_model3,4.645915268135313e-11
