model_name,weigth
arima,6.851962160374651e-170
eakf_model1,1.504508737197748e-12
eakf_model2,8.02715464539956e-11
eakf_model3,0.999999999918224
