model_name,weigth
arima,3.752777394472811e-119
eakf_model1,2.7154517285869007e-11
eakf_model2,1.7001856073389814e-24
eakf_model3,0.9999999999728456
sarima,2.0194748261172628e-110
