model_name,weigth
arima,2.5e-323
eakf_model1,1.3368461211505872e-77
eakf_model2,0.999999998919485
eakf_model3,1.0805150401714106e-09
sarima,1.1450667862417705e-39
