model_name,weigth
arima,2.2941103425746952e-254
eakf_model1,5.073210342467309e-32
eakf_model2,0.9999999997054573
eakf_model3,2.945427819344836e-10
sarima,2.531890178549693e-55
