model_name,weigth
arima,3.8657269324606e-310
eakf_model1,4.930479362368015e-33
eakf_model2,2.8083490893120035e-10
eakf_model3,0.9999999997191651
