model_name,weigth
arima,2.5e-323
eakf_model1,3.067039156024074e-74
eakf_model2,0.9999999995804436
eakf_model3,4.195563717151895e-10
sarima,4.308993282337991e-18
