model_name,weigth
arima,0.0
eakf_model1,5e-323
eakf_model2,6.193141904932634e-09
eakf_model3,0.9999999938068581
