model_name,weigth
arima,3.677156135236542e-127
eakf_model1,3.704472264675953e-30
eakf_model2,5.949910600935946e-11
eakf_model3,0.9999999999405009
sarima,7.424804083698313e-21
