model_name,weigth
arima,1.5966997184741739e-217
eakf_model1,4.3082084889686655e-40
eakf_model2,6.447442059206108e-11
eakf_model3,0.9999999999355257
