model_name,weigth
arima,2.9521805111845804e-81
eakf_model1,9.047452614873105e-12
eakf_model2,3.686146521953222e-12
eakf_model3,0.9999999999872664
sarima,9.842371515139245e-33
