model_name,weigth
arima,5.156113052376007e-102
eakf_model1,2.3315830446501283e-11
eakf_model2,2.258004622588375e-15
eakf_model3,0.999999999976682
