model_name,weigth
arima,2.5e-323
eakf_model1,6.667006268203396e-89
eakf_model2,4.551464744954688e-10
eakf_model3,0.9999999995448535
