model_name,weigth
arima,2.5e-323
eakf_model1,0.9999999953667991
eakf_model2,1.2019104510939472e-55
eakf_model3,4.633201033434332e-09
