model_name,weigth
arima,0.0
eakf_model1,5e-323
eakf_model2,0.9999998702638402
eakf_model3,1.2973615975732547e-07
