model_name,weigth
arima,1.96e-321
eakf_model1,2.3864892905164603e-52
eakf_model2,1.9607078855904993e-10
eakf_model3,0.9999999998039292
