model_name,weigth
arima,2.5e-323
eakf_model1,0.999999999496437
eakf_model2,1.3683399529461006e-40
eakf_model3,5.035628294601258e-10
