model_name,weigth
arima,6.4080237877765705e-149
eakf_model1,8.288930975580664e-11
eakf_model2,8.812464402663041e-13
eakf_model3,0.9999999999162296
sarima,1.5314277245491717e-115
