model_name,weigth
arima,2.9242432884690277e-47
eakf_model1,2.2588148501438953e-13
eakf_model2,2.908872067621535e-12
eakf_model3,0.9999999999968653
