model_name,weigth
arima,0.0
eakf_model1,3.506587484053069e-260
eakf_model2,2.907200077888109e-09
eakf_model3,0.9999999970928
