model_name,weigth
arima,1.296339486405117e-56
eakf_model1,3.816300188179992e-13
eakf_model2,7.646525441214127e-12
eakf_model3,0.9999999999919719
sarima,5.9769872692998944e-33
