model_name,weigth
arima,4.2081301640559053e-82
eakf_model1,2.048137226375189e-11
eakf_model2,3.378720336338496e-13
eakf_model3,0.9999999999791809
sarima,1.808786432457915e-58
