model_name,weigth
arima,3.18619020232596e-89
eakf_model1,2.5396653548364166e-18
eakf_model2,9.615219081067864e-12
eakf_model3,0.9999999999903849
