model_name,weigth
arima,2.5e-323
eakf_model1,9.828872655940632e-141
eakf_model2,0.9999999996648997
eakf_model3,3.351002904963501e-10
