model_name,weigth
arima,4.733346292842831e-283
eakf_model1,6.034063587386963e-103
eakf_model2,0.9999999997702735
eakf_model3,2.2972638172348987e-10
sarima,3.876050756164264e-64
