model_name,weigth
arima,2.5e-323
eakf_model1,0.990344573419383
eakf_model2,0.009655426580617025
eakf_model3,1.2e-322
sarima,5e-323
