model_name,weigth
arima,1.0009006965250136e-165
eakf_model1,1.3125997199370512e-47
eakf_model2,7.35888531279755e-11
eakf_model3,0.9999999999264112
