model_name,weigth
arima,2.5e-323
eakf_model1,0.06518220908353302
eakf_model2,5.7594311414011026e-08
eakf_model3,0.9348177333221556
