model_name,weigth
arima,2.5e-323
eakf_model1,1.2569852278130443e-81
eakf_model2,1.9259881781939273e-10
eakf_model3,0.9999999998074012
