model_name,weigth
arima,2.5138328577477262e-136
eakf_model1,0.999999999876102
eakf_model2,1.2389792808009145e-10
eakf_model3,1.6404488788483473e-27
sarima,1.0912529641156021e-103
