model_name,weigth
arima,5.38e-321
eakf_model1,0.9999999991768199
eakf_model2,8.231800558088336e-10
eakf_model3,1.8124553088734008e-66
