model_name,weigth
arima,4.5005385947282996e-243
eakf_model1,6.4673348706675624e-37
eakf_model2,1.452322947615343e-10
eakf_model3,0.9999999998547677
