model_name,weigth
arima,1.1744255750741946e-60
eakf_model1,2.3726964929821933e-11
eakf_model2,0.9999999999762731
eakf_model3,4.2912528567028124e-38
