model_name,weigth
arima,1.2317805840164504e-71
eakf_model1,3.0050705475423636e-11
eakf_model2,0.9999999999699494
eakf_model3,4.8567299076623294e-45
