model_name,weigth
arima,3.505050972523363e-64
eakf_model1,3.8352796275391116e-11
eakf_model2,0.9999999999616472
eakf_model3,5.520815877538874e-56
