model_name,weigth
arima,2.171264442548794e-81
eakf_model1,1.9795826196426547e-11
eakf_model2,0.9999999999802044
eakf_model3,8.595916848757984e-22
