model_name,weigth
arima,1.2920210532217522e-117
eakf_model1,0.9999999999424107
eakf_model2,5.758930036904519e-11
eakf_model3,5.537187123190283e-20
