model_name,weigth
arima,4.897472643232618e-45
eakf_model1,1.929713579723044e-11
eakf_model2,0.9999999999807029
eakf_model3,1.248937047753726e-32
