model_name,weigth
arima,2.5e-323
eakf_model1,0.04243332119514387
eakf_model2,0.9575666788048562
eakf_model3,4.683253168327632e-145
sarima,5e-323
