model_name,weigth
arima,3.535053807174468e-71
eakf_model1,2.248559278472404e-11
eakf_model2,0.9999999999775145
eakf_model3,8.932050640635953e-29
