model_name,weigth
arima,1.2028258692511073e-127
eakf_model1,8.083819824104106e-11
eakf_model2,0.9999999999191618
eakf_model3,4.924370136937722e-58
