model_name,weigth
arima,1.520345664337976e-34
eakf_model1,0.9999999999925985
eakf_model2,7.40148564101124e-12
eakf_model3,1.1005338026585059e-17
