model_name,weigth
arima,3.858676077825735e-60
eakf_model1,0.9999999999772298
eakf_model2,2.2770342998351823e-11
eakf_model3,2.0583160787339656e-32
sarima,5.2465000152392764e-49
