model_name,weigth
arima,8.870637463829056e-74
eakf_model1,2.1170380385237666e-11
eakf_model2,0.9999999999788297
eakf_model3,7.900900692550429e-21
