model_name,weigth
arima,2.6789495563957614e-44
eakf_model1,7.266117646859169e-21
eakf_model2,1.4265042059484295e-11
eakf_model3,0.9999999999857351
