model_name,weigth
arima,1.648936786989269e-45
eakf_model1,2.6857774948194864e-11
eakf_model2,0.9999999999731423
eakf_model3,2.90090363165893e-38
