model_name,weigth
arima,2.5e-323
eakf_model1,1.7494970232866766e-09
eakf_model2,0.999999998250503
eakf_model3,3.1134643883344966e-121
sarima,5e-323
