model_name,weigth
arima,1.0491530879142403e-94
eakf_model1,1.1355082530943197e-32
eakf_model2,0.9999999999774727
eakf_model3,2.252737985223301e-11
