model_name,weigth
arima,1.2450931684850043e-60
eakf_model1,2.9051101271169103e-11
eakf_model2,0.9999999999709489
eakf_model3,9.379183063106123e-54
