model_name,weigth
arima,2.2907534116462575e-56
eakf_model1,5.043942079808181e-11
eakf_model2,0.9999999999495606
eakf_model3,1.9416510374472653e-45
