model_name,weigth
arima,1.376820269027649e-88
eakf_model1,0.999999999964508
eakf_model2,3.549209664652447e-11
eakf_model3,2.0535685456430896e-48
