model_name,weigth
arima,4.399816224648265e-236
eakf_model1,0.9999999995972829
eakf_model2,4.0271717087917624e-10
eakf_model3,6.764112565814014e-149
