model_name,weigth
arima,1.3028835766257698e-51
eakf_model1,0.9999999999889582
eakf_model2,1.104177793837665e-11
eakf_model3,3.2126835300536396e-25
