model_name,weigth
arima,2.6318532407788533e-41
eakf_model1,1.6884179950568388e-11
eakf_model2,0.999999999983116
eakf_model3,4.4072942860649086e-32
