model_name,weigth
arima,1.2856354516932103e-125
eakf_model1,1.8641873725040968e-137
eakf_model2,6.709775213023028e-37
eakf_model3,6.086328895928124e-11
sarima,0.9999999999391368
