model_name,weigth
arima,3.61222023921585e-160
eakf_model1,3.3116323089641903e-56
eakf_model2,0.9999999999022062
eakf_model3,9.779377729356172e-11
sarima,8.326109143262773e-47
