model_name,weigth
arima,9.441499821636347e-52
eakf_model1,2.400683084177525e-56
eakf_model2,9.485886207125482e-12
eakf_model3,0.9999999999905141
