model_name,weigth
arima,1.3374681594605097e-83
eakf_model1,0.999999999951765
eakf_model2,4.8235031132618223e-11
eakf_model3,6.6259793308259525e-49
sarima,2.683978862653549e-82
