model_name,weigth
arima,1.6504459382767845e-210
eakf_model1,9.775119765547871e-98
eakf_model2,1.7767049280994717e-28
eakf_model3,6.450542675164177e-10
sarima,0.9999999993549458
