model_name,weigth
arima,1.8374443050747262e-60
eakf_model1,3.995561882981967e-11
eakf_model2,0.9999999999600444
eakf_model3,4.5271888940409224e-58
