model_name,weigth
arima,3.7584605082200564e-34
eakf_model1,1.4854927833496993e-11
eakf_model2,0.9999999999851452
eakf_model3,3.6959408328031614e-30
