model_name,weigth
arima,8.01014586381989e-42
eakf_model1,6.623349809521222e-38
eakf_model2,1.0268938194602622e-11
eakf_model3,0.999999999989731
