model_name,weigth
arima,5.1105726575249e-58
eakf_model1,3.852507640078429e-14
eakf_model2,0.9999999999821878
eakf_model3,1.777371989768506e-11
sarima,3.2498315173026934e-28
