model_name,weigth
arima,7.677294878550305e-68
eakf_model1,4.976767188160114e-44
eakf_model2,6.929189346676482e-11
eakf_model3,0.9999999999307081
