model_name,weigth
arima,1.2803789418137355e-111
eakf_model1,1.0848951863766031e-10
eakf_model2,0.9999999998915106
eakf_model3,1.2570034385943847e-87
