model_name,weigth
arima,5.2159884579509125e-76
eakf_model1,1.0416565492747084e-44
eakf_model2,2.3512490611452546e-11
eakf_model3,0.9999999999764875
