model_name,weigth
arima,4.9772412476810005e-306
eakf_model1,8.761032364426456e-19
eakf_model2,0.6618427804459006
eakf_model3,0.3381572195540994
sarima,5e-323
