model_name,weigth
arima,8.210977898791907e-181
eakf_model1,0.999999999467037
eakf_model2,2.7368735700132124e-21
eakf_model3,5.329630591899119e-10
