model_name,weigth
arima,3.14425766911779e-108
eakf_model1,1.0098627521626431e-10
eakf_model2,0.9999999998990138
eakf_model3,4.812462434484759e-86
