model_name,weigth
arima,4.970665239333361e-41
eakf_model1,2.3179997480386468e-11
eakf_model2,0.9999999999768201
eakf_model3,1.4777081379613475e-32
