model_name,weigth
arima,8.174102749535778e-55
eakf_model1,1.0707405372758289e-57
eakf_model2,6.397266519323858e-12
eakf_model3,0.9999999999936028
sarima,4.872341512083676e-20
