model_name,weigth
arima,1.2883980241801303e-107
eakf_model1,1.472147044253561e-43
eakf_model2,4.014302120432453e-10
eakf_model3,0.9999999995985699
sarima,6.489451751736933e-116
