model_name,weigth
arima,2.9543980979105063e-23
eakf_model1,1.960482345854036e-11
eakf_model2,0.9999999999803952
eakf_model3,8.132578752986355e-27
