model_name,weigth
arima,1.7826847923601551e-47
eakf_model1,2.10130983742558e-40
eakf_model2,4.99512806704887e-12
eakf_model3,0.9999999999950049
