model_name,weigth
arima,1.1724718079708794e-91
eakf_model1,1.3794646596680007e-107
eakf_model2,1.6223623440447215e-16
eakf_model3,0.9999999999741908
sarima,2.5809147018977757e-11
