model_name,weigth
arima,3.4410249850641747e-109
eakf_model1,2.015424448005396e-10
eakf_model2,6.744610071776789e-18
eakf_model3,0.9999999997984577
