model_name,weigth
arima,5e-323
eakf_model1,0.9999999063659646
eakf_model2,9.363403554430373e-08
eakf_model3,2.449597671253208e-131
sarima,5e-323
