model_name,weigth
arima,8.270010904399533e-22
eakf_model1,2.4565136845082432e-11
eakf_model2,0.999999999975435
eakf_model3,6.18839776269387e-33
