model_name,weigth
arima,1.323307767306672e-44
eakf_model1,5.1275598365517414e-11
eakf_model2,0.9999999999487243
eakf_model3,2.834823218017023e-38
