model_name,weigth
arima,4.263413693033488e-90
eakf_model1,0.9999999998682607
eakf_model2,1.317393240513769e-10
eakf_model3,3.440834497926415e-19
