model_name,weigth
arima,2.759998210575416e-88
eakf_model1,0.9999999998312662
eakf_model2,1.6873379039542547e-10
eakf_model3,3.6359792322359804e-22
sarima,1.8141113159226493e-100
