model_name,weigth
arima,2.1619273583504572e-27
eakf_model1,1.1860792116116844e-33
eakf_model2,3.463664426650242e-10
eakf_model3,0.9999999996536336
