model_name,weigth
arima,9.635778338878674e-74
eakf_model1,2.8072567517365415e-11
eakf_model2,0.9999999999719276
eakf_model3,6.494365480966893e-42
