model_name,weigth
arima,1.7021735987063725e-24
eakf_model1,5.338429884856511e-98
eakf_model2,6.660646103861564e-15
eakf_model3,6.067707603277385e-11
sarima,0.9999999999393163
