model_name,weigth
arima,1.605467238406428e-95
eakf_model1,3.4716108745925224e-78
eakf_model2,2.770055395822213e-10
eakf_model3,0.9999999997229944
