model_name,weigth
arima,6.667964333341993e-92
eakf_model1,4.5646260973471977e-36
eakf_model2,0.3555588191405848
eakf_model3,0.6444411808594154
