model_name,weigth
arima,1.14e-322
eakf_model1,0.9999998426479639
eakf_model2,1.573520360137235e-07
eakf_model3,8.218976350259481e-284
