model_name,weigth
arima,7.167827715082675e-129
eakf_model1,3.7608691926357886e-10
eakf_model2,0.9999999996239131
eakf_model3,1.682984382725346e-74
