model_name,weigth
arima,3.785181699614703e-43
eakf_model1,4.036048756713402e-11
eakf_model2,0.9999999999596396
eakf_model3,9.28820644131476e-24
