model_name,weigth
arima,2.6509161237472365e-11
eakf_model1,2.5701000744738574e-177
eakf_model2,7.6299749110551e-18
eakf_model3,0.4883680533648735
sarima,0.5116319466086174
