model_name,weigth
arima,1.0664300261819648e-10
eakf_model1,2.8778916889052424e-55
eakf_model2,3.0860914739684576e-24
eakf_model3,0.9999999998933572
