model_name,weigth
arima,2.9027705274681305e-218
eakf_model1,2.994809977847057e-09
eakf_model2,0.99999999700519
eakf_model3,1.6156783869046734e-150
sarima,3.630980377701442e-226
