model_name,weigth
arima,4.4838623680772405e-36
eakf_model1,3.1925556860769167e-11
eakf_model2,0.9999999999680745
eakf_model3,2.4836448939147785e-21
sarima,7.733272820490481e-31
