model_name,weigth
arima,3.336562272037212e-09
eakf_model1,2.5e-323
eakf_model2,8.828680155303312e-146
eakf_model3,0.9999999966634378
