model_name,weigth
arima,1.4479504550243486e-68
eakf_model1,3.901022020511576e-11
eakf_model2,0.9999999999609899
eakf_model3,1.1094019669203971e-44
