model_name,weigth
arima,7.503881747377844e-72
eakf_model1,2.778235731541006e-11
eakf_model2,0.9999999999722177
eakf_model3,1.4255020798679868e-40
