model_name,weigth
arima,4.0662706843484483e-57
eakf_model1,3.126396496467298e-11
eakf_model2,0.999999999968736
eakf_model3,1.0035677134486332e-47
