model_name,weigth
arima,7.4e-323
eakf_model1,7e-323
eakf_model2,0.9999998858616895
eakf_model3,1.141383106248254e-07
