model_name,weigth
arima,1.5799982563061887e-11
eakf_model1,1.6958885325088524e-67
eakf_model2,1.031899731743268e-11
eakf_model3,0.999999999973881
