model_name,weigth
arima,1.5501951943919764e-16
eakf_model1,5.36000740412173e-16
eakf_model2,4.754813887683575e-12
eakf_model3,0.9999999999952446
