model_name,weigth
arima,3.897827151203307e-91
eakf_model1,1.4491439415411301e-09
eakf_model2,0.9999999985508561
eakf_model3,1.2290003914438656e-72
sarima,9.373329014296912e-132
