model_name,weigth
arima,1.1925037402929093e-84
eakf_model1,1.8372519259010422e-10
eakf_model2,0.999999999816275
eakf_model3,1.3077759355962536e-55
sarima,1.0461471641472576e-74
