model_name,weigth
arima,4.597513513905651e-21
eakf_model1,1.2373865210451157e-17
eakf_model2,5.131852861816831e-12
eakf_model3,0.9999999999948682
