model_name,weigth
arima,2.2478650153320914e-23
eakf_model1,8.80366078338252e-18
eakf_model2,5.822598353799244e-32
eakf_model3,1.9514096304155104e-11
sarima,0.9999999999804859
