model_name,weigth
arima,1.6326063500737982e-13
eakf_model1,1.341922632257892e-12
eakf_model2,1.426331794233587e-14
eakf_model3,0.9999999999984807
