model_name,weigth
arima,6.516115988010459e-13
eakf_model1,5.612440886316467e-29
eakf_model2,2.52093240902866e-14
eakf_model3,1.1880323625460958e-12
sarima,0.9999999999981352
