model_name,weigth
arima,6.596109440833141e-87
eakf_model1,7.085422781711078e-15
eakf_model2,2.5348950672131156e-89
eakf_model3,0.9999999995326979
sarima,4.672950885347613e-10
