model_name,weigth
arima,1.6122929583931525e-139
eakf_model1,1.5652700656400655e-10
eakf_model2,2.1020310190635354e-53
eakf_model3,0.9999999998434731
