model_name,weigth
arima,2.753325731924007e-25
eakf_model1,2.46582280537767e-41
eakf_model2,0.9999999998549046
eakf_model3,1.450954418641525e-10
