model_name,weigth
arima,1.5127037014899437e-12
eakf_model1,3.076577711198874e-17
eakf_model2,5.884398858600125e-18
eakf_model3,0.9999999999984873
