model_name,weigth
arima,1.821805942032796e-57
eakf_model1,0.9999999999592615
eakf_model2,3.686415796168934e-24
eakf_model3,4.073860605697614e-11
sarima,9.387025592703091e-24
