model_name,weigth
arima,1.2561110733480397e-14
eakf_model1,1.0938831241691882e-23
eakf_model2,2.6192058013325337e-17
eakf_model3,1.6999202715713804e-12
sarima,0.9999999999982876
