model_name,weigth
arima,4.8463767050936986e-12
eakf_model1,4.357983251337067e-75
eakf_model2,3.6077248428342634e-11
eakf_model3,0.9999999999590764
