model_name,weigth
arima,5.295567796330224e-11
eakf_model1,1.2979812528684385e-50
eakf_model2,7.193964852697354e-23
eakf_model3,0.9999999999470445
