model_name,weigth
arima,2.5e-323
eakf_model1,2.6055749139076002e-08
eakf_model2,1.7325392294019798e-16
eakf_model3,0.9999999739442508
