model_name,weigth
arima,1.847087182765692e-10
eakf_model1,2.517492435116801e-32
eakf_model2,0.9999999998152914
eakf_model3,4.938284895958689e-33
