model_name,weigth
arima,2.5e-323
eakf_model1,1.340038173811603e-09
eakf_model2,3.826574571835089e-91
eakf_model3,0.9999999986599619
