model_name,weigth
arima,0.4543600227698732
eakf_model1,1.3794243604582048e-73
eakf_model2,1.2799298968959504e-67
eakf_model3,0.5456399772301269
