model_name,weigth
arima,0.9999999991617903
eakf_model1,1.6736962754691286e-40
eakf_model2,8.382096999886068e-10
eakf_model3,2.2779551000022035e-94
