model_name,weigth
arima,1.5069633720077259e-83
eakf_model1,3.2403756176784937e-21
eakf_model2,0.9999999999532535
eakf_model3,4.674646028529597e-11
