model_name,weigth
arima,6.442692980150939e-38
eakf_model1,3.400826233851493e-13
eakf_model2,0.9999999999906262
eakf_model3,9.033854426884655e-12
