model_name,weigth
arima,2.565657927963499e-78
eakf_model1,1.983670639767412e-11
eakf_model2,7.781156490337907e-14
eakf_model3,0.9999999999800855
