model_name,weigth
arima,2.5e-323
eakf_model1,1.3067785903490889e-09
eakf_model2,0.9999999986932215
eakf_model3,2.169245872028211e-21
sarima,5e-323
