model_name,weigth
arima,2.5e-323
eakf_model1,7.048719415603508e-09
eakf_model2,0.9999999929512807
eakf_model3,2.2864679638805924e-23
