model_name,weigth
arima,1.7332255708906333e-58
eakf_model1,7.445442624467731e-17
eakf_model2,1.9480574380702085e-11
eakf_model3,0.9999999999805194
sarima,4.018044063969841e-59
