model_name,weigth
arima,4.752372959347701e-73
eakf_model1,1.7393311316153254e-11
eakf_model2,8.309025762948711e-12
eakf_model3,0.9999999999742978
sarima,7.285460081018924e-64
