model_name,weigth
arima,2.5e-323
eakf_model1,1.2022279873297666e-14
eakf_model2,0.9999999881324092
eakf_model3,1.1867578750347371e-08
sarima,5e-323
