model_name,weigth
arima,9.247610610911845e-75
eakf_model1,1.1173760070939909e-11
eakf_model2,1.0064557265931428e-11
eakf_model3,0.9999999999787618
sarima,3.0824271991931236e-59
