model_name,weigth
arima,4.3331576489718534e-134
eakf_model1,2.1319117531433216e-59
eakf_model2,8.799156074167779e-11
eakf_model3,0.9999999999120084
