model_name,weigth
arima,2.2075962139357067e-47
eakf_model1,1.760429317935637e-11
eakf_model2,0.9999999999739053
eakf_model3,8.490450662775605e-12
