model_name,weigth
arima,2.5e-323
eakf_model1,0.9999969678509426
eakf_model2,8.651632486732974e-118
eakf_model3,3.032149057488331e-06
