model_name,weigth
arima,9.538006949742443e-59
eakf_model1,6.324283690322593e-24
eakf_model2,1.9783448550923538e-11
eakf_model3,0.9999999999802167
sarima,2.4893403778528085e-49
