model_name,weigth
arima,2.9362300598819662e-18
eakf_model1,3.9716782616225784e-10
eakf_model2,0.9999999996028321
eakf_model3,8.298542109317034e-41
