model_name,weigth
arima,9.602305223669846e-57
eakf_model1,4.379705001912346e-16
eakf_model2,1.1339510332948915e-11
eakf_model3,0.9999999999886601
