model_name,weigth
arima,4.705906566764916e-72
eakf_model1,1.3345290494478589e-11
eakf_model2,1.781249229750342e-14
eakf_model3,0.9999999999866369
