model_name,weigth
arima,1.3439702149445162e-66
eakf_model1,3.245356374019548e-10
eakf_model2,0.9999999996754645
eakf_model3,2.3857993831135188e-39
