model_name,weigth
arima,4.556639146594784e-239
eakf_model1,1.7269039093924327e-10
eakf_model2,1.4170539056073582e-18
eakf_model3,0.9999999998273096
