model_name,weigth
arima,5.203626298938049e-60
eakf_model1,2.5905023199494384e-12
eakf_model2,1.787452416979081e-29
eakf_model3,2.9850561135821464e-14
sarima,0.9999999999973798
