model_name,weigth
arima,2e-323
eakf_model1,0.7053820972151192
eakf_model2,5.128263178537697e-88
eakf_model3,5.609704567185129e-10
sarima,0.29461790222391027
