model_name,weigth
arima,0.0
eakf_model1,4.6295060155942656e-10
eakf_model2,9.805870553926798e-31
eakf_model3,0.9999999995370495
sarima,6.352094117182267e-226
