model_name,weigth
arima,2.6463678274574224e-63
eakf_model1,1.390721456629109e-11
eakf_model2,0.9999999999860925
eakf_model3,3.8471315434659767e-16
sarima,7.457931360433535e-100
