model_name,weigth
arima,1.0088898211278855e-196
eakf_model1,0.999999999615725
eakf_model2,7.006763789990232e-55
eakf_model3,3.8427503938103183e-10
sarima,2.7118625243327446e-217
