model_name,weigth
arima,2e-323
eakf_model1,0.2698405121826344
eakf_model2,7e-323
eakf_model3,0.7301594878173656
sarima,0.0
