model_name,weigth
arima,0.0
eakf_model1,0.9999999998710452
eakf_model2,7.968739706787472e-11
eakf_model3,4.9267439933947893e-11
sarima,0.0
