model_name,weigth
arima,1.3769240272109843e-296
eakf_model1,1.4104948803967327e-10
eakf_model2,2.0469180740499503e-17
eakf_model3,0.9999999998589504
sarima,2e-323
