model_name,weigth
arima,1.0100500081585228e-109
eakf_model1,3.6314727400629294e-11
eakf_model2,1.6445061475927688e-42
eakf_model3,0.9999999999636854
sarima,2.1127705239757132e-184
