model_name,weigth
arima,5.536116406501608e-167
eakf_model1,5.2499632468684484e-11
eakf_model2,2.852163378444549e-40
eakf_model3,0.9999999999475004
sarima,1.1132908043708233e-211
