model_name,weigth
arima,5.036347599476258e-181
eakf_model1,8.145124356149329e-11
eakf_model2,1.2196402744646124e-53
eakf_model3,0.9999999999185487
sarima,2.7871881952e-313
