model_name,weigth
arima,2.033423623031298e-281
eakf_model1,2.1377122168628144e-10
eakf_model2,3.777597181657844e-73
eakf_model3,0.9999999997862288
sarima,2.033423623031298e-281
