model_name,weigth
arima,4.76026474435521e-153
eakf_model1,6.532761360266652e-11
eakf_model2,7.001761528828784e-38
eakf_model3,0.9999999999346725
sarima,4.76026474435521e-153
