model_name,weigth
arima,5.661395043115848e-166
eakf_model1,8.907098716137769e-11
eakf_model2,1.0569867526996322e-34
eakf_model3,0.999999999910929
sarima,6.778562662194404e-141
