model_name,weigth
arima,3.1892896772953356e-184
eakf_model1,1.1643080486136476e-10
eakf_model2,6.1029762418290765e-25
eakf_model3,0.9999999998835694
sarima,3.0248244335876784e-260
