model_name,weigth
arima,6.792252207494909e-158
eakf_model1,2.6335357370899888e-11
eakf_model2,4.779365175343904e-35
eakf_model3,0.9999999999736646
sarima,4.222058023382917e-231
