model_name,weigth
arima,2e-323
eakf_model1,1.359885475729234e-09
eakf_model2,1.380047379648886e-190
eakf_model3,0.9999999986401145
sarima,0.0
