model_name,weigth
arima,2.5e-323
eakf_model1,0.9999999995916313
eakf_model2,3.23059657735309e-35
eakf_model3,4.0836869071061325e-10
sarima,2.5e-323
