model_name,weigth
arima,2e-323
eakf_model1,0.9999999974763182
eakf_model2,3.416780063018916e-69
eakf_model3,2.5236818811932356e-09
sarima,2e-323
