model_name,weigth
arima,0.0
eakf_model1,0.9999999997941422
eakf_model2,2.058578888433677e-10
eakf_model3,6.073637453659033e-22
sarima,0.0
