model_name,weigth
arima,4.5130398402615736e-61
eakf_model1,0.9999999999909203
eakf_model2,1.8769449421001017e-18
eakf_model3,9.079689134095079e-12
sarima,5.1205305619498386e-27
