model_name,weigth
arima,2.031213323887973e-145
eakf_model1,0.9999999999731212
eakf_model2,2.6878614043661106e-11
eakf_model3,2.0669736521469837e-16
sarima,2.3214825821594634e-92
