model_name,weigth
arima,1.1752620258413792e-181
eakf_model1,0.9999999999587164
eakf_model2,4.115219074056115e-11
eakf_model3,1.3142775169258313e-13
sarima,5.418038357917662e-109
