model_name,weigth
arima,2.5e-323
eakf_model1,0.9999999962435149
eakf_model2,1.1258506937663628e-149
eakf_model3,3.756485199745942e-09
sarima,5e-323
