model_name,weigth
arima,3.2878301684503987e-137
eakf_model1,9.258921006924007e-11
eakf_model2,1.3647301026399366e-43
eakf_model3,0.9999999999074108
sarima,3.214691888802539e-100
