model_name,weigth
arima,3.0554806286592644e-215
eakf_model1,0.9999999998904038
eakf_model2,1.0959624401751075e-10
eakf_model3,4.31826994369499e-25
sarima,2.7655074662906727e-152
