model_name,weigth
arima,4.603348378590081e-115
eakf_model1,0.9999999999532351
eakf_model2,6.372912096244374e-27
eakf_model3,4.676506508003938e-11
sarima,5.506678577698423e-55
