model_name,weigth
arima,1.523715788255289e-85
eakf_model1,8.171387892105568e-12
eakf_model2,8.683351631472316e-17
eakf_model3,0.9999999999918286
sarima,3.055694687094131e-63
