model_name,weigth
arima,2.366540322e-314
eakf_model1,4.730390547730235e-23
eakf_model2,1.1850265760468966e-10
eakf_model3,0.9999999998814973
sarima,3.7502110447230322e-227
