model_name,weigth
arima,2.5e-323
eakf_model1,0.9999999980359074
eakf_model2,1.4475669114773986e-15
eakf_model3,1.9640911188237256e-09
sarima,2.5e-323
