model_name,weigth
arima,5.1619060514846834e-86
eakf_model1,9.697575971234866e-12
eakf_model2,6.57850990692551e-15
eakf_model3,0.9999999999902959
sarima,7.877182994301071e-58
