model_name,weigth
arima,8.634053218471557e-157
eakf_model1,4.0733348777731166e-11
eakf_model2,2.5081455286716435e-31
eakf_model3,0.9999999999592667
sarima,1.7221111414537e-148
