model_name,weigth
arima,8.514791651566383e-108
eakf_model1,2.5096435253671752e-37
eakf_model2,2.1012142585009377e-11
eakf_model3,0.9999999999789879
sarima,5.09424591034667e-18
