model_name,weigth
arima,2.5309803376839393e-196
eakf_model1,1.1665008228899614e-10
eakf_model2,4.5119971415827847e-32
eakf_model3,0.9999999998833499
sarima,1.1841863793935385e-198
