model_name,weigth
arima,2.570347333262701e-201
eakf_model1,2.357662780076061e-10
eakf_model2,1.384081869560116e-19
eakf_model3,0.9999999997642338
sarima,1.0616005145256646e-167
