model_name,weigth
arima,1.5267534004652948e-139
eakf_model1,2.047836841839196e-11
eakf_model2,1.6122254767600843e-34
eakf_model3,0.9999999999795216
sarima,2.4541898240720707e-126
