model_name,weigth
arima,4.656340885716909e-197
eakf_model1,5.777729995749863e-62
eakf_model2,8.024334856595702e-11
eakf_model3,0.9999999999197566
sarima,1.3131343332553932e-36
