model_name,weigth
arima,2.8820649661809876e-173
eakf_model1,4.833227898768103e-33
eakf_model2,7.194940947075303e-11
eakf_model3,0.9999999999280507
sarima,1.1795069559041893e-53
