model_name,weigth
arima,2.5e-323
eakf_model1,0.9999999996454272
eakf_model2,5.166937094789539e-56
eakf_model3,3.545728983412719e-10
sarima,9.528805610788828e-232
