model_name,weigth
arima,2.2846668456304094e-95
eakf_model1,8.917408102144367e-12
eakf_model2,2.005183269006568e-11
eakf_model3,0.9999999999710308
sarima,2.0397849256121767e-73
