model_name,weigth
arima,9.348744844791978e-99
eakf_model1,0.999999999868525
eakf_model2,8.881383103670563e-17
eakf_model3,1.3147518484992809e-10
sarima,6.926282818317e-102
