model_name,weigth
arima,8.761757549164495e-195
eakf_model1,8.595808630593444e-58
eakf_model2,0.9999999999195186
eakf_model3,8.0481558365561e-11
sarima,9.882872163769477e-63
