model_name,weigth
arima,2.5e-323
eakf_model1,1.53e-322
eakf_model2,1.5685137677258253e-07
eakf_model3,0.9999998431486232
sarima,5e-323
