model_name,weigth
arima,1.4898686294168997e-268
eakf_model1,0.9999999995680402
eakf_model2,8.906352871057673e-13
eakf_model3,4.310692492555295e-10
sarima,1.0829862416292065e-157
