model_name,weigth
arima,9.809358880218022e-141
eakf_model1,1.2457729865265336e-14
eakf_model2,3.6247109921265463e-10
eakf_model3,0.9999999996375164
sarima,2.1758857360169005e-119
