model_name,weigth
arima,3.4286151020360553e-183
eakf_model1,5.489910063317916e-77
eakf_model2,0.9999999999274243
eakf_model3,7.257568639132469e-11
sarima,1.155759727002422e-49
