model_name,weigth
arima,5.45620032406425e-62
eakf_model1,0.9999999999806033
eakf_model2,8.496628255138953e-12
eakf_model3,1.0900239713179815e-11
sarima,7.887983269898714e-50
