model_name,weigth
arima,8.430562869392028e-180
eakf_model1,8.974503937151342e-85
eakf_model2,0.999999999881666
eakf_model3,1.1833412141398173e-10
sarima,1.3043399707569222e-43
