model_name,weigth
arima,1.761565452770412e-61
eakf_model1,3.9921385068209334e-16
eakf_model2,0.9999999999722606
eakf_model3,2.7739035849276337e-11
sarima,2.324626986369088e-28
