model_name,weigth
arima,2.9565838227977115e-55
eakf_model1,0.9999999999803627
eakf_model2,1.9637389777092424e-11
eakf_model3,1.8316201555391573e-27
sarima,4.8416145904122277e-57
