model_name,weigth
arima,1.1908254445340424e-90
eakf_model1,0.999999999901627
eakf_model2,9.83730313837874e-11
eakf_model3,5.169853755749489e-37
sarima,5.641026599837396e-95
