model_name,weigth
arima,2.472106568058601e-173
eakf_model1,2.768103919675892e-225
eakf_model2,9.416980828914385e-44
eakf_model3,0.9999999998783327
sarima,1.216674110297846e-10
