model_name,weigth
arima,2.1967495835854187e-61
eakf_model1,1.599279332745783e-64
eakf_model2,2.048514610331571e-18
eakf_model3,1.854275736606366e-11
sarima,0.9999999999814574
