model_name,weigth
arima,7.410046719906603e-34
eakf_model1,0.9999999999934208
eakf_model2,6.579264059344055e-12
eakf_model3,1.4862101208700159e-21
sarima,1.0781402697366238e-31
