model_name,weigth
arima,7.4e-323
eakf_model1,0.9999999936099917
eakf_model2,8.282568431777845e-45
eakf_model3,6.390008301340449e-09
sarima,2.5e-323
