model_name,weigth
arima,1.5243299189532715e-29
eakf_model1,1.2308934180233657e-24
eakf_model2,2.881207059991248e-12
eakf_model3,0.9999999999971189
sarima,1.636939132121256e-25
