model_name,weigth
arima,1.4610288292713462e-137
eakf_model1,2.2376824923493482e-114
eakf_model2,7.816115974383631e-10
eakf_model3,0.9999999992183884
sarima,1.8477708767506457e-181
