model_name,weigth
arima,5e-323
eakf_model1,3.6287667190157925e-63
eakf_model2,9.909664095472302e-09
eakf_model3,0.9999999900903359
sarima,5e-323
