model_name,weigth
arima,4.854731226941144e-39
eakf_model1,0.9999999999680068
eakf_model2,2.092871746337849e-11
eakf_model3,1.1064551005988783e-11
sarima,5.378602969921123e-59
