model_name,weigth
arima,2.7716550951318743e-34
eakf_model1,4.6982212103185017e-38
eakf_model2,3.3376908473586045e-12
eakf_model3,0.9999999999964759
sarima,1.863376891059714e-13
