model_name,weigth
arima,4.9150044847792106e-32
eakf_model1,0.9999999999843918
eakf_model2,1.5518654903839563e-11
eakf_model3,8.94899231849859e-14
sarima,6.030535764756699e-34
