model_name,weigth
arima,2.833550292459319e-12
eakf_model1,1.5828751930056587e-32
eakf_model2,4.352591032368241e-21
eakf_model3,1.2315402220970525e-20
sarima,0.9999999999971665
