model_name,weigth
arima,1.076787158195465e-112
eakf_model1,0.9999999996399725
eakf_model2,3.6002740568679567e-10
eakf_model3,4.004357118107014e-67
sarima,3.6979426909275553e-119
