model_name,weigth
arima,2.88538163023246e-14
eakf_model1,4.856921184266777e-11
eakf_model2,0.9999999999513328
eakf_model3,6.913342137513514e-14
sarima,7.936436453196221e-24
