model_name,weigth
arima,2.5e-323
eakf_model1,5.043376204401333e-09
eakf_model2,2.237901848856629e-62
eakf_model3,0.9999999949566238
sarima,1.3448579613192443e-188
