model_name,weigth
arima,6.813648093957379e-180
eakf_model1,2.7257255971273346e-09
eakf_model2,4.40472770160881e-173
eakf_model3,0.8617350045402885
sarima,0.13826499273398601
