model_name,weigth
arima,1.2681808373636708e-120
eakf_model1,2.7285908270118214e-10
eakf_model2,5.469590411225644e-58
eakf_model3,0.9999999997271409
sarima,2.928777301397005e-68
