model_name,weigth
arima,1.745673332232153e-12
eakf_model1,7.555595795844389e-19
eakf_model2,5.895405588207029e-22
eakf_model3,1.7968634854514874e-17
sarima,0.9999999999982543
