model_name,weigth
arima,2.1422599582410894e-20
eakf_model1,1.8691766709775987e-11
eakf_model2,1.1843470383275936e-36
eakf_model3,2.793471435517938e-13
sarima,0.9999999999810288
