model_name,weigth
arima,6.007979986939228e-16
eakf_model1,4.0685757584310776e-12
eakf_model2,4.73541383586602e-21
eakf_model3,1.8420821183588288e-13
sarima,0.9999999999957466
