model_name,weigth
arima,2.7039706870777872e-108
eakf_model1,8.73521432991775e-15
eakf_model2,7.152918125857867e-11
eakf_model3,0.9999999999284621
sarima,2.5460139714284315e-93
