model_name,weigth
arima,5.409592735414603e-105
eakf_model1,1.196132288323402e-30
eakf_model2,6.412009480421588e-11
eakf_model3,0.99999999993588
sarima,6.956440493152611e-101
