model_name,weigth
arima,5.997392631838379e-257
eakf_model1,4.4760464689012517e-10
eakf_model2,2.616997306755163e-12
eakf_model3,0.9999999995497784
sarima,6.7739363815733095e-199
