model_name,weigth
arima,1.7514141641606056e-89
eakf_model1,5.1557497858994814e-12
eakf_model2,2.2509349301717683e-11
eakf_model3,0.9999999999723349
sarima,6.411923491597635e-44
