model_name,weigth
arima,2.9983670663882185e-36
eakf_model1,9.730854926543602e-14
eakf_model2,2.636030660974038e-21
eakf_model3,7.472157324836977e-13
sarima,0.9999999999991556
