model_name,weigth
arima,0.0
eakf_model1,3.083018018984342e-09
eakf_model2,1.6563705260389418e-123
eakf_model3,0.8735834555839858
sarima,0.12641654133299615
