model_name,weigth
arima,3.789670525971633e-64
eakf_model1,1.9912509933027662e-14
eakf_model2,0.9999999999804293
eakf_model3,1.9550706345869963e-11
sarima,1.3021031697553235e-94
