model_name,weigth
arima,3.014919584937713e-42
eakf_model1,3.4615607173614633e-12
eakf_model2,0.9999999999964624
eakf_model3,7.609119205419259e-14
sarima,2.3533236149686576e-54
