model_name,weigth
arima,0.0
eakf_model1,0.9999999977237104
eakf_model2,1.708561021010695e-94
eakf_model3,2.276289523976474e-09
sarima,0.0
