model_name,weigth
arima,8.080754797030516e-48
eakf_model1,1.303268097077032e-11
eakf_model2,0.9999999999869674
eakf_model3,5.151656097824753e-27
sarima,7.985490039702627e-27
