model_name,weigth
arima,1.289267924563605e-196
eakf_model1,0.9999999997881399
eakf_model2,5.994524814783742e-55
eakf_model3,2.1186015595493817e-10
sarima,3.885749601412614e-251
