model_name,weigth
arima,0.0
eakf_model1,1.393953343372581e-09
eakf_model2,0.9999999986060466
eakf_model3,6.7728583334277986e-37
sarima,0.0
