model_name,weigth
arima,1.5623334533842855e-93
eakf_model1,2.4778173120667996e-11
eakf_model2,6.407650480347576e-48
eakf_model3,0.9999999999752218
sarima,9.180730132424544e-171
