model_name,weigth
arima,0.0
eakf_model1,0.9999998644091934
eakf_model2,1.3559080640292182e-07
eakf_model3,2.2e-322
sarima,0.0
