model_name,weigth
arima,2.594650171549754e-156
eakf_model1,4.8888636793687934e-11
eakf_model2,1.5630307549325964e-36
eakf_model3,0.9999999999511114
sarima,1.8018968790704232e-199
