model_name,weigth
arima,0.0
eakf_model1,0.9999999965019617
eakf_model2,1.6606531769771302e-40
eakf_model3,3.4980382516026044e-09
sarima,0.0
