model_name,weigth
arima,1.7203321606965553e-247
eakf_model1,0.9999999999425889
eakf_model2,4.673325737633692e-20
eakf_model3,5.741101692517082e-11
sarima,0.0
