model_name,weigth
arima,3.925709279870678e-298
eakf_model1,4.4783150656026605e-10
eakf_model2,1.859524001609311e-52
eakf_model3,0.9999999995521686
sarima,4.729467688608255e-177
