model_name,weigth
arima,0.0
eakf_model1,4.0688546018676887e-10
eakf_model2,4.748966609760601e-40
eakf_model3,0.9999999995931146
sarima,2e-323
