model_name,weigth
arima,6.61630305039485e-309
eakf_model1,4.283443086679174e-10
eakf_model2,9.908713603497607e-87
eakf_model3,0.9999999995716556
sarima,6.61630305039485e-309
