model_name,weigth
arima,0.0
eakf_model1,2.1204515830438944e-09
eakf_model2,4.17856029895582e-216
eakf_model3,0.9999999978795484
sarima,0.0
