model_name,weigth
arima,1.5019644055130981e-283
eakf_model1,1.2837219473287469e-10
eakf_model2,7.029466916107652e-54
eakf_model3,0.9999999998716279
sarima,1.5019644055130981e-283
