model_name,weigth
arima,0.0
eakf_model1,9.05949206955443e-13
eakf_model2,2.0458358326576156e-10
eakf_model3,0.9999999997945105
sarima,0.0
