model_name,weigth
arima,1.8297401276320665e-288
eakf_model1,1.197585787427828e-13
eakf_model2,4.504439866355869e-11
eakf_model3,0.9999999999548359
sarima,7.326617810740592e-304
