model_name,weigth
arima,5.7457676757593015e-130
eakf_model1,2.051016972567204e-11
eakf_model2,1.6116047383834744e-37
eakf_model3,0.9999999999794897
sarima,3.6153052281122446e-193
