model_name,weigth
arima,3.031140808160353e-160
eakf_model1,2.2226723329029854e-11
eakf_model2,4.4410897292295856e-20
eakf_model3,0.9999999999777733
sarima,9.366120057577369e-243
