model_name,weigth
arima,2e-323
eakf_model1,0.9999999929071618
eakf_model2,1.962661374605682e-103
eakf_model3,7.092838195522681e-09
sarima,2e-323
