model_name,weigth
arima,2e-323
eakf_model1,0.9999999554966164
eakf_model2,1.53e-322
eakf_model3,4.4503383604459206e-08
sarima,2e-323
