model_name,weigth
arima,2e-323
eakf_model1,2.3228344186094306e-10
eakf_model2,2.2391910258275648e-117
eakf_model3,0.9999999997677166
sarima,0.0
