model_name,weigth
arima,4.9727539283040465e-123
eakf_model1,0.9999999999847958
eakf_model2,1.5204229268126374e-11
eakf_model3,1.2962634109663642e-22
sarima,2.794866912384389e-73
