model_name,weigth
arima,2e-323
eakf_model1,0.8136430098420304
eakf_model2,4e-323
eakf_model3,0.1863569901579695
sarima,1.2961267522199176e-298
