model_name,weigth
arima,0.0
eakf_model1,0.9999999986577776
eakf_model2,5.690740763964855e-112
eakf_model3,1.3422224922717255e-09
sarima,4e-323
