model_name,weigth
arima,2e-323
eakf_model1,0.999999999097983
eakf_model2,1.6784150675341394e-119
eakf_model3,9.020170272074378e-10
sarima,1.61939354026469e-278
