model_name,weigth
arima,1.8794934887385472e-55
eakf_model1,0.9999999999773896
eakf_model2,5.143754812951418e-13
eakf_model3,2.2096009704834335e-11
sarima,7.521487749008283e-43
