model_name,weigth
arima,2e-323
eakf_model1,6.053034560763464e-10
eakf_model2,1.0442262317093368e-87
eakf_model3,0.9999999993946964
sarima,1.1498969176353856e-283
