model_name,weigth
arima,8.087434151645342e-141
eakf_model1,7.847170357137886e-11
eakf_model2,8.804015962480401e-46
eakf_model3,0.9999999999215283
sarima,2.2697735752066337e-98
