model_name,weigth
arima,4.544405833766985e-185
eakf_model1,0.9999999992732496
eakf_model2,2.143214744028241e-111
eakf_model3,7.2675047590198e-10
sarima,8.833441749699807e-151
