model_name,weigth
arima,1.6725409186453943e-283
eakf_model1,0.9999999997568734
eakf_model2,2.4312655724338834e-10
eakf_model3,1.3792860061366264e-36
sarima,3.0871217386556645e-268
