model_name,weigth
arima,5.094437662166653e-154
eakf_model1,2.5957482650772822e-11
eakf_model2,1.3356229964718744e-34
eakf_model3,0.9999999999740425
sarima,2.969862187693189e-137
