model_name,weigth
arima,9.56535587792403e-181
eakf_model1,0.9999999999594865
eakf_model2,2.521200977697632e-18
eakf_model3,4.0513503005903016e-11
sarima,4.846609171056611e-180
