model_name,weigth
arima,0.0
eakf_model1,1.0078748172124757e-56
eakf_model2,0.9999999970582075
eakf_model3,2.941792397166422e-09
sarima,0.0
