model_name,weigth
arima,1.2237639304656926e-89
eakf_model1,5.660456086933046e-13
eakf_model2,8.334806188649133e-12
eakf_model3,0.9999999999910993
sarima,3.477387956503608e-64
