model_name,weigth
arima,1.7928219390639638e-235
eakf_model1,1.514146349187818e-10
eakf_model2,0.9999999998485853
eakf_model3,1.7681513097436642e-19
sarima,1.2007401053640719e-198
