model_name,weigth
arima,8.102757153227743e-190
eakf_model1,3.884597796582828e-84
eakf_model2,6.888915662846392e-35
eakf_model3,0.9999999998819102
sarima,1.1808973229508875e-10
