model_name,weigth
arima,3.503234510514775e-117
eakf_model1,1.3449764997508002e-11
eakf_model2,1.2691053706594032e-12
eakf_model3,0.9999999999852812
sarima,9.071480090133516e-119
