model_name,weigth
arima,2e-323
eakf_model1,0.9999999508108609
eakf_model2,2.3814692004298764e-161
eakf_model3,4.918913903069595e-08
sarima,2e-323
