model_name,weigth
arima,3.2565129283137036e-61
eakf_model1,1.0898161256139144e-21
eakf_model2,4.0806137635158476e-13
eakf_model3,0.999999999992062
sarima,7.529845753136837e-12
