model_name,weigth
arima,5.241134496591424e-124
eakf_model1,8.862061074049097e-12
eakf_model2,3.22617934847214e-11
eakf_model3,0.9999999999588762
sarima,2.001323682646768e-135
