model_name,weigth
arima,8.663837376802451e-294
eakf_model1,5.599223991395185e-10
eakf_model2,1.2343435126517895e-23
eakf_model3,0.9999999994400776
sarima,8.61815044077661e-202
