model_name,weigth
arima,2.6102536967847994e-80
eakf_model1,3.035538120306451e-11
eakf_model2,1.1734270675368611e-11
eakf_model3,0.9999999999579103
sarima,1.0361738245865788e-81
