model_name,weigth
arima,3.6524728177809707e-90
eakf_model1,0.9999999999684237
eakf_model2,5.120574228113189e-32
eakf_model3,3.1576362649944496e-11
sarima,1.9137630356553084e-67
