model_name,weigth
arima,5.730226434099679e-211
eakf_model1,1.1537329567990752e-40
eakf_model2,8.801591473937494e-11
eakf_model3,0.9999999999119841
sarima,1.1220338232558927e-62
