model_name,weigth
arima,1.0742851630580375e-142
eakf_model1,9.03575150016604e-16
eakf_model2,8.72021732024707e-11
eakf_model3,0.9999999999127969
sarima,1.7847660940367534e-119
