model_name,weigth
arima,2.4302168157950394e-179
eakf_model1,2.9468977006655685e-13
eakf_model2,6.681688485182458e-11
eakf_model3,0.9999999999328885
sarima,1.801039524319115e-80
