model_name,weigth
arima,2.7426865606870784e-142
eakf_model1,8.770803538549301e-11
eakf_model2,2.454053796451186e-15
eakf_model3,0.9999999999122895
sarima,7.758997615171274e-110
