model_name,weigth
arima,1.6602067139284787e-87
eakf_model1,5.728034912145515e-28
eakf_model2,1.95413195140923e-11
eakf_model3,0.9999999999804587
sarima,3.4627141699443533e-26
