model_name,weigth
arima,1.2060584770319443e-68
eakf_model1,0.99999999992631
eakf_model2,6.1195688284569624e-15
eakf_model3,7.368396063394942e-11
sarima,2.782983002316336e-79
