model_name,weigth
arima,1.3808479397016774e-144
eakf_model1,1.0903341630249961e-72
eakf_model2,0.9999999999661258
eakf_model3,3.387426513023239e-11
sarima,5.776528905865384e-30
