model_name,weigth
arima,2e-323
eakf_model1,2.7218177801006057e-62
eakf_model2,1.1856165857839764e-09
eakf_model3,0.9999999988143834
sarima,2.584141961466341e-281
