model_name,weigth
arima,1.8207323851510133e-69
eakf_model1,7.675821706370321e-11
eakf_model2,1.3040410942926634e-11
eakf_model3,0.9999999999102014
sarima,4.203102943317355e-89
