model_name,weigth
arima,9.57422938990843e-67
eakf_model1,1.2208387112427364e-31
eakf_model2,0.9999999999686671
eakf_model3,3.133287704102414e-11
sarima,1.145766021612973e-19
