model_name,weigth
arima,3.442307532340368e-36
eakf_model1,0.9999999999954083
eakf_model2,1.4949656617135592e-15
eakf_model3,4.590066394125208e-12
sarima,9.766046833768762e-31
