model_name,weigth
arima,9.575854967916218e-22
eakf_model1,0.9999999999961369
eakf_model2,2.0050725168793687e-12
eakf_model3,1.8580431938495125e-12
sarima,2.530195746224048e-23
