model_name,weigth
arima,1.662330399116878e-16
eakf_model1,0.9999999999987041
eakf_model2,1.2469551335938934e-12
eakf_model3,4.563444047992871e-14
sarima,3.1298370819983457e-15
