model_name,weigth
arima,8.731501953479161e-75
eakf_model1,4.880887243822607e-53
eakf_model2,9.721699530969731e-15
eakf_model3,5.1269344370532774e-11
sarima,0.999999999948721
