model_name,weigth
arima,6.573156047891953e-17
eakf_model1,0.9999999999987674
eakf_model2,9.486198327508253e-13
eakf_model3,2.0836673069237794e-13
sarima,7.54856734395195e-14
