model_name,weigth
arima,2e-323
eakf_model1,0.0
eakf_model2,1.529747540991516e-203
eakf_model3,6.034215860280993e-09
sarima,0.9999999939657842
