model_name,weigth
arima,6.838940516571104e-27
eakf_model1,0.9999999999951297
eakf_model2,4.87022936137553e-12
eakf_model3,3.17014295006334e-19
sarima,4.984670304925188e-27
