model_name,weigth
arima,4e-323
eakf_model1,0.0
eakf_model2,8e-323
eakf_model3,0.9999999776774777
sarima,2.232252216460625e-08
