model_name,weigth
arima,1.951282497586399e-25
eakf_model1,0.9999999999937496
eakf_model2,4.539502324983482e-12
eakf_model3,1.7109494310570728e-12
sarima,1.6588589843799513e-30
