model_name,weigth
arima,1.1089473699801098e-34
eakf_model1,1.5168795123866652e-18
eakf_model2,4.53228439836685e-12
eakf_model3,0.9999999999954677
sarima,1.294495508263352e-53
