model_name,weigth
arima,5.012191657168423e-72
eakf_model1,2.33381031181804e-58
eakf_model2,3.2404473069233087e-10
eakf_model3,0.9999999996759552
sarima,4.596965475520369e-97
