model_name,weigth
arima,1.4883140232994597e-92
eakf_model1,4.696561774162395e-84
eakf_model2,1.9978067223174753e-10
eakf_model3,0.9999999998002194
sarima,1.4890757061987895e-105
