model_name,weigth
arima,4e-323
eakf_model1,1.2348741841339258e-214
eakf_model2,0.9999999911618059
eakf_model3,8.838194106128816e-09
sarima,4e-323
