model_name,weigth
arima,0.06016147018219971
eakf_model1,2e-323
eakf_model2,0.9398385298178003
eakf_model3,1.4373436517468217e-35
sarima,1.1625258382610152e-118
