model_name,weigth
arima,2.5692515975711482e-11
eakf_model1,1.2137605172646386e-88
eakf_model2,5.092599250766328e-30
eakf_model3,1.4203918971306917e-40
sarima,0.9999999999743074
