model_name,weigth
arima,1.6691408224911027e-43
eakf_model1,0.9999999999753293
eakf_model2,2.4670722467120864e-11
eakf_model3,3.1077171664728474e-34
sarima,2.5824468267440147e-45
