model_name,weigth
arima,8.441205189711852e-285
eakf_model1,9.657225744537494e-19
eakf_model2,3.4108495487482574e-08
eakf_model3,0.9999999658915044
sarima,7.4e-323
