model_name,weigth
arima,1.1406465333399583e-99
eakf_model1,0.999999999736249
eakf_model2,2.6375098006532836e-10
eakf_model3,1.3830208389474806e-45
sarima,1.4416060633426807e-92
