model_name,weigth
arima,1.2663428018683094e-58
eakf_model1,1.1635984067374937e-10
eakf_model2,0.9999999998836401
eakf_model3,4.896855528995179e-29
sarima,8.11331373644466e-65
