model_name,weigth
arima,3.1258284822203385e-12
eakf_model1,1.6414836306158132e-25
eakf_model2,1.520760504284498e-32
eakf_model3,1.4348521790352108e-26
sarima,0.9999999999968742
