model_name,weigth
arima,1.4408556493330656e-45
eakf_model1,3.223954422461453e-11
eakf_model2,6.286989077919486e-16
eakf_model3,0.9999999999677599
sarima,8.875309209615657e-29
