model_name,weigth
arima,5.680298956297614e-63
eakf_model1,2.5016287371830864e-10
eakf_model2,0.999999999749837
eakf_model3,1.8851905017664547e-28
sarima,7.392583635925452e-101
