model_name,weigth
arima,5.21262235874854e-203
eakf_model1,0.9999999996241309
eakf_model2,1.4248665851380881e-11
eakf_model3,3.616204501854917e-10
sarima,2.626238277784289e-207
