model_name,weigth
arima,8.764467615964274e-54
eakf_model1,1.496248112341676e-13
eakf_model2,1.676138077512442e-11
eakf_model3,0.9999999999830889
sarima,9.180147970812866e-58
