model_name,weigth
arima,2e-323
eakf_model1,1.8454627993818277e-32
eakf_model2,9.585023993366596e-09
eakf_model3,0.999999990414976
sarima,2e-323
