model_name,weigth
arima,1.602664263715659e-295
eakf_model1,7.649277271372016e-68
eakf_model2,6.350173880615212e-10
eakf_model3,0.9999999993649826
sarima,1.494516867032438e-219
