model_name,weigth
arima,0.0
eakf_model1,0.9999999996445559
eakf_model2,4.7965093489447214e-74
eakf_model3,3.554441486014272e-10
