model_name,weigth
arima,1.0309159549961473e-141
eakf_model1,0.9999999999662772
eakf_model2,2.0469716746604196e-59
eakf_model3,3.372293481368288e-11
