model_name,weigth
arima,0.0
eakf_model1,1.049281325108764e-08
eakf_model2,0.0
eakf_model3,0.9999999895071868
