model_name,weigth
arima,0.0
eakf_model1,1.3206057957275112e-07
eakf_model2,1.3e-322
eakf_model3,0.9999998679394204
