model_name,weigth
arima,0.0
eakf_model1,7.731614761367434e-10
eakf_model2,2.602901550351232e-48
eakf_model3,0.9999999992268386
