model_name,weigth
arima,3.0863488857297438e-211
eakf_model1,2.8967568034237317e-10
eakf_model2,0.9999999997103245
eakf_model3,3.1515997401169717e-25
