model_name,weigth
arima,2.9176191149739025e-149
eakf_model1,0.999999999985158
eakf_model2,8.660772869088493e-23
eakf_model3,1.4842068583653233e-11
sarima,8.631977666359577e-189
