model_name,weigth
arima,2.0959391949048666e-198
eakf_model1,5.501886719322352e-11
eakf_model2,9.017167295665081e-14
eakf_model3,0.999999999944891
