model_name,weigth
arima,0.0
eakf_model1,0.9999999999745496
eakf_model2,2.0965102720425156e-26
eakf_model3,2.5450548932184115e-11
