model_name,weigth
arima,2.0300699907403813e-110
eakf_model1,0.9999999999639194
eakf_model2,3.5474400182173496e-21
eakf_model3,3.6080568897593966e-11
