model_name,weigth
arima,0.0
eakf_model1,0.999999999979418
eakf_model2,2.3024003178873327e-56
eakf_model3,2.0582085262194945e-11
