model_name,weigth
arima,4.9035801745272934e-256
eakf_model1,0.9999999999630054
eakf_model2,4.805284495329116e-29
eakf_model3,3.699469228203463e-11
sarima,2.563007815e-314
