model_name,weigth
arima,1.31968361984559e-302
eakf_model1,0.9999999999728079
eakf_model2,2.2770382641527157e-38
eakf_model3,2.7192069726445944e-11
