model_name,weigth
arima,1.4982690232311805e-52
eakf_model1,1.6170926798281005e-11
eakf_model2,1.024100045873637e-21
eakf_model3,0.999999999983829
