model_name,weigth
arima,0.0
eakf_model1,1.381407945239115e-11
eakf_model2,0.9999999993383901
eakf_model3,6.477958772169604e-10
