model_name,weigth
arima,3.786498115661099e-122
eakf_model1,3.064788678625505e-11
eakf_model2,4.774176794938701e-66
eakf_model3,0.9999999999693522
