model_name,weigth
arima,0.0
eakf_model1,4.733077613213538e-09
eakf_model2,5.286806273723096e-10
eakf_model3,0.9999999947382417
