model_name,weigth
arima,2.160256733517732e-85
eakf_model1,0.9999999999727325
eakf_model2,5.649747086364543e-26
eakf_model3,2.7267549001833084e-11
sarima,5.289754581591899e-106
