model_name,weigth
arima,0.0
eakf_model1,4.150722530674089e-10
eakf_model2,2.2351780360205758e-228
eakf_model3,0.9999999995849278
