model_name,weigth
arima,4.915604156138805e-172
eakf_model1,0.9999999997432298
eakf_model2,2.567701876586557e-10
eakf_model3,9.482822476857645e-24
