model_name,weigth
arima,3.0785468100440976e-214
eakf_model1,0.9999999999652694
eakf_model2,2.805145449953661e-39
eakf_model3,3.473065039802908e-11
