model_name,weigth
arima,5.720794320879013e-244
eakf_model1,6.877333374631374e-10
eakf_model2,0.9999999993122667
eakf_model3,1.568936832217023e-60
