model_name,weigth
arima,0.0
eakf_model1,4.27334477558115e-10
eakf_model2,1.4434390536372237e-86
eakf_model3,0.9999999995726655
sarima,0.0
