model_name,weigth
arima,1.2269433220096107e-50
eakf_model1,0.9999999999967049
eakf_model2,3.2949440662704447e-12
eakf_model3,3.032042339930754e-16
