model_name,weigth
arima,0.0
eakf_model1,0.9999999993391061
eakf_model2,2.086890438531097e-26
eakf_model3,6.608938954384101e-10
