model_name,weigth
arima,0.0
eakf_model1,4.0540312099771884e-10
eakf_model2,9.17561270981343e-95
eakf_model3,0.999999999594597
