model_name,weigth
arima,7e-323
eakf_model1,0.9999999999853774
eakf_model2,4.892036569447068e-29
eakf_model3,1.4622628055256588e-11
