model_name,weigth
arima,6.676484466365592e-111
eakf_model1,0.9999999999926968
eakf_model2,7.303197445120193e-12
eakf_model3,2.354103681845122e-19
