model_name,weigth
arima,0.0
eakf_model1,2.832861720094772e-09
eakf_model2,3.835647733138659e-126
eakf_model3,0.9999999971671384
