model_name,weigth
arima,0.0
eakf_model1,0.9999999995609797
eakf_model2,8.903627172505489e-72
eakf_model3,4.3902027169063166e-10
sarima,0.0
