model_name,weigth
arima,0.0
eakf_model1,0.9999999998647271
eakf_model2,1.0142971800577256e-11
eakf_model3,1.2512996234456185e-10
sarima,0.0
