model_name,weigth
arima,0.0
eakf_model1,1.2688010172919863e-08
eakf_model2,4.3301620355610527e-165
eakf_model3,0.9999999873119899
