model_name,weigth
arima,0.0
eakf_model1,0.9999996402393475
eakf_model2,6e-323
eakf_model3,3.5976065239407464e-07
