model_name,weigth
arima,0.0
eakf_model1,0.9999999970282191
eakf_model2,2.9717809182728277e-09
eakf_model3,2.26167561397533e-51
sarima,0.0
