model_name,weigth
arima,0.0
eakf_model1,6.757395296726192e-10
eakf_model2,6.116298542396106e-141
eakf_model3,0.9999999993242605
