model_name,weigth
arima,1.0740229854633736e-67
eakf_model1,0.9999999999942348
eakf_model2,5.765212785945616e-12
eakf_model3,2.613669810747119e-20
