model_name,weigth
arima,0.0
eakf_model1,0.99999999990917
eakf_model2,9.082991971570503e-11
eakf_model3,5.756549699292484e-18
sarima,0.0
