model_name,weigth
arima,0.0
eakf_model1,0.999999999832811
eakf_model2,2.3854825518072037e-31
eakf_model3,1.6718917820211535e-10
