model_name,weigth
arima,0.0
eakf_model1,2.247971839920861e-10
eakf_model2,4.551811814222494e-55
eakf_model3,0.9999999997752028
sarima,0.0
