model_name,weigth
arima,7.950628437672163e-161
eakf_model1,5.369185242093142e-11
eakf_model2,2.1664131744411792e-36
eakf_model3,0.9999999999463082
sarima,7.950628437672163e-161
