model_name,weigth
arima,0.0
eakf_model1,5.667262860417381e-11
eakf_model2,6.609327852728589e-10
eakf_model3,0.9999999992823947
