model_name,weigth
arima,1.6043910472400955e-119
eakf_model1,0.9999999999858621
eakf_model2,7.666674192442375e-22
eakf_model3,1.4137909420277167e-11
