model_name,weigth
arima,4.997959475469521e-93
eakf_model1,0.9999999999898193
eakf_model2,8.752483607973696e-22
eakf_model3,1.0180791534733557e-11
