model_name,weigth
arima,7.983088140986857e-192
eakf_model1,4.358886407618227e-11
eakf_model2,5.356654716756737e-35
eakf_model3,0.9999999999564112
