model_name,weigth
arima,4.207794154177674e-80
eakf_model1,0.9999999999910026
eakf_model2,1.8172908810760335e-18
eakf_model3,8.997423201461685e-12
