model_name,weigth
arima,9.428878956016021e-151
eakf_model1,0.9999999999808852
eakf_model2,1.5996003629090411e-26
eakf_model3,1.911488533947541e-11
