model_name,weigth
arima,0.0
eakf_model1,0.9999999977642242
eakf_model2,2.2357757947011664e-09
eakf_model3,2.8012069416650493e-36
