model_name,weigth
arima,0.0
eakf_model1,0.9999999996892932
eakf_model2,1.0614861630572038e-38
eakf_model3,3.1070680037030205e-10
sarima,0.0
