model_name,weigth
arima,6.960531582959303e-142
eakf_model1,7.397756841048917e-11
eakf_model2,1.9857294098856587e-15
eakf_model3,0.9999999999260204
sarima,9.620068257664397e-217
