model_name,weigth
arima,0.0
eakf_model1,0.9999999996593286
eakf_model2,3.406714080770024e-10
eakf_model3,4.978024297969674e-19
