model_name,weigth
arima,1.2913490257515041e-167
eakf_model1,3.529207148398631e-11
eakf_model2,3.498507892538866e-19
eakf_model3,0.9999999999647081
