model_name,weigth
arima,0.0
eakf_model1,0.9999999995625054
eakf_model2,5.3672458596535035e-30
eakf_model3,4.374946431457307e-10
sarima,0.0
