model_name,weigth
arima,3.1574814353357014e-137
eakf_model1,4.1945250130755696e-11
eakf_model2,2.9374693843695638e-24
eakf_model3,0.9999999999580548
sarima,2.064287634804979e-128
