model_name,weigth
arima,2.3119923683384934e-200
eakf_model1,4.987618657440837e-11
eakf_model2,4.5672912302235243e-17
eakf_model3,0.9999999999501238
