model_name,weigth
arima,0.0
eakf_model1,3.910668738576984e-08
eakf_model2,0.9999999608933126
eakf_model3,4.7416960170785665e-120
sarima,0.0
