model_name,weigth
arima,0.0
eakf_model1,0.9999999990321629
eakf_model2,9.678370832875754e-10
eakf_model3,8.107510527560874e-21
