model_name,weigth
arima,0.0
eakf_model1,6.088683605750467e-15
eakf_model2,7.985326642030992e-10
eakf_model3,0.9999999992014613
sarima,0.0
