model_name,weigth
arima,0.0
eakf_model1,0.9999999991819488
eakf_model2,1.0780072849239799e-78
eakf_model3,8.180512163397113e-10
