model_name,weigth
arima,0.0
eakf_model1,9.16086392470901e-10
eakf_model2,2.703639156974133e-83
eakf_model3,0.9999999990839137
