model_name,weigth
arima,0.0
eakf_model1,3.381438499555527e-10
eakf_model2,9.300513657838247e-74
eakf_model3,0.9999999996618562
