model_name,weigth
arima,0.0
eakf_model1,0.9999999470480491
eakf_model2,5.2951950979070316e-08
eakf_model3,5.62598444733408e-119
sarima,0.0
