model_name,weigth
arima,0.0
eakf_model1,9.370298423657766e-10
eakf_model2,1.2025136193756509e-85
eakf_model3,0.9999999990629702
