model_name,weigth
arima,0.0
eakf_model1,6.769956917683925e-11
eakf_model2,1.913455476595743e-63
eakf_model3,0.9999999999323005
