model_name,weigth
arima,0.0
eakf_model1,0.9999999762378865
eakf_model2,6.533719993126504e-233
eakf_model3,2.376211358577757e-08
sarima,0.0
