model_name,weigth
arima,0.0
eakf_model1,2.6476765498108464e-09
eakf_model2,8.165434005161416e-232
eakf_model3,0.9999999973523235
