model_name,weigth
arima,0.0
eakf_model1,4.070833827586148e-11
eakf_model2,2.5062366874530247e-51
eakf_model3,0.9999999999592918
