model_name,weigth
arima,0.0
eakf_model1,5.864488010586805e-12
eakf_model2,4.069799062245645e-08
eakf_model3,0.9999999592961449
