model_name,weigth
arima,0.0
eakf_model1,1.6560956819189962e-09
eakf_model2,9.393276942566856e-120
eakf_model3,0.9999999983439043
sarima,0.0
