model_name,weigth
arima,0.0
eakf_model1,9.72246392219878e-10
eakf_model2,9.030987155273847e-130
eakf_model3,0.9999999990277536
