model_name,weigth
arima,0.0
eakf_model1,7.584397972196066e-11
eakf_model2,4.476300614745144e-65
eakf_model3,0.9999999999241561
