model_name,weigth
arima,0.0
eakf_model1,4.669811747676262e-10
eakf_model2,7.129957292297586e-47
eakf_model3,0.9999999995330189
sarima,0.0
