model_name,weigth
arima,0.0
eakf_model1,7.183302739205986e-11
eakf_model2,3.078198986316457e-53
eakf_model3,0.9999999999281669
