model_name,weigth
arima,0.0
eakf_model1,4.374994121892613e-11
eakf_model2,1.8146401049943642e-44
eakf_model3,0.9999999999562501
