model_name,weigth
arima,0.0
eakf_model1,2.6743146482072886e-10
eakf_model2,2.0556342497044187e-120
eakf_model3,0.9999999997325687
