model_name,weigth
arima,0.0
eakf_model1,3.0476182402198777e-09
eakf_model2,7.740072767409516e-96
eakf_model3,0.9999999969523817
sarima,0.0
