model_name,weigth
arima,0.0
eakf_model1,0.9999999999684439
eakf_model2,4.854899832174267e-12
eakf_model3,2.6701247664714794e-11
