model_name,weigth
arima,2.743477950731e-311
eakf_model1,0.9999999997977902
eakf_model2,1.106025885024638e-26
eakf_model3,2.022098878010904e-10
sarima,3.646294444551406e-285
