model_name,weigth
arima,1.2250900332058527e-60
eakf_model1,0.9999999999950174
eakf_model2,1.3829578092369092e-13
eakf_model3,4.8443403076816185e-12
sarima,5.371141712548567e-35
