model_name,weigth
arima,0.0
eakf_model1,0.9999999999702236
eakf_model2,2.9776430457305865e-11
eakf_model3,1.3286538258057862e-30
