model_name,weigth
arima,0.0
eakf_model1,0.9999999998857213
eakf_model2,1.1427866039878414e-10
eakf_model3,1.5195046323597717e-44
sarima,0.0
