model_name,weigth
arima,0.0
eakf_model1,9.278195853853655e-09
eakf_model2,4.4366430576800656e-191
eakf_model3,0.9999999907218041
