model_name,weigth
arima,0.0
eakf_model1,6.955062555776254e-09
eakf_model2,3.1450804627475055e-155
eakf_model3,0.9999999930449375
