model_name,weigth
arima,3.7812070087223804e-65
eakf_model1,0.9999999999960818
eakf_model2,3.4962930224227003e-12
eakf_model3,4.220198768938559e-13
sarima,1.390684792208266e-42
