model_name,weigth
arima,0.0
eakf_model1,9.218110764313407e-10
eakf_model2,5.267626758716523e-80
eakf_model3,0.9999999990781889
