model_name,weigth
arima,0.0
eakf_model1,0.9999999999762534
eakf_model2,2.374659014948189e-11
eakf_model3,5.9878878264386405e-36
