model_name,weigth
arima,0.0
eakf_model1,0.9999999995255168
eakf_model2,3.026327555449778e-37
eakf_model3,4.74483268552722e-10
sarima,0.0
