model_name,weigth
arima,0.0
eakf_model1,0.9999999999526641
eakf_model2,4.733591645425421e-11
eakf_model3,1.9957954815530088e-31
