model_name,weigth
arima,2.4907377956572547e-226
eakf_model1,0.9999999996804647
eakf_model2,1.4932280620428798e-55
eakf_model3,3.1953536367189643e-10
sarima,5.48898741536521e-142
