model_name,weigth
arima,3.016516645277057e-51
eakf_model1,0.9999999999893504
eakf_model2,1.9694186796584677e-24
eakf_model3,1.0649634260872382e-11
