model_name,weigth
arima,0.0
eakf_model1,0.9999999998867052
eakf_model2,2.875891858979169e-19
eakf_model3,1.1329475011511942e-10
