model_name,weigth
arima,1.561533547455391e-145
eakf_model1,0.9999999999589827
eakf_model2,1.8961063740444102e-18
eakf_model3,4.1017362036316525e-11
sarima,1.20116387490946e-90
