model_name,weigth
arima,3.436197347206434e-14
eakf_model1,0.9999999999991542
eakf_model2,3.201320106708671e-19
eakf_model3,8.113875582949245e-13
