model_name,weigth
arima,1.9975690779293136e-20
eakf_model1,0.9999999999988186
eakf_model2,2.4600548350399727e-17
eakf_model3,1.1814812064162678e-12
