model_name,weigth
arima,8.943620456746736e-167
eakf_model1,0.9999999998606234
eakf_model2,2.31496128433512e-14
eakf_model3,1.393535623738269e-10
