model_name,weigth
arima,3.983720120422827e-249
eakf_model1,0.9999999995358237
eakf_model2,4.641763060617562e-10
eakf_model3,6.131544236199087e-20
