model_name,weigth
arima,4.398998938147906e-196
eakf_model1,0.9999999999309944
eakf_model2,2.6869805064880456e-23
eakf_model3,6.900554214966975e-11
