model_name,weigth
arima,1.0490899483323107e-167
eakf_model1,0.9999999999582411
eakf_model2,3.1197639735822707e-15
eakf_model3,4.1755828543502106e-11
sarima,2.475819487266288e-103
