model_name,weigth
arima,1.6098229050047484e-105
eakf_model1,0.9999999999562653
eakf_model2,2.0115274572186183e-28
eakf_model3,4.3734743222453816e-11
sarima,1.6985965135392184e-59
