model_name,weigth
arima,3.0752859904044713e-85
eakf_model1,0.9999999999899786
eakf_model2,4.8243769855479015e-20
eakf_model3,1.0021411120292159e-11
