model_name,weigth
arima,6.995536623538703e-107
eakf_model1,0.9999999999584868
eakf_model2,4.725693159326421e-16
eakf_model3,4.151277796363241e-11
