model_name,weigth
arima,0.0
eakf_model1,0.999999997849872
eakf_model2,1.014218205507886e-88
eakf_model3,2.150127957227379e-09
sarima,3e-323
