model_name,weigth
arima,5.896453647173609e-118
eakf_model1,2.497953822782593e-11
eakf_model2,3.357903792015891e-23
eakf_model3,0.9999999999750204
