model_name,weigth
arima,3.9208996085748244e-149
eakf_model1,0.9999999997811743
eakf_model2,2.712693016861438e-34
eakf_model3,2.1882568978558193e-10
sarima,1.0254689925021342e-118
