model_name,weigth
arima,0.0
eakf_model1,7.815062056696117e-106
eakf_model2,0.818858942126062
eakf_model3,0.181141057873938
sarima,0.0
