model_name,weigth
arima,1.43177854379217e-249
eakf_model1,6.633555196485458e-16
eakf_model2,4.313324929429755e-11
eakf_model3,0.9999999999568662
