model_name,weigth
arima,0.0
eakf_model1,0.9320126656828682
eakf_model2,3.1455629157924834e-260
eakf_model3,0.06798733431713179
