model_name,weigth
arima,4.1689447488120636e-20
eakf_model1,0.9999999999990145
eakf_model2,7.440760606392078e-23
eakf_model3,9.85626210210032e-13
