model_name,weigth
arima,1.590225945815933e-16
eakf_model1,0.9999999999990861
eakf_model2,1.563498528047182e-20
eakf_model3,9.137958324792674e-13
