model_name,weigth
arima,0.0
eakf_model1,4.3699432982553493e-23
eakf_model2,1.4395550819590494e-10
eakf_model3,0.9999999998560444
