model_name,weigth
arima,8.08256418771726e-168
eakf_model1,1.7847260471829017e-11
eakf_model2,4.665121267004281e-14
eakf_model3,0.999999999982106
