model_name,weigth
arima,4.4753381420103186e-21
eakf_model1,0.9999999999991588
eakf_model2,1.102660568828408e-25
eakf_model3,8.412121399976333e-13
