model_name,weigth
arima,0.0
eakf_model1,0.9999999983264396
eakf_model2,1.6735603688748031e-09
eakf_model3,7.595393515736971e-27
