model_name,weigth
arima,2.4121733806857832e-33
eakf_model1,0.9999999999981632
eakf_model2,1.160136548564737e-25
eakf_model3,1.8367763474395053e-12
