model_name,weigth
arima,2.642028241698886e-149
eakf_model1,1.7311628062009383e-12
eakf_model2,2.11723514669459e-11
eakf_model3,0.9999999999770967
sarima,5.691099128684409e-105
