model_name,weigth
arima,0.0
eakf_model1,0.999999999520223
eakf_model2,4.797770854809529e-10
eakf_model3,2.073096445593264e-21
sarima,0.0
