model_name,weigth
arima,0.0
eakf_model1,0.8353266712232931
eakf_model2,4.0851420894945587e-41
eakf_model3,0.16467332877670682
