model_name,weigth
arima,0.0
eakf_model1,2.857036935506228e-18
eakf_model2,0.9999999995439977
eakf_model3,4.560023655242493e-10
