model_name,weigth
arima,7.866364989231297e-27
eakf_model1,0.999999999998436
eakf_model2,1.0836790712459855e-27
eakf_model3,1.5640631604287372e-12
