model_name,weigth
arima,0.0
eakf_model1,7.535178531660617e-23
eakf_model2,1.353993884214453e-10
eakf_model3,0.9999999998646006
