model_name,weigth
arima,0.0
eakf_model1,3.962100773316322e-09
eakf_model2,0.9999999960378992
eakf_model3,4.2265610664656346e-43
