model_name,weigth
arima,0.0
eakf_model1,0.9219482170177946
eakf_model2,0.07805178298220536
eakf_model3,2.1064764578464527e-91
sarima,0.0
