model_name,weigth
arima,8.996621155136358e-50
eakf_model1,0.9999999999965388
eakf_model2,1.0039709928944832e-23
eakf_model3,3.461227999149565e-12
