model_name,weigth
arima,2.987287807155347e-228
eakf_model1,0.9999999999033257
eakf_model2,2.5254994105761552e-17
eakf_model3,9.667449400035907e-11
sarima,8.34519395565789e-147
