model_name,weigth
arima,9.877067475933946e-136
eakf_model1,1.9723794737246748e-11
eakf_model2,1.3462271006047691e-24
eakf_model3,0.9999999999802763
