model_name,weigth
arima,0.0
eakf_model1,3.2704594036130015e-276
eakf_model2,0.9420002936810569
eakf_model3,0.05799970631894316
sarima,6.2504479649516495e-108
