model_name,weigth
arima,0.0
eakf_model1,2.236547573587593e-133
eakf_model2,1.0030917100570474e-09
eakf_model3,0.9999999989969084
