model_name,weigth
arima,0.0
eakf_model1,0.9999999980250517
eakf_model2,1.269594423626592e-50
eakf_model3,1.9749484442107676e-09
sarima,3e-323
