model_name,weigth
arima,3.611698864392554e-104
eakf_model1,1.2345195578002177e-11
eakf_model2,9.635087721987107e-24
eakf_model3,0.9999999999876549
sarima,3.6985884648683624e-84
