model_name,weigth
arima,1.3035136663762784e-210
eakf_model1,6.777258880235158e-13
eakf_model2,0.9999999998593082
eakf_model3,1.4001416252013469e-10
