model_name,weigth
arima,4.283718051458983e-229
eakf_model1,1.3318180616454242e-39
eakf_model2,0.9999999999772394
eakf_model3,2.2760608593248112e-11
