model_name,weigth
arima,3.53604688205973e-243
eakf_model1,4.8626010573879546e-30
eakf_model2,0.9999999997123274
eakf_model3,2.876725500504799e-10
sarima,1.366729983989324e-50
