model_name,weigth
arima,6.188735307909003e-105
eakf_model1,7.084151027977034e-12
eakf_model2,1.836917008639256e-17
eakf_model3,0.999999999992916
