model_name,weigth
arima,1.3336164002326235e-277
eakf_model1,1.3457281045732054e-48
eakf_model2,0.9999999999620066
eakf_model3,3.7993476484843443e-11
