model_name,weigth
arima,2.5816372727318444e-92
eakf_model1,9.039064961955195e-12
eakf_model2,1.6115432448710956e-14
eakf_model3,0.9999999999909449
sarima,9.991858461445365e-67
