model_name,weigth
arima,2.6470901045535047e-108
eakf_model1,2.4459038750266292e-11
eakf_model2,0.9999999999548085
eakf_model3,2.0732533387613556e-11
sarima,2.4870702477249764e-44
