model_name,weigth
arima,6.020463159190232e-146
eakf_model1,4.9611476868955757e-11
eakf_model2,1.074724101946263e-20
eakf_model3,0.9999999999503887
