model_name,weigth
arima,5.396291941691342e-173
eakf_model1,6.491425025123902e-11
eakf_model2,1.2065847173816886e-29
eakf_model3,0.9999999999350857
sarima,6.946749258957277e-161
