model_name,weigth
arima,0.0
eakf_model1,2.696104318542289e-113
eakf_model2,0.9999998820561299
eakf_model3,1.1794387006009542e-07
sarima,3e-323
