model_name,weigth
arima,1.4926354516866714e-176
eakf_model1,9.904235128161393e-11
eakf_model2,3.0436307031938184e-28
eakf_model3,0.9999999999009578
sarima,3.1496106407363483e-167
