model_name,weigth
arima,1.4555259770372334e-115
eakf_model1,4.131523140493819e-14
eakf_model2,0.9999999999657091
eakf_model3,3.42495717771959e-11
