model_name,weigth
arima,0.0
eakf_model1,5.667942998946583e-151
eakf_model2,0.9999999978476642
eakf_model3,2.152335868075395e-09
