model_name,weigth
arima,2.0989141170137954e-118
eakf_model1,1.992491165278951e-11
eakf_model2,2.5665271585111816e-18
eakf_model3,0.9999999999800752
