model_name,weigth
arima,0.0
eakf_model1,0.9999999975150637
eakf_model2,4.294678348996557e-95
eakf_model3,2.4849362462467883e-09
