model_name,weigth
arima,1.112921192307671e-95
eakf_model1,1.371695873636409e-11
eakf_model2,1.1117762611222079e-13
eakf_model3,0.9999999999861718
