model_name,weigth
arima,5.122841018057882e-71
eakf_model1,1.357180445855201e-24
eakf_model2,7.342459641808807e-12
eakf_model3,0.9999999999926575
