model_name,weigth
arima,7.636741833333667e-238
eakf_model1,2.726132232405562e-10
eakf_model2,9.287384460753637e-28
eakf_model3,0.9999999997273868
sarima,3.301381691726036e-179
