model_name,weigth
arima,0.0
eakf_model1,1.514519017146948e-206
eakf_model2,1.2096272573886711e-09
eakf_model3,0.9999999987903726
