model_name,weigth
arima,6.837003050708343e-89
eakf_model1,1.7572528997312503e-11
eakf_model2,6.521976199572953e-14
eakf_model3,0.9999999999823624
