model_name,weigth
arima,8.688671392927627e-76
eakf_model1,2.208101571184929e-26
eakf_model2,7.328042245667559e-12
eakf_model3,0.9999999999926721
