model_name,weigth
arima,1.3914404612763458e-82
eakf_model1,1.0074121759378284e-15
eakf_model2,2.1246551251161396e-11
eakf_model3,0.9999999999787524
sarima,6.939746357898971e-48
