model_name,weigth
arima,1.7538617469717622e-198
eakf_model1,1.2329964288226163e-46
eakf_model2,4.41396043425323e-11
eakf_model3,0.9999999999558605
