model_name,weigth
arima,1.1196452101463172e-173
eakf_model1,5.5267443071804716e-11
eakf_model2,8.287817856262579e-24
eakf_model3,0.9999999999447327
