model_name,weigth
arima,1.0462117545511677e-77
eakf_model1,4.796536813549373e-21
eakf_model2,1.2234923419584404e-11
eakf_model3,0.9999999999877651
