model_name,weigth
arima,3e-323
eakf_model1,0.25632515768510045
eakf_model2,9e-323
eakf_model3,0.7436748423148997
sarima,3e-323
