model_name,weigth
arima,4.0448955195867356e-84
eakf_model1,1.3570707864169132e-17
eakf_model2,1.3105102216974604e-11
eakf_model3,0.9999999999868949
sarima,2.0541193245751254e-30
