model_name,weigth
arima,3.889162227071883e-86
eakf_model1,2.571334255005089e-27
eakf_model2,1.0708787621449914e-11
eakf_model3,0.9999999999892912
