model_name,weigth
arima,7.904557784726145e-108
eakf_model1,4.160840143092447e-31
eakf_model2,1.4029901294400936e-11
eakf_model3,0.9999999999859702
