model_name,weigth
arima,2.6695543390108297e-89
eakf_model1,6.905566383859306e-17
eakf_model2,1.0439944407815796e-11
eakf_model3,0.99999999998956
