model_name,weigth
arima,6.91964143000267e-94
eakf_model1,0.9999999999177962
eakf_model2,8.220383454208303e-11
eakf_model3,7.871224888065045e-25
sarima,7.829641329236987e-89
