model_name,weigth
arima,2.242772320745002e-124
eakf_model1,1.0297928793352685e-20
eakf_model2,0.9999999998390732
eakf_model3,1.6092678263082375e-10
sarima,1.4185901827716588e-81
