model_name,weigth
arima,1.2413194075336997e-243
eakf_model1,1.8745644247518207e-88
eakf_model2,0.9999999998101127
eakf_model3,1.8988750091826432e-10
sarima,1.4892736816851293e-70
