model_name,weigth
arima,1.2715617277256933e-63
eakf_model1,3.3616512133971605e-11
eakf_model2,0.9999999999663837
eakf_model3,1.0688265709256644e-28
