model_name,weigth
arima,7.205295615215071e-255
eakf_model1,0.999999999682392
eakf_model2,3.176081010122719e-10
eakf_model3,6.445995915028473e-24
