model_name,weigth
arima,2.4973350221640465e-89
eakf_model1,0.9999999999520182
eakf_model2,4.798180918681641e-11
eakf_model3,3.489458424370914e-18
