model_name,weigth
arima,2.009519842273865e-68
eakf_model1,4.755702224321134e-11
eakf_model2,0.999999999952443
eakf_model3,2.10715389361285e-37
