model_name,weigth
arima,1.3271123763898299e-61
eakf_model1,4.303084537040564e-11
eakf_model2,0.9999999999569692
eakf_model3,8.591029362696231e-44
