model_name,weigth
arima,2.3414056874339754e-250
eakf_model1,9.203950162929738e-66
eakf_model2,3.1419818332274877e-10
eakf_model3,0.9999999996858018
sarima,9.065610869802577e-95
