model_name,weigth
arima,3.2107418217524946e-157
eakf_model1,1.5499720095229257e-42
eakf_model2,7.615893612044518e-11
eakf_model3,0.999999999923841
