model_name,weigth
arima,0.0
eakf_model1,9.279912697882033e-208
eakf_model2,0.9999999981438329
eakf_model3,1.8561672071758792e-09
sarima,4.73111098044424e-171
