model_name,weigth
arima,2.50110889295654e-86
eakf_model1,7.544469290870037e-11
eakf_model2,0.9999999999245552
eakf_model3,3.0045366115362425e-39
