model_name,weigth
arima,1.224171883568005e-211
eakf_model1,1.0299225920018267e-10
eakf_model2,0.9999999998327386
eakf_model3,6.426918471533978e-11
