model_name,weigth
arima,1.2831823867492432e-232
eakf_model1,1.708195228266537e-15
eakf_model2,0.9999999984824448
eakf_model3,1.301584082721626e-38
sarima,1.5175536319878447e-09
