model_name,weigth
arima,3.999925715358485e-35
eakf_model1,0.9999999999929782
eakf_model2,7.021780718553125e-12
eakf_model3,1.0691990897049929e-19
sarima,2.2422970415392805e-28
