model_name,weigth
arima,9.741052765289592e-50
eakf_model1,2.8765887114076516e-11
eakf_model2,0.9999999999712341
eakf_model3,3.502433079335775e-33
