model_name,weigth
arima,1.3040061262777593e-76
eakf_model1,6.459120749361444e-18
eakf_model2,0.9999999999699182
eakf_model3,3.0081938943297515e-11
sarima,3.7928854398930024e-33
