model_name,weigth
arima,2.801387258876071e-29
eakf_model1,1.5812548711500314e-11
eakf_model2,0.9999999999841874
eakf_model3,1.1664310848521222e-19
