model_name,weigth
arima,3.638519889556424e-30
eakf_model1,2.2338129487820903e-11
eakf_model2,0.9999999999776618
eakf_model3,2.0990835107917956e-24
