model_name,weigth
arima,5.537953326286536e-44
eakf_model1,2.4990024210005428e-11
eakf_model2,0.9999999999750101
eakf_model3,5.908788232920311e-26
