model_name,weigth
arima,5.638835278217102e-87
eakf_model1,3.8099461961811445e-11
eakf_model2,0.9999999999619006
eakf_model3,8.808472862120918e-25
