model_name,weigth
arima,2.3973459413968316e-96
eakf_model1,1.0847083785695529e-39
eakf_model2,1.100848821772311e-10
eakf_model3,0.9999999998899153
