model_name,weigth
arima,3e-323
eakf_model1,0.38530984085352926
eakf_model2,1.9222940791691516e-06
eakf_model3,0.6146882368523916
