model_name,weigth
arima,1.764448640943193e-66
eakf_model1,1.2363883783725546e-71
eakf_model2,2.2050544540301275e-11
eakf_model3,0.9999999999779495
