model_name,weigth
arima,7.416563669824466e-74
eakf_model1,1.6295721879700715e-17
eakf_model2,0.999999999982091
eakf_model3,1.7909093530229774e-11
