model_name,weigth
arima,1.6367467519670802e-34
eakf_model1,0.9999999999956505
eakf_model2,4.349478267563445e-12
eakf_model3,1.2987605198206166e-17
