model_name,weigth
arima,0.0
eakf_model1,0.9999999864593451
eakf_model2,1.354065503642733e-08
eakf_model3,3e-323
