model_name,weigth
arima,1.891356556132259e-80
eakf_model1,4.032788570811132e-62
eakf_model2,5.70885993198739e-11
eakf_model3,0.9999999999429116
