model_name,weigth
arima,4.335813479176013e-36
eakf_model1,4.086712288497156e-11
eakf_model2,0.9999999999591331
eakf_model3,6.133781651122198e-21
