model_name,weigth
arima,2.0432935753588317e-49
eakf_model1,5.805685257418107e-11
eakf_model2,0.9999999999419431
eakf_model3,5.136272715876759e-28
