model_name,weigth
arima,5.802351213054326e-34
eakf_model1,5.350896471606616e-11
eakf_model2,0.9999999999464911
eakf_model3,1.7162742980737171e-22
