model_name,weigth
arima,1.686078690483728e-79
eakf_model1,2.020538369025856e-33
eakf_model2,7.017994630812248e-11
eakf_model3,0.99999999992982
sarima,5.015334781158037e-87
