model_name,weigth
arima,1.5338820808747164e-48
eakf_model1,2.5399915698357004e-53
eakf_model2,6.093302951074264e-12
eakf_model3,0.9999999999939069
