model_name,weigth
arima,3e-323
eakf_model1,0.9999999954882998
eakf_model2,3.692866296107461e-71
eakf_model3,4.511700238307348e-09
