model_name,weigth
arima,3.965798353743217e-14
eakf_model1,2.608652525851326e-11
eakf_model2,0.9999999999738739
eakf_model3,5.830443136904112e-19
