model_name,weigth
arima,4.3222233384210337e-54
eakf_model1,2.723275616132785e-54
eakf_model2,7.547839609587035e-12
eakf_model3,0.9999999999924521
sarima,3.9263276828935604e-20
