model_name,weigth
arima,8.760824350950504e-16
eakf_model1,3.7404091250935925e-11
eakf_model2,0.999999999962595
eakf_model3,1.5223939961076984e-22
