model_name,weigth
arima,3.1678278864250722e-31
eakf_model1,7.94593388128948e-11
eakf_model2,0.9999999999205407
eakf_model3,3.0437828269068876e-26
