model_name,weigth
arima,7.973643422707715e-46
eakf_model1,3.4045069519061604e-11
eakf_model2,0.9999999999659551
eakf_model3,5.864634801989268e-35
