model_name,weigth
arima,1.9847862789832737e-72
eakf_model1,3.9598580285135307e-81
eakf_model2,2.125607083959903e-13
eakf_model3,0.9999999999813164
sarima,1.8471017263032282e-11
