model_name,weigth
arima,7.335191222335286e-269
eakf_model1,1.2327603801217057e-143
eakf_model2,3.1705882452421466e-09
eakf_model3,0.9999999968294119
sarima,6e-323
