model_name,weigth
arima,4.6541986394941e-294
eakf_model1,0.999999998363743
eakf_model2,5.127849650778885e-35
eakf_model3,1.63625703340605e-09
