model_name,weigth
arima,4.193109468758264e-48
eakf_model1,1.5202561250964609e-19
eakf_model2,1.3600794619814936e-11
eakf_model3,0.9999999999863992
