model_name,weigth
arima,6.036613388046516e-70
eakf_model1,8.1022838415109e-11
eakf_model2,0.9999999999189771
eakf_model3,2.5742828234619627e-63
