model_name,weigth
arima,1.520280511530474e-48
eakf_model1,4.0723267805768235e-39
eakf_model2,7.02965474271601e-12
eakf_model3,0.9999999999929705
