model_name,weigth
arima,1.4906619544672735e-45
eakf_model1,1.79055517635586e-43
eakf_model2,3.721724979635189e-12
eakf_model3,0.9999999999962784
