model_name,weigth
arima,1.1108133755950966e-50
eakf_model1,3.280916063004545e-44
eakf_model2,9.555877084785977e-12
eakf_model3,0.9999999999904442
sarima,8.062301318767513e-31
