model_name,weigth
arima,1.5854124981067e-53
eakf_model1,1.2303417160389747e-12
eakf_model2,3.527649749059359e-11
eakf_model3,0.9999999999634933
