model_name,weigth
arima,1.624137935623235e-20
eakf_model1,2.993161557102826e-11
eakf_model2,0.9999999999700684
eakf_model3,9.257552746073945e-20
