model_name,weigth
arima,1.4653939024148922e-10
eakf_model1,6.278398667759188e-131
eakf_model2,1.408214669019356e-12
eakf_model3,0.9999999998520523
