model_name,weigth
arima,1.0240159859693802e-10
eakf_model1,5.540012887260531e-107
eakf_model2,2.535631949727727e-15
eakf_model3,0.999999999897596
