model_name,weigth
arima,7.9284016087489e-14
eakf_model1,1.3226711602725096e-18
eakf_model2,0.9999999999712298
eakf_model3,2.8690973334776275e-11
sarima,7.13611087137665e-25
