model_name,weigth
arima,1.2193545827457257e-10
eakf_model1,4.707570212115182e-197
eakf_model2,0.9999999990775567
eakf_model3,7.991762945912182e-10
sarima,1.331626512211675e-12
