model_name,weigth
arima,2.643739188529426e-54
eakf_model1,5.140487037795756e-44
eakf_model2,5.897911738496991e-11
eakf_model3,0.999999999941021
