model_name,weigth
arima,1.449014808981595e-51
eakf_model1,1.3840897182703138e-10
eakf_model2,0.999999999861591
eakf_model3,2.4450214779982977e-40
sarima,2.6563201880495247e-62
