model_name,weigth
arima,9.161294340933042e-85
eakf_model1,1.2060809280187095e-49
eakf_model2,0.999999999292467
eakf_model3,7.075331004995486e-10
