model_name,weigth
arima,2.011513451613975e-44
eakf_model1,3.9941362330121906e-11
eakf_model2,0.9999999999600586
eakf_model3,8.857125432208113e-42
