model_name,weigth
arima,5.38615931337628e-76
eakf_model1,1.6605101325703215e-10
eakf_model2,0.999999999833949
eakf_model3,1.5152954029601214e-42
