model_name,weigth
arima,2.4445620370163797e-28
eakf_model1,1.715840858851643e-11
eakf_model2,0.999999999979481
eakf_model3,3.3605864033452007e-12
