model_name,weigth
arima,1.2192751678441317e-33
eakf_model1,1.6266285957750817e-24
eakf_model2,4.292691026760527e-11
eakf_model3,0.9999999999570731
