model_name,weigth
arima,2.8372450646553896e-54
eakf_model1,4.9830358422234774e-11
eakf_model2,0.9999999999501697
eakf_model3,2.6913455378854846e-43
