model_name,weigth
arima,5.122060585762184e-270
eakf_model1,3.598755377375902e-192
eakf_model2,0.3599013107295702
eakf_model3,0.6400986892704298
