model_name,weigth
arima,2.9336784076538157e-10
eakf_model1,4.555277020233261e-130
eakf_model2,4.011817716983713e-22
eakf_model3,0.9999999997066321
