model_name,weigth
arima,3.401388141298188e-64
eakf_model1,3.810778030823719e-11
eakf_model2,0.9999999999618923
eakf_model3,1.0017254707378398e-29
