model_name,weigth
arima,1.900339466081612e-73
eakf_model1,2.0306345703418094e-41
eakf_model2,2.8105625443274707e-10
eakf_model3,0.9999999997189438
