model_name,weigth
arima,1.1135933973235904e-15
eakf_model1,2.9270217557934115e-96
eakf_model2,0.9999999995716025
eakf_model3,4.283965824588591e-10
sarima,8.810580637781884e-50
