model_name,weigth
arima,5.739074669096329e-24
eakf_model1,1.926046743588488e-17
eakf_model2,0.9999999999827162
eakf_model3,1.7283939102904467e-11
sarima,4.946255948791066e-24
