model_name,weigth
arima,1.6187225305559089e-12
eakf_model1,3.314726647698923e-21
eakf_model2,3.364353836268256e-17
eakf_model3,1.5988792000671977e-13
sarima,0.9999999999982213
