model_name,weigth
arima,0.9999999999340173
eakf_model1,8.4292178375784e-52
eakf_model2,6.598270826056074e-11
eakf_model3,8.634474709146365e-27
