model_name,weigth
arima,3.843429627759796e-25
eakf_model1,5.238096788240516e-17
eakf_model2,2.1878333552967932e-27
eakf_model3,2.0457806313102725e-11
sarima,0.9999999999795423
