model_name,weigth
arima,0.0
eakf_model1,6.903225402523899e-13
eakf_model2,0.9999999982890709
eakf_model3,1.7102386445081772e-09
