model_name,weigth
arima,3e-323
eakf_model1,1.2956612456534162e-08
eakf_model2,0.9999999870433876
eakf_model3,8.650760407936988e-60
sarima,3e-323
