model_name,weigth
arima,9.625696392720523e-23
eakf_model1,1.2724357725315327e-12
eakf_model2,1.666000283388621e-12
eakf_model3,0.9999999999970616
