model_name,weigth
arima,3e-323
eakf_model1,0.9999999845313128
eakf_model2,1.5468687247576147e-08
eakf_model3,4.2083518536548855e-47
