model_name,weigth
arima,0.5372628813776921
eakf_model1,4.29467477715848e-86
eakf_model2,3.3971685621577058e-43
eakf_model3,0.462737118622308
