model_name,weigth
arima,3e-323
eakf_model1,1.593311904921718e-07
eakf_model2,0.9999998406688095
eakf_model3,2.7747045605550995e-58
sarima,3e-323
