model_name,weigth
arima,1.7633557844299815e-09
eakf_model1,1.1511932653290602e-252
eakf_model2,1.7788944590220732e-50
eakf_model3,0.9999999982366442
