model_name,weigth
arima,4.452400955883091e-185
eakf_model1,0.9312781984164326
eakf_model2,1.2622614573461831e-108
eakf_model3,2.841852987818972e-16
sarima,0.06872180158356724
