model_name,weigth
arima,0.9999999999826613
eakf_model1,2.390314144387511e-22
eakf_model2,1.7338714922858622e-11
eakf_model3,1.3800825697390938e-19
