model_name,weigth
arima,1.7155678667251073e-52
eakf_model1,4.432002541599274e-75
eakf_model2,0.999999999756172
eakf_model3,2.438280001960207e-10
