model_name,weigth
arima,3.1650366202402787e-104
eakf_model1,0.9999999999123707
eakf_model2,6.719949803960087e-17
eakf_model3,8.762934481983991e-11
sarima,8.035856118327017e-47
