model_name,weigth
arima,0.0
eakf_model1,2.9680310435422238e-09
eakf_model2,3.2382022952449283e-23
eakf_model3,0.999999997031969
