model_name,weigth
arima,2.8842114628027503e-143
eakf_model1,3.461824622709519e-98
eakf_model2,0.9999999984060739
eakf_model3,1.5939261286911104e-09
