model_name,weigth
arima,0.9999999999622508
eakf_model1,2.5048559335708646e-28
eakf_model2,3.7749171424032284e-11
eakf_model3,1.454441603100383e-19
