model_name,weigth
arima,7.478963654857092e-77
eakf_model1,5.310734154454847e-26
eakf_model2,3.411840373755477e-11
eakf_model3,0.9999999999658816
sarima,4.349802658935253e-71
