model_name,weigth
arima,1.012781487079002e-20
eakf_model1,3.892564940759431e-10
eakf_model2,0.9999999996107435
eakf_model3,2.8286536397244536e-23
