model_name,weigth
arima,1.6603378487719875e-51
eakf_model1,6.81531697159244e-24
eakf_model2,0.9999999999705613
eakf_model3,2.943871927210065e-11
