model_name,weigth
arima,2.324349519835116e-91
eakf_model1,9.326022472607263e-32
eakf_model2,2.8458556578426388e-11
eakf_model3,0.9999999999715415
