model_name,weigth
arima,3e-323
eakf_model1,1.3245184702533907e-31
eakf_model2,0.9999999865449364
eakf_model3,1.3455063725326934e-08
sarima,3e-323
