model_name,weigth
arima,1.329093931475465e-102
eakf_model1,4.484534737894235e-40
eakf_model2,6.594133643080581e-11
eakf_model3,0.9999999999340587
sarima,2.2157186963468203e-86
