model_name,weigth
arima,9.703171203045327e-107
eakf_model1,1.8839150696820897e-11
eakf_model2,1.7108715625643605e-11
eakf_model3,0.9999999999640522
