model_name,weigth
arima,3.1147456466968295e-81
eakf_model1,7.424003053767139e-25
eakf_model2,2.7235048701063172e-11
eakf_model3,0.999999999972765
