model_name,weigth
arima,1.3635303907112126e-79
eakf_model1,1.4950086529722186e-24
eakf_model2,4.178294650193828e-11
eakf_model3,0.9999999999582172
sarima,1.1576498638650126e-82
