model_name,weigth
arima,7.071380862364815e-75
eakf_model1,5.230336213174315e-16
eakf_model2,3.09755621089886e-11
eakf_model3,0.999999999969024
sarima,1.2630169745805911e-70
