model_name,weigth
arima,1.1370414705763401e-98
eakf_model1,4.512267374457573e-12
eakf_model2,4.3518533083491774e-11
eakf_model3,0.9999999999519692
sarima,6.077327255402983e-85
