model_name,weigth
arima,0.9999999969239541
eakf_model1,1.9576918651320802e-92
eakf_model2,3.076045940641309e-09
eakf_model3,7.141667585967165e-103
