model_name,weigth
arima,8.692953628440435e-51
eakf_model1,3.0504849860435525e-13
eakf_model2,0.9999999999839629
eakf_model3,1.573204548950327e-11
