model_name,weigth
arima,1.6765238326789085e-20
eakf_model1,4.880839810337472e-13
eakf_model2,0.9999999999995048
eakf_model3,7.175013691382874e-15
sarima,1.8444392360266734e-30
