model_name,weigth
arima,5.972520454727838e-75
eakf_model1,1.9231082686362127e-19
eakf_model2,1.8783767880739095e-12
eakf_model3,0.9999999999981215
