model_name,weigth
arima,3.5975261138214035e-289
eakf_model1,0.999999999739908
eakf_model2,2.6009191349303226e-10
eakf_model3,1.613559965512652e-27
sarima,9.264853402813377e-223
