model_name,weigth
arima,4.1940733442172653e-20
eakf_model1,9.76400297114062e-24
eakf_model2,5.1846487476893875e-12
eakf_model3,0.9999999999948153
