model_name,weigth
arima,1.590978293457192e-44
eakf_model1,7.65189156722917e-16
eakf_model2,5.443654030106069e-12
eakf_model3,0.9999999999945557
