model_name,weigth
arima,1.0601711373108016e-125
eakf_model1,4.751782877932778e-12
eakf_model2,0.9999999999951759
eakf_model3,7.236924591689284e-14
