model_name,weigth
arima,1.1149316713140396e-88
eakf_model1,4.68882248832476e-25
eakf_model2,2.9579905097923186e-27
eakf_model3,1.4838848515388475e-12
sarima,0.9999999999985162
