model_name,weigth
arima,1.1554844145999974e-33
eakf_model1,1.0108424156519499e-12
eakf_model2,0.9999999999989891
eakf_model3,1.3178017241439113e-21
