model_name,weigth
arima,1.4269377658522247e-15
eakf_model1,2.2566511205789017e-12
eakf_model2,0.9999999999977419
eakf_model3,6.3434784598987054e-21
