model_name,weigth
arima,9.09889519468933e-74
eakf_model1,0.9999999999987378
eakf_model2,1.430641944872151e-18
eakf_model3,1.2622357489501972e-12
