model_name,weigth
arima,2.82168257343e-313
eakf_model1,0.9999999999036914
eakf_model2,9.630861351766405e-11
eakf_model3,8.146216139477994e-24
sarima,0.0
