model_name,weigth
arima,0.0
eakf_model1,0.9999999999324891
eakf_model2,6.751098001920869e-11
eakf_model3,2.6176984262496608e-21
