model_name,weigth
arima,1.6194003391876131e-251
eakf_model1,0.9999999999794684
eakf_model2,8.016091687908964e-22
eakf_model3,2.0531713331190786e-11
