model_name,weigth
arima,0.0
eakf_model1,3.7872965705289445e-19
eakf_model2,0.9999999999869174
eakf_model3,1.308265785530678e-11
