model_name,weigth
arima,0.0
eakf_model1,5.576302090125179e-11
eakf_model2,3.324477109385874e-206
eakf_model3,0.999999999944237
