model_name,weigth
arima,0.0
eakf_model1,9.301452578310931e-12
eakf_model2,0.9999999999897988
eakf_model3,8.997283051361608e-13
