model_name,weigth
arima,6.837384770971527e-281
eakf_model1,0.9999999999529829
eakf_model2,1.027282082765484e-90
eakf_model3,4.7017141918660216e-11
