model_name,weigth
arima,0.0
eakf_model1,0.9999999998758002
eakf_model2,4.714667217852376e-13
eakf_model3,1.2372831356936428e-10
sarima,0.0
