model_name,weigth
arima,3.8453090577923353e-265
eakf_model1,1.522295080890875e-11
eakf_model2,0.9999999999847667
eakf_model3,1.0268953414563367e-14
sarima,8.810959125432007e-188
