model_name,weigth
arima,3.7015870558582897e-243
eakf_model1,0.9999999999847973
eakf_model2,2.3848018044979256e-40
eakf_model3,1.520279073402881e-11
