model_name,weigth
arima,3.0466932670337456e-274
eakf_model1,0.6980539754727848
eakf_model2,0.3019460245272152
eakf_model3,9.54252570501302e-39
