model_name,weigth
arima,7.54957129032616e-211
eakf_model1,0.9999999999678479
eakf_model2,2.399342001722421e-38
eakf_model3,3.215203808748092e-11
