model_name,weigth
arima,0.0
eakf_model1,0.9999999998822275
eakf_model2,6.762691989953702e-28
eakf_model3,1.1777242641538641e-10
sarima,6.065910035517543e-284
