model_name,weigth
arima,1.186660219525461e-83
eakf_model1,0.9999999999993054
eakf_model2,6.928844594894031e-13
eakf_model3,1.7172421693099959e-15
