model_name,weigth
arima,0.0
eakf_model1,3.950387462901021e-48
eakf_model2,0.9999999997136902
eakf_model3,2.863097925707077e-10
