model_name,weigth
arima,0.9999999999966585
eakf_model1,3.341561608135002e-12
eakf_model2,1.9909113545277765e-28
eakf_model3,3.1340647583609357e-24
