model_name,weigth
arima,0.0
eakf_model1,0.9999999999001407
eakf_model2,6.832174317033256e-93
eakf_model3,9.985933940332899e-11
sarima,0.0
