model_name,weigth
arima,0.0
eakf_model1,0.9999999998824789
eakf_model2,1.1752119221504704e-10
eakf_model3,2.853617377632958e-19
