model_name,weigth
arima,5e-324
eakf_model1,0.9999999657842225
eakf_model2,2e-323
eakf_model3,3.421577747784765e-08
