model_name,weigth
arima,3.51580321324166e-207
eakf_model1,0.9999999999944333
eakf_model2,5.566706938077305e-12
eakf_model3,1.3936259611522025e-20
