model_name,weigth
arima,0.0
eakf_model1,1.1426735459860243e-10
eakf_model2,0.9999999998857325
eakf_model3,5.3959005807015404e-61
