model_name,weigth
arima,0.49999999997449157
eakf_model1,1.558716188318887e-13
eakf_model2,2.0055194929959123e-53
eakf_model3,5.086106543328145e-11
sarima,0.49999999997449157
