model_name,weigth
arima,2.1274217271180684e-61
eakf_model1,0.9999999999993094
eakf_model2,6.905866957193239e-13
eakf_model3,3.6962051453095495e-18
