model_name,weigth
arima,0.0
eakf_model1,0.9999999957948744
eakf_model2,1.5171882960077652e-24
eakf_model3,4.205125497821796e-09
sarima,0.0
