model_name,weigth
arima,1.4345200187218268e-267
eakf_model1,1.2946360176830512e-20
eakf_model2,0.9999999999797143
eakf_model3,2.028572449831568e-11
sarima,1.2737342785506336e-174
