model_name,weigth
arima,1.5214519514812377e-145
eakf_model1,8.238523819078398e-11
eakf_model2,1.6424451629360287e-27
eakf_model3,0.9999999999176148
