model_name,weigth
arima,1.2915850303923897e-252
eakf_model1,2.694465178937467e-18
eakf_model2,0.592309020144036
eakf_model3,0.407690979855964
sarima,1.2915850303923897e-252
