model_name,weigth
arima,7.23106878746711e-181
eakf_model1,4.534212638149797e-11
eakf_model2,1.1072946980725175e-68
eakf_model3,0.9999999999546578
sarima,1.1429078150888437e-284
