model_name,weigth
arima,0.0
eakf_model1,1.440263653763754e-26
eakf_model2,2.915057862343411e-11
eakf_model3,0.9999999999708494
