model_name,weigth
arima,0.9999999999744469
eakf_model1,2.5553065848836382e-11
eakf_model2,3.730778871780502e-66
eakf_model3,3.5594068387904304e-41
