model_name,weigth
arima,0.0
eakf_model1,2.110031638592633e-11
eakf_model2,5.537561064464548e-13
eakf_model3,0.999999999978346
