model_name,weigth
arima,0.0
eakf_model1,0.9999999998005071
eakf_model2,1.9949283518859047e-10
eakf_model3,1.7008190316191437e-39
sarima,0.0
