model_name,weigth
arima,5.294411414775521e-60
eakf_model1,0.9999999999957045
eakf_model2,1.3368317664602303e-22
eakf_model3,4.295482362397772e-12
