model_name,weigth
arima,0.0
eakf_model1,1.7436204565321215e-14
eakf_model2,1.4746493663934592e-10
eakf_model3,0.9999999998525175
sarima,0.0
