model_name,weigth
arima,0.0
eakf_model1,6.657156381311326e-21
eakf_model2,3.914333478604029e-11
eakf_model3,0.9999999999608566
