model_name,weigth
arima,0.0
eakf_model1,0.9999999998320921
eakf_model2,1.6790796367435422e-10
eakf_model3,9.449178434546885e-19
