model_name,weigth
arima,1.851249141655678e-257
eakf_model1,7.375247887939988e-19
eakf_model2,0.9999999999982441
eakf_model3,1.7558862403740665e-12
