model_name,weigth
arima,5e-324
eakf_model1,7.774089472402163e-10
eakf_model2,1.231539040691797e-213
eakf_model3,0.999999999222591
sarima,5e-324
