model_name,weigth
arima,3.6094479517671735e-261
eakf_model1,2.7995298644409825e-22
eakf_model2,0.9999999999981887
eakf_model3,1.8113296265541131e-12
