model_name,weigth
arima,1.9567198889347314e-211
eakf_model1,1.2183379346420009e-11
eakf_model2,0.9999999999877978
eakf_model3,1.8837275331129117e-14
sarima,1.8122339970263449e-270
