model_name,weigth
arima,0.0
eakf_model1,0.9999999999506961
eakf_model2,1.4720386360686015e-27
eakf_model3,4.930381182622245e-11
