model_name,weigth
arima,3.802861016316739e-225
eakf_model1,0.999999999971224
eakf_model2,2.877599851506978e-11
eakf_model3,1.369512018694726e-20
sarima,3.822837742154163e-235
