model_name,weigth
arima,9.890841759960152e-199
eakf_model1,0.9999999998992717
eakf_model2,1.2200344629043228e-83
eakf_model3,1.0072825526178074e-10
sarima,9.890841759960152e-199
