model_name,weigth
arima,0.0
eakf_model1,0.999999999770578
eakf_model2,2.792627561972352e-12
eakf_model3,2.266293000466224e-10
sarima,2e-323
