model_name,weigth
arima,0.0
eakf_model1,1.6440965596215676e-275
eakf_model2,4.931296492069073e-09
eakf_model3,0.9999999950687035
