model_name,weigth
arima,1.6843439476108605e-121
eakf_model1,9.252001404927777e-12
eakf_model2,1.267844993458281e-19
eakf_model3,0.999999999990748
