model_name,weigth
arima,8.721728303945009e-287
eakf_model1,1.3517560573051845e-22
eakf_model2,0.9999999999973309
eakf_model3,2.669132148754969e-12
