model_name,weigth
arima,0.0
eakf_model1,1.1195343736653813e-22
eakf_model2,0.9999999999334023
eakf_model3,6.659770944181955e-11
