model_name,weigth
arima,2.817848126910051e-289
eakf_model1,2.2228829219203916e-24
eakf_model2,0.9999999999973095
eakf_model3,2.690498190852604e-12
