model_name,weigth
arima,0.0
eakf_model1,1.0484355248472389e-10
eakf_model2,8.23807936493405e-82
eakf_model3,0.9999999998951565
sarima,0.0
