model_name,weigth
arima,0.0
eakf_model1,2.0890183887819872e-14
eakf_model2,5.783126564042502e-11
eakf_model3,0.9999999999421478
sarima,0.0
