model_name,weigth
arima,0.0
eakf_model1,3.1771519189577946e-10
eakf_model2,0.9999999996822848
eakf_model3,1.7133642038428636e-30
