model_name,weigth
arima,0.0
eakf_model1,6.220522983913767e-11
eakf_model2,1.3398382477934709e-16
eakf_model3,0.9999999999377946
sarima,0.0
