model_name,weigth
arima,1.8640301505790548e-175
eakf_model1,1.4160940482292747e-12
eakf_model2,4.977217830093657e-12
eakf_model3,0.9999999999936067
