model_name,weigth
arima,1.8533793812966544e-76
eakf_model1,0.9999999999826799
eakf_model2,7.840140515260133e-58
eakf_model3,1.732015203142352e-11
