model_name,weigth
arima,0.0
eakf_model1,0.9999999987693073
eakf_model2,1.2306926685243215e-09
eakf_model3,1.4193000460852818e-50
