model_name,weigth
arima,6.130279257149147e-135
eakf_model1,0.9999999999792066
eakf_model2,2.9623555497360137e-27
eakf_model3,2.079338916060253e-11
sarima,1.310326027589165e-131
