model_name,weigth
arima,5.086054564955389e-191
eakf_model1,0.9999999997727465
eakf_model2,4.635232796020206e-162
eakf_model3,2.2725348196621536e-10
sarima,0.0
