model_name,weigth
arima,2.824667834205171e-280
eakf_model1,5.733175354397145e-11
eakf_model2,0.9999999999426679
eakf_model3,4.466719964833989e-16
sarima,5.5053519282677164e-272
