model_name,weigth
arima,0.0
eakf_model1,4.443772188152141e-32
eakf_model2,0.999999999995935
eakf_model3,4.065005483178049e-12
