model_name,weigth
arima,3.66380163602569e-234
eakf_model1,5.307537842104207e-11
eakf_model2,0.9999999999469247
eakf_model3,4.1308350962412596e-25
sarima,1.0533572137850489e-263
