model_name,weigth
arima,0.0
eakf_model1,1.3096225047888794e-67
eakf_model2,0.9999999999677635
eakf_model3,3.223656435866618e-11
