model_name,weigth
arima,2e-323
eakf_model1,0.9999999996756712
eakf_model2,1.3338439492551173e-14
eakf_model3,3.2431532408815076e-10
sarima,5e-324
