model_name,weigth
arima,3.022126394558349e-225
eakf_model1,8.263078820909126e-40
eakf_model2,0.9999999999957758
eakf_model3,4.224140193072527e-12
