model_name,weigth
arima,1.2474495018415267e-78
eakf_model1,4.4947103787782684e-11
eakf_model2,5.2067035940050474e-14
eakf_model3,0.9999999999550008
sarima,1.4984971763423538e-56
