model_name,weigth
arima,8.725918667733627e-168
eakf_model1,0.9999999999651643
eakf_model2,8.191099754858444e-24
eakf_model3,3.4835677456399706e-11
sarima,1.1739403346036568e-188
