model_name,weigth
arima,9.697144805866128e-38
eakf_model1,4.422351056052777e-12
eakf_model2,1.1910960863701577e-17
eakf_model3,0.9999999999955775
sarima,3.62500408831942e-19
