model_name,weigth
arima,3.7511706559150764e-60
eakf_model1,7.698753908836371e-12
eakf_model2,1.215244227336032e-39
eakf_model3,0.9999999999923013
