model_name,weigth
arima,3.944010700015306e-168
eakf_model1,0.9999999999726603
eakf_model2,2.733968206772977e-11
eakf_model3,3.2395875942539463e-19
