model_name,weigth
arima,0.0
eakf_model1,2.276083789646829e-09
eakf_model2,1.302640107970433e-30
eakf_model3,0.9999999977239162
sarima,0.0
