model_name,weigth
arima,2.7086031445623558e-129
eakf_model1,1.309913068400065e-25
eakf_model2,2.1083930512800804e-59
eakf_model3,0.9999999999496543
sarima,5.034572052066436e-11
