model_name,weigth
arima,0.0
eakf_model1,0.9999999971569037
eakf_model2,2.8430963005526785e-09
eakf_model3,7.788620207868583e-63
sarima,0.0
