model_name,weigth
arima,7.35892919142406e-62
eakf_model1,4.9386223534267644e-42
eakf_model2,2.6539941097314015e-12
eakf_model3,0.999999999997346
