model_name,weigth
arima,9.220363376787992e-60
eakf_model1,1.5186123120824767e-28
eakf_model2,1.6722206135346978e-12
eakf_model3,0.9999999999983278
