model_name,weigth
arima,0.0
eakf_model1,0.9999999999828315
eakf_model2,1.7168450417338595e-11
eakf_model3,1.2958314451201798e-51
