model_name,weigth
arima,1.862497731047513e-36
eakf_model1,2.9751787330989205e-12
eakf_model2,8.300164026381489e-29
eakf_model3,0.9999999999970248
