model_name,weigth
arima,0.0
eakf_model1,0.9999999998148008
eakf_model2,6.708214127233745e-13
eakf_model3,1.8452836857849757e-10
