model_name,weigth
arima,0.0
eakf_model1,0.9999999999719165
eakf_model2,2.8083541105059166e-11
eakf_model3,5.587059887140209e-21
