model_name,weigth
arima,5.470297810555224e-224
eakf_model1,1.9472843175116222e-92
eakf_model2,2.4463777782749105e-11
eakf_model3,0.9999999999755362
