model_name,weigth
arima,0.0
eakf_model1,0.9999999999448337
eakf_model2,5.516621918396441e-11
eakf_model3,9.352193538489247e-34
