model_name,weigth
arima,0.0
eakf_model1,0.9999999997372125
eakf_model2,2.6278745645632893e-10
eakf_model3,5.922151371241425e-40
sarima,0.0
