model_name,weigth
arima,8.210810278937171e-240
eakf_model1,0.999999999992331
eakf_model2,7.669032691040805e-12
eakf_model3,1.0299403792191507e-41
