model_name,weigth
arima,0.0
eakf_model1,0.9999999999521554
eakf_model2,4.78380886400717e-11
eakf_model3,6.480530457554374e-15
