model_name,weigth
arima,8.984434624222545e-56
eakf_model1,3.5543891362058655e-12
eakf_model2,1.6588758327802872e-16
eakf_model3,0.9999999999964454
