model_name,weigth
arima,1.919733050815708e-123
eakf_model1,2.17520968606897e-25
eakf_model2,2.405664075903206e-12
eakf_model3,0.9999999999975944
