model_name,weigth
arima,4.3794556859030686e-35
eakf_model1,0.9999999999984833
eakf_model2,6.412190784241459e-35
eakf_model3,1.5166475185514875e-12
