model_name,weigth
arima,3.198987461917675e-27
eakf_model1,0.9999999999991735
eakf_model2,3.9883342864027094e-30
eakf_model3,8.264599038144856e-13
