model_name,weigth
arima,4.484492647527767e-262
eakf_model1,0.9999999997492011
eakf_model2,6.682007818756489e-20
eakf_model3,2.50798883547456e-10
sarima,7.033965947208012e-208
