model_name,weigth
arima,9.901663545518702e-13
eakf_model1,0.9999999999988782
eakf_model2,8.892670357680857e-37
eakf_model3,1.3160176613009047e-13
