model_name,weigth
arima,2.2584010299376597e-192
eakf_model1,2.4334745826431984e-15
eakf_model2,0.9999999999818503
eakf_model3,1.8147261608449048e-11
