model_name,weigth
arima,3.584736769704439e-72
eakf_model1,2.096849317515788e-10
eakf_model2,7.524394939563011e-75
eakf_model3,0.9999999997903151
sarima,3.9545617502948415e-53
