model_name,weigth
arima,9.640243044841351e-212
eakf_model1,0.9999999999217264
eakf_model2,4.099469288702628e-57
eakf_model3,7.827361837550517e-11
sarima,4.8307492510854696e-169
