model_name,weigth
arima,1.949048551345763e-24
eakf_model1,0.9999999999994529
eakf_model2,3.6733693552862114e-25
eakf_model3,5.470565134140973e-13
