model_name,weigth
arima,4.4337240299475463e-151
eakf_model1,0.29472614588489165
eakf_model2,0.7052738540534118
eakf_model3,6.169659202763852e-11
