model_name,weigth
arima,1.1582779422573964e-55
eakf_model1,0.9999999999924281
eakf_model2,1.8492688362551865e-26
eakf_model3,7.572032632184599e-12
sarima,5.165636316282806e-50
