model_name,weigth
arima,7.796070765097444e-163
eakf_model1,1.175107062715629e-11
eakf_model2,2.2135787117118566e-18
eakf_model3,0.999999999988249
