model_name,weigth
arima,8.180425684416443e-18
eakf_model1,0.9999999999996616
eakf_model2,1.9068915778378742e-17
eakf_model3,3.383878865710946e-13
