model_name,weigth
arima,0.0
eakf_model1,5.69789180537194e-09
eakf_model2,1.2544321478034078e-170
eakf_model3,0.9999999943021083
