model_name,weigth
arima,8.174249475743434e-24
eakf_model1,0.9999999999992879
eakf_model2,8.629945695134403e-25
eakf_model3,7.120229366616108e-13
