model_name,weigth
arima,2.1970822571265617e-175
eakf_model1,2.905037232174098e-11
eakf_model2,2.4129869334645248e-39
eakf_model3,0.9999999999709497
sarima,2.297965564390031e-102
