model_name,weigth
arima,3.639054010164582e-197
eakf_model1,0.9999999997661355
eakf_model2,6.967589217798831e-80
eakf_model3,2.338644606479283e-10
sarima,7.998912866450068e-85
