model_name,weigth
arima,0.0
eakf_model1,2.4408993882103654e-22
eakf_model2,0.9999999997234227
eakf_model3,2.765773127645551e-10
sarima,2e-323
