model_name,weigth
arima,3.2983425317352796e-30
eakf_model1,0.9999999999990894
eakf_model2,4.858271517491652e-28
eakf_model3,9.106826105975878e-13
