model_name,weigth
arima,3.490183332011242e-217
eakf_model1,1.6914153547205375e-11
eakf_model2,1.345346512039016e-42
eakf_model3,0.9999999999830859
