model_name,weigth
arima,8.186503400516562e-208
eakf_model1,1.1051958093543972e-10
eakf_model2,1.2231380056556738e-37
eakf_model3,0.9999999998894804
sarima,9.200042674926583e-200
