model_name,weigth
arima,1.1413882877115931e-296
eakf_model1,0.9999999996201712
eakf_model2,7.183486182397222e-62
eakf_model3,3.798288335931858e-10
