model_name,weigth
arima,2.669180418859604e-148
eakf_model1,6.1163571512633844e-21
eakf_model2,1.743725878667115e-11
eakf_model3,0.9999999999825627
