model_name,weigth
arima,2.1999011711960834e-217
eakf_model1,0.9999999999583767
eakf_model2,2.185369742033611e-27
eakf_model3,4.1623278186312636e-11
sarima,3.260130723354718e-145
