model_name,weigth
arima,1.9231752413884845e-21
eakf_model1,3.2582228709460966e-10
eakf_model2,5.2657659845128104e-86
eakf_model3,8.504635756930455e-11
sarima,0.9999999995891313
