model_name,weigth
arima,8.634875467151291e-149
eakf_model1,0.9999999999595042
eakf_model2,4.049592617767517e-11
eakf_model3,1.255759302215966e-39
