model_name,weigth
arima,0.0
eakf_model1,1.2902679428020797e-10
eakf_model2,6.807662295623822e-22
eakf_model3,0.9999999998709732
