model_name,weigth
arima,3.242127475830409e-49
eakf_model1,1.5174242741588442e-12
eakf_model2,4.270462922557609e-14
eakf_model3,0.9999999999984398
