model_name,weigth
arima,9.516791820977505e-42
eakf_model1,0.9999999999935729
eakf_model2,1.1162884064142176e-22
eakf_model3,6.427108678895604e-12
sarima,2.2281983325933443e-42
