model_name,weigth
arima,3.548660396091585e-80
eakf_model1,6.288854083523091e-12
eakf_model2,9.966490603017476e-13
eakf_model3,0.9999999999927145
sarima,4.999406179018273e-80
