model_name,weigth
arima,0.0
eakf_model1,1.0330084057483346e-67
eakf_model2,1.2957930843889332e-10
eakf_model3,0.9999999998704207
