model_name,weigth
arima,3.6862920638799364e-57
eakf_model1,0.9999999999966053
eakf_model2,2.041852295176856e-21
eakf_model3,3.3946843576853653e-12
