model_name,weigth
arima,2.2412455708374723e-12
eakf_model1,0.9999999999977582
eakf_model2,3.522897945506155e-46
eakf_model3,6.026822343240464e-16
