model_name,weigth
arima,0.0
eakf_model1,0.9999999911277514
eakf_model2,8.872245208874781e-09
eakf_model3,3.3926893073166214e-15
