model_name,weigth
arima,0.0
eakf_model1,0.9999999996101738
eakf_model2,3.895270249397569e-22
eakf_model3,3.898261271958552e-10
