model_name,weigth
arima,2e-323
eakf_model1,0.999999988812543
eakf_model2,1.1187456892406209e-08
eakf_model3,8.536333599979695e-107
sarima,0.0
