model_name,weigth
arima,1.3768708312610172e-76
eakf_model1,3.4642707912503155e-12
eakf_model2,5.523533137393478e-25
eakf_model3,0.9999999999965357
