model_name,weigth
arima,3.3611555212048194e-12
eakf_model1,0.9999999999966389
eakf_model2,8.86030798189988e-53
eakf_model3,1.1251024452933152e-30
