model_name,weigth
arima,1.6128147730133817e-208
eakf_model1,8.468670046423459e-20
eakf_model2,1.3935888795328836e-11
eakf_model3,0.999999999986064
