model_name,weigth
arima,7.959591136948429e-124
eakf_model1,0.9999999999615077
eakf_model2,1.4343434904332566e-34
eakf_model3,3.849229224547072e-11
