model_name,weigth
arima,2.841362299951451e-76
eakf_model1,1.3370585844771154e-11
eakf_model2,8.582570598094502e-19
eakf_model3,0.9999999999866294
sarima,1.6695283763074098e-69
