model_name,weigth
arima,0.0
eakf_model1,1.5289903661261746e-78
eakf_model2,0.9999999997964795
eakf_model3,2.0352041752992508e-10
