model_name,weigth
arima,4.733180917147614e-123
eakf_model1,0.9999999999649648
eakf_model2,1.7583425142361685e-25
eakf_model3,3.503521577961444e-11
sarima,1.7836343463902377e-124
