model_name,weigth
arima,0.0
eakf_model1,9.0750226478753e-80
eakf_model2,0.999999999633735
eakf_model3,3.6626496775786703e-10
