model_name,weigth
arima,0.0
eakf_model1,1.1932788366004775e-18
eakf_model2,2.0397025873002755e-11
eakf_model3,0.999999999979603
