model_name,weigth
arima,2.597826925926287e-88
eakf_model1,1.13617994639333e-11
eakf_model2,1.519649828633309e-25
eakf_model3,0.9999999999886382
