model_name,weigth
arima,2e-323
eakf_model1,2e-323
eakf_model2,4e-323
eakf_model3,0.020510375943376066
sarima,0.9794896240566239
