model_name,weigth
arima,1.8369894636444183e-305
eakf_model1,1.3878522754580412e-09
eakf_model2,5.667028751738922e-219
eakf_model3,0.9999999986121477
sarima,1.673368330405667e-210
