model_name,weigth
arima,1.2281167083472909e-118
eakf_model1,2.011128361674182e-20
eakf_model2,0.9999999999925776
eakf_model3,7.422455457026895e-12
