model_name,weigth
arima,7.2705887597894355e-62
eakf_model1,1.63661294127898e-25
eakf_model2,0.9999999999941229
eakf_model3,5.877110383625563e-12
