model_name,weigth
arima,1.5895374883157085e-146
eakf_model1,1.9888325762356384e-14
eakf_model2,7.43854739113413e-12
eakf_model3,0.9999999999925415
