model_name,weigth
arima,5.092301862151552e-190
eakf_model1,3.346586414054785e-11
eakf_model2,1.8533216752987933e-26
eakf_model3,0.9999999999665341
sarima,1.0990172657025106e-148
