model_name,weigth
arima,1.3778251279374375e-28
eakf_model1,0.9999999999952607
eakf_model2,1.9373251899965293e-13
eakf_model3,4.545662183326949e-12
