model_name,weigth
arima,1e-323
eakf_model1,8.553674584383252e-58
eakf_model2,0.9999999997468711
eakf_model3,2.531287533588846e-10
