model_name,weigth
arima,1.3221875621357944e-200
eakf_model1,4.382218078541671e-60
eakf_model2,4.244980478934496e-11
eakf_model3,0.9999999999575502
