model_name,weigth
arima,2.1758507351048277e-277
eakf_model1,1.427824309601786e-09
eakf_model2,3.617216300936667e-13
eakf_model3,0.999999998571814
