model_name,weigth
arima,0.0
eakf_model1,3.9814974739548345e-41
eakf_model2,6.862933628411462e-11
eakf_model3,0.9999999999313707
