model_name,weigth
arima,3.258431131818008e-40
eakf_model1,2.184074636208664e-12
eakf_model2,4.02471813323933e-18
eakf_model3,0.999999999997816
