model_name,weigth
arima,6.332286083211532e-54
eakf_model1,1.1588659291765758e-12
eakf_model2,0.9999999999982614
eakf_model3,5.797714193409335e-13
sarima,1.0096349054851516e-33
