model_name,weigth
arima,2e-323
eakf_model1,2.9437029410289096e-65
eakf_model2,1.2878572370681548e-08
eakf_model3,0.9999999871214276
sarima,2e-323
