model_name,weigth
arima,0.0
eakf_model1,1.8333910452835515e-42
eakf_model2,1.7946115344118883e-10
eakf_model3,0.9999999998205389
