model_name,weigth
arima,5.9676510220592e-61
eakf_model1,1.6006160737414015e-39
eakf_model2,3.902936729674164e-12
eakf_model3,0.9999999999960971
