model_name,weigth
arima,1.3459482273252085e-17
eakf_model1,2.2326396656118482e-14
eakf_model2,5.385492045357662e-13
eakf_model3,0.9999999999994391
