model_name,weigth
arima,2.0267329757868942e-36
eakf_model1,1.806232104161441e-13
eakf_model2,1.44467488054798e-12
eakf_model3,0.9999999999983651
sarima,9.494995464580129e-15
