model_name,weigth
arima,1.3331403665112061e-101
eakf_model1,7.111181009644189e-11
eakf_model2,3.217782369830719e-11
eakf_model3,0.9999999998967104
sarima,2.4699711160928622e-60
