model_name,weigth
arima,1e-323
eakf_model1,1.1666361360531797e-70
eakf_model2,3.065822652492226e-10
eakf_model3,0.9999999996934177
