model_name,weigth
arima,7.526098512196834e-85
eakf_model1,1.1460594978445567e-30
eakf_model2,1.8734242786027404e-11
eakf_model3,0.9999999999812658
sarima,9.245582743324905e-82
