model_name,weigth
arima,3.7815805055369544e-34
eakf_model1,5.264570848821382e-26
eakf_model2,1.0798876165390268e-12
eakf_model3,0.9999999999989202
