model_name,weigth
arima,1.288761713465508e-285
eakf_model1,0.9999999996414959
eakf_model2,3.6605762906201364e-57
eakf_model3,3.585040519366337e-10
sarima,4.3371872423268573e-169
