model_name,weigth
arima,7.565947648415894e-71
eakf_model1,0.9999999999915704
eakf_model2,3.661702938621001e-30
eakf_model3,8.429523306968993e-12
sarima,1.5464182438309771e-50
