model_name,weigth
arima,2.0918888420333014e-290
eakf_model1,2.7914201696828084e-15
eakf_model2,4.312242894176186e-11
eakf_model3,0.9999999999568747
