model_name,weigth
arima,1.0380975580084859e-181
eakf_model1,1.3453411019697256e-14
eakf_model2,2.8712571427635382e-11
eakf_model3,0.9999999999712741
sarima,5.831868026241887e-103
