model_name,weigth
arima,3.2633675901149504e-92
eakf_model1,2.2058813261864057e-40
eakf_model2,4.8505010148031586e-12
eakf_model3,0.9999999999951495
