model_name,weigth
arima,0.0
eakf_model1,1.0044797516807933e-36
eakf_model2,1.0077752079366274e-10
eakf_model3,0.9999999998992224
