model_name,weigth
arima,2.1259340371383033e-105
eakf_model1,1.0040585656677449e-92
eakf_model2,6.365999466001943e-11
eakf_model3,0.9999999999360749
sarima,2.6504827691420487e-13
