model_name,weigth
arima,1.6614246020859264e-30
eakf_model1,1.5272482960246632e-26
eakf_model2,4.501312537371229e-12
eakf_model3,0.9999999999954987
