model_name,weigth
arima,2.2788410517957151e-26
eakf_model1,3.564260369729414e-25
eakf_model2,3.0096251047121624e-12
eakf_model3,0.9999999999969904
