model_name,weigth
arima,6.674616116577538e-88
eakf_model1,0.999999999990081
eakf_model2,2.0251879470093156e-23
eakf_model3,9.918958392804937e-12
