model_name,weigth
arima,1.1924008129111164e-80
eakf_model1,2.9068549832650203e-32
eakf_model2,2.4284558883653505e-12
eakf_model3,0.9999999999975715
