model_name,weigth
arima,9.566010280054369e-234
eakf_model1,2.597084419107529e-38
eakf_model2,1.7024822154579003e-10
eakf_model3,0.9999999998297517
sarima,1.6611037512263463e-207
