model_name,weigth
arima,6.33234075321716e-178
eakf_model1,2.8168736866256454e-69
eakf_model2,3.11533546124843e-11
eakf_model3,0.9999999999688467
