model_name,weigth
arima,2.4843767626322455e-159
eakf_model1,1.946817398577607e-42
eakf_model2,5.516850312915976e-11
eakf_model3,0.9999999999448316
sarima,1.35564819346471e-51
