model_name,weigth
arima,5.539667387523877e-89
eakf_model1,3.564093212129309e-12
eakf_model2,8.566082692630126e-12
eakf_model3,0.9999999999878699
