model_name,weigth
arima,4.979934088304763e-171
eakf_model1,8.425045596316222e-36
eakf_model2,4.8493954760965386e-11
eakf_model3,0.9999999999515061
