model_name,weigth
arima,3.147564144722288e-123
eakf_model1,7.36887443029677e-39
eakf_model2,3.224571777246961e-11
eakf_model3,0.9999999999677543
