model_name,weigth
arima,2.3673271604325125e-142
eakf_model1,3.4915752838898365e-21
eakf_model2,2.726107086098993e-11
eakf_model3,0.9999999999727389
