model_name,weigth
arima,1.9880225711813953e-153
eakf_model1,0.9999999999774664
eakf_model2,1.0899889569769273e-11
eakf_model3,1.1633784000888385e-11
