model_name,weigth
arima,4.4325722588355404e-37
eakf_model1,3.3936718126663004e-15
eakf_model2,1.1608175284391121e-12
eakf_model3,0.9999999999988358
