model_name,weigth
arima,2.4384890652727294e-45
eakf_model1,4.762994140827703e-41
eakf_model2,3.476818998863108e-12
eakf_model3,0.9999999999965232
