model_name,weigth
arima,0.0
eakf_model1,4.6206071730837835e-11
eakf_model2,6.285075170346649e-19
eakf_model3,0.9999999999537938
