model_name,weigth
arima,2.6742342081024157e-30
eakf_model1,0.9999999999979068
eakf_model2,1.5122018456296882e-17
eakf_model3,2.093127040932377e-12
