model_name,weigth
arima,2.259329722174566e-56
eakf_model1,4.4343540417622156e-17
eakf_model2,1.1228478423722753e-12
eakf_model3,0.9999999999988771
