model_name,weigth
arima,3.688205669395174e-30
eakf_model1,0.9999999999967074
eakf_model2,3.5334003239451306e-15
eakf_model3,3.289056148262013e-12
sarima,7.016811733651664e-26
