model_name,weigth
arima,1.7860334056712915e-45
eakf_model1,1.4808148109771997e-35
eakf_model2,0.7047598083996777
eakf_model3,9.94113127529298e-21
sarima,0.29524019160032233
