model_name,weigth
arima,9.88346243296882e-211
eakf_model1,1.0732229624839442e-100
eakf_model2,0.9999999999413064
eakf_model3,5.869353665428193e-11
sarima,5.4485752486115107e-98
