model_name,weigth
arima,1.731912377803755e-42
eakf_model1,5.179333099805882e-35
eakf_model2,5.11143143269983e-12
eakf_model3,0.9999999999948885
