model_name,weigth
arima,1.0036064017698113e-75
eakf_model1,6.3269826175933544e-27
eakf_model2,3.5693966139676953e-12
eakf_model3,0.9999999999964306
