model_name,weigth
arima,4.370152399368391e-234
eakf_model1,8.609913284084376e-142
eakf_model2,9.157586458232946e-11
eakf_model3,0.9999999999084241
