model_name,weigth
arima,3.6299765325334304e-115
eakf_model1,1.6407733032305753e-41
eakf_model2,5.979563904177377e-12
eakf_model3,0.9999999999940203
