model_name,weigth
arima,4.905640003231218e-174
eakf_model1,2.1247964760185594e-105
eakf_model2,7.603937459859539e-11
eakf_model3,0.9999999999239606
sarima,3.903022964624759e-41
