model_name,weigth
arima,2.449815050824e-312
eakf_model1,4.072804574419291e-10
eakf_model2,0.9999999995927196
eakf_model3,4.3985829130120617e-103
