model_name,weigth
arima,2e-323
eakf_model1,9.936590553102976e-52
eakf_model2,0.9999999985033439
eakf_model3,1.4966561909919197e-09
sarima,2e-323
