model_name,weigth
arima,2.424047224988757e-113
eakf_model1,4.009850997146291e-15
eakf_model2,3.6885358435073135e-12
eakf_model3,0.9999999999963074
