model_name,weigth
arima,4.283019155341963e-31
eakf_model1,2.69238669608388e-15
eakf_model2,1.0979336910606846e-12
eakf_model3,0.9999999999988993
