model_name,weigth
arima,8.621195377895311e-13
eakf_model1,0.9999999999991379
eakf_model2,4.97171527275399e-25
eakf_model3,9.472205241716792e-24
