model_name,weigth
arima,9.761662849948156e-15
eakf_model1,0.9999999999982663
eakf_model2,2.813688224976323e-31
eakf_model3,9.334127457116498e-25
sarima,1.7239979674691302e-12
