model_name,weigth
arima,3.846368380923192e-113
eakf_model1,5.871909612759459e-27
eakf_model2,6.459426698130059e-12
eakf_model3,0.9999999999935405
