model_name,weigth
arima,2.163421036353603e-23
eakf_model1,7.874222844716212e-13
eakf_model2,8.466779489993728e-13
eakf_model3,0.999999999998366
