model_name,weigth
arima,1.6388645193681094e-29
eakf_model1,1.9063745711686767e-58
eakf_model2,2.3162124676743686e-19
eakf_model3,1.3645723379756085e-12
sarima,0.9999999999986355
