model_name,weigth
arima,2.067919128135458e-64
eakf_model1,1.1155739290592078e-59
eakf_model2,5.7964924104292174e-12
eakf_model3,0.9999999999942034
