model_name,weigth
arima,1.002287009464522e-40
eakf_model1,0.9999999999884074
eakf_model2,1.1592649132423467e-11
eakf_model3,2.143250710413412e-20
sarima,5.020350127460216e-54
