model_name,weigth
arima,9.747401721398911e-32
eakf_model1,1.391452754815063e-18
eakf_model2,3.198033625932496e-12
eakf_model3,0.9999999999968021
