model_name,weigth
arima,1.3981465777392412e-282
eakf_model1,3.3815106935986555e-234
eakf_model2,1.0083420729256813e-10
eakf_model3,0.9999999998991658
