model_name,weigth
arima,2.5829499967023813e-46
eakf_model1,1.2242950753463934e-66
eakf_model2,4.931897527269741e-13
eakf_model3,1.6947171797485776e-12
sarima,0.9999999999978122
