model_name,weigth
arima,1.0619918294692474e-12
eakf_model1,1.3511287577578797e-23
eakf_model2,3.6743179968989725e-15
eakf_model3,0.9999999999989343
