model_name,weigth
arima,1.1740668856181477e-26
eakf_model1,4.234175553072792e-17
eakf_model2,3.359207308538894e-13
eakf_model3,0.9999999999981133
sarima,1.5507644441831927e-12
