model_name,weigth
arima,2.8044184642632897e-15
eakf_model1,0.9999999999993501
eakf_model2,1.2187468145977893e-14
eakf_model3,9.26327037472998e-14
sarima,5.422238644938525e-13
