model_name,weigth
arima,1.1019628467519885e-57
eakf_model1,2.0300669178241217e-17
eakf_model2,3.7168768708027244e-12
eakf_model3,0.9999999999962832
