model_name,weigth
arima,2.922135046820321e-14
eakf_model1,0.9999999999995492
eakf_model2,1.001278169014033e-14
eakf_model3,4.114585159006624e-13
