model_name,weigth
arima,9.602583431486845e-40
eakf_model1,3.0558892071288456e-17
eakf_model2,1.6642973457626263e-12
eakf_model3,0.9999999999983358
