model_name,weigth
arima,2.116056902849258e-82
eakf_model1,0.7601634072742873
eakf_model2,5.821539963657644e-11
eakf_model3,0.23983659266749727
