model_name,weigth
arima,2.774297209104973e-67
eakf_model1,6.520758781582469e-16
eakf_model2,2.085028114419453e-12
eakf_model3,0.9999999999979143
