model_name,weigth
arima,6.227012797941696e-10
eakf_model1,1e-323
eakf_model2,7.1440320029230605e-155
eakf_model3,0.9999999993772986
