model_name,weigth
arima,0.5626060014035908
eakf_model1,1.5589234314389508e-43
eakf_model2,0.4373939985223383
eakf_model3,7.407078180420959e-11
