model_name,weigth
arima,4.4103559730442495e-114
eakf_model1,3.162753684977562e-75
eakf_model2,5.2442957847015314e-11
eakf_model3,0.9999999999475571
