model_name,weigth
arima,2.8351969294603046e-10
eakf_model1,0.9999999997164803
eakf_model2,3.680565232186357e-98
eakf_model3,1.8969077246002332e-29
