model_name,weigth
arima,1e-323
eakf_model1,5.356301431810006e-145
eakf_model2,0.9999999988091054
eakf_model3,1.1908946577495037e-09
