model_name,weigth
arima,7.561276233800516e-221
eakf_model1,0.9999999978006182
eakf_model2,7.134388501604648e-34
eakf_model3,2.199381660948041e-09
sarima,7.298149647380399e-308
