model_name,weigth
arima,3e-323
eakf_model1,5.153965551456591e-41
eakf_model2,6.679712636120319e-69
eakf_model3,0.9536762462289176
sarima,0.046323753771082415
