model_name,weigth
arima,2.112054405219653e-21
eakf_model1,3.1118314301337336e-19
eakf_model2,1.6556590468460957e-12
eakf_model3,0.9999999999983444
