model_name,weigth
arima,5.486664816444019e-97
eakf_model1,0.9999999998826852
eakf_model2,2.2818505874782504e-24
eakf_model3,1.1731477422015294e-10
sarima,1.2621278547066453e-96
