model_name,weigth
arima,5.4292219182310725e-15
eakf_model1,3.824398414057271e-21
eakf_model2,2.045240896031631e-12
eakf_model3,0.9999999999979494
