model_name,weigth
arima,1.145779224110676e-16
eakf_model1,1.4427809687368134e-12
eakf_model2,3.862982111368999e-16
eakf_model3,0.9999999999985567
