model_name,weigth
arima,0.9999999996948032
eakf_model1,9.575724595946969e-115
eakf_model2,6.531233685069682e-54
eakf_model3,3.0519671227193413e-10
