model_name,weigth
arima,0.31025127293151916
eakf_model1,5.412256253936679e-51
eakf_model2,0.6897487270684808
eakf_model3,1.1530986964206363e-26
sarima,2.189157852512482e-40
