model_name,weigth
arima,5.054435989648296e-155
eakf_model1,8.043429715543721e-25
eakf_model2,3.979826221288104e-10
eakf_model3,0.9999999996020175
