model_name,weigth
arima,4.488814079235911e-101
eakf_model1,1.387564354928871e-10
eakf_model2,3.14198848568803e-59
eakf_model3,0.9999999998612434
