model_name,weigth
arima,0.9999999995968887
eakf_model1,2.4455757517870342e-260
eakf_model2,1.4694744861724977e-91
eakf_model3,4.031112402809406e-10
sarima,2.886616026438897e-85
