model_name,weigth
arima,3.881664985018002e-29
eakf_model1,2.088144810702987e-35
eakf_model2,4.375041127289298e-12
eakf_model3,0.9999999999956249
