model_name,weigth
arima,4.0802210851003224e-22
eakf_model1,0.9999999999935307
eakf_model2,1.5654973700507716e-18
eakf_model3,6.469375387730814e-12
