model_name,weigth
arima,5.4267782806952895e-80
eakf_model1,2.695997287212487e-51
eakf_model2,0.9999999999540796
eakf_model3,4.5920254410285984e-11
sarima,5.950470907187948e-70
