model_name,weigth
arima,0.39441099600084367
eakf_model1,2e-323
eakf_model2,2e-323
eakf_model3,9.057269174007832e-139
sarima,0.6055890039991563
