model_name,weigth
arima,2.7037749918713875e-59
eakf_model1,0.9999999999808326
eakf_model2,1.9167479786677144e-11
eakf_model3,5.7801379463338716e-55
sarima,2.850889420871222e-52
