model_name,weigth
arima,5.1577688384524776e-39
eakf_model1,8.397993926544856e-18
eakf_model2,2.6643342953560762e-12
eakf_model3,0.9999999999973357
