model_name,weigth
arima,1.6659207433916483e-18
eakf_model1,9.341104126326381e-12
eakf_model2,1.9525045522923874e-14
eakf_model3,0.9999999999906394
