model_name,weigth
arima,0.9999999999980786
eakf_model1,7.060349555797383e-52
eakf_model2,1.9193736469431325e-12
eakf_model3,4.664855368046855e-22
sarima,1.9999120924610948e-15
