model_name,weigth
arima,0.9999999999893951
eakf_model1,1.4850906118420567e-39
eakf_model2,1.5436393293611758e-23
eakf_model3,1.0604888319117122e-11
