model_name,weigth
arima,4.7726963209200705e-12
eakf_model1,0.9999999999941247
eakf_model2,1.1026160370512957e-12
eakf_model3,3.366988600751959e-28
