model_name,weigth
arima,0.9999999999970743
eakf_model1,5.3816062155564036e-55
eakf_model2,1.6858629077368839e-15
eakf_model3,2.924014212911203e-12
