model_name,weigth
arima,7.420066310372673e-12
eakf_model1,0.999999999992577
eakf_model2,2.6768128977672496e-15
eakf_model3,9.897119475140972e-36
sarima,1.2573378250156597e-16
