model_name,weigth
arima,0.9999999999081444
eakf_model1,9.707143082347029e-56
eakf_model2,1.1409361753411184e-64
eakf_model3,9.185574801201787e-11
