model_name,weigth
arima,1.1026087468837879e-10
eakf_model1,0.48848147361999206
eakf_model2,0.5115185262223447
eakf_model3,4.7402310901221615e-11
sarima,1.6223232764514982e-35
