model_name,weigth
arima,4.4e-323
eakf_model1,0.009993149693889177
eakf_model2,0.9900068503061108
eakf_model3,1.5652546910773845e-93
