model_name,weigth
arima,6.476565881484774e-138
eakf_model1,0.9999999997194483
eakf_model2,2.805516366370385e-10
eakf_model3,2.6715093609139382e-117
