model_name,weigth
arima,3.3891302708027935e-20
eakf_model1,3.454397253856522e-21
eakf_model2,0.9999999999906726
eakf_model3,9.327414108175285e-12
