model_name,weigth
arima,1.776172307181994e-39
eakf_model1,1.4073084167520058e-10
eakf_model2,0.9999999998592691
eakf_model3,1.824239225016153e-34
