model_name,weigth
arima,8.450710558898943e-189
eakf_model1,0.9999999999416214
eakf_model2,6.093324336235385e-12
eakf_model3,5.2285219174621996e-11
