model_name,weigth
arima,1.1978682027958601e-28
eakf_model1,0.9999999999860036
eakf_model2,1.3996368538958915e-11
eakf_model3,3.750612271464102e-48
sarima,3.0643733798494623e-41
