model_name,weigth
arima,2.491447609026635e-12
eakf_model1,2.821933413969686e-41
eakf_model2,1.8032539847899155e-18
eakf_model3,1.0932557464287558e-21
sarima,0.9999999999975085
