model_name,weigth
arima,3.2483816210918345e-25
eakf_model1,1.5569400804993065e-114
eakf_model2,2.4333408091900494e-09
eakf_model3,0.9999999975666591
