model_name,weigth
arima,1.7842225487344316e-123
eakf_model1,0.9999999999383808
eakf_model2,6.161906554735373e-11
eakf_model3,5.5355400746005324e-83
