model_name,weigth
arima,1.4388575346476494e-67
eakf_model1,1.3076435174250458e-11
eakf_model2,1.418870174029445e-21
eakf_model3,0.9999999999869236
sarima,6.393526271807435e-44
