model_name,weigth
arima,2.1437874937337537e-170
eakf_model1,0.9999999997366488
eakf_model2,2.6335126517050883e-10
eakf_model3,1.3286584986858573e-26
