model_name,weigth
arima,0.999999999985024
eakf_model1,7.014569758960388e-35
eakf_model2,1.4976050458671376e-11
eakf_model3,5.1946858183187314e-17
