model_name,weigth
arima,1.0185661764606631e-34
eakf_model1,0.9999999981912542
eakf_model2,1.808745800529025e-09
eakf_model3,1.8161573484215912e-110
