model_name,weigth
arima,7.426126540796172e-57
eakf_model1,1.121335193922573e-11
eakf_model2,1.9897218134439485e-18
eakf_model3,0.9999999999887867
sarima,4.389094202542033e-28
