model_name,weigth
arima,1.3812789348077495e-09
eakf_model1,0.999999998618721
eakf_model2,2.323585427951288e-49
eakf_model3,1.4715051397383729e-90
