model_name,weigth
arima,0.9999999999993248
eakf_model1,7.1013813763542e-28
eakf_model2,6.752829771604873e-13
eakf_model3,1.5742965024314717e-20
