model_name,weigth
arima,9.186086899846782e-88
eakf_model1,5.486178338781654e-14
eakf_model2,6.685827910094302e-12
eakf_model3,0.9999999999932594
sarima,2.062054095487549e-68
