model_name,weigth
arima,7.871624125612455e-263
eakf_model1,7.737082936711832e-27
eakf_model2,0.9999999996699671
eakf_model3,3.30032838925156e-10
sarima,1.3984619195977968e-180
