model_name,weigth
arima,4.919472100721899e-11
eakf_model1,5.931284959283165e-22
eakf_model2,0.9999999999507853
eakf_model3,1.998198206719879e-14
