model_name,weigth
arima,0.9999999978445561
eakf_model1,3.9239195623556936e-16
eakf_model2,2.1554434846295814e-09
eakf_model3,2e-323
