model_name,weigth
arima,4.522538656402223e-10
eakf_model1,0.9999999995477461
eakf_model2,1.3207306512955962e-45
eakf_model3,2.120283460532101e-160
sarima,4.577017127432269e-46
