model_name,weigth
arima,6.658664029372876e-59
eakf_model1,1.4840674299864009e-13
eakf_model2,6.326690302476438e-12
eakf_model3,0.999999999993525
