model_name,weigth
arima,6.793661498835864e-11
eakf_model1,3.7162156431609785e-95
eakf_model2,0.9999999999320633
eakf_model3,6.536247186530733e-45
