model_name,weigth
arima,2.7039318182341663e-151
eakf_model1,1.5430815409895365e-23
eakf_model2,1.5994643475420475e-10
eakf_model3,0.9999999998400535
