model_name,weigth
arima,0.9999999999799096
eakf_model1,3.6976351027074455e-15
eakf_model2,2.0086758829449906e-11
eakf_model3,8.251454772425865e-85
