model_name,weigth
arima,1.8756835840107055e-77
eakf_model1,0.9999999999360389
eakf_model2,1.3812743100641997e-16
eakf_model3,6.396083490637678e-11
