model_name,weigth
arima,4.809284061491827e-115
eakf_model1,4.078154631655334e-14
eakf_model2,3.945822328696513e-11
eakf_model3,0.999999999960501
