model_name,weigth
arima,1.3853071450481455e-35
eakf_model1,0.9999999999912967
eakf_model2,9.89048852719987e-16
eakf_model3,8.702321129966723e-12
sarima,5.004565970214854e-20
