model_name,weigth
arima,2.41139627634083e-155
eakf_model1,0.3442542581266995
eakf_model2,3.0203670557293223e-28
eakf_model3,0.6557457418733005
sarima,1.4527144506894422e-53
