model_name,weigth
arima,4.7837798827556107e-42
eakf_model1,0.9999999999944892
eakf_model2,1.2221087314949234e-15
eakf_model3,5.509603590189388e-12
