model_name,weigth
arima,9.905795698598359e-192
eakf_model1,1.8671693677519334e-10
eakf_model2,6.281465425964598e-34
eakf_model3,0.9999999998132831
