model_name,weigth
arima,5.5253495265898856e-18
eakf_model1,2.288848834484562e-12
eakf_model2,0.9999999999977112
eakf_model3,3.3604201594304583e-21
