model_name,weigth
arima,9.336998599551716e-12
eakf_model1,1.4910024335873962e-18
eakf_model2,0.999999999990663
eakf_model3,2.799503220393999e-60
