model_name,weigth
arima,8.503444593462528e-14
eakf_model1,1.2479274236333163e-12
eakf_model2,0.9999999999986671
eakf_model3,3.6549979220403515e-17
