model_name,weigth
arima,8.448387214682608e-25
eakf_model1,6.275779405625789e-12
eakf_model2,0.9999999999937242
eakf_model3,2.0524148131173743e-18
