model_name,weigth
arima,1.5550507062547185e-68
eakf_model1,1.436845143824689e-10
eakf_model2,0.9999999998563154
eakf_model3,8.77080974269034e-166
