model_name,weigth
arima,2.6035132900137846e-253
eakf_model1,1.89479697943616e-10
eakf_model2,3.3945331645533236e-20
eakf_model3,0.9999999998105201
sarima,2.773414298778408e-16
