model_name,weigth
arima,1.4547894412101864e-103
eakf_model1,6.919168361987532e-14
eakf_model2,0.9999999999594954
eakf_model3,4.043552139276971e-11
sarima,1.2066874994987507e-103
