model_name,weigth
arima,5.020894169090435e-171
eakf_model1,1.0675044807882824e-10
eakf_model2,1.3951449630670426e-43
eakf_model3,0.32402365589249127
sarima,0.6759763440007583
