model_name,weigth
arima,5.834700298851339e-197
eakf_model1,0.5089214873579787
eakf_model2,0.49107851264202146
eakf_model3,2.0102421410940823e-40
sarima,1.8116096501190203e-217
