model_name,weigth
arima,2.6511720980733873e-56
eakf_model1,2.3385604178203835e-11
eakf_model2,0.9999999999766146
eakf_model3,2.3458752581566865e-27
sarima,9.924189064024518e-73
