model_name,weigth
arima,0.0
eakf_model1,0.9999999995364779
eakf_model2,7.280641477424131e-93
eakf_model3,4.6352208511875367e-10
sarima,0.0
