model_name,weigth
arima,1.931694798988244e-64
eakf_model1,0.999999999949777
eakf_model2,1.1775495697363076e-12
eakf_model3,4.904555199953076e-11
sarima,1.0581775028256551e-74
