model_name,weigth
arima,9.955478695839794e-30
eakf_model1,4.67317291000529e-12
eakf_model2,0.9999999999953267
eakf_model3,9.228282979774177e-17
sarima,1.0894559278609899e-26
