model_name,weigth
arima,7.8635787105266695e-31
eakf_model1,6.060205897986099e-12
eakf_model2,0.9999999999939398
eakf_model3,4.2275925542304133e-20
sarima,1.1824430761393717e-36
