model_name,weigth
arima,4.8964808431721506e-123
eakf_model1,5.699845325392829e-11
eakf_model2,1.383656396775566e-40
eakf_model3,0.9999999999430016
sarima,1.1845857565285057e-282
