model_name,weigth
arima,0.0
eakf_model1,0.9999999992936727
eakf_model2,2.4652863428699328e-68
eakf_model3,7.063274605155992e-10
sarima,0.0
