model_name,weigth
arima,1.0486796040107069e-297
eakf_model1,1.5491616066120336e-10
eakf_model2,2.316000078958435e-48
eakf_model3,0.9999999998450838
sarima,0.0
