model_name,weigth
arima,0.0
eakf_model1,1.2396582922068148e-09
eakf_model2,0.9999999987603417
eakf_model3,1.4261130568559647e-51
sarima,0.0
