model_name,weigth
arima,0.0
eakf_model1,6.709410879600734e-09
eakf_model2,2.9861610973982604e-145
eakf_model3,0.9999999932905891
sarima,0.0
