model_name,weigth
arima,0.0
eakf_model1,4.087715635353106e-10
eakf_model2,9.561196379849354e-55
eakf_model3,0.9999999995912284
sarima,0.0
