model_name,weigth
arima,6.567652586505986e-287
eakf_model1,2.1544939633048658e-10
eakf_model2,1.2187815283487406e-79
eakf_model3,0.9999999997845507
sarima,6.567652586505986e-287
