model_name,weigth
arima,2.221900401401842e-185
eakf_model1,2.1360056987477547e-11
eakf_model2,1.2570998595662552e-15
eakf_model3,0.9999999999786389
sarima,1.3630188824360706e-225
