model_name,weigth
arima,0.0
eakf_model1,1.8331873166316323e-09
eakf_model2,1.0434716467756508e-141
eakf_model3,0.9999999981668127
sarima,0.0
