model_name,weigth
arima,0.0
eakf_model1,2.1245189802544012e-10
eakf_model2,4.4566285601490975e-36
eakf_model3,0.999999999787548
sarima,0.0
