model_name,weigth
arima,8.679869059002154e-202
eakf_model1,3.523254557251194e-11
eakf_model2,3.08351660073643e-32
eakf_model3,0.9999999999647675
sarima,5.332179588477448e-275
