model_name,weigth
arima,1.648492278477704e-115
eakf_model1,0.9999999999741594
eakf_model2,1.3682679476249165e-19
eakf_model3,2.5840654518318426e-11
sarima,3.743481708712924e-66
