model_name,weigth
arima,0.0
eakf_model1,0.9999999994649458
eakf_model2,2.359444792648934e-14
eakf_model3,5.350306663101858e-10
sarima,0.0
