model_name,weigth
arima,0.0
eakf_model1,0.9999999998635299
eakf_model2,1.0284030000183228e-18
eakf_model3,1.364700698406564e-10
sarima,0.0
