model_name,weigth
arima,5.0793025710113e-180
eakf_model1,1.464758378552874e-10
eakf_model2,5.034834141521361e-67
eakf_model3,0.9999999998535242
sarima,1.6984475915990667e-103
