model_name,weigth
arima,0.0
eakf_model1,1.7092515154314368e-09
eakf_model2,1.2326501787374209e-141
eakf_model3,0.9999999982907485
sarima,2.204906800445871e-286
