model_name,weigth
arima,1.8339021366350722e-165
eakf_model1,1.712097714612637e-10
eakf_model2,5.805950686614903e-71
eakf_model3,0.9999999998287903
sarima,2.511624959710639e-120
