model_name,weigth
arima,5.4546999752269684e-194
eakf_model1,0.9999999996187423
eakf_model2,5.336614244790387e-71
eakf_model3,3.812577806278337e-10
sarima,2.635411092937923e-159
