model_name,weigth
arima,3.815019731352593e-163
eakf_model1,0.9999999999625914
eakf_model2,5.238648263562868e-14
eakf_model3,3.735632498940435e-11
sarima,2.536427295421308e-108
