model_name,weigth
arima,4.921642835960769e-142
eakf_model1,0.9999999998991127
eakf_model2,1.7367504554507488e-18
eakf_model3,1.0088733696258553e-10
sarima,1.6311107812896134e-104
