model_name,weigth
arima,0.0
eakf_model1,0.9999999980171596
eakf_model2,8.646172113318553e-149
eakf_model3,1.982840481734327e-09
sarima,9.781541462565833e-270
