model_name,weigth
arima,0.0
eakf_model1,0.9999999991336568
eakf_model2,6.8697460094744294e-18
eakf_model3,8.663433276260491e-10
sarima,3e-323
