model_name,weigth
arima,0.0
eakf_model1,5.50905012439763e-10
eakf_model2,8.293408344018466e-23
eakf_model3,0.999999999449095
sarima,0.0
