model_name,weigth
arima,5.327609321464416e-232
eakf_model1,0.9999999998894046
eakf_model2,1.0440371402660996e-10
eakf_model3,6.191954980330873e-12
sarima,3.953341505235481e-164
