model_name,weigth
arima,9.005969167843722e-110
eakf_model1,1.1230328281282342e-11
eakf_model2,8.897108677017403e-14
eakf_model3,0.9999999999886807
sarima,6.622500747779714e-81
