model_name,weigth
arima,3.2363808804910336e-137
eakf_model1,3.397100236064112e-12
eakf_model2,1.4218203973076109e-11
eakf_model3,0.9999999999823846
sarima,1.702739266688112e-112
