model_name,weigth
arima,1.07859460901164e-240
eakf_model1,0.9999999998471535
eakf_model2,1.5284657161948418e-10
eakf_model3,3.053452293391171e-20
sarima,9.682798678955801e-222
