model_name,weigth
arima,5.212474241258367e-124
eakf_model1,6.891244332954223e-13
eakf_model2,5.068613894551023e-11
eakf_model3,0.9999999999486249
sarima,1.9358042050908606e-102
