model_name,weigth
arima,2.668552102004088e-93
eakf_model1,8.584734518280369e-12
eakf_model2,1.0801622448853239e-20
eakf_model3,0.9999999999914152
sarima,8.808347109532808e-80
