model_name,weigth
arima,5.899252272731423e-93
eakf_model1,3.2648357202911824e-26
eakf_model2,1.60140432610633e-11
eakf_model3,0.9999999999839859
sarima,9.13370031076395e-26
