model_name,weigth
arima,2.9940769291043737e-221
eakf_model1,9.664476647281989e-42
eakf_model2,2.4329174838450084e-10
eakf_model3,0.9999999997567083
sarima,1.8687662906779586e-92
