model_name,weigth
arima,9.197705422069616e-75
eakf_model1,2.2315846980197982e-17
eakf_model2,1.3664834653740757e-11
eakf_model3,0.9999999999863353
sarima,2.02956988561469e-39
