model_name,weigth
arima,7.540795843752971e-150
eakf_model1,7.707813988970935e-11
eakf_model2,6.587574258451346e-12
eakf_model3,0.9999999999163344
sarima,2.2012685401748803e-110
