model_name,weigth
arima,0.0
eakf_model1,0.9999999995945233
eakf_model2,8.284917773468507e-57
eakf_model3,4.0547669210764573e-10
sarima,1.9157964802047996e-226
