model_name,weigth
arima,8.117092422499765e-89
eakf_model1,3.799234323221049e-12
eakf_model2,1.7421892838151215e-11
eakf_model3,0.999999999978779
sarima,2.3912636470246295e-59
