model_name,weigth
arima,7.754163128762301e-82
eakf_model1,3.3891426579420666e-15
eakf_model2,1.534783133566665e-11
eakf_model3,0.9999999999846488
sarima,2.8486788225611046e-33
