model_name,weigth
arima,6.929717856805767e-66
eakf_model1,3.6313058293608893e-19
eakf_model2,1.0988179898593538e-11
eakf_model3,0.999999999989012
sarima,6.699785094074332e-23
