model_name,weigth
arima,0.0
eakf_model1,0.9999999987001976
eakf_model2,5.08356133376095e-90
eakf_model3,1.2998024657003812e-09
sarima,3e-323
