model_name,weigth
arima,1.2476496799212823e-56
eakf_model1,0.9999999999805543
eakf_model2,1.1079534308073869e-15
eakf_model3,1.9444749151960036e-11
sarima,7.800082631585282e-54
