model_name,weigth
arima,0.0
eakf_model1,2.979647830360423e-128
eakf_model2,0.9999999995723468
eakf_model3,4.276533539639346e-10
sarima,2.397999791927792e-114
