model_name,weigth
arima,5.0476850430375964e-273
eakf_model1,0.20545416320179588
eakf_model2,1.0567380270415e-10
eakf_model3,0.7945458366925304
sarima,1.2254536925981042e-154
