model_name,weigth
arima,1.5933442003034232e-101
eakf_model1,3.317317064615168e-48
eakf_model2,0.9999999999598832
eakf_model3,4.011686457310085e-11
sarima,4.602999334024936e-36
