model_name,weigth
arima,6.009432292944591e-72
eakf_model1,8.744728150881134e-77
eakf_model2,2.3199087569402085e-26
eakf_model3,4.110337353069229e-11
sarima,0.9999999999588968
