model_name,weigth
arima,2.0324292440032035e-75
eakf_model1,0.9999999999493911
eakf_model2,5.0608957749220383e-11
eakf_model3,2.655112481092037e-28
sarima,2.2986094577062114e-74
