model_name,weigth
arima,1.204259418768532e-26
eakf_model1,0.9999999999970763
eakf_model2,2.923564905684408e-12
eakf_model3,1.536227688583603e-16
sarima,4.639308202080217e-22
