model_name,weigth
arima,2.6028474744661313e-123
eakf_model1,0.9999999996502381
eakf_model2,3.4976192016445246e-10
eakf_model3,3.0317472095382113e-27
sarima,5.318389760475577e-52
