model_name,weigth
arima,4.3744976511337096e-100
eakf_model1,1.861820581715052e-126
eakf_model2,1.4555142929661357e-28
eakf_model3,0.9999999999601792
sarima,3.9820885214689195e-11
