model_name,weigth
arima,3e-323
eakf_model1,3.222162385448063e-26
eakf_model2,0.6256458371914607
eakf_model3,0.37435416280845707
sarima,8.215986004620945e-14
