model_name,weigth
arima,2.2390962735992032e-154
eakf_model1,1.2923739010959948e-195
eakf_model2,1.644522603597592e-41
eakf_model3,0.9999999998276461
sarima,1.7235397792227543e-10
