model_name,weigth
arima,3.098156594860276e-44
eakf_model1,8.693020948558951e-33
eakf_model2,3.873252258179423e-15
eakf_model3,1.5862393453571105e-11
sarima,0.9999999999841339
