model_name,weigth
arima,3.526867662419261e-114
eakf_model1,1.00839909184409e-59
eakf_model2,4.5981859458989033e-10
eakf_model3,0.9999999995401815
sarima,1.8843558393029263e-144
