model_name,weigth
arima,1.2926670315269328e-57
eakf_model1,0.9999999999150415
eakf_model2,7.71056218702949e-12
eakf_model3,7.724817870681495e-11
sarima,4.9450096560851414e-60
