model_name,weigth
arima,1.4465572046675997e-31
eakf_model1,7.22086082196394e-12
eakf_model2,9.751785548208796e-12
eakf_model3,0.9999999999830275
sarima,6.3257980270782245e-46
