model_name,weigth
arima,9.078132783114131e-31
eakf_model1,9.63952168845578e-36
eakf_model2,3.3645388724175763e-12
eakf_model3,0.999999999996592
sarima,4.3436626222901166e-14
