model_name,weigth
arima,2.2077806470236926e-33
eakf_model1,0.9999999999849211
eakf_model2,1.425221102275537e-12
eakf_model3,1.3653772340075315e-11
sarima,3.61186822647811e-49
