model_name,weigth
arima,1.9138066203760139e-28
eakf_model1,1.2372330145096444e-25
eakf_model2,3.743454533092053e-12
eakf_model3,0.9999999999962566
sarima,1.2650461936157908e-27
