model_name,weigth
arima,4.024696461924706e-104
eakf_model1,0.9999999998025636
eakf_model2,1.075808000887218e-10
eakf_model3,8.985570225116307e-11
sarima,4.385373133973948e-120
