model_name,weigth
arima,6e-323
eakf_model1,6e-323
eakf_model2,0.9999998545511143
eakf_model3,1.454488858335067e-07
sarima,6e-323
