model_name,weigth
arima,1.3859330225836913e-10
eakf_model1,3.818582794505673e-147
eakf_model2,7.970047184288633e-71
eakf_model3,1.4831137849733764e-77
sarima,0.9999999998614068
