model_name,weigth
arima,2.775059379519032e-192
eakf_model1,0.34501261292618074
eakf_model2,0.6549873870738194
eakf_model3,9.366644343278557e-104
sarima,1.2879832091416805e-223
