model_name,weigth
arima,1.0360622243695969e-09
eakf_model1,2.209574221333043e-123
eakf_model2,0.9999999989639378
eakf_model3,5.095606436136903e-22
sarima,4.7226265634780666e-52
