model_name,weigth
arima,5.968809873878825e-12
eakf_model1,1.501899851394984e-12
eakf_model2,0.9999999999760646
eakf_model3,1.6464744956647464e-11
sarima,1.2209414688196387e-23
