model_name,weigth
arima,1.1297464022317315e-94
eakf_model1,0.9999999998107391
eakf_model2,1.8926105772026492e-10
eakf_model3,4.22826085203724e-38
sarima,1.1165105848506e-87
