model_name,weigth
arima,2.556878664076877e-76
eakf_model1,4.267145538510851e-10
eakf_model2,0.9999999995732856
eakf_model3,1.576366835925832e-41
sarima,6.605986384917763e-90
