model_name,weigth
arima,5.070755652259405e-20
eakf_model1,1.4706732646365108e-227
eakf_model2,0.9999999984368171
eakf_model3,1.563033900147495e-09
sarima,1.490932158294642e-13
