model_name,weigth
arima,6.135794141745211e-95
eakf_model1,9.260040078892617e-50
eakf_model2,2.291038597782135e-09
eakf_model3,0.9999999977089614
sarima,3.5968940950290086e-23
