model_name,weigth
arima,5e-323
eakf_model1,3.083106955084994e-94
eakf_model2,2.1935217429830713e-290
eakf_model3,0.9999999701224317
sarima,2.9877568381256146e-08
