model_name,weigth
arima,3.107942836519229e-12
eakf_model1,3.377968015654121e-29
eakf_model2,7.469777517059466e-26
eakf_model3,6.119600342076104e-23
sarima,0.999999999996892
