model_name,weigth
arima,3.847393408137275e-19
eakf_model1,9.092652525176901e-14
eakf_model2,1.823958038089974e-33
eakf_model3,3.493827800975932e-11
sarima,0.9999999999649708
