model_name,weigth
arima,3e-323
eakf_model1,1.4740998931567768e-139
eakf_model2,0.9999997691694337
eakf_model3,2.3083056635145872e-07
sarima,3e-323
