model_name,weigth
arima,0.0
eakf_model1,0.9999999999591352
eakf_model2,1.371705302229625e-34
eakf_model3,4.086472837340643e-11
