model_name,weigth
arima,3.8528488777170456e-142
eakf_model1,0.999999999970908
eakf_model2,3.1901056332315047e-41
eakf_model3,2.909189398938761e-11
sarima,1.5944155326242167e-88
