model_name,weigth
arima,0.0
eakf_model1,9.800980523025815e-11
eakf_model2,1.612961628164995e-36
eakf_model3,0.9999999999019902
