model_name,weigth
arima,5.667749490976598e-221
eakf_model1,0.9999999999792851
eakf_model2,1.2513078013134131e-48
eakf_model3,2.0714872378100898e-11
