model_name,weigth
arima,4.743546245970063e-137
eakf_model1,5.601105462788292e-12
eakf_model2,2.949011454336276e-30
eakf_model3,0.9999999999943989
sarima,4.8707695161524606e-24
