model_name,weigth
arima,1.762200790347188e-226
eakf_model1,1.4780210548933945e-11
eakf_model2,5.08464670313821e-37
eakf_model3,0.9999999999852198
