model_name,weigth
arima,4.034899352487467e-126
eakf_model1,3.3548214600865706e-12
eakf_model2,7.218371517301389e-24
eakf_model3,0.9999999999966451
