model_name,weigth
arima,0.0
eakf_model1,0.9999999999374429
eakf_model2,1.2301790345951298e-42
eakf_model3,6.255707415548477e-11
