model_name,weigth
arima,0.0
eakf_model1,0.9999999998350972
eakf_model2,4.537647317572288e-56
eakf_model3,1.6490279934247411e-10
sarima,0.0
