model_name,weigth
arima,1.1560196436855509e-78
eakf_model1,2.5191730072167265e-12
eakf_model2,4.0003827646510382e-25
eakf_model3,0.9999999999974809
sarima,4.033679135927182e-24
