model_name,weigth
arima,9.747520673715934e-72
eakf_model1,6.693640781670033e-11
eakf_model2,1.4280534125548394e-16
eakf_model3,0.9999999999330634
