model_name,weigth
arima,2.5034427701192132e-70
eakf_model1,0.9999999999479932
eakf_model2,4.396059205599297e-13
eakf_model3,5.1567230786580055e-11
