model_name,weigth
arima,2.483327790584993e-49
eakf_model1,3.9198045610919166e-12
eakf_model2,3.513548925564664e-20
eakf_model3,0.9999999999960802
sarima,5.0755332168638185e-45
