model_name,weigth
arima,0.0
eakf_model1,0.9999999991513994
eakf_model2,2e-323
eakf_model3,8.486006886508607e-10
