model_name,weigth
arima,1.3525309027170704e-63
eakf_model1,0.9999999999768157
eakf_model2,1.2885344800492051e-11
eakf_model3,1.0298898851105346e-11
