model_name,weigth
arima,1.687243466500502e-142
eakf_model1,3.325640838409108e-10
eakf_model2,0.9999999996674359
eakf_model3,9.175211435264931e-18
sarima,2.6341069204024593e-225
