model_name,weigth
arima,3.0324494530971798e-86
eakf_model1,1.8217320705599682e-10
eakf_model2,0.9999999998178267
eakf_model3,2.022962597431127e-37
sarima,3.215075837192015e-162
