model_name,weigth
arima,2.1030211793656e-311
eakf_model1,0.9999999999342726
eakf_model2,1.2442485897593544e-41
eakf_model3,6.572736320978438e-11
sarima,0.0
