model_name,weigth
arima,2.2395798467565084e-62
eakf_model1,3.630276373467897e-12
eakf_model2,3.665731145330032e-18
eakf_model3,0.9999999999963698
