model_name,weigth
arima,4e-323
eakf_model1,0.7603949575716651
eakf_model2,0.2396050424283348
eakf_model3,1.1764994375945976e-268
