model_name,weigth
arima,4.357416129757041e-174
eakf_model1,0.9999999998879703
eakf_model2,5.94653058098263e-42
eakf_model3,1.1202968024882349e-10
