model_name,weigth
arima,2.2747896338300498e-43
eakf_model1,2.5901988255557914e-10
eakf_model2,0.9999999997409801
eakf_model3,2.414595684886985e-47
