model_name,weigth
arima,2.8871890321765366e-87
eakf_model1,0.9999999999846632
eakf_model2,5.502772481872246e-22
eakf_model3,1.5336885105924808e-11
sarima,1.306606437016385e-119
