model_name,weigth
arima,2.1131962796197825e-61
eakf_model1,0.9999999999825933
eakf_model2,1.4037881113624454e-14
eakf_model3,1.7392688746096774e-11
sarima,1.286664306810433e-69
