model_name,weigth
arima,6.6320722507173625e-96
eakf_model1,7.445869685291563e-11
eakf_model2,2.1240133484441874e-15
eakf_model3,0.9999999999255391
sarima,5.580984989439722e-134
