model_name,weigth
arima,8.297746998651445e-116
eakf_model1,0.9999999999909075
eakf_model2,1.3231495768522389e-20
eakf_model3,9.092485157034994e-12
sarima,2.0222626001164298e-149
