model_name,weigth
arima,1.538496322941663e-125
eakf_model1,0.9999999999525552
eakf_model2,2.831011912153657e-29
eakf_model3,4.744479298694196e-11
