model_name,weigth
arima,3.450174063518198e-72
eakf_model1,1.4357807635287907e-12
eakf_model2,2.6580818353096987e-20
eakf_model3,0.9999999999985643
