model_name,weigth
arima,0.0
eakf_model1,0.9999999999722836
eakf_model2,6.1994185643895294e-74
eakf_model3,2.771635406892474e-11
