model_name,weigth
arima,1.5394121221e-313
eakf_model1,0.9999999999835002
eakf_model2,8.687289280169775e-58
eakf_model3,1.6499763924928336e-11
