model_name,weigth
arima,0.0
eakf_model1,0.9999999996048716
eakf_model2,3.951283051784109e-10
eakf_model3,2.123548100591827e-18
sarima,0.0
