model_name,weigth
arima,4.292944297127845e-222
eakf_model1,0.9999999999847178
eakf_model2,1.5282168659761068e-11
eakf_model3,4.242960954998103e-24
