model_name,weigth
arima,0.0
eakf_model1,0.9999999997944078
eakf_model2,3.3604948153537866e-60
eakf_model3,2.0559215985257994e-10
