model_name,weigth
arima,2.2871153039014343e-60
eakf_model1,0.9999999999945723
eakf_model2,5.427618315468669e-12
eakf_model3,1.8795880952730112e-22
