model_name,weigth
arima,5.7576740705155336e-130
eakf_model1,0.9999999999914481
eakf_model2,8.552002315907104e-12
eakf_model3,1.8459410454960193e-21
