model_name,weigth
arima,0.0
eakf_model1,2.4611165261104346e-07
eakf_model2,4e-323
eakf_model3,0.9999997538883474
