model_name,weigth
arima,0.0
eakf_model1,0.9999999917448891
eakf_model2,3.080299343129196e-216
eakf_model3,8.255110936277833e-09
