model_name,weigth
arima,0.0
eakf_model1,3.2241387319229006e-10
eakf_model2,2.884699279386346e-38
eakf_model3,0.9999999996775861
sarima,0.0
