model_name,weigth
arima,0.0
eakf_model1,0.9999999990329398
eakf_model2,7.800877918468351e-60
eakf_model3,9.670601580157714e-10
