model_name,weigth
arima,0.0
eakf_model1,6.889636510152532e-10
eakf_model2,5.617666956908541e-106
eakf_model3,0.9999999993110362
