model_name,weigth
arima,0.0
eakf_model1,0.9999999992846486
eakf_model2,7.153515096829964e-10
eakf_model3,3.4815259113664315e-57
sarima,0.0
