model_name,weigth
arima,0.0
eakf_model1,7.630506032672065e-10
eakf_model2,3.4384379349797885e-87
eakf_model3,0.9999999992369495
