model_name,weigth
arima,0.0
eakf_model1,0.9999999998947839
eakf_model2,1.032765290449299e-10
eakf_model3,1.9395319057314115e-12
