model_name,weigth
arima,0.0
eakf_model1,0.9999999998179636
eakf_model2,1.8203629481141565e-10
eakf_model3,3.2780001064653603e-26
sarima,0.0
