model_name,weigth
arima,1.1760530851601373e-158
eakf_model1,0.9999999999557886
eakf_model2,4.3558342797274584e-11
eakf_model3,6.531037286274552e-13
sarima,2.6013381472740533e-277
