model_name,weigth
arima,1.751555365269977e-53
eakf_model1,0.9999999999942608
eakf_model2,5.739038821598723e-12
eakf_model3,1.371982903540401e-16
