model_name,weigth
arima,0.0
eakf_model1,1.2983927667115011e-09
eakf_model2,9.385071630474188e-41
eakf_model3,0.9999999987016072
sarima,0.0
