model_name,weigth
arima,2.9233658913897696e-89
eakf_model1,0.9999999999921348
eakf_model2,7.865157016577989e-12
eakf_model3,4.662064229650553e-19
