model_name,weigth
arima,2e-323
eakf_model1,1.561024720097483e-265
eakf_model2,1.973223673393216e-05
eakf_model3,0.999980267763266
sarima,4e-323
