model_name,weigth
arima,4.092043848670403e-198
eakf_model1,4.166462721326746e-11
eakf_model2,0.9999999999583353
eakf_model3,2.5416353017547436e-18
