model_name,weigth
arima,0.0
eakf_model1,4.127527410693276e-10
eakf_model2,3.7685512507774934e-34
eakf_model3,0.9999999995872473
