model_name,weigth
arima,5.960577696377951e-103
eakf_model1,0.9999999999934528
eakf_model2,3.3209674643786797e-12
eakf_model3,3.2261822614487423e-12
