model_name,weigth
arima,1.461226270952122e-212
eakf_model1,0.9999999999842758
eakf_model2,1.5724188755131662e-11
eakf_model3,7.01712658642352e-25
