model_name,weigth
arima,1.071866918754192e-62
eakf_model1,0.9999999999958982
eakf_model2,2.2106397037933867e-12
eakf_model3,1.8911799400118672e-12
