model_name,weigth
arima,0.0
eakf_model1,4.975116827812372e-10
eakf_model2,0.9999999995024883
eakf_model3,1.2183951824282626e-27
sarima,0.0
