model_name,weigth
arima,0.0
eakf_model1,0.9999999993478413
eakf_model2,8.022955929574669e-14
eakf_model3,6.520784521538514e-10
