model_name,weigth
arima,2.1853264680327344e-196
eakf_model1,0.9999999999765431
eakf_model2,2.3456958890955114e-11
eakf_model3,2.8508243422890975e-31
