model_name,weigth
arima,8.85133387611584e-233
eakf_model1,7.022124073210207e-11
eakf_model2,9.600087148975413e-23
eakf_model3,0.9999999999297787
