model_name,weigth
arima,0.0
eakf_model1,0.9999999999290253
eakf_model2,2.8519041133886973e-23
eakf_model3,7.097473255293473e-11
