model_name,weigth
arima,0.0
eakf_model1,2.6448182067059076e-10
eakf_model2,0.9999999997355181
eakf_model3,1.397868183740485e-39
