model_name,weigth
arima,0.0
eakf_model1,0.9999999997147159
eakf_model2,2.763342893880104e-10
eakf_model3,8.949819851023453e-12
