model_name,weigth
arima,1.0929085084642568e-228
eakf_model1,0.9999999999820217
eakf_model2,1.7978286230975075e-11
eakf_model3,1.0611350369295784e-24
