model_name,weigth
arima,0.0
eakf_model1,3.444131827180321e-11
eakf_model2,8.062971912828867e-21
eakf_model3,0.9999999999655587
