model_name,weigth
arima,8.160195397152487e-109
eakf_model1,0.9999999999945822
eakf_model2,7.003284636251345e-19
eakf_model3,5.4177267381503165e-12
