model_name,weigth
arima,4.228421237764797e-99
eakf_model1,0.9999999999937319
eakf_model2,5.387779280483406e-18
eakf_model3,6.2681782154788e-12
