model_name,weigth
arima,0.0
eakf_model1,0.9999999998832467
eakf_model2,1.1675320633301737e-10
eakf_model3,3.4774449041012917e-17
