model_name,weigth
arima,0.0
eakf_model1,8.327122750163573e-09
eakf_model2,0.9999999916728772
eakf_model3,1.1202892394581597e-84
sarima,0.0
