model_name,weigth
arima,3.1593464927269e-134
eakf_model1,2.822281610803648e-11
eakf_model2,1.5738422930383373e-25
eakf_model3,0.9999999999717772
sarima,4.0307459030303193e-116
