model_name,weigth
arima,0.0
eakf_model1,0.9999999999608263
eakf_model2,2.4809624025200263e-23
eakf_model3,3.9173637048266084e-11
