model_name,weigth
arima,1.247001255179132e-109
eakf_model1,0.9999999999922884
eakf_model2,8.55001291353419e-21
eakf_model3,7.711674765716722e-12
