model_name,weigth
arima,1.4441281763412524e-139
eakf_model1,1.038644744160503e-11
eakf_model2,2.5932769736437094e-21
eakf_model3,0.9999999999896134
