model_name,weigth
arima,0.0
eakf_model1,2.5089484586047693e-10
eakf_model2,1.288330895850698e-61
eakf_model3,0.9999999997491051
sarima,0.0
