model_name,weigth
arima,0.0
eakf_model1,4.486168232186266e-10
eakf_model2,6.546626369560467e-66
eakf_model3,0.9999999995513832
sarima,0.0
