model_name,weigth
arima,3.6008551792823446e-165
eakf_model1,3.289436446086901e-11
eakf_model2,9.800119943347721e-22
eakf_model3,0.9999999999671056
sarima,1.1103240028413104e-147
