model_name,weigth
arima,0.0
eakf_model1,0.9999999997822461
eakf_model2,1.7500333688912224e-24
eakf_model3,2.1775387341222272e-10
sarima,0.0
