model_name,weigth
arima,1.7832310475240544e-171
eakf_model1,0.9999999999916315
eakf_model2,3.933046757285482e-17
eakf_model3,8.368561369521668e-12
