model_name,weigth
arima,2e-323
eakf_model1,0.999999999376337
eakf_model2,6.236629992513266e-10
eakf_model3,9.848183266723251e-23
sarima,0.0
