model_name,weigth
arima,4.987340692284671e-281
eakf_model1,6.608887210363256e-11
eakf_model2,0.9999999999339111
eakf_model3,1.9162437307883047e-22
sarima,1.4390088415516927e-300
