model_name,weigth
arima,0.0
eakf_model1,0.9999999999439966
eakf_model2,5.71331758325116e-13
eakf_model3,5.543207917100021e-11
