model_name,weigth
arima,3.688687841527843e-256
eakf_model1,6.170673091507319e-11
eakf_model2,5.075935403938286e-29
eakf_model3,0.9999999999382932
sarima,9.620606223968611e-237
