model_name,weigth
arima,2.7703773356955085e-88
eakf_model1,0.9999999999954148
eakf_model2,3.031894959324381e-19
eakf_model3,4.585212339551897e-12
