model_name,weigth
arima,5.378290809278172e-202
eakf_model1,0.9999999999883087
eakf_model2,2.666070666598888e-19
eakf_model3,1.1691244391577388e-11
