model_name,weigth
arima,3.1750117593516947e-158
eakf_model1,2.3610296394241608e-11
eakf_model2,1.1022993559062727e-25
eakf_model3,0.9999999999763898
