model_name,weigth
arima,0.0
eakf_model1,0.9999999999084845
eakf_model2,2.7686495285240636e-39
eakf_model3,9.151539838562185e-11
