model_name,weigth
arima,4.897544474087946e-107
eakf_model1,1.05008334430579e-11
eakf_model2,2.5169808262508405e-24
eakf_model3,0.9999999999894991
