model_name,weigth
arima,0.0
eakf_model1,0.999999999925265
eakf_model2,7.467825937128594e-11
eakf_model3,5.661232092275771e-14
sarima,0.0
