model_name,weigth
arima,3.5255655250528557e-248
eakf_model1,0.9999999999871794
eakf_model2,1.2820534014065964e-11
eakf_model3,7.945255943216911e-43
