model_name,weigth
arima,2.0191567734742824e-88
eakf_model1,0.9999999999958702
eakf_model2,3.46436009835479e-12
eakf_model3,6.654327968161763e-13
