model_name,weigth
arima,3.885475095978604e-124
eakf_model1,1.537217388338033e-11
eakf_model2,4.736565877661024e-34
eakf_model3,0.9999999999846279
