model_name,weigth
arima,6.764594774705452e-131
eakf_model1,3.209365248903301e-11
eakf_model2,7.721723973893748e-40
eakf_model3,0.9999999999679063
sarima,6.6735939887486525e-115
