model_name,weigth
arima,1.4029248768595482e-307
eakf_model1,7.911819975031698e-11
eakf_model2,2.1163683376150674e-59
eakf_model3,0.9999999999208817
