model_name,weigth
arima,0.0
eakf_model1,1.9467909694597173e-11
eakf_model2,0.9999999999805321
eakf_model3,4.378661641819614e-35
