model_name,weigth
arima,0.0
eakf_model1,0.9999999999791493
eakf_model2,1.4413002386508148e-11
eakf_model3,6.437613081627657e-12
