model_name,weigth
arima,1.00236e-319
eakf_model1,0.9999999999341999
eakf_model2,3.2654180627183724e-24
eakf_model3,6.580013749000904e-11
sarima,0.0
