model_name,weigth
arima,5.730439349653856e-100
eakf_model1,0.999999999993791
eakf_model2,4.966310696669363e-12
eakf_model3,1.2427399881825508e-12
sarima,1.392586770780541e-76
