model_name,weigth
arima,9.214299205357548e-279
eakf_model1,0.9999999999807695
eakf_model2,1.923048527894931e-11
eakf_model3,8.375797701983352e-20
