model_name,weigth
arima,0.0
eakf_model1,0.9999999964585248
eakf_model2,3.541475218883574e-09
eakf_model3,1.2882759858316403e-112
