model_name,weigth
arima,0.0
eakf_model1,0.5465994155710825
eakf_model2,1.14e-322
eakf_model3,0.4534005844289174
