model_name,weigth
arima,8.46139961334191e-259
eakf_model1,0.9999999999700275
eakf_model2,5.168857642679383e-14
eakf_model3,2.992070407291565e-11
sarima,1.9742366151986974e-250
