model_name,weigth
arima,0.0
eakf_model1,0.9999999999115655
eakf_model2,8.528636188674399e-11
eakf_model3,3.1481721641118155e-12
sarima,0.0
