model_name,weigth
arima,1.8069299108896884e-67
eakf_model1,0.9999999999944784
eakf_model2,2.758407691013179e-18
eakf_model3,5.521515097529645e-12
sarima,1.4253711890208719e-37
