model_name,weigth
arima,4.730708439141034e-88
eakf_model1,8.301321845975755e-16
eakf_model2,1.906877391414475e-12
eakf_model3,0.9999999999980923
