model_name,weigth
arima,1.305244229197563e-77
eakf_model1,0.9999999999896584
eakf_model2,2.036665225413399e-28
eakf_model3,1.034160202090275e-11
sarima,8.05681184043491e-38
