model_name,weigth
arima,6.284164845703641e-179
eakf_model1,0.9999999997862459
eakf_model2,1.3800439043197455e-28
eakf_model3,2.137542976604447e-10
