model_name,weigth
arima,3.8053743139829523e-81
eakf_model1,0.9999999999822669
eakf_model2,2.0358391320618052e-15
eakf_model3,1.773112804348547e-11
sarima,4.092583546856155e-46
