model_name,weigth
arima,4.651348451034321e-14
eakf_model1,0.9999999999991079
eakf_model2,1.5850641319990904e-17
eakf_model3,8.455488657228824e-13
