model_name,weigth
arima,1.7519901183690262e-137
eakf_model1,0.9999999999801288
eakf_model2,1.9966961071764378e-13
eakf_model3,1.9671636410410358e-11
