model_name,weigth
arima,2.4735431641476624e-177
eakf_model1,0.999999999959984
eakf_model2,1.3670770491343728e-16
eakf_model3,4.0015787028215886e-11
sarima,1.6627021435686217e-106
