model_name,weigth
arima,3.5e-323
eakf_model1,0.9999999970726908
eakf_model2,2.927309192117658e-09
eakf_model3,1.9450653675360208e-65
