model_name,weigth
arima,1.554714383909948e-163
eakf_model1,0.9999999999540881
eakf_model2,3.93323441108378e-27
eakf_model3,4.591197780708322e-11
