model_name,weigth
arima,5.071878690570145e-199
eakf_model1,0.999999999479095
eakf_model2,5.178458412830935e-31
eakf_model3,5.209049852076584e-10
sarima,1.0786001223099096e-158
