model_name,weigth
arima,1.02787825893511e-14
eakf_model1,0.9999999999989075
eakf_model2,1.5986533225660623e-18
eakf_model3,1.0822403186181283e-12
