model_name,weigth
arima,1.3437635545196211e-14
eakf_model1,0.9999999999989813
eakf_model2,8.541146769283779e-18
eakf_model3,1.0052888531914597e-12
