model_name,weigth
arima,4.7681152550576855e-46
eakf_model1,0.9999999999934712
eakf_model2,6.528839653530394e-12
eakf_model3,5.362829326972732e-22
