model_name,weigth
arima,4.039248283913012e-235
eakf_model1,2.85477607703216e-10
eakf_model2,1.6636843987026114e-60
eakf_model3,0.9999999997145224
sarima,6.557866840777508e-176
