model_name,weigth
arima,4.215535641009483e-76
eakf_model1,0.999999999993507
eakf_model2,1.1929938846626007e-21
eakf_model3,6.4929813914560245e-12
