model_name,weigth
arima,7.09052372492621e-77
eakf_model1,0.9999999999885896
eakf_model2,5.160283484205171e-25
eakf_model3,1.1410408332262397e-11
sarima,3.311963132548967e-39
