model_name,weigth
arima,1.2341485120248963e-226
eakf_model1,0.9999999999049791
eakf_model2,9.140750359773683e-24
eakf_model3,9.50208921187709e-11
sarima,6.098253694603893e-139
