model_name,weigth
arima,0.0
eakf_model1,0.999999999314859
eakf_model2,8.351162334477124e-50
eakf_model3,6.851410969009396e-10
