model_name,weigth
arima,1.83129450322788e-98
eakf_model1,0.9999999999819635
eakf_model2,1.4757950696709296e-18
eakf_model3,1.803642839418532e-11
