model_name,weigth
arima,1.0398464990089341e-13
eakf_model1,0.9999999999993596
eakf_model2,5.798838300780602e-14
eakf_model3,4.783733290474999e-13
