model_name,weigth
arima,0.0
eakf_model1,0.9999999121160187
eakf_model2,8.788398123578306e-08
eakf_model3,1.2e-322
