model_name,weigth
arima,0.0
eakf_model1,1.028611635818612e-09
eakf_model2,0.9999999989713884
eakf_model3,4.549557000687353e-93
