model_name,weigth
arima,3.3964229302966013e-31
eakf_model1,0.9999999999989746
eakf_model2,2.0379561265614323e-21
eakf_model3,1.0253287473812521e-12
