model_name,weigth
arima,0.0
eakf_model1,0.9999999998450868
eakf_model2,2.2838884593514037e-15
eakf_model3,1.5491077272519285e-10
