model_name,weigth
arima,4.99363112325314e-90
eakf_model1,2.4224195095867384e-15
eakf_model2,6.0582969792285736e-12
eakf_model3,0.9999999999939393
sarima,1.5644594744435492e-59
