model_name,weigth
arima,0.0
eakf_model1,1.1527448172912427e-09
eakf_model2,0.9999999988472552
eakf_model3,6.674664476819815e-80
