model_name,weigth
arima,3.329742645106925e-204
eakf_model1,0.999999999969693
eakf_model2,1.2322538324343289e-12
eakf_model3,2.90747230738894e-11
