model_name,weigth
arima,5.799731053548392e-13
eakf_model1,0.9999999999993147
eakf_model2,1.1769462226606941e-15
eakf_model3,1.0417604351472985e-13
