model_name,weigth
arima,0.0
eakf_model1,3.1076093116702325e-10
eakf_model2,4.086372015921281e-39
eakf_model3,0.999999999689239
