model_name,weigth
arima,1.4675311186057794e-19
eakf_model1,0.9999999999992131
eakf_model2,5.106599471951919e-16
eakf_model3,7.862867817311336e-13
