model_name,weigth
arima,2e-323
eakf_model1,0.9999999897906332
eakf_model2,1.0209366771806667e-08
eakf_model3,6.427378617667029e-167
sarima,2e-323
