model_name,weigth
arima,3.6330147748299464e-143
eakf_model1,1.1120548295232201e-11
eakf_model2,5.49430793161571e-12
eakf_model3,0.9999999999833852
sarima,2.931722687518754e-113
