model_name,weigth
arima,2.755370695048093e-13
eakf_model1,0.9999999999992668
eakf_model2,8.66676147804329e-16
eakf_model3,4.56649586422432e-13
