model_name,weigth
arima,4.663829568244768e-149
eakf_model1,3.5477641142206144e-14
eakf_model2,1.2567172237349432e-11
eakf_model3,0.9999999999873974
