model_name,weigth
arima,2e-323
eakf_model1,2.0564034391851994e-10
eakf_model2,0.9999999997943596
eakf_model3,7.46757488672024e-49
sarima,3.8379015594657587e-296
