model_name,weigth
arima,2e-323
eakf_model1,3.188220092502857e-10
eakf_model2,9.123137205210575e-36
eakf_model3,0.9999999996811779
sarima,2e-323
