model_name,weigth
arima,2.0919762855663527e-27
eakf_model1,0.9999999999991603
eakf_model2,1.4991717405905244e-21
eakf_model3,8.397062798012011e-13
