model_name,weigth
arima,1.9950533759629381e-156
eakf_model1,5.2056586500685086e-20
eakf_model2,2.1420763813950385e-11
eakf_model3,0.9999999999785792
sarima,3.690333504104714e-110
