model_name,weigth
arima,5.077585688165602e-198
eakf_model1,0.9999999999521784
eakf_model2,2.375495063963995e-15
eakf_model3,4.781926512733217e-11
sarima,6.916676904150257e-117
