model_name,weigth
arima,9.104886588936145e-26
eakf_model1,0.9999999999993908
eakf_model2,1.3437806785922357e-20
eakf_model3,6.092780233672364e-13
