model_name,weigth
arima,2e-323
eakf_model1,0.999999994792667
eakf_model2,5.207333004575813e-09
eakf_model3,3.35759176314445e-148
sarima,4e-323
