model_name,weigth
arima,3.1899343884664506e-247
eakf_model1,0.9999999999028866
eakf_model2,9.711342315858887e-11
eakf_model3,2.194248002329274e-18
sarima,3.585346703711994e-158
