model_name,weigth
arima,5.517922160180965e-220
eakf_model1,0.9999999999458149
eakf_model2,5.217708680396907e-26
eakf_model3,5.4185113669596714e-11
