model_name,weigth
arima,1.1572848590253714e-114
eakf_model1,3.0630528333081752e-15
eakf_model2,6.204637898810067e-12
eakf_model3,0.9999999999937923
