model_name,weigth
arima,0.0
eakf_model1,1.8072794236785755e-10
eakf_model2,0.9999999998192721
eakf_model3,1.6563020049748708e-44
