model_name,weigth
arima,3.589278622805123e-117
eakf_model1,1.7016161500977867e-11
eakf_model2,6.0614161166401975e-31
eakf_model3,0.9999999999829838
