model_name,weigth
arima,0.0
eakf_model1,4e-323
eakf_model2,2.4321921852706475e-09
eakf_model3,0.9999999975678079
