model_name,weigth
arima,4e-323
eakf_model1,7.502340941166194e-10
eakf_model2,1.4812054747746007e-32
eakf_model3,0.9999999992497659
sarima,8.626e-321
