model_name,weigth
arima,4.307933744393233e-58
eakf_model1,3.2681578798670755e-13
eakf_model2,5.2372650055033755e-12
eakf_model3,0.9999999999944359
