model_name,weigth
arima,6.689999062123221e-180
eakf_model1,6.106549517258345e-11
eakf_model2,8.109034672499246e-22
eakf_model3,0.9999999999389345
