model_name,weigth
arima,0.0
eakf_model1,3.645472888654739e-164
eakf_model2,0.28909125184591966
eakf_model3,0.7109087481540803
