model_name,weigth
arima,4.1040784304660914e-108
eakf_model1,2.3707286056398378e-11
eakf_model2,1.839577927735643e-27
eakf_model3,0.9999999999762927
sarima,4.806585433854236e-100
