model_name,weigth
arima,5.2826511404592873e-79
eakf_model1,7.044901320215293e-12
eakf_model2,1.6999559442867939e-25
eakf_model3,0.9999999999929551
sarima,1.0836202331276009e-67
