model_name,weigth
arima,1.7751209624319513e-86
eakf_model1,3.862763827161621e-12
eakf_model2,2.556354154431839e-29
eakf_model3,0.9999999999961371
