model_name,weigth
arima,0.0
eakf_model1,4e-323
eakf_model2,1.4584873004557183e-08
eakf_model3,0.9999999854151269
