model_name,weigth
arima,0.0
eakf_model1,1.0424544548139105e-199
eakf_model2,0.9999999929981778
eakf_model3,7.00182219528432e-09
sarima,2.643471221108451e-145
