model_name,weigth
arima,4.275792909741271e-68
eakf_model1,1.1644172871270018e-12
eakf_model2,1.261084106641851e-11
eakf_model3,0.9999999999862248
sarima,2.143566855614631e-35
