model_name,weigth
arima,0.0
eakf_model1,4e-323
eakf_model2,4.875893931475642e-09
eakf_model3,0.9999999951241061
