model_name,weigth
arima,0.0
eakf_model1,4e-323
eakf_model2,3.3466981966323387e-09
eakf_model3,0.9999999966533017
