model_name,weigth
arima,0.0
eakf_model1,0.9999999991867444
eakf_model2,1.2708488959750475e-33
eakf_model3,8.132556264534603e-10
