model_name,weigth
arima,2e-323
eakf_model1,4.155523793311713e-10
eakf_model2,2.9836390148721817e-30
eakf_model3,0.9999999995844475
sarima,8.166840825149115e-227
