model_name,weigth
arima,4.1099339533434275e-211
eakf_model1,1.0592083882581054e-56
eakf_model2,7.692921367981778e-11
eakf_model3,0.9999999999230709
