model_name,weigth
arima,1.1973520262849258e-76
eakf_model1,2.5246086876605837e-20
eakf_model2,1.5420718625813423e-11
eakf_model3,0.9999999999832537
sarima,1.3256173898294445e-12
