model_name,weigth
arima,5.6827880552623045e-39
eakf_model1,9.216157857839079e-13
eakf_model2,9.643240296218337e-13
eakf_model3,0.9999999999981141
