model_name,weigth
arima,5.8429214447737275e-102
eakf_model1,2.4091196892742434e-11
eakf_model2,5.731811705439218e-17
eakf_model3,0.9999999999759087
sarima,2.6478586385169416e-55
