model_name,weigth
arima,2e-323
eakf_model1,0.9999999950607555
eakf_model2,4.939244212416822e-09
eakf_model3,1.0950279687222854e-16
sarima,4e-323
