model_name,weigth
arima,1.1505460908643273e-79
eakf_model1,5.441947283500942e-28
eakf_model2,8.066378731273705e-12
eakf_model3,0.9999999999919336
