model_name,weigth
arima,2.715884208170036e-51
eakf_model1,2.6782358092602994e-17
eakf_model2,3.2210349020215907e-12
eakf_model3,0.999999999996779
