model_name,weigth
arima,1.9420994694540077e-50
eakf_model1,4.3433332705518755e-12
eakf_model2,8.300629405036379e-15
eakf_model3,0.9999999999956484
