model_name,weigth
arima,9.368988513045487e-91
eakf_model1,2.8920222873406953e-11
eakf_model2,1.3924528630810645e-15
eakf_model3,0.9999999999710785
sarima,6.130539501205237e-63
