model_name,weigth
arima,2.9759089515148868e-68
eakf_model1,3.0882101046576225e-20
eakf_model2,4.6392536741979686e-12
eakf_model3,0.9999999999953607
