model_name,weigth
arima,1.2757063844418588e-67
eakf_model1,4.808488608100331e-21
eakf_model2,5.317518902901235e-12
eakf_model3,0.9999999999946825
