model_name,weigth
arima,0.0
eakf_model1,1.156824756863008e-08
eakf_model2,0.9999999884317524
eakf_model3,1.8479214163491157e-60
