model_name,weigth
arima,2.67672947006128e-107
eakf_model1,5.455759482789654e-27
eakf_model2,1.1095518399295034e-11
eakf_model3,0.9999999999889044
