model_name,weigth
arima,0.0
eakf_model1,2.579762459118232e-103
eakf_model2,1.113295742512532e-10
eakf_model3,0.9999999998886704
