model_name,weigth
arima,9.502952990423853e-103
eakf_model1,8.879533195829051e-24
eakf_model2,1.2297578565442714e-11
eakf_model3,0.9999999999877024
