model_name,weigth
arima,1.3021817089578498e-84
eakf_model1,2.0120627446004963e-13
eakf_model2,9.225293141018073e-12
eakf_model3,0.9999999999905735
