model_name,weigth
arima,1.174495216544466e-255
eakf_model1,0.999999999762538
eakf_model2,2.6539764691191167e-14
eakf_model3,2.3743550282512136e-10
sarima,1.2706787773853393e-190
