model_name,weigth
arima,0.0
eakf_model1,9.407799526900598e-07
eakf_model2,0.9999990592200473
eakf_model3,5.0116e-318
