model_name,weigth
arima,3.5360550173799687e-51
eakf_model1,2.580179517351268e-12
eakf_model2,4.096248837305923e-12
eakf_model3,0.9999999999933236
sarima,2.0345842556721473e-28
