model_name,weigth
arima,1.2015018020042375e-87
eakf_model1,1.2381668040786854e-24
eakf_model2,8.789519870344115e-12
eakf_model3,0.9999999999912106
