model_name,weigth
arima,1.6123315439634505e-167
eakf_model1,5.3397940528619636e-11
eakf_model2,4.7500959959418133e-20
eakf_model3,0.9999999999466022
