model_name,weigth
arima,0.0
eakf_model1,4e-323
eakf_model2,2.6016290065666055e-09
eakf_model3,0.999999997398371
