model_name,weigth
arima,1.67104378863399e-96
eakf_model1,6.301563303633776e-25
eakf_model2,2.117573098209326e-11
eakf_model3,0.9999999999788244
sarima,4.0565209048115204e-29
