model_name,weigth
arima,2e-323
eakf_model1,2.949659251817427e-253
eakf_model2,2.3336051957186396e-09
eakf_model3,0.9999999976663948
sarima,1.8034297332658244e-180
