model_name,weigth
arima,0.0
eakf_model1,0.9999999942583938
eakf_model2,1.3827466174166884e-43
eakf_model3,5.741606166857112e-09
