model_name,weigth
arima,6.133417274166371e-257
eakf_model1,8.710134721930248e-61
eakf_model2,2.72672850126001e-10
eakf_model3,0.9999999997273271
sarima,1.1274091690324036e-81
