model_name,weigth
arima,9.023306870992209e-50
eakf_model1,1.5708301285295102e-11
eakf_model2,0.9999999999842915
eakf_model3,4.286639780286211e-56
