model_name,weigth
arima,3.902934449828617e-136
eakf_model1,3.338983980819032e-47
eakf_model2,0.999999999957814
eakf_model3,4.218612984623391e-11
sarima,1.2375104943063556e-33
