model_name,weigth
arima,2e-323
eakf_model1,0.9999999820332784
eakf_model2,8.117694814876685e-60
eakf_model3,1.796672150473867e-08
sarima,4e-323
