model_name,weigth
arima,1.4309145746638117e-225
eakf_model1,0.9999999997210399
eakf_model2,2.789599839276359e-10
eakf_model3,1.679023508462572e-33
