model_name,weigth
arima,2.1757998574934164e-143
eakf_model1,3.3624758218376983e-26
eakf_model2,0.9999999999122183
eakf_model3,8.778168325384935e-11
