model_name,weigth
arima,6.221407127259106e-117
eakf_model1,1.3726331271174972e-27
eakf_model2,2.5263422935903277e-11
eakf_model3,0.9999999999747367
