model_name,weigth
arima,9.102160248505236e-122
eakf_model1,3.808037110165605e-11
eakf_model2,0.9999999999594763
eakf_model3,2.4433095530483974e-12
