model_name,weigth
arima,2.138190487265846e-69
eakf_model1,5.14590915419503e-11
eakf_model2,0.9999999999485409
eakf_model3,2.391524064826976e-114
