model_name,weigth
arima,2e-323
eakf_model1,0.8482670034735733
eakf_model2,0.1517329965264267
eakf_model3,1.2e-322
