model_name,weigth
arima,2.1311973877211186e-66
eakf_model1,2.0322632934692235e-11
eakf_model2,0.9999999999796774
eakf_model3,5.562372019614085e-17
