model_name,weigth
arima,2.6565816e-317
eakf_model1,1.6212013193345649e-105
eakf_model2,0.9999999998011759
eakf_model3,1.988240679061369e-10
