model_name,weigth
arima,1.750640226247848e-173
eakf_model1,2.615389364924026e-44
eakf_model2,4.9403551746725724e-11
eakf_model3,0.9999999999505964
