model_name,weigth
arima,1.45e-321
eakf_model1,1.3927789320287399e-09
eakf_model2,0.9999999986072211
eakf_model3,6.199564879484381e-116
sarima,1.0087099168272484e-304
