model_name,weigth
arima,3.7134582223793025e-275
eakf_model1,5.358450961801751e-83
eakf_model2,1.3375232998303847e-10
eakf_model3,0.9999999998662478
