model_name,weigth
arima,2.9669082134638075e-84
eakf_model1,1.0760614975793694e-24
eakf_model2,7.637105683162792e-12
eakf_model3,0.9999999999923628
