model_name,weigth
arima,6.042383259666093e-62
eakf_model1,3.656399087740292e-11
eakf_model2,0.9999999999634359
eakf_model3,8.42572707817641e-79
