model_name,weigth
arima,8.716374431335857e-28
eakf_model1,3.08502967315373e-13
eakf_model2,3.955670788313587e-12
eakf_model3,0.9999999999957359
