model_name,weigth
arima,5.827184396828786e-98
eakf_model1,0.9999999999272772
eakf_model2,7.272273949088605e-11
eakf_model3,9.76969460591984e-55
sarima,2.0512943875753534e-78
