model_name,weigth
arima,1.6023772933792014e-63
eakf_model1,9.744438004900331e-11
eakf_model2,0.9999999999025556
eakf_model3,6.821506988760006e-114
