model_name,weigth
arima,5.296711306947861e-51
eakf_model1,1.870676088032772e-11
eakf_model2,0.9999999999812932
eakf_model3,8.28509896012156e-63
