model_name,weigth
arima,1.9523713621530677e-64
eakf_model1,1.7416958684020653e-11
eakf_model2,0.999999999982583
eakf_model3,1.9998719880517677e-26
