model_name,weigth
arima,1.6633842254206187e-124
eakf_model1,2.0119511431964195e-10
eakf_model2,0.9999999997988048
eakf_model3,1.7761299953771462e-202
