model_name,weigth
arima,8.533845100980079e-58
eakf_model1,7.329845895152675e-11
eakf_model2,0.9999999999267016
eakf_model3,7.724087702855276e-104
