model_name,weigth
arima,4e-323
eakf_model1,0.9999999977860266
eakf_model2,2.2139733325022227e-09
eakf_model3,1.1390201374047345e-251
sarima,4e-323
