model_name,weigth
arima,5.307598890886933e-93
eakf_model1,2.0223971964533275e-10
eakf_model2,0.9999999997977602
eakf_model3,1.8826425207448958e-114
