model_name,weigth
arima,1.477237853151902e-122
eakf_model1,0.9999999998770477
eakf_model2,1.2295234271945597e-10
eakf_model3,3.9029484073210814e-90
sarima,4.4381587734758866e-122
