model_name,weigth
arima,2e-323
eakf_model1,0.9999999930911142
eakf_model2,6.908885815641407e-09
eakf_model3,2e-323
