model_name,weigth
arima,1.3627322410141327e-139
eakf_model1,1.05414391426299e-123
eakf_model2,3.198321800347703e-50
eakf_model3,1.1350487797947941e-10
sarima,0.9999999998864951
