model_name,weigth
arima,9.745534481110287e-32
eakf_model1,2.482312031330741e-27
eakf_model2,4.2774013139779115e-12
eakf_model3,0.9999999999957228
