model_name,weigth
arima,4.113649347219019e-83
eakf_model1,5.2457817704920894e-11
eakf_model2,0.9999999999475422
eakf_model3,8.364482043773189e-28
sarima,1.2629928913789792e-55
