model_name,weigth
arima,3.304039584746368e-53
eakf_model1,2.9137279625998606e-11
eakf_model2,0.9999999999708628
eakf_model3,5.830155873233387e-70
