model_name,weigth
arima,4e-323
eakf_model1,2e-323
eakf_model2,1.1105107943265674e-125
eakf_model3,1.3929510015219411e-09
sarima,0.9999999986070489
