model_name,weigth
arima,2.515566400295541e-79
eakf_model1,1.823719629546291e-24
eakf_model2,0.9999999999809577
eakf_model3,1.904224581396725e-11
sarima,1.2884329508671128e-23
