model_name,weigth
arima,1.0134652885450068e-46
eakf_model1,5.1741891309250196e-11
eakf_model2,0.9999999999482581
eakf_model3,5.265220861185771e-96
