model_name,weigth
arima,1.4733451560359817e-55
eakf_model1,4.9119787030892657e-11
eakf_model2,0.9999999999508802
eakf_model3,2.806610736274418e-63
