model_name,weigth
arima,7.614538761598025e-57
eakf_model1,2.2084383133833545e-11
eakf_model2,0.9999999999779157
eakf_model3,4.429264456160453e-73
