model_name,weigth
arima,2.3886360089843773e-82
eakf_model1,1.5396458676905975e-24
eakf_model2,0.9999999999848747
eakf_model3,1.5125371675870593e-11
