model_name,weigth
arima,3.0551061272149024e-267
eakf_model1,7.908046184333551e-10
eakf_model2,0.9999999992091952
eakf_model3,7.007980379741277e-118
sarima,6.6240927023705115e-223
