model_name,weigth
arima,2.0177393329055717e-64
eakf_model1,2.5696055378104787e-15
eakf_model2,0.9999999999837437
eakf_model3,1.625375036074181e-11
sarima,5.1208287427581695e-27
