model_name,weigth
arima,9.466364611449791e-61
eakf_model1,1.5448955534571345e-39
eakf_model2,1.718098864500175e-11
eakf_model3,0.999999999982819
sarima,4.534699346336608e-49
