model_name,weigth
arima,5.60994743234315e-44
eakf_model1,1.7879433236569626e-11
eakf_model2,0.9999999999821205
eakf_model3,1.5020361225031054e-50
