model_name,weigth
arima,6.213154084203057e-67
eakf_model1,1.7854632628349068e-75
eakf_model2,4.308199412360486e-15
eakf_model3,0.999999999989867
sarima,1.0128743299193182e-11
