model_name,weigth
arima,3.3844904377985718e-40
eakf_model1,3.9390458990247456e-11
eakf_model2,0.9999999999606096
eakf_model3,6.194768426355314e-70
