model_name,weigth
arima,2.3008698257188954e-91
eakf_model1,1.4880953966447437e-10
eakf_model2,3.606272576664671e-14
eakf_model3,0.9999999998511544
