model_name,weigth
arima,1.2672767053234233e-76
eakf_model1,0.9999999999200491
eakf_model2,7.912916531059465e-11
eakf_model3,8.216713141863986e-13
