model_name,weigth
arima,1.2093264770251566e-107
eakf_model1,0.9999999997349687
eakf_model2,2.650313097329135e-10
eakf_model3,3.6509326604313666e-35
sarima,9.48986968427702e-130
