model_name,weigth
arima,7.357335766052304e-73
eakf_model1,5.641843368014341e-11
eakf_model2,0.9999999999435788
eakf_model3,2.8776923645587755e-15
