model_name,weigth
arima,8.173719208630746e-55
eakf_model1,3.935108029779029e-38
eakf_model2,4.800513405137711e-11
eakf_model3,0.9999999999519948
