model_name,weigth
arima,1.4993370223677724e-239
eakf_model1,5.86721432964619e-106
eakf_model2,7.375222490300321e-10
eakf_model3,0.9999999992624777
sarima,1.0624442552987323e-253
