model_name,weigth
arima,2.719991759408584e-178
eakf_model1,2.0212227487807515e-10
eakf_model2,0.9999999997978777
eakf_model3,9.627292078289349e-182
