model_name,weigth
arima,2.644718293040311e-47
eakf_model1,3.962765264743696e-11
eakf_model2,0.9999999999603724
eakf_model3,1.742934012094673e-67
