model_name,weigth
arima,2.689460010299138e-24
eakf_model1,2.386580911454233e-11
eakf_model2,0.9999999999761341
eakf_model3,6.0516346875957106e-61
