model_name,weigth
arima,7.1805032053174056e-62
eakf_model1,5.601581695067213e-68
eakf_model2,6.92184132502392e-12
eakf_model3,0.9999999999930782
sarima,1.8601924866846285e-20
