model_name,weigth
arima,1.5781109842490774e-150
eakf_model1,1.4610130223921172e-10
eakf_model2,0.9999999998538986
eakf_model3,2.755899111536488e-163
