model_name,weigth
arima,4.640916758219532e-30
eakf_model1,2.2732637187688637e-11
eakf_model2,0.9999999999772673
eakf_model3,2.612419756451942e-57
