model_name,weigth
arima,1.923583483451638e-43
eakf_model1,5.460246748787352e-18
eakf_model2,2.47430825512522e-11
eakf_model3,0.9999999999752569
