model_name,weigth
arima,7.569856612424794e-78
eakf_model1,2.601624835654505e-53
eakf_model2,2.0198822485770857e-10
eakf_model3,0.9999999997980119
sarima,7.06026221791428e-78
