model_name,weigth
arima,2.853887438559851e-63
eakf_model1,1.1941565888488451e-21
eakf_model2,1.2163759606671898e-10
eakf_model3,0.9999999998783624
sarima,4.455472839599684e-65
