model_name,weigth
arima,3.282899324654027e-55
eakf_model1,6.933221424695345e-62
eakf_model2,5.938278042397798e-12
eakf_model3,0.9999999999940618
