model_name,weigth
arima,5.673936694362267e-254
eakf_model1,1.458846484610381e-268
eakf_model2,6.3711975960371974e-09
eakf_model3,0.9999999936288023
sarima,6.0213860825597484e-229
