model_name,weigth
arima,8.089431178721116e-122
eakf_model1,3.4586942858954405e-10
eakf_model2,0.9999999996541307
eakf_model3,3.418115634668736e-85
