model_name,weigth
arima,3.459476768617216e-33
eakf_model1,3.260827099164092e-11
eakf_model2,0.9999999999673916
eakf_model3,2.6421022985174477e-21
sarima,2.3764153458926902e-29
