model_name,weigth
arima,3.113477417224743e-18
eakf_model1,5.460009365951697e-13
eakf_model2,0.9999999999914082
eakf_model3,8.045818029038676e-12
