model_name,weigth
arima,9.058490136130934e-46
eakf_model1,1.2134183294171796e-11
eakf_model2,0.9999999999878659
eakf_model3,2.360850444314196e-51
