model_name,weigth
arima,1.792815144193305e-53
eakf_model1,2.2404834135017813e-11
eakf_model2,0.9999999999775953
eakf_model3,6.890734595925524e-73
