model_name,weigth
arima,3.9940526679783894e-36
eakf_model1,5.369770636920657e-21
eakf_model2,0.33122367267313174
eakf_model3,0.6687763273268683
