model_name,weigth
arima,3.1818886502650465e-10
eakf_model1,5.707555395074066e-23
eakf_model2,6.2289291568979306e-27
eakf_model3,0.9999999996818112
