model_name,weigth
arima,4.523156171636029e-233
eakf_model1,3.2849514830511656e-09
eakf_model2,0.9999999967150485
eakf_model3,4.576574416889236e-158
sarima,9.724059229587874e-250
