model_name,weigth
arima,8.532080359874008e-11
eakf_model1,8.90589314912352e-103
eakf_model2,2.609423472213275e-22
eakf_model3,0.9999999999146791
sarima,7.303359718466031e-20
