model_name,weigth
arima,3.0269551980757863e-51
eakf_model1,5.592069731305271e-49
eakf_model2,0.9999999998752515
eakf_model3,1.2474843390463602e-10
