model_name,weigth
arima,3.0729070020974e-10
eakf_model1,1.7273277416928018e-95
eakf_model2,1.3040885903975498e-56
eakf_model3,0.9999999996927094
sarima,2.160083013644001e-70
