model_name,weigth
arima,9.113295994514395e-38
eakf_model1,3.5759758844667195e-11
eakf_model2,0.9999999999642402
eakf_model3,1.784652562500852e-26
