model_name,weigth
arima,1.9287076913390408e-10
eakf_model1,2.3097884512871644e-134
eakf_model2,8.400428247799463e-77
eakf_model3,0.9999999998071294
