model_name,weigth
arima,2.1158446059550085e-74
eakf_model1,1.4187043856636496e-10
eakf_model2,0.9999999998581295
eakf_model3,6.769545296860436e-58
sarima,8.265975506734241e-66
