model_name,weigth
arima,0.999999995415829
eakf_model1,1.069733717878478e-36
eakf_model2,4.5841709572865106e-09
eakf_model3,6.23176498887266e-40
sarima,8.510890711877901e-139
