model_name,weigth
arima,2.8290529330694244e-101
eakf_model1,6.77018827802097e-11
eakf_model2,0.999999999932298
eakf_model3,4.60223113624056e-99
