model_name,weigth
arima,1.3481620088372306e-152
eakf_model1,7.38407067458646e-11
eakf_model2,0.9999999999261593
eakf_model3,3.051866518024443e-76
