model_name,weigth
arima,1.6512239657473217e-11
eakf_model1,3.328227123271229e-61
eakf_model2,3.487605300766541e-18
eakf_model3,0.9999999999834878
