model_name,weigth
arima,9.041540950050388e-48
eakf_model1,5.080300139776311e-277
eakf_model2,8.361187680247835e-40
eakf_model3,0.38787708506569624
sarima,0.6121229149343037
