model_name,weigth
arima,2e-323
eakf_model1,6.652048865914205e-08
eakf_model2,8e-323
eakf_model3,0.9999999334795113
sarima,1.3e-322
