model_name,weigth
arima,1.0478568423322349e-13
eakf_model1,4.313612982260167e-21
eakf_model2,3.468050442468715e-30
eakf_model3,5.085456349389137e-12
sarima,0.9999999999948098
