model_name,weigth
arima,3.843966084816375e-15
eakf_model1,1.2522564605298861e-25
eakf_model2,4.67589628364366e-23
eakf_model3,3.0924108520802678e-12
sarima,0.9999999999969037
