model_name,weigth
arima,9.538041630926613e-32
eakf_model1,2.760086553576006e-11
eakf_model2,1.0097668059098906e-36
eakf_model3,0.9999999999723991
