model_name,weigth
arima,2.0162217269095148e-12
eakf_model1,4.879326617831122e-19
eakf_model2,4.827917330882922e-17
eakf_model3,0.9999999999979837
