model_name,weigth
arima,0.0
eakf_model1,4.680629902915746e-10
eakf_model2,6.46376735675785e-40
eakf_model3,0.999999999531937
