model_name,weigth
arima,2.99174705769953e-18
eakf_model1,3.9160238677111206e-14
eakf_model2,1.3505651486549488e-12
eakf_model3,0.9999999999986103
