model_name,weigth
arima,4.060780700426957e-34
eakf_model1,1.3955529874132745e-18
eakf_model2,0.9999999999173586
eakf_model3,8.264140038436694e-11
