model_name,weigth
arima,2.608454309448911e-74
eakf_model1,4.289233101800681e-22
eakf_model2,1.9874029682965078e-106
eakf_model3,0.9999999996296398
sarima,3.703600872817159e-10
