model_name,weigth
arima,5.559294822483804e-13
eakf_model1,3.875576039562737e-14
eakf_model2,1.7321257514627167e-15
eakf_model3,0.9999999999994035
