model_name,weigth
arima,2.128388587877699e-09
eakf_model1,6.0526011870664e-309
eakf_model2,2.2471502651999903e-90
eakf_model3,0.9999999978716114
