model_name,weigth
arima,2.122495055777678e-15
eakf_model1,1.312761902840663e-32
eakf_model2,5.481047918222222e-19
eakf_model3,2.910061970876875e-12
sarima,0.9999999999970879
