model_name,weigth
arima,1.0605882024495368e-10
eakf_model1,1.1978376918063666e-61
eakf_model2,2.8046157857666878e-43
eakf_model3,0.9999999998939411
