model_name,weigth
arima,2.407519830609864e-32
eakf_model1,1.5618783901204192e-10
eakf_model2,0.9999999998438122
eakf_model3,6.171167366876223e-54
