model_name,weigth
arima,7.293647334985066e-55
eakf_model1,5.455141933845212e-17
eakf_model2,1.3950577705383618e-11
eakf_model3,0.9999999999860493
sarima,9.654904429205733e-50
