model_name,weigth
arima,2e-323
eakf_model1,0.803146617733713
eakf_model2,4.366567682104943e-36
eakf_model3,0.1968533822662869
sarima,4e-323
