model_name,weigth
arima,1.609884473130861e-252
eakf_model1,1.7796316538072958e-10
eakf_model2,7.1024503092268035e-15
eakf_model3,0.9999999998220298
