model_name,weigth
arima,1.9519615682356177e-64
eakf_model1,1.1646941171499578e-11
eakf_model2,1.0674102755342902e-15
eakf_model3,0.9999999999883521
