model_name,weigth
arima,9.709236219667642e-24
eakf_model1,1.6946360587428169e-13
eakf_model2,0.9999999999961046
eakf_model3,3.726026150558711e-12
