model_name,weigth
arima,0.0
eakf_model1,4.138911974738691e-05
eakf_model2,0.9999586108802525
eakf_model3,2.297e-321
