model_name,weigth
arima,7.162858823636284e-51
eakf_model1,4.306651843399507e-14
eakf_model2,0.9999999999690166
eakf_model3,3.094028429439126e-11
