model_name,weigth
arima,1.3987225052942744e-62
eakf_model1,1.5888499387424566e-11
eakf_model2,2.1245447853263086e-13
eakf_model3,0.999999999983899
sarima,3.2457815506995727e-52
