model_name,weigth
arima,5.275760499888503e-102
eakf_model1,0.9999997070740787
eakf_model2,2.929259213334964e-07
eakf_model3,4e-323
