model_name,weigth
arima,2.0197887489594645e-49
eakf_model1,6.200277053046143e-12
eakf_model2,2.5420774364504194e-12
eakf_model3,0.9999999999912575
