model_name,weigth
arima,2.283454240369036e-33
eakf_model1,7.685603958522654e-12
eakf_model2,0.999999999992311
eakf_model3,3.3199135820307765e-15
