model_name,weigth
arima,0.0
eakf_model1,7.450199402026878e-13
eakf_model2,0.9999999997554303
eakf_model3,2.4382461344369744e-10
