model_name,weigth
arima,1.442955525423994e-81
eakf_model1,1.4131577564267279e-42
eakf_model2,4.4044304667089253e-11
eakf_model3,0.9999999999559557
