model_name,weigth
arima,8.009090763177876e-53
eakf_model1,7.05994130561709e-23
eakf_model2,1.2995543669178142e-11
eakf_model3,0.9999999999870045
sarima,5.870136138811858e-45
