model_name,weigth
arima,2.4810275843352068e-85
eakf_model1,4.142497705745123e-11
eakf_model2,0.999999999954792
eakf_model3,3.78289245136445e-12
