model_name,weigth
arima,3.0033142439342034e-48
eakf_model1,8.767762096201095e-18
eakf_model2,0.9999999999851907
eakf_model3,1.4809292384503625e-11
