model_name,weigth
arima,1.0228198631373836e-53
eakf_model1,3.667552507232627e-17
eakf_model2,7.549284488694567e-12
eakf_model3,0.9999999999924507
