model_name,weigth
arima,4.779089143301414e-62
eakf_model1,5.760494025200226e-27
eakf_model2,1.0900626083589676e-11
eakf_model3,0.9999999999890994
