model_name,weigth
arima,4.352154789414943e-21
eakf_model1,4.778117912055318e-12
eakf_model2,0.9999999999952218
eakf_model3,1.9796991091994937e-18
sarima,2.030856748323928e-165
