model_name,weigth
arima,1.5e-323
eakf_model1,5.6219255185624e-311
eakf_model2,0.9999991793608338
eakf_model3,8.206391660878548e-07
sarima,3e-323
