model_name,weigth
arima,2.2283386617455123e-23
eakf_model1,4.796384148724465e-13
eakf_model2,9.099346602508757e-21
eakf_model3,5.52621123577054e-15
sarima,0.9999999999995148
