model_name,weigth
arima,4.907852986242245e-123
eakf_model1,2.2347509497577315e-12
eakf_model2,8.440018556789905e-15
eakf_model3,1.1616595662169125e-16
sarima,0.9999999999977567
