model_name,weigth
arima,0.0
eakf_model1,0.9999999999689411
eakf_model2,1.9471737523811743e-16
eakf_model3,3.105872949026812e-11
sarima,0.0
