model_name,weigth
arima,2.5e-323
eakf_model1,0.9999999983482502
eakf_model2,1.0722463541282797e-100
eakf_model3,1.6517498176188506e-09
sarima,1.8006871689968108e-208
