model_name,weigth
arima,1.858778609148564e-122
eakf_model1,2.955499298752315e-11
eakf_model2,3.9500889728434675e-49
eakf_model3,0.999999999970445
sarima,1.2134074034716865e-246
