model_name,weigth
arima,2e-323
eakf_model1,4.6316711549509365e-09
eakf_model2,1.1166239646646986e-212
eakf_model3,0.9999999953683288
sarima,0.0
