model_name,weigth
arima,6.295518028613162e-110
eakf_model1,4.088224503376712e-15
eakf_model2,4.189028491218917e-11
eakf_model3,0.9999999999581055
sarima,3.9409796121806965e-69
