model_name,weigth
arima,1.2936690508685735e-115
eakf_model1,3.647907195648706e-11
eakf_model2,1.7846615703557118e-47
eakf_model3,0.999999999963521
sarima,1.5825076010141324e-175
