model_name,weigth
arima,0.0
eakf_model1,0.999999999718409
eakf_model2,7.728946963387089e-16
eakf_model3,2.815901602970894e-10
sarima,2e-323
