model_name,weigth
arima,5.164940627401403e-182
eakf_model1,6.228227688651995e-11
eakf_model2,7.496648124781008e-43
eakf_model3,0.9999999999377178
sarima,5.164940627401403e-182
