model_name,weigth
arima,0.0
eakf_model1,0.10770488551079867
eakf_model2,0.8922951144892013
eakf_model3,2.928811103580952e-246
sarima,2e-323
