model_name,weigth
arima,3.3277290471752266e-36
eakf_model1,1.3802305226892514e-11
eakf_model2,1.290539069564582e-18
eakf_model3,0.9999999999861977
sarima,3.3277290471752266e-36
