model_name,weigth
arima,2e-323
eakf_model1,0.9999999979999801
eakf_model2,2.7108223803439445e-39
eakf_model3,2.000019817876126e-09
sarima,2e-323
