model_name,weigth
arima,0.0
eakf_model1,0.9999999998607464
eakf_model2,1.1770976842804534e-40
eakf_model3,1.3925360519065685e-10
sarima,0.0
