model_name,weigth
arima,1.2628317582064762e-81
eakf_model1,1.963873509147385e-11
eakf_model2,1.5750926597854537e-37
eakf_model3,0.9999999999803613
sarima,4.011560219509645e-51
