model_name,weigth
arima,1.462996666937837e-256
eakf_model1,0.9999999999695051
eakf_model2,3.117539932362114e-14
eakf_model3,3.046378374898292e-11
sarima,3.898684578977853e-269
