model_name,weigth
arima,5.315150998273179e-277
eakf_model1,0.9999999999428424
eakf_model2,2.8027133232095498e-21
eakf_model3,5.7157596101503754e-11
sarima,8.456171294953476e-289
