model_name,weigth
arima,0.0
eakf_model1,6.951973425536234e-10
eakf_model2,0.9999999993048027
eakf_model3,2.31394332357846e-42
sarima,0.0
