model_name,weigth
arima,1.231e-320
eakf_model1,7.791251248469657e-10
eakf_model2,8.396773033005264e-224
eakf_model3,0.9999999992208748
sarima,7.131876055255347e-69
