model_name,weigth
arima,2e-323
eakf_model1,0.9999999960290689
eakf_model2,3.970931091365898e-09
eakf_model3,6.033368540329239e-306
sarima,2e-323
