model_name,weigth
arima,2e-323
eakf_model1,2.3771622852388304e-43
eakf_model2,0.9999999968670704
eakf_model3,3.1329296310836245e-09
sarima,2e-323
