model_name,weigth
arima,3.922871174621572e-78
eakf_model1,4.812045079889053e-11
eakf_model2,3.606737595291277e-49
eakf_model3,0.9999999999518795
sarima,4.052171590348644e-65
