model_name,weigth
arima,8.30570104e-315
eakf_model1,0.9999999998896314
eakf_model2,2.711645827245528e-55
eakf_model3,1.1036854122171476e-10
sarima,2.4880769362793153e-169
