model_name,weigth
arima,1.1044806256009041e-178
eakf_model1,8.057259376951173e-11
eakf_model2,0.9999999999194273
eakf_model3,7.9765251020295e-18
sarima,5.427098625999168e-142
