model_name,weigth
arima,5.066699311102318e-66
eakf_model1,0.9999999999666499
eakf_model2,3.33282755620359e-11
eakf_model3,2.177574512362221e-14
sarima,2.174631338597003e-54
