model_name,weigth
arima,1.4168570478210829e-56
eakf_model1,0.9999999998805181
eakf_model2,4.3909154546496675e-42
eakf_model3,1.1948180542285267e-10
sarima,1.2017057130663605e-42
