model_name,weigth
arima,0.0
eakf_model1,0.9999999732944364
eakf_model2,1.844721370765214e-134
eakf_model3,2.670556359836037e-08
sarima,2e-323
