model_name,weigth
arima,9.18545540874266e-75
eakf_model1,2.0322294372550174e-12
eakf_model2,0.9999999999908981
eakf_model3,7.069664475079379e-12
sarima,3.682161655418208e-60
