model_name,weigth
arima,2.8801036904019056e-103
eakf_model1,1.0850598500856639e-11
eakf_model2,3.592891037077728e-33
eakf_model3,0.9999999999891495
sarima,8.867549358816904e-80
