model_name,weigth
arima,6.436813599316553e-148
eakf_model1,0.9999999999778717
eakf_model2,4.519174556977416e-16
eakf_model3,2.212773221726498e-11
sarima,1.7371923416407617e-149
