model_name,weigth
arima,2e-323
eakf_model1,0.9999999936927291
eakf_model2,6.3072640264398435e-09
eakf_model3,6.8387483634727255e-15
sarima,2e-323
