model_name,weigth
arima,2e-323
eakf_model1,0.9999999561918057
eakf_model2,4.140971336471341e-117
eakf_model3,4.3808194257974505e-08
sarima,2e-323
