model_name,weigth
arima,0.0
eakf_model1,6.256292073550021e-89
eakf_model2,4.38456489977457e-10
eakf_model3,0.9999999995615435
sarima,1.7150849873144542e-261
