model_name,weigth
arima,1.784237780791876e-197
eakf_model1,5.0521195101751425e-11
eakf_model2,6.159826213459174e-47
eakf_model3,0.9999999999494789
sarima,2.2625553584198002e-207
