model_name,weigth
arima,2e-323
eakf_model1,3.3751702943e-313
eakf_model2,3.15448785626728e-121
eakf_model3,1.1629408786131572e-09
sarima,0.9999999988370591
