model_name,weigth
arima,0.0
eakf_model1,8.570353048993401e-101
eakf_model2,0.9999999997998765
eakf_model3,2.0012349255088497e-10
sarima,3.838966049855882e-75
