model_name,weigth
arima,1.0519380505569819e-52
eakf_model1,9.775217689215044e-17
eakf_model2,3.49266761883983e-13
eakf_model3,0.9999999999956563
sarima,3.994373198813842e-12
