model_name,weigth
arima,2.994946269461351e-80
eakf_model1,2.8598097991545914e-15
eakf_model2,1.825645064214531e-11
eakf_model3,0.9999999999817407
sarima,2.2835576864531034e-63
