model_name,weigth
arima,0.0
eakf_model1,1.1913869039778878e-216
eakf_model2,4.176623352658328e-09
eakf_model3,0.9999999958233766
sarima,2e-323
