model_name,weigth
arima,4.425685695018454e-104
eakf_model1,7.97103991341774e-24
eakf_model2,3.381922020981229e-11
eakf_model3,0.9999999999661808
sarima,8.1637486069375e-84
