model_name,weigth
arima,9.95955345338953e-178
eakf_model1,0.9999999999246096
eakf_model2,1.5982227896297357e-44
eakf_model3,7.539032613090511e-11
sarima,3.172074430121673e-131
