model_name,weigth
arima,3.9056374569605255e-38
eakf_model1,0.9999999999657985
eakf_model2,3.420144871232174e-11
eakf_model3,1.3660201531207472e-19
sarima,3.4603986125274364e-55
