model_name,weigth
arima,4.174690319490889e-140
eakf_model1,2.242330968265982e-37
eakf_model2,5.083006423878909e-10
eakf_model3,0.9999999994916995
sarima,2.6023740418208587e-51
