model_name,weigth
arima,7.075803408022556e-183
eakf_model1,1.0160846448733888e-09
eakf_model2,0.9999999989839152
eakf_model3,1.0299690751656924e-43
sarima,8.146631958677009e-300
