model_name,weigth
arima,1.749645e-318
eakf_model1,2.3546727536456935e-74
eakf_model2,0.9999999998401903
eakf_model3,1.598097717639218e-10
sarima,8.378481538947572e-158
