model_name,weigth
arima,5.645662007439773e-141
eakf_model1,0.9999999999458851
eakf_model2,2.178965463728424e-11
eakf_model3,3.232520637919387e-11
sarima,6.338855853775663e-84
