model_name,weigth
arima,7.945466916125593e-86
eakf_model1,6.312046199735939e-16
eakf_model2,7.071537418291866e-11
eakf_model3,0.9999999999292841
sarima,2.0407408644119063e-88
