model_name,weigth
arima,2.7257703699427444e-119
eakf_model1,3.3286576029424693e-75
eakf_model2,0.9999999999837592
eakf_model3,1.613729402439859e-11
sarima,1.0349877858460671e-13
