model_name,weigth
arima,2e-323
eakf_model1,5.4425038007e-314
eakf_model2,0.9999999977600826
eakf_model3,8.118842564515206e-50
sarima,2.2399173786058592e-09
