model_name,weigth
arima,1.250235257156899e-119
eakf_model1,0.9999999995755968
eakf_model2,1.6530290831370827e-73
eakf_model3,1.7191451210757146e-55
sarima,4.2440320673467954e-10
