model_name,weigth
arima,1.5242879345211305e-16
eakf_model1,0.9999999999980737
eakf_model2,7.628167159404025e-19
eakf_model3,6.054892536910671e-19
sarima,1.92613290884235e-12
