model_name,weigth
arima,4.160420205063474e-192
eakf_model1,0.9999999997024491
eakf_model2,2.9755089677214877e-10
eakf_model3,2.6192236043585194e-77
sarima,8.260314757576576e-187
