model_name,weigth
arima,2.1985035368823525e-145
eakf_model1,6.161454093266444e-219
eakf_model2,2.8419285985547136e-78
eakf_model3,0.999999999869687
sarima,1.3031292049673387e-10
