model_name,weigth
arima,1.2106712961677055e-21
eakf_model1,0.999999999998464
eakf_model2,1.5355248332986035e-12
eakf_model3,4.80905497120241e-16
sarima,5.2414993435203626e-18
