model_name,weigth
arima,7.117856108575504e-155
eakf_model1,0.9999999997940108
eakf_model2,2.0598921685863156e-10
eakf_model3,1.6462627030280407e-75
sarima,2.508953034074309e-131
