model_name,weigth
arima,5.4064422592555684e-45
eakf_model1,1.385912034631251e-15
eakf_model2,5.728982596160585e-12
eakf_model3,0.9999999999942697
sarima,2.6739401055602097e-86
