model_name,weigth
arima,2.093266733532771e-66
eakf_model1,0.9999999999456748
eakf_model2,4.688311645964691e-13
eakf_model3,5.385630383690786e-11
sarima,1.2726607894169057e-88
