model_name,weigth
arima,4.4730626647649645e-23
eakf_model1,0.9999999999941609
eakf_model2,5.8323752471419814e-12
eakf_model3,6.713696086027218e-15
sarima,7.429554855814481e-23
