model_name,weigth
arima,1.1798281171489315e-68
eakf_model1,1.7299826966928164e-141
eakf_model2,4.261471253807585e-10
eakf_model3,0.9999999995738528
sarima,5.5388468148121034e-92
