model_name,weigth
arima,7.894142757719492e-71
eakf_model1,0.9999999994097236
eakf_model2,5.902762711295014e-10
eakf_model3,3.6962144303629685e-50
sarima,1.8854496492976037e-116
