model_name,weigth
arima,1.2630524828855127e-31
eakf_model1,0.9999999999223947
eakf_model2,7.978534960549494e-29
eakf_model3,2.8476401931574024e-38
sarima,7.760530286185293e-11
