model_name,weigth
arima,2.514427060349549e-37
eakf_model1,3.8649983945264856e-21
eakf_model2,4.0991573135289975e-12
eakf_model3,0.9999999999959008
sarima,5.239381599722418e-43
