model_name,weigth
arima,2.16997472897428e-171
eakf_model1,1.4715518028180984e-62
eakf_model2,0.9999999982226258
eakf_model3,1.7773742403153637e-09
sarima,3.826532405702596e-192
