model_name,weigth
arima,4.7265662726549585e-11
eakf_model1,3.3628199807073346e-114
eakf_model2,2.0207414103386625e-27
eakf_model3,3.259740299389524e-38
sarima,0.9999999999527344
