model_name,weigth
arima,0.8025009828208485
eakf_model1,6.735961270378641e-171
eakf_model2,1.475845013423442e-15
eakf_model3,0.19749901717915003
sarima,1.1151820042487295e-76
