model_name,weigth
arima,5.658794618735077e-258
eakf_model1,1.050510375850343e-09
eakf_model2,0.9999999989494897
eakf_model3,4.392108711878563e-232
sarima,4.765504558901503e-266
