model_name,weigth
arima,6.469384783590946e-190
eakf_model1,4.2955848715001997e-101
eakf_model2,2.4705808828683358e-09
eakf_model3,0.9999999975294191
sarima,6.59523960561884e-207
