model_name,weigth
arima,1.7506912314690534e-14
eakf_model1,8.198800866407203e-29
eakf_model2,1.202724069809805e-12
eakf_model3,1.868850679792934e-13
sarima,0.9999999999985929
