model_name,weigth
arima,1.4567022636936935e-29
eakf_model1,0.9999999999330995
eakf_model2,1.6539165350215774e-11
eakf_model3,5.0361392311285187e-11
sarima,6.652514013136177e-33
