model_name,weigth
arima,1.110174842020988e-36
eakf_model1,0.9999999999596466
eakf_model2,4.035332544153873e-11
eakf_model3,9.010109849020863e-45
sarima,4.628272319757141e-42
