model_name,weigth
arima,8.735906472631443e-145
eakf_model1,1.6678366193167511e-10
eakf_model2,0.9999999998332163
eakf_model3,1.1412104645119438e-24
sarima,1.2568487282436354e-132
