model_name,weigth
arima,5.770443499701976e-139
eakf_model1,0.9999999999611879
eakf_model2,3.881157873240899e-11
eakf_model3,5.504201068728833e-16
sarima,4.889128698248842e-112
