model_name,weigth
arima,1.0401898347854155e-12
eakf_model1,5.6750923819506196e-15
eakf_model2,2.0094158878854534e-23
eakf_model3,5.313286246372724e-18
sarima,0.9999999999989541
