model_name,weigth
arima,2e-323
eakf_model1,2.9659108075504526e-08
eakf_model2,0.9999999703408919
eakf_model3,8.150427142566296e-192
sarima,4.096158629419949e-304
