model_name,weigth
arima,5.758700350357049e-147
eakf_model1,0.9999999992925317
eakf_model2,1.2277950801189454e-121
eakf_model3,7.074683094256121e-10
sarima,1.2932460242409744e-86
