model_name,weigth
arima,3.714622835508853e-12
eakf_model1,5.191536309650868e-13
eakf_model2,4.667555334946971e-25
eakf_model3,2.8693201359641582e-15
sarima,0.9999999999957634
