model_name,weigth
arima,2.316669057348994e-68
eakf_model1,8.474823664987801e-11
eakf_model2,2.339609302923043e-57
eakf_model3,0.9999999999152518
sarima,1.7662797155227368e-38
