model_name,weigth
arima,2e-323
eakf_model1,6.87414617593005e-79
eakf_model2,1.1048750140258189e-09
eakf_model3,0.9999999988951249
sarima,2e-323
