model_name,weigth
arima,1.9242634584624966e-206
eakf_model1,2.146539027210926e-59
eakf_model2,2.898249073356251e-10
eakf_model3,0.9999999997101752
sarima,8.701346967195373e-270
