model_name,weigth
arima,9.51308958902077e-76
eakf_model1,1.3116629763116526e-20
eakf_model2,3.077177853569121e-11
eakf_model3,0.9999999999692283
sarima,6.88027873558377e-39
