model_name,weigth
arima,2.8699034857927396e-116
eakf_model1,8.115807760843787e-11
eakf_model2,1.2317120674750563e-19
eakf_model3,0.999999999918842
sarima,2.619541896515303e-85
