model_name,weigth
arima,1.1335942564589542e-102
eakf_model1,9.384121949090875e-15
eakf_model2,1.2704649040079992e-10
eakf_model3,0.9999999998729441
sarima,2.084307336643599e-92
