model_name,weigth
arima,8.271205541176709e-66
eakf_model1,8.317684283707439e-24
eakf_model2,2.45074321799683e-11
eakf_model3,0.9999999999754925
sarima,3.7445858150936207e-60
