model_name,weigth
arima,3.649099540072809e-241
eakf_model1,0.9999999999381726
eakf_model2,1.1953064565720041e-54
eakf_model3,6.18274544609428e-11
sarima,1.3033147734503494e-74
