model_name,weigth
arima,0.0
eakf_model1,1.5387328293764012e-08
eakf_model2,1.5e-322
eakf_model3,0.9999999846126717
sarima,0.0
