model_name,weigth
arima,1.829635778969466e-301
eakf_model1,2.2588396244956118e-10
eakf_model2,2.1623195607462198e-79
eakf_model3,0.9999999997741161
sarima,7.571817062602787e-191
