model_name,weigth
arima,0.0
eakf_model1,1.1703123811664708e-09
eakf_model2,1.1660430095270683e-117
eakf_model3,0.9999999988296875
sarima,2.4814056362050903e-306
