model_name,weigth
arima,0.0
eakf_model1,9.985394186169075e-09
eakf_model2,1.4224548871224588e-278
eakf_model3,0.9999999900146062
sarima,0.0
