model_name,weigth
arima,0.0
eakf_model1,7.217900590616321e-09
eakf_model2,5.590545882848571e-225
eakf_model3,0.9999999927820994
sarima,0.0
