model_name,weigth
arima,0.0
eakf_model1,4.7996482157750915e-09
eakf_model2,2.5330108225307105e-188
eakf_model3,0.9999999952003519
sarima,0.0
