model_name,weigth
arima,0.0
eakf_model1,2.6584329295820653e-09
eakf_model2,7.697999568681547e-126
eakf_model3,0.9999999973415671
sarima,0.0
