model_name,weigth
arima,0.0
eakf_model1,3.566932018346142e-09
eakf_model2,1.0734389335899022e-132
eakf_model3,0.9999999964330678
sarima,0.0
