model_name,weigth
arima,0.0
eakf_model1,2.3958413320831044e-09
eakf_model2,2.645304799447084e-122
eakf_model3,0.9999999976041584
sarima,0.0
