model_name,weigth
arima,0.0
eakf_model1,8.937309370058472e-10
eakf_model2,4.028587719659742e-72
eakf_model3,0.9999999991062689
sarima,0.0
