model_name,weigth
arima,0.0
eakf_model1,9.632965245324882e-10
eakf_model2,9.124321868231425e-74
eakf_model3,0.9999999990367036
sarima,0.0
