model_name,weigth
arima,0.0
eakf_model1,1.0781691744352072e-09
eakf_model2,8.513711475523712e-78
eakf_model3,0.9999999989218306
sarima,0.0
