model_name,weigth
arima,0.0
eakf_model1,8.548808990613218e-10
eakf_model2,2.04878423104345e-71
eakf_model3,0.9999999991451193
sarima,0.0
