model_name,weigth
arima,0.0
eakf_model1,6.349519002689826e-09
eakf_model2,3.1080359329804734e-162
eakf_model3,0.9999999936504811
sarima,0.0
