model_name,weigth
arima,0.0
eakf_model1,0.9999999988721533
eakf_model2,2.0585772114526943e-75
eakf_model3,1.1278466450295932e-09
sarima,0.0
