model_name,weigth
arima,0.0
eakf_model1,0.9999999973302305
eakf_model2,5.766650729260644e-107
eakf_model3,2.6697695595739404e-09
sarima,0.0
