model_name,weigth
arima,0.0
eakf_model1,0.9999999995355586
eakf_model2,7.58685358992203e-49
eakf_model3,4.644411578742971e-10
sarima,0.0
