model_name,weigth
arima,0.0
eakf_model1,0.9999999991696905
eakf_model2,1.8004540280539532e-64
eakf_model3,8.303096175008143e-10
sarima,0.0
