model_name,weigth
arima,0.0
eakf_model1,0.9999999995187943
eakf_model2,3.1113053310927973e-49
eakf_model3,4.812061485533029e-10
sarima,0.0
