model_name,weigth
arima,0.0
eakf_model1,0.9999999993542028
eakf_model2,4.228475463209106e-57
eakf_model3,6.457973397697745e-10
sarima,0.0
