model_name,weigth
arima,0.0
eakf_model1,0.9999999990592772
eakf_model2,1.752862203364269e-70
eakf_model3,9.407229266771196e-10
sarima,0.0
