model_name,weigth
arima,0.0
eakf_model1,0.9999999995315537
eakf_model2,3.3792350004215492e-46
eakf_model3,4.684464088767723e-10
sarima,0.0
