model_name,weigth
arima,0.0
eakf_model1,0.9999999995352659
eakf_model2,4.204449712042454e-47
eakf_model3,4.6473397723351223e-10
sarima,0.0
