model_name,weigth
arima,0.0
eakf_model1,0.9999999986423854
eakf_model2,1.3100511631881876e-64
eakf_model3,1.3576145869663329e-09
sarima,0.0
