model_name,weigth
arima,0.0
eakf_model1,0.9999999951308852
eakf_model2,2.9412222156899963e-115
eakf_model3,4.869114502734239e-09
sarima,0.0
