model_name,weigth
arima,0.0
eakf_model1,0.9999999965401729
eakf_model2,1.4001587108901526e-101
eakf_model3,3.4598269525925498e-09
sarima,0.0
