model_name,weigth
arima,0.0
eakf_model1,0.9999999964807219
eakf_model2,1.1456863382088405e-104
eakf_model3,3.5192775036613457e-09
sarima,0.0
