model_name,weigth
arima,0.0
eakf_model1,2.812648957736158e-09
eakf_model2,9.711665709419088e-82
eakf_model3,0.9999999971873509
sarima,0.0
