model_name,weigth
arima,0.0
eakf_model1,1.0029890543618222e-09
eakf_model2,1.0097352259432644e-50
eakf_model3,0.9999999989970108
sarima,0.0
