model_name,weigth
arima,0.0
eakf_model1,8.380984259066009e-10
eakf_model2,3.12736186597876e-45
eakf_model3,0.9999999991619014
sarima,0.0
