model_name,weigth
arima,0.0
eakf_model1,9.343828227498927e-10
eakf_model2,7.480895421657187e-44
eakf_model3,0.9999999990656177
sarima,0.0
