model_name,weigth
arima,6.432021349154341e-283
eakf_model1,2.164316403296777e-10
eakf_model2,1.807559426884491e-18
eakf_model3,0.9999999997835683
sarima,2.2037926052181607e-220
