model_name,weigth
arima,0.0
eakf_model1,4.138196824360052e-09
eakf_model2,8.892362688152545e-62
eakf_model3,0.9999999958618031
sarima,0.0
