model_name,weigth
arima,0.0
eakf_model1,1.5630722623357434e-09
eakf_model2,2.3563171101435125e-41
eakf_model3,0.9999999984369279
sarima,0.0
