model_name,weigth
arima,0.0
eakf_model1,3.057542227962606e-09
eakf_model2,7.136500359045926e-54
eakf_model3,0.9999999969424577
sarima,0.0
