model_name,weigth
arima,2.6106808056301975e-252
eakf_model1,1.8090119674645338e-10
eakf_model2,1.4825374377796708e-16
eakf_model3,0.9999999998190986
sarima,6.274174804179857e-199
