model_name,weigth
arima,6.919893816137827e-247
eakf_model1,1.679944731330133e-10
eakf_model2,1.977642400329567e-16
eakf_model3,0.9999999998320053
sarima,9.907888212759724e-195
