model_name,weigth
arima,3.870852789919622e-235
eakf_model1,1.6573036621918536e-10
eakf_model2,2.353868822247871e-15
eakf_model3,0.9999999998342672
sarima,1.2693913991875147e-186
