model_name,weigth
arima,3.3885089606835205e-243
eakf_model1,1.6025761905597632e-10
eakf_model2,2.024077626747132e-16
eakf_model3,0.9999999998397419
sarima,3.459015388219553e-191
