model_name,weigth
arima,1.4712158485670062e-241
eakf_model1,1.5208669652067496e-10
eakf_model2,1.0434603037850931e-16
eakf_model3,0.9999999998479131
sarima,7.936209269540867e-189
