model_name,weigth
arima,6.023954192225855e-240
eakf_model1,1.5202830177570057e-10
eakf_model2,2.079079270986645e-16
eakf_model3,0.9999999998479715
sarima,6.280966532801094e-188
