model_name,weigth
arima,2.9637504486902466e-243
eakf_model1,1.7697955426064237e-10
eakf_model2,5.159818496476125e-16
eakf_model3,0.9999999998230199
sarima,7.364250628100194e-193
