model_name,weigth
arima,2.4523407260972277e-231
eakf_model1,1.668653837075691e-10
eakf_model2,1.0405172906179963e-14
eakf_model3,0.9999999998331243
sarima,1.163386245467505e-183
