model_name,weigth
arima,7.125579522188249e-259
eakf_model1,2.2557601469541301e-10
eakf_model2,5.705042062122908e-15
eakf_model3,0.9999999997744183
sarima,1.2645043721355093e-205
