model_name,weigth
arima,1.904113119733151e-197
eakf_model1,1.316969084347345e-10
eakf_model2,2.3657955227114434e-12
eakf_model3,0.9999999998659374
sarima,5.124086744891741e-158
