model_name,weigth
arima,5.223712252195473e-242
eakf_model1,1.8824602371381924e-10
eakf_model2,1.236312110237573e-14
eakf_model3,0.9999999998117413
sarima,6.963705057413031e-192
