model_name,weigth
arima,8.591911418808784e-210
eakf_model1,1.4956292748512402e-10
eakf_model2,4.4421084545570293e-13
eakf_model3,0.999999999849993
sarima,3.298647012962233e-168
