model_name,weigth
arima,8.3150845590053e-232
eakf_model1,1.6454146574578523e-10
eakf_model2,5.938805142263944e-15
eakf_model3,0.999999999835453
sarima,4.6483851576915377e-184
