model_name,weigth
arima,1.0632131666877072e-176
eakf_model1,7.696667513407006e-11
eakf_model2,2.440062758783549e-11
eakf_model3,0.9999999998986331
sarima,8.214736483170919e-140
