model_name,weigth
arima,6.458227411663754e-177
eakf_model1,1.172866036462434e-10
eakf_model2,5.15449864980289e-13
eakf_model3,0.9999999998821978
sarima,2.78024561033905e-136
