model_name,weigth
arima,1.7553227660011442e-171
eakf_model1,1.0767303493522553e-10
eakf_model2,4.873738864275251e-13
eakf_model3,0.9999999998918397
sarima,1.1713282138786002e-133
