model_name,weigth
arima,1.5258341137740695e-171
eakf_model1,1.0874167976928908e-10
eakf_model2,7.856831171591985e-13
eakf_model3,0.9999999998904724
sarima,7.161087056832618e-134
