model_name,weigth
arima,5.711606273621588e-172
eakf_model1,8.812754820168187e-11
eakf_model2,1.4221308990162094e-11
eakf_model3,0.9999999998976514
sarima,6.232264733443016e-135
