model_name,weigth
arima,4.2415551625531886e-175
eakf_model1,6.56208738439113e-11
eakf_model2,3.5128855684631166e-11
eakf_model3,0.9999999998992503
sarima,1.0622213799868859e-137
