model_name,weigth
arima,3.875832386078601e-173
eakf_model1,1.1173680121890203e-10
eakf_model2,4.848303536184306e-13
eakf_model3,0.999999999887778
sarima,1.2463566999653212e-133
