model_name,weigth
arima,9.329952350414387e-169
eakf_model1,1.0589128967998153e-10
eakf_model2,6.142283020405275e-13
eakf_model3,0.9999999998934946
sarima,1.962025334658679e-130
