model_name,weigth
arima,8.927519805469953e-168
eakf_model1,1.032262706917212e-10
eakf_model2,8.655262969554237e-13
eakf_model3,0.9999999998959082
sarima,6.416488016164463e-130
