model_name,weigth
arima,6.273992570565849e-159
eakf_model1,8.986057060250837e-11
eakf_model2,3.004003466052903e-12
eakf_model3,0.9999999999071354
sarima,9.435069321703383e-123
