model_name,weigth
arima,2e-323
eakf_model1,7.891607518351154e-57
eakf_model2,0.9999999992780418
eakf_model3,7.219581954717969e-10
sarima,6.909348808273298e-118
