model_name,weigth
arima,3.0232382230537117e-90
eakf_model1,2.2407666281984914e-11
eakf_model2,1.2564637883492592e-25
eakf_model3,0.9999999999775924
sarima,4.2569695162688884e-57
