model_name,weigth
arima,0.0
eakf_model1,8.363235779975063e-09
eakf_model2,0.9999999916367641
eakf_model3,2.7173904439217753e-53
sarima,0.0
