model_name,weigth
arima,1.0513565073376272e-293
eakf_model1,0.9999999999628207
eakf_model2,3.5396491616152165e-21
eakf_model3,3.7179253699581705e-11
sarima,0.0
