model_name,weigth
arima,1.2643037442310139e-23
eakf_model1,1.1768746185753292e-12
eakf_model2,0.999999999998823
eakf_model3,1.550939182938754e-22
sarima,3.3752485200776406e-17
