model_name,weigth
arima,0.0
eakf_model1,4.875279774467128e-11
eakf_model2,0.9999999999512306
eakf_model3,1.6590948846545802e-14
sarima,4.239064002965497e-258
