model_name,weigth
arima,0.0
eakf_model1,0.9999999995120606
eakf_model2,2.2489040781241576e-16
eakf_model3,4.87939034966512e-10
sarima,2e-323
