model_name,weigth
arima,0.0
eakf_model1,3.50641396106222e-11
eakf_model2,0.9999999999649358
eakf_model3,5.174443023411977e-19
sarima,0.0
