model_name,weigth
arima,3.866710290062142e-67
eakf_model1,0.9999999999591707
eakf_model2,3.9777202100785415e-11
eakf_model3,1.0520795044496798e-12
sarima,1.1528610280233292e-26
