model_name,weigth
arima,8.214424304260063e-186
eakf_model1,5.0328946895445665e-11
eakf_model2,2.9577946574948165e-36
eakf_model3,0.999999999949671
sarima,2.329419196813204e-233
