model_name,weigth
arima,2.1058489227341163e-33
eakf_model1,3.999481149918226e-11
eakf_model2,2.5492309898560864e-25
eakf_model3,0.9999999999600051
sarima,2.1058489227341163e-33
