model_name,weigth
arima,1.5182561414696352e-296
eakf_model1,2.185700423219044e-19
eakf_model2,1.8217541121241957e-10
eakf_model3,0.9999999998178246
sarima,0.0
