model_name,weigth
arima,6.332385916434184e-66
eakf_model1,1.493143658924257e-11
eakf_model2,4.7483208030537195e-43
eakf_model3,0.9999999999850686
sarima,7.278364643283369e-120
