model_name,weigth
arima,1.136249292830313e-292
eakf_model1,1.0589161292059317e-16
eakf_model2,0.9999999998867144
eakf_model3,1.1328547708071003e-10
sarima,6.853857869712442e-146
