model_name,weigth
arima,2e-323
eakf_model1,3.3610420579922224e-10
eakf_model2,8.292800287539607e-71
eakf_model3,0.9999999996638957
sarima,2e-323
