model_name,weigth
arima,6.082916117604999e-241
eakf_model1,8.928978195562425e-11
eakf_model2,6.1934250037555285e-53
eakf_model3,0.9999999999107101
sarima,6.082916117604999e-241
