model_name,weigth
arima,0.0
eakf_model1,0.9999999999087612
eakf_model2,8.40899693719608e-48
eakf_model3,9.123873909103571e-11
sarima,0.0
