model_name,weigth
arima,1.1509383873437561e-228
eakf_model1,9.825054207843421e-11
eakf_model2,4.285501848498755e-99
eakf_model3,0.9999999999017495
sarima,0.0
