model_name,weigth
arima,0.0
eakf_model1,1.2332404003599807e-27
eakf_model2,1.1906054920513391e-09
eakf_model3,0.9999999988093945
sarima,0.0
