model_name,weigth
arima,2e-323
eakf_model1,4.8961536533666436e-14
eakf_model2,1.7761072191582372e-09
eakf_model3,0.9999999982238439
sarima,2e-323
