model_name,weigth
arima,2e-323
eakf_model1,0.9999999989636692
eakf_model2,7.703354718922669e-71
eakf_model3,1.0363307114881826e-09
sarima,2e-323
