model_name,weigth
arima,0.0
eakf_model1,0.9999999913632116
eakf_model2,8.63678837275035e-09
eakf_model3,1.1587977740857383e-227
sarima,0.0
