model_name,weigth
arima,2.73255846995302e-260
eakf_model1,2.2310561568686853e-10
eakf_model2,8.8133417685587e-18
eakf_model3,0.9999999997768945
sarima,1.773915687189936e-191
