model_name,weigth
arima,5.517446431432547e-52
eakf_model1,9.983523520899557e-12
eakf_model2,2.971104146270577e-31
eakf_model3,0.9999999999900164
sarima,3.982839190265194e-30
