model_name,weigth
arima,0.0
eakf_model1,9.777475056274835e-10
eakf_model2,3.583224214744934e-126
eakf_model3,0.9999999990222525
sarima,2e-323
