model_name,weigth
arima,1.8837579050515523e-203
eakf_model1,6.857762332410369e-11
eakf_model2,5.807583231792665e-15
eakf_model3,0.9999999999314165
sarima,6.891858774846398e-143
