model_name,weigth
arima,7.472656601879331e-228
eakf_model1,0.999999999873937
eakf_model2,2.5025446038610623e-32
eakf_model3,1.2606304364032476e-10
sarima,2.5487021594028282e-114
