model_name,weigth
arima,2e-323
eakf_model1,1.4354337579034986e-08
eakf_model2,3.5e-323
eakf_model3,0.9999999856456623
sarima,2e-323
