model_name,weigth
arima,8.191856860521315e-81
eakf_model1,0.9999999998649949
eakf_model2,1.3982237755405457e-32
eakf_model3,1.350050822607683e-10
sarima,8.365593293253878e-66
