model_name,weigth
arima,1.3292077650000942e-163
eakf_model1,2.8378823886855486e-11
eakf_model2,0.9999999999716211
eakf_model3,2.2311635223283704e-27
sarima,1.3885389864050422e-121
