model_name,weigth
arima,1.0992695904378298e-212
eakf_model1,0.9999999998486792
eakf_model2,1.0471748917038303e-29
eakf_model3,1.5132082977078833e-10
sarima,6.212092014920431e-175
