model_name,weigth
arima,0.0
eakf_model1,1.0749224470832498e-33
eakf_model2,0.9999999998415261
eakf_model3,1.5847387765574247e-10
sarima,7.346631067128702e-241
