model_name,weigth
arima,1.6137425581008706e-92
eakf_model1,1.090010782946705e-11
eakf_model2,0.9999999999890998
eakf_model3,8.20343307048535e-19
sarima,1.451317283621712e-86
