model_name,weigth
arima,2e-323
eakf_model1,2.82715720220139e-10
eakf_model2,5.45673854327493e-56
eakf_model3,0.9999999997172843
sarima,2e-323
