model_name,weigth
arima,2.2205484762860773e-88
eakf_model1,8.569199323768394e-12
eakf_model2,2.6838627193892175e-31
eakf_model3,0.9999999999914309
sarima,6.407692089508503e-70
