model_name,weigth
arima,3.360220898351568e-121
eakf_model1,1.3296917114630427e-11
eakf_model2,2.6249480400363866e-26
eakf_model3,0.9999999999867031
sarima,2.180075866505067e-90
