model_name,weigth
arima,1.7800160687236382e-76
eakf_model1,0.999999999992723
eakf_model2,1.1939248869150429e-16
eakf_model3,7.276787756691079e-12
sarima,2.05258354352561e-82
