model_name,weigth
arima,2e-323
eakf_model1,2.176080493593162e-22
eakf_model2,4.4391357784406136e-10
eakf_model3,0.9999999995560864
sarima,3.029889377273968e-235
