model_name,weigth
arima,4.3597020917362965e-172
eakf_model1,2.924327347104921e-11
eakf_model2,3.023892845001944e-23
eakf_model3,0.9999999999707567
sarima,1.4473245050356982e-178
