model_name,weigth
arima,3.666071796911386e-244
eakf_model1,3.29013256829266e-45
eakf_model2,0.9999999993007908
eakf_model3,6.992091748624834e-10
sarima,2.8417015223443137e-292
