model_name,weigth
arima,2.372670128517788e-52
eakf_model1,0.9999999998212246
eakf_model2,1.0296878687264062e-25
eakf_model3,1.7877549473901476e-10
sarima,6.480871577538669e-50
