model_name,weigth
arima,6.8544101925633e-311
eakf_model1,1.7385366639097833e-20
eakf_model2,1.1406930998895417e-10
eakf_model3,0.9999999998859307
sarima,1.6455665233704415e-191
