model_name,weigth
arima,4.481474913547716e-134
eakf_model1,6.063303299952365e-59
eakf_model2,1.2605405100498153e-52
eakf_model3,0.9999999999455094
sarima,5.4490492712096496e-11
