model_name,weigth
arima,2.6743191337155523e-126
eakf_model1,8.702156122353477e-18
eakf_model2,6.09261330828934e-11
eakf_model3,0.9999999999390738
sarima,1.0241346797239272e-94
