model_name,weigth
arima,1.0205093324898732e-112
eakf_model1,0.9999999999306437
eakf_model2,1.724283826751199e-30
eakf_model3,6.935625577968254e-11
sarima,4.234474705372346e-75
