model_name,weigth
arima,2.771153499729753e-179
eakf_model1,3.5446425219693475e-81
eakf_model2,2.83502485223738e-26
eakf_model3,1.2251082021910697e-10
sarima,0.9999999998774891
