model_name,weigth
arima,6.878323629521817e-78
eakf_model1,0.9999999999823318
eakf_model2,2.9993543271589274e-33
eakf_model3,1.7668211924526125e-11
sarima,8.271711194569445e-64
