model_name,weigth
arima,1.5684554724434878e-251
eakf_model1,0.999999999875004
eakf_model2,9.035102496561886e-46
eakf_model3,1.2499604796062132e-10
sarima,3.724402929074959e-156
