model_name,weigth
arima,2.6406440766627955e-27
eakf_model1,0.9999999999615246
eakf_model2,3.847548099738203e-11
eakf_model3,3.026745209927332e-23
sarima,1.0083004601824777e-63
