model_name,weigth
arima,3.978084177083659e-52
eakf_model1,0.9999999999958554
eakf_model2,1.1144329413258124e-16
eakf_model3,4.144436799507338e-12
sarima,5.734937507703427e-39
