model_name,weigth
arima,1.9367390824835548e-226
eakf_model1,4.294728048198962e-105
eakf_model2,0.9999999999236993
eakf_model3,7.630067521583874e-11
sarima,4.580037623909613e-93
