model_name,weigth
arima,2e-323
eakf_model1,2e-323
eakf_model2,0.5817291942518203
eakf_model3,6.814470440314144e-152
sarima,0.41827080574817965
