model_name,weigth
arima,4.1522056666653596e-99
eakf_model1,2.2156766435779658e-58
eakf_model2,0.9999999999342003
eakf_model3,6.579969739238643e-11
sarima,2.740487877174558e-28
