model_name,weigth
arima,2.387187004497392e-209
eakf_model1,0.9999999998155916
eakf_model2,1.8440835188644577e-10
eakf_model3,4.207937211763036e-62
sarima,1.4326039602718536e-143
