model_name,weigth
arima,2.7935823860051905e-29
eakf_model1,0.9999999999977092
eakf_model2,2.2868103191594996e-12
eakf_model3,3.970850270122551e-15
sarima,1.6208790547110416e-25
