model_name,weigth
arima,7.1885010384336395e-59
eakf_model1,6.876525850357967e-90
eakf_model2,1.366839931154241e-23
eakf_model3,3.4729191081964895e-12
sarima,0.9999999999965271
