model_name,weigth
arima,1.1843424203495438e-40
eakf_model1,0.9999999999927824
eakf_model2,7.217459803534644e-12
eakf_model3,9.858768982643607e-18
sarima,1.2831042069783187e-41
