model_name,weigth
arima,1.8026141631747524e-22
eakf_model1,0.9999999999925936
eakf_model2,7.0711217113028585e-12
eakf_model3,3.352988913787045e-13
sarima,4.6722762841699856e-23
