model_name,weigth
arima,1.0078123816375746e-16
eakf_model1,3.086714590462197e-23
eakf_model2,3.5938982709552984e-11
eakf_model3,0.999999999964061
sarima,7.899833774613e-26
