model_name,weigth
arima,3.140644383837137e-184
eakf_model1,1.2879021364408715e-09
eakf_model2,2.7164557004560028e-27
eakf_model3,0.9999999987120978
sarima,2.5e-323
