model_name,weigth
arima,4.0116823566508366e-284
eakf_model1,2.8040616244821217e-66
eakf_model2,1.306956739372253e-09
eakf_model3,0.9999999986930432
sarima,2e-323
