model_name,weigth
arima,2.9344045145382335e-50
eakf_model1,1.3950156256746203e-13
eakf_model2,8.636043671401378e-12
eakf_model3,0.9999999999912246
sarima,5.281983258693117e-158
