model_name,weigth
arima,5.154884589903072e-63
eakf_model1,0.9999999999747584
eakf_model2,5.53282956884016e-16
eakf_model3,2.5241107227094774e-11
sarima,7.770405379162481e-75
