model_name,weigth
arima,0.9999999999873039
eakf_model1,1.0962352019003167e-76
eakf_model2,2.3591825161857247e-15
eakf_model3,1.2877690200582765e-26
sarima,1.269358316021648e-11
