model_name,weigth
arima,2.2831341439637007e-18
eakf_model1,0.9999999999652021
eakf_model2,3.47978935352636e-11
eakf_model3,2.0485426249009935e-17
sarima,1.4298220284602727e-22
