model_name,weigth
arima,2e-323
eakf_model1,0.9999999941603699
eakf_model2,5.839630062519526e-09
eakf_model3,2e-323
sarima,2e-323
