model_name,weigth
arima,3.71111716363644e-59
eakf_model1,7.024695884472472e-22
eakf_model2,4.055404549748141e-11
eakf_model3,0.999999999959446
sarima,3.5477955096075574e-45
