model_name,weigth
arima,3.3447780435856764e-37
eakf_model1,6.807371749607926e-31
eakf_model2,5.1378841011947155e-11
eakf_model3,0.9999999999486211
sarima,6.669705195713683e-47
