model_name,weigth
arima,3.1482381838168423e-12
eakf_model1,9.217037750120014e-37
eakf_model2,5.688633095678017e-14
eakf_model3,3.199119919619842e-16
sarima,0.9999999999967946
