model_name,weigth
arima,0.999999999943354
eakf_model1,2.6467643203932628e-39
eakf_model2,3.8625469829060107e-64
eakf_model3,1.160326130999395e-19
sarima,5.664608141958526e-11
