model_name,weigth
arima,3.7736029616180555e-12
eakf_model1,5.1096354416684314e-17
eakf_model2,1.5588359445341759e-27
eakf_model3,1.3402808449630568e-18
sarima,0.9999999999962262
