model_name,weigth
arima,1.020608914339553e-73
eakf_model1,0.9999999999801914
eakf_model2,1.3761371540258066e-11
eakf_model3,6.04730925797069e-12
sarima,2.7614466152257605e-72
