model_name,weigth
arima,0.8909241103283481
eakf_model1,3.9403874173294135e-80
eakf_model2,0.10907588967165177
eakf_model3,2.3241496419043614e-83
sarima,7.790668877513624e-19
