model_name,weigth
arima,1.8531395694548002e-63
eakf_model1,0.9999999999819236
eakf_model2,1.7308248515325456e-11
eakf_model3,7.681728448539074e-13
sarima,1.2389630178434326e-90
