model_name,weigth
arima,1e-323
eakf_model1,0.9999999976807243
eakf_model2,6.131447111260238e-254
eakf_model3,2.3192755562984775e-09
sarima,1e-323
