model_name,weigth
arima,1.0802547188979399e-150
eakf_model1,6.481136205760906e-59
eakf_model2,1.794115026841003e-10
eakf_model3,0.9999999998205884
sarima,1.6199053530854146e-173
