model_name,weigth
arima,1.1252261653445785e-85
eakf_model1,4.201371057972571e-11
eakf_model2,4.0871187141840364e-24
eakf_model3,0.9999999999579863
sarima,1.0006471713905669e-70
