model_name,weigth
arima,6.965640517688634e-90
eakf_model1,2.439594232857986e-16
eakf_model2,5.408452669888363e-16
eakf_model3,0.9999999999918379
sarima,8.161315704286336e-12
