model_name,weigth
arima,8.042244971462774e-93
eakf_model1,1.9969215368173585e-21
eakf_model2,7.774879372241773e-30
eakf_model3,2.182899188281109e-11
sarima,0.9999999999781709
