model_name,weigth
arima,2.5914122737300056e-104
eakf_model1,1.4954082851144402e-32
eakf_model2,0.9999999999100572
eakf_model3,8.994281491127793e-11
sarima,3.807947270366432e-64
