model_name,weigth
arima,1.3994266355837856e-20
eakf_model1,4.451519648524712e-15
eakf_model2,4.877886687780721e-21
eakf_model3,3.6710336573943026e-13
sarima,0.9999999999996284
