model_name,weigth
arima,1.1123343561041339e-20
eakf_model1,1.4557585317018119e-12
eakf_model2,0.9999999999985437
eakf_model3,5.874966753655193e-16
sarima,7.748450450072978e-24
