model_name,weigth
arima,2.7279708958441057e-297
eakf_model1,0.9999999996063793
eakf_model2,4.420362509829762e-86
eakf_model3,3.9362072648258384e-10
sarima,0.0
