model_name,weigth
arima,2.5020818316864047e-96
eakf_model1,0.9999999999746434
eakf_model2,2.4396788160195583e-11
eakf_model3,9.598689220287049e-13
sarima,2.2494377493093743e-107
