model_name,weigth
arima,0.0
eakf_model1,0.9999999908429178
eakf_model2,3.1391573850785643e-162
eakf_model3,9.15708216658597e-09
sarima,0.0
