model_name,weigth
arima,0.0
eakf_model1,0.9999999995142104
eakf_model2,2.3358413663976642e-97
eakf_model3,4.857896215925841e-10
sarima,0.0
