model_name,weigth
arima,1.7284732401296437e-55
eakf_model1,5.628531150613338e-12
eakf_model2,0.9999999999943715
eakf_model3,1.6170722023945492e-27
sarima,2.014746440946285e-53
