model_name,weigth
arima,3.1546103999983748e-192
eakf_model1,0.9999999998336867
eakf_model2,2.8549613951298926e-22
eakf_model3,1.6631340145091395e-10
sarima,1.2966507795565857e-131
