model_name,weigth
arima,0.0
eakf_model1,4.475465582981153e-10
eakf_model2,0.9999999995524533
eakf_model3,1.826436541284022e-27
sarima,0.0
