model_name,weigth
arima,0.0
eakf_model1,5.448381722485559e-10
eakf_model2,0.9999999994551618
eakf_model3,2.0416000496508938e-49
sarima,0.0
