model_name,weigth
arima,5.2817212318532054e-297
eakf_model1,0.9999999998957745
eakf_model2,1.2707725499363569e-17
eakf_model3,1.0422546800162235e-10
sarima,0.0
