model_name,weigth
arima,7.939280445437032e-234
eakf_model1,1.8916550530405818e-13
eakf_model2,1.650564059887651e-11
eakf_model3,0.9999999999833051
sarima,4.071827502801761e-217
