model_name,weigth
arima,0.0
eakf_model1,0.9571608080589736
eakf_model2,0.04283919193691303
eakf_model3,4.1132337325446255e-12
sarima,0.0
