model_name,weigth
arima,1.9637126399199302e-122
eakf_model1,0.9999999999446347
eakf_model2,5.355696004994433e-33
eakf_model3,5.5365245071754506e-11
sarima,1.9637126399199302e-122
