model_name,weigth
arima,0.0
eakf_model1,2.5854913599729338e-20
eakf_model2,9.066326815730773e-11
eakf_model3,0.9999999999093367
sarima,0.0
