model_name,weigth
arima,0.0
eakf_model1,3.527729486386339e-25
eakf_model2,1.0929068305976386e-10
eakf_model3,0.9999999998907093
sarima,0.0
