model_name,weigth
arima,0.0
eakf_model1,4.672447848963414e-10
eakf_model2,2.5189466839563218e-46
eakf_model3,0.9999999995327552
sarima,0.0
