model_name,weigth
arima,9.826066941781478e-243
eakf_model1,7.676777279089446e-11
eakf_model2,2.1889887501754478e-18
eakf_model3,0.9999999999232322
sarima,8.817829537217004e-213
