model_name,weigth
arima,4.1580620464890563e-131
eakf_model1,0.9999999999561798
eakf_model2,4.361002228093119e-57
eakf_model3,4.382017012896708e-11
sarima,1.3114242739504365e-246
