model_name,weigth
arima,9.292975453576446e-153
eakf_model1,0.9999999999796854
eakf_model2,8.90324225374178e-41
eakf_model3,2.0314631363094895e-11
sarima,8.584779470936021e-159
