model_name,weigth
arima,0.0
eakf_model1,2.4488575553226774e-12
eakf_model2,1.4866576212658987e-10
eakf_model3,0.9999999998488854
sarima,0.0
