model_name,weigth
arima,3.7721645e-315
eakf_model1,0.9999999999575386
eakf_model2,4.2461334368295527e-11
eakf_model3,2.1242247435931362e-27
sarima,3.3897346442744255e-307
