model_name,weigth
arima,0.0
eakf_model1,0.9999999995503892
eakf_model2,9.141222499606052e-27
eakf_model3,4.496107309121536e-10
sarima,0.0
