model_name,weigth
arima,0.0
eakf_model1,7.437435198356081e-18
eakf_model2,3.380500371624973e-10
eakf_model3,0.99999999966195
sarima,0.0
