model_name,weigth
arima,1.074656703927752e-64
eakf_model1,9.96321780380507e-12
eakf_model2,3.153512951585e-28
eakf_model3,0.9999999999900369
sarima,4.038124468771965e-43
