model_name,weigth
arima,1.3713241949537584e-70
eakf_model1,0.9999999999490824
eakf_model2,2.086037864633064e-43
eakf_model3,5.091761627113889e-11
sarima,1.8489771785543902e-59
