model_name,weigth
arima,2.8803733745375968e-207
eakf_model1,6.246681456898998e-11
eakf_model2,1.587526951142406e-23
eakf_model3,0.9999999999375332
sarima,9.546647287440173e-164
