model_name,weigth
arima,3.910019418421821e-98
eakf_model1,0.9999999997851541
eakf_model2,1.0163343043718141e-91
eakf_model3,2.148458760428572e-10
sarima,4.1254653218800586e-80
