model_name,weigth
arima,8.007730625114086e-170
eakf_model1,0.9999999999385641
eakf_model2,1.9484397810937443e-14
eakf_model3,6.141643107920329e-11
sarima,2.7250344830447745e-99
