model_name,weigth
arima,0.0
eakf_model1,0.9999999988393873
eakf_model2,3.153260912080773e-61
eakf_model3,1.1606126586997644e-09
sarima,6.809537325854747e-277
