model_name,weigth
arima,8.619474000176653e-106
eakf_model1,3.982442792180511e-11
eakf_model2,4.314299636078087e-42
eakf_model3,0.9999999999601756
sarima,3.646419682558804e-85
