model_name,weigth
arima,2.571470263979846e-229
eakf_model1,1.285216205883933e-10
eakf_model2,6.319061651384544e-26
eakf_model3,0.9999999998714784
sarima,2.8863053114974656e-202
