model_name,weigth
arima,3.8676083062537976e-247
eakf_model1,0.9999999999162307
eakf_model2,3.749701393479881e-21
eakf_model3,8.376929357164844e-11
sarima,4.845498411610616e-244
