model_name,weigth
arima,1.3931386509436497e-101
eakf_model1,4.261231546478671e-12
eakf_model2,4.998973737540862e-12
eakf_model3,0.9999999999907397
sarima,5.762145136241119e-84
