model_name,weigth
arima,1.3263248434239268e-89
eakf_model1,1.043297627968745e-11
eakf_model2,5.528121894836951e-19
eakf_model3,0.9999999999895671
sarima,9.529787143400986e-76
