model_name,weigth
arima,8.858545875635319e-69
eakf_model1,0.9999999999937474
eakf_model2,2.5980421926322878e-14
eakf_model3,6.226517314166904e-12
sarima,4.734863381739795e-69
