model_name,weigth
arima,6.363838383164107e-127
eakf_model1,1.5206371566151602e-11
eakf_model2,4.610044106893031e-17
eakf_model3,0.9999999999847936
sarima,4.774594285085771e-118
