model_name,weigth
arima,2.7210197861121378e-152
eakf_model1,0.9999999999705009
eakf_model2,9.661965340509394e-20
eakf_model3,2.9499051636829374e-11
sarima,1.5371304048492442e-166
