model_name,weigth
arima,4.1825620710889306e-185
eakf_model1,1.7645479373625717e-10
eakf_model2,8.434453331483933e-31
eakf_model3,0.9999999998235451
sarima,3.0503941841662787e-173
