model_name,weigth
arima,2.5829550399417372e-127
eakf_model1,2.6224921559085017e-20
eakf_model2,3.2001182213376095e-11
eakf_model3,0.9999999999679989
sarima,1.0143658283501719e-68
