model_name,weigth
arima,2.0184139376941523e-52
eakf_model1,9.179828995427365e-14
eakf_model2,6.982684762096557e-12
eakf_model3,0.9999999999929254
sarima,5.055292314844926e-18
