model_name,weigth
arima,2.8517450727234917e-75
eakf_model1,8.191550118359557e-23
eakf_model2,1.9873179437131312e-11
eakf_model3,0.9999999999801269
sarima,6.244825667622372e-85
