model_name,weigth
arima,4.0796657535655125e-253
eakf_model1,1.5122027613806446e-48
eakf_model2,9.706442473313548e-11
eakf_model3,0.9999999999029356
sarima,1.1218402385138728e-303
