model_name,weigth
arima,2e-323
eakf_model1,7.403394719245813e-69
eakf_model2,0.9999999953608296
eakf_model3,4.6391703841069594e-09
sarima,2e-323
