model_name,weigth
arima,0.0
eakf_model1,0.9999999981009924
eakf_model2,1.0285900931340843e-37
eakf_model3,1.899007606457805e-09
sarima,2e-323
