model_name,weigth
arima,0.0
eakf_model1,0.6718534031054841
eakf_model2,1.020783950776134e-22
eakf_model3,0.3281465968945158
sarima,4e-323
