model_name,weigth
arima,3.82216138883553e-104
eakf_model1,4.703951389546689e-11
eakf_model2,4.4946023258491594e-13
eakf_model3,0.999999999952511
sarima,3.166423601981753e-81
