model_name,weigth
arima,9.739172232527639e-226
eakf_model1,1.3021774400893403e-14
eakf_model2,1.201499642620601e-10
eakf_model3,0.9999999998798369
sarima,8.256539460430996e-163
