model_name,weigth
arima,3e-323
eakf_model1,1.6220389649109497e-29
eakf_model2,0.9999999914152593
eakf_model3,8.584740709884523e-09
sarima,4.4e-323
