model_name,weigth
arima,3e-323
eakf_model1,6.203127322841431e-143
eakf_model2,0.9999999980910135
eakf_model3,1.9089866302708397e-09
sarima,2.019133721835511e-82
