model_name,weigth
arima,2.5074955040854496e-306
eakf_model1,0.7316630253546628
eakf_model2,0.2683369738037834
eakf_model3,8.415538847473266e-10
sarima,1.0968130671401527e-171
