model_name,weigth
arima,1.8165488515961222e-132
eakf_model1,1.6828729748843435e-58
eakf_model2,0.9999999999598177
eakf_model3,4.0182273054728884e-11
sarima,9.593220076301111e-53
