model_name,weigth
arima,2.3209365264024654e-39
eakf_model1,1.060534759701899e-11
eakf_model2,3.451786290421124e-12
eakf_model3,0.9999999999859428
sarima,8.788616962631924e-42
