model_name,weigth
arima,8.950275821695e-312
eakf_model1,3.3464067234971855e-172
eakf_model2,0.6260325325927154
eakf_model3,0.37396746740728454
sarima,6.051453471030934e-63
