model_name,weigth
arima,2.6461791266201564e-28
eakf_model1,0.9999999999969124
eakf_model2,8.101045669930571e-14
eakf_model3,3.006629065417945e-12
sarima,1.4062973991831066e-27
