model_name,weigth
arima,3.825171198493387e-87
eakf_model1,0.9999999999798663
eakf_model2,2.013359366730304e-11
eakf_model3,2.3142141959646687e-23
sarima,1.302726347924401e-69
