model_name,weigth
arima,1.2775010805037124e-36
eakf_model1,0.9999999999950719
eakf_model2,4.928184770124822e-12
eakf_model3,2.7220008689132665e-20
sarima,3.379845271919728e-35
