model_name,weigth
arima,1.3634131669564502e-128
eakf_model1,6.142086086423184e-39
eakf_model2,0.15241408724298883
eakf_model3,5.588216016726765e-10
sarima,0.8475859121981896
