model_name,weigth
arima,7.230425946666307e-57
eakf_model1,0.9999999999781096
eakf_model2,2.1890366974267998e-11
eakf_model3,4.152209951290093e-27
sarima,7.992765828603286e-55
