model_name,weigth
arima,9.531010585958912e-27
eakf_model1,6.666493975847664e-38
eakf_model2,1.0700322967860719e-20
eakf_model3,0.9999999999930207
sarima,6.9793002397318004e-12
