model_name,weigth
arima,3.8453017496575506e-17
eakf_model1,0.9999999999991285
eakf_model2,8.689911026784287e-13
eakf_model3,4.560206368475528e-16
sarima,2.1031746557904995e-15
