model_name,weigth
arima,2.9034869996744827e-91
eakf_model1,2.053810712664711e-182
eakf_model2,8.531738890189177e-49
eakf_model3,0.5736354479224482
sarima,0.42636455207755175
