model_name,weigth
arima,3.704545572655757e-23
eakf_model1,0.9999999999948702
eakf_model2,2.2172713429807835e-12
eakf_model3,2.912580563518814e-12
sarima,1.461937180490116e-21
