model_name,weigth
arima,5.209185725726644e-67
eakf_model1,1.2129425316384418e-82
eakf_model2,2.7745703864927544e-09
eakf_model3,0.9999999972254296
sarima,4.819550196681797e-184
