model_name,weigth
arima,4e-323
eakf_model1,0.9262070078018366
eakf_model2,7.307271126077945e-45
eakf_model3,0.07379299219816332
sarima,4e-323
