model_name,weigth
arima,4.571358304749258e-13
eakf_model1,3.424295756056649e-24
eakf_model2,1.7486789984206713e-11
eakf_model3,0.9999999999820561
sarima,6.651053080447412e-29
