model_name,weigth
arima,2.360924345036803e-22
eakf_model1,7.441786367158134e-20
eakf_model2,3.471099017795478e-12
eakf_model3,0.9999999999965289
sarima,3.572966714243584e-43
