model_name,weigth
arima,8.669558233467022e-10
eakf_model1,0.9999999991330442
eakf_model2,2.9140421679548735e-29
eakf_model3,3.08092626457101e-59
sarima,1.6608098811465394e-101
