model_name,weigth
arima,5.936976330814283e-12
eakf_model1,2.5353664083675663e-37
eakf_model2,3.914642815923125e-52
eakf_model3,2.2735890832457202e-37
sarima,0.999999999994063
