model_name,weigth
arima,0.463481254426102
eakf_model1,8.91725871997041e-281
eakf_model2,4.915412978222682e-156
eakf_model3,6.360434292311436e-138
sarima,0.536518745573898
