model_name,weigth
arima,0.9698043261443419
eakf_model1,4e-323
eakf_model2,1.2962181191630522e-64
eakf_model3,4.1396140062362953e-110
sarima,0.030195673855658148
