model_name,weigth
arima,3.0451303592441596e-75
eakf_model1,1.993008941042441e-62
eakf_model2,0.9999999987247192
eakf_model3,1.2752808570053765e-09
sarima,4.547022109911298e-28
