model_name,weigth
arima,3.895785103056787e-226
eakf_model1,2.640753072625528e-33
eakf_model2,0.9999999993372499
eakf_model3,6.627499753286259e-10
sarima,2.2641507519241036e-203
