model_name,weigth
arima,1.0811071869342607e-39
eakf_model1,1.0015094869171257e-18
eakf_model2,0.999999999983378
eakf_model3,1.6622100822147167e-11
sarima,6.410402806419319e-31
