model_name,weigth
arima,3.892540882750503e-74
eakf_model1,3.257993224568467e-14
eakf_model2,9.060702728018463e-284
eakf_model3,0.9891712244214665
sarima,0.01082877557850075
