model_name,weigth
arima,1.6599342953364308e-103
eakf_model1,3.519397746218447e-24
eakf_model2,1.079711737892503e-09
eakf_model3,0.9999999989202882
sarima,2.0124936995634576e-83
