model_name,weigth
arima,0.9999999999725169
eakf_model1,8.875562232508825e-13
eakf_model2,2.6593907912632178e-11
eakf_model3,1.759810718327949e-15
sarima,6.463675220633276e-26
