model_name,weigth
arima,0.04205268237814964
eakf_model1,1.233844377056306e-34
eakf_model2,0.9579473176210461
eakf_model3,8.040604239037002e-13
sarima,1.6893449766986704e-36
