model_name,weigth
arima,2.4365777233286514e-65
eakf_model1,2.2576562075857445e-10
eakf_model2,3.963961130720771e-41
eakf_model3,0.14083168806469978
sarima,0.8591683117095347
