model_name,weigth
arima,9.85824651278208e-109
eakf_model1,2.6102291563878407e-50
eakf_model2,0.999999999942635
eakf_model3,5.736503028938311e-11
sarima,1.4643007285982337e-117
