model_name,weigth
arima,1.3271955503463047e-117
eakf_model1,0.999999999886484
eakf_model2,6.006505247450049e-90
eakf_model3,1.1351604290175666e-10
sarima,4.827036437137696e-97
