model_name,weigth
arima,1e-323
eakf_model1,7.949569147678773e-10
eakf_model2,8.154395302440012e-73
eakf_model3,0.999999999205043
sarima,8.116377690867709e-230
