model_name,weigth
arima,2.082833129245209e-266
eakf_model1,4.076164268156666e-11
eakf_model2,3.7324051524208654e-37
eakf_model3,2.6595570673893993e-17
sarima,0.9999999999592383
