model_name,weigth
arima,2.919361054246873e-57
eakf_model1,1.0493005313966496e-12
eakf_model2,4.386895299477622e-19
eakf_model3,8.348553738537634e-15
sarima,0.9999999999989424
