model_name,weigth
arima,0.0
eakf_model1,0.9999999998194433
eakf_model2,1.0298453729983512e-12
eakf_model3,1.7952674676619307e-10
sarima,0.0
