model_name,weigth
arima,3.779862738869803e-69
eakf_model1,0.9999999998663225
eakf_model2,1.3366959323763607e-10
eakf_model3,7.958210656863715e-15
sarima,2.698553273874671e-21
