model_name,weigth
arima,0.0
eakf_model1,4.1175300303603856e-11
eakf_model2,0.9999999999585666
eakf_model3,2.5813706779208403e-13
sarima,3.1350719809596516e-275
