model_name,weigth
arima,1.3721231827741871e-233
eakf_model1,1.2093886998972614e-10
eakf_model2,6.0055711832367486e-77
eakf_model3,0.9999999998790611
sarima,0.0
