model_name,weigth
arima,0.0
eakf_model1,0.9999999996837055
eakf_model2,2.990826343780306e-53
eakf_model3,3.1629445704568274e-10
sarima,0.0
