model_name,weigth
arima,0.0
eakf_model1,4.3077968467708345e-10
eakf_model2,0.9999999995692203
eakf_model3,1.632738769753836e-27
sarima,0.0
