model_name,weigth
arima,1.9241944000618511e-28
eakf_model1,3.2974299544764414e-12
eakf_model2,0.9999999999967026
eakf_model3,1.7190988138148054e-19
sarima,1.3956707267720728e-94
