model_name,weigth
arima,0.0
eakf_model1,2.0613748279113785e-10
eakf_model2,1.2646150389218899e-30
eakf_model3,0.9999999997938624
sarima,0.0
