model_name,weigth
arima,0.0
eakf_model1,0.9999999992352138
eakf_model2,7.936940946633295e-45
eakf_model3,7.647862035990185e-10
sarima,0.0
