model_name,weigth
arima,1.6638215564660025e-153
eakf_model1,5.714734497929682e-11
eakf_model2,7.72415039857563e-43
eakf_model3,0.9999999999428526
sarima,1.3991818406323593e-203
