model_name,weigth
arima,0.0
eakf_model1,3.209499263155891e-09
eakf_model2,1.9076834805732867e-223
eakf_model3,0.9999999967905007
sarima,0.0
