model_name,weigth
arima,3.565123482309023e-75
eakf_model1,3.198892486495306e-11
eakf_model2,2.9483624352271667e-15
eakf_model3,0.9999999999680081
sarima,1.3518472968560486e-52
