model_name,weigth
arima,0.0
eakf_model1,3.590516232592343e-10
eakf_model2,3.138277825638249e-63
eakf_model3,0.9999999996409484
sarima,0.0
