model_name,weigth
arima,4.70948990401969e-260
eakf_model1,1.1790233767689634e-10
eakf_model2,1.639532507292294e-56
eakf_model3,0.9999999998820976
sarima,4.70948990401969e-260
