model_name,weigth
arima,0.0
eakf_model1,1.5274822721548457e-36
eakf_model2,4.13644213578678e-09
eakf_model3,0.9999999958635578
sarima,0.0
