model_name,weigth
arima,0.0
eakf_model1,8.345573049436844e-10
eakf_model2,0.9999999991654427
eakf_model3,2.4741179205070034e-31
sarima,0.0
