model_name,weigth
arima,0.0
eakf_model1,0.9999999949533025
eakf_model2,6.208950428734069e-162
eakf_model3,5.046697331542105e-09
sarima,0.0
