model_name,weigth
arima,0.0
eakf_model1,1.044841597323967e-09
eakf_model2,9.857085420727658e-25
eakf_model3,0.9999999989551583
sarima,0.0
