model_name,weigth
arima,6.731032176384917e-104
eakf_model1,1.2505398765835884e-11
eakf_model2,7.549622073259625e-19
eakf_model3,0.9999999999874944
sarima,1.6287630999340842e-187
