model_name,weigth
arima,5.705022140979466e-167
eakf_model1,0.9999999998847477
eakf_model2,7.168341674802455e-27
eakf_model3,1.1525231582096284e-10
sarima,5.047532395471859e-137
