model_name,weigth
arima,1.956924729016445e-220
eakf_model1,0.9999999998924163
eakf_model2,3.108983464288729e-29
eakf_model3,1.07583676476338e-10
sarima,3.4714400992396338e-208
