model_name,weigth
arima,3.610141954587068e-126
eakf_model1,2.3722711482072878e-11
eakf_model2,3.51587163855292e-42
eakf_model3,0.9999999999762772
sarima,1.7081596637965562e-221
