model_name,weigth
arima,7.225151547888223e-219
eakf_model1,3.72809643990266e-11
eakf_model2,3.527935990995018e-15
eakf_model3,0.9999999999627155
sarima,2.2033533660824933e-248
