model_name,weigth
arima,0.0
eakf_model1,7.865207491639138e-10
eakf_model2,0.9999999992134792
eakf_model3,2.586151966611203e-44
sarima,0.0
