model_name,weigth
arima,0.0
eakf_model1,5.9176109575633716e-08
eakf_model2,0.9999999408238902
eakf_model3,1.73e-322
sarima,0.0
