model_name,weigth
arima,1.9855927122039207e-175
eakf_model1,0.9999999999674115
eakf_model2,2.9134791375260715e-23
eakf_model3,3.2588448179981625e-11
sarima,6.546090038433773e-177
