model_name,weigth
arima,3e-323
eakf_model1,1.1825480739524717e-09
eakf_model2,3.7744117072175125e-76
eakf_model3,0.9999999988174518
sarima,3.93528565175495e-310
