model_name,weigth
arima,4.580373564179405e-280
eakf_model1,0.9999999998991259
eakf_model2,3.9142249786064613e-32
eakf_model3,1.0087396048671188e-10
sarima,8.770260066776717e-156
