model_name,weigth
arima,0.0
eakf_model1,0.9999999993732076
eakf_model2,6.267923658722271e-10
eakf_model3,3.3116700600747225e-56
sarima,0.0
