model_name,weigth
arima,2.11815609806495e-144
eakf_model1,3.6184533515152496e-10
eakf_model2,1.3637080746464066e-106
eakf_model3,0.9999999996381547
sarima,3.096888665041929e-115
