model_name,weigth
arima,4.4e-323
eakf_model1,1.8166403289833848e-08
eakf_model2,4.4e-323
eakf_model3,0.9999999818335966
sarima,4.4e-323
