model_name,weigth
arima,5.202255975167793e-171
eakf_model1,1.499979516479635e-25
eakf_model2,5.2045930885116304e-11
eakf_model3,0.9999999999479541
sarima,1.1718247887205874e-102
