model_name,weigth
arima,1.4324888676667293e-69
eakf_model1,4.699553840838178e-12
eakf_model2,7.314791385497068e-21
eakf_model3,0.9999999999953004
sarima,2.5872414172562634e-51
