model_name,weigth
arima,6.139210637930704e-119
eakf_model1,1.3111383598045257e-11
eakf_model2,4.1900204782426684e-30
eakf_model3,0.9999999999868885
sarima,1.961935550952094e-97
