model_name,weigth
arima,1e-323
eakf_model1,5.979322366114645e-30
eakf_model2,0.999999999712812
eakf_model3,2.871879695501622e-10
sarima,2.9e-322
