model_name,weigth
arima,1.2119777036425718e-61
eakf_model1,3.2101720465192597e-12
eakf_model2,1.600089551121355e-12
eakf_model3,0.9999999999951896
sarima,2.580561054416468e-41
