model_name,weigth
arima,0.0
eakf_model1,1.0574861607432908e-26
eakf_model2,1.0727212661778577e-08
eakf_model3,0.9999999892727871
sarima,0.0
