model_name,weigth
arima,4.3227443856379346e-232
eakf_model1,2.5742670790994126e-26
eakf_model2,1.4320888763692344e-10
eakf_model3,0.999999999856791
sarima,2.6206061069242033e-116
