model_name,weigth
arima,4.4230318113537207e-281
eakf_model1,0.9999999994025771
eakf_model2,1.3546379974763673e-16
eakf_model3,5.974226250816144e-10
sarima,1.2549094438384318e-192
