model_name,weigth
arima,1.5115050675505903e-144
eakf_model1,5.280099440589201e-11
eakf_model2,2.773851273784714e-30
eakf_model3,0.999999999947199
sarima,4.686226400939344e-151
