model_name,weigth
arima,2.4733e-320
eakf_model1,1.2148285808670077e-10
eakf_model2,1.5932861176864129e-65
eakf_model3,0.9999999998785171
sarima,1.8622202983159974e-289
