model_name,weigth
arima,6.813294912249551e-183
eakf_model1,3.791557431098701e-11
eakf_model2,1.9045963162824227e-36
eakf_model3,0.9999999999620843
sarima,6.681336757059619e-183
