model_name,weigth
arima,1.4041954310254864e-112
eakf_model1,7.197872250283854e-11
eakf_model2,8.223467069745423e-15
eakf_model3,0.9999999999280131
sarima,3.0561297635788237e-117
