model_name,weigth
arima,1.6685794722575722e-195
eakf_model1,2.5033901739594624e-96
eakf_model2,6.140429862266924e-27
eakf_model3,9.93521824742061e-11
sarima,0.9999999999006478
