model_name,weigth
arima,5.993321623807707e-51
eakf_model1,6.532034088212459e-13
eakf_model2,4.369936341704411e-12
eakf_model3,0.9999999999949768
sarima,5.40969681309405e-17
