model_name,weigth
arima,9.637762066773155e-164
eakf_model1,0.9999999995159815
eakf_model2,3.5052671238460115e-18
eakf_model3,4.840184144607961e-10
sarima,1.420944907318497e-150
