model_name,weigth
arima,1.8986082977941796e-114
eakf_model1,1.7757721375400105e-15
eakf_model2,4.5459903652246227e-11
eakf_model3,0.9999999999545381
sarima,3.8787347344151236e-94
