model_name,weigth
arima,2.7594982540966095e-150
eakf_model1,0.9999999999159297
eakf_model2,7.398945896822718e-38
eakf_model3,8.407019231858569e-11
sarima,9.496796625728242e-116
