model_name,weigth
arima,3.648089622155952e-158
eakf_model1,0.9999999999162779
eakf_model2,1.4307237511698795e-44
eakf_model3,8.372205817303607e-11
sarima,1.6575646963686344e-112
