model_name,weigth
arima,6.365900444448381e-74
eakf_model1,8.566391031994784e-12
eakf_model2,6.032387296160002e-12
eakf_model3,0.9999999999854011
sarima,9.381589776016544e-54
