model_name,weigth
arima,1e-323
eakf_model1,1.6734159191165952e-252
eakf_model2,0.9999999948995837
eakf_model3,5.100416118017986e-09
sarima,4e-323
