model_name,weigth
arima,1.5e-323
eakf_model1,0.9999999975506384
eakf_model2,7.353176877030744e-130
eakf_model3,2.4493615535246335e-09
sarima,3e-323
