model_name,weigth
arima,1.925390877591824e-83
eakf_model1,2.3579735227541088e-28
eakf_model2,2.26359476519141e-11
eakf_model3,0.999999999977364
sarima,1.975592731190566e-20
