model_name,weigth
arima,3.393959199046222e-207
eakf_model1,1.8523162924477196e-20
eakf_model2,7.598760181595491e-11
eakf_model3,0.9999999999240123
sarima,9.709031375636419e-95
