model_name,weigth
arima,4.201147199440359e-67
eakf_model1,3.413385922270132e-21
eakf_model2,2.740493003207885e-11
eakf_model3,0.9999999999725949
sarima,3.64922079922476e-43
