model_name,weigth
arima,6.760439795323996e-32
eakf_model1,0.9999999999952207
eakf_model2,2.613532501338891e-14
eakf_model3,4.753041170896468e-12
sarima,1.2690134696234687e-26
