model_name,weigth
arima,3.64845468627971e-111
eakf_model1,0.9999999999636189
eakf_model2,2.1100430650217624e-17
eakf_model3,3.638102744461577e-11
sarima,5.818204527910433e-69
