model_name,weigth
arima,5.887548419029546e-71
eakf_model1,0.9999999998373542
eakf_model2,1.6264572979458107e-10
eakf_model3,1.4988135390329676e-26
sarima,5.959567555603755e-113
