model_name,weigth
arima,5.06192287890132e-237
eakf_model1,7.904853114632121e-86
eakf_model2,0.9999999999265501
eakf_model3,7.344999075886335e-11
sarima,5.0319771828606745e-89
