model_name,weigth
arima,2.1170321649825944e-43
eakf_model1,2.145293575943893e-53
eakf_model2,1.595604427627062e-22
eakf_model3,0.9999999999924745
sarima,7.52560362455289e-12
