model_name,weigth
arima,4.4769570562352505e-31
eakf_model1,0.9999999999870463
eakf_model2,1.6346160291953546e-22
eakf_model3,1.3984858089208772e-22
sarima,1.295360274641796e-11
