model_name,weigth
arima,1.3575148164225726e-65
eakf_model1,0.9999999999636597
eakf_model2,3.634027381630991e-11
eakf_model3,3.3937587499667486e-36
sarima,4.7631751075695655e-67
