model_name,weigth
arima,3.1670897874663473e-56
eakf_model1,7.138081377778764e-32
eakf_model2,2.650640744622588e-11
eakf_model3,1.4900051912763774e-12
sarima,0.9999999999720035
