model_name,weigth
arima,1.8065351792489726e-91
eakf_model1,2.8361093284779694e-101
eakf_model2,2.0309166093041697e-11
eakf_model3,9.625444558716388e-13
sarima,0.9999999999787283
