model_name,weigth
arima,6.580064909376509e-69
eakf_model1,2.869674517301109e-73
eakf_model2,1.1195461738978292e-10
eakf_model3,0.9999999998880453
sarima,2.521610003795054e-80
