model_name,weigth
arima,1.6311021118250455e-53
eakf_model1,0.999999999976778
eakf_model2,1.9943205725143457e-11
eakf_model3,3.2786276224230783e-12
sarima,2.6183271348258424e-68
