model_name,weigth
arima,3e-323
eakf_model1,3.509554088955144e-162
eakf_model2,0.9999999962596774
eakf_model3,3.740322622639895e-09
sarima,3e-323
