model_name,weigth
arima,6.28842787352891e-56
eakf_model1,5.222692790851584e-110
eakf_model2,3.1807598090676064e-10
eakf_model3,0.999999999681924
sarima,3.056681017950559e-73
