model_name,weigth
arima,3.2714138925441554e-28
eakf_model1,0.9999999999929448
eakf_model2,2.4912086413937377e-12
eakf_model3,4.564008053351277e-12
sarima,7.911200358635432e-29
