model_name,weigth
arima,2.4125374823192425e-115
eakf_model1,6.115466979618024e-12
eakf_model2,1.6302606792504238e-10
eakf_model3,0.9999999998308584
sarima,6.56346212998929e-144
