model_name,weigth
arima,2.488262704309085e-23
eakf_model1,0.9999999999897398
eakf_model2,1.025850218343607e-11
eakf_model3,1.7017984319032189e-15
sarima,1.2615532444436994e-19
