model_name,weigth
arima,4.334169117761379e-47
eakf_model1,4.491261019033488e-11
eakf_model2,0.9999999999495721
eakf_model3,5.515324843251058e-12
sarima,1.6698402311731015e-50
