model_name,weigth
arima,5.84154520775221e-54
eakf_model1,0.9999999998775637
eakf_model2,1.2243608945180205e-10
eakf_model3,5.1158380073072456e-49
sarima,4.051180796189592e-58
