model_name,weigth
arima,3.6827351024608336e-82
eakf_model1,0.9999999998339979
eakf_model2,1.660020172168251e-10
eakf_model3,2.584981652202537e-70
sarima,7.017140353416732e-90
