model_name,weigth
arima,7.847009907968234e-55
eakf_model1,6.413871305065836e-11
eakf_model2,0.9999999999358613
eakf_model3,6.204378653891179e-20
sarima,1.3039191898633138e-49
