model_name,weigth
arima,7.067683841737933e-84
eakf_model1,1.1300229331667725e-10
eakf_model2,5.823487480349352e-46
eakf_model3,0.9999999998869976
sarima,4.3415535218696446e-45
