model_name,weigth
arima,3.706781565594621e-126
eakf_model1,0.9999999999315379
eakf_model2,6.707526572289608e-11
eakf_model3,1.3867008530612345e-12
sarima,2.198626831766274e-122
