model_name,weigth
arima,3.2267745271002713e-103
eakf_model1,0.7452203422512726
eakf_model2,1.589047506440917e-73
eakf_model3,6.01265632991875e-11
sarima,0.2547796576886007
