model_name,weigth
arima,3.886889463512504e-12
eakf_model1,3.052267742301136e-18
eakf_model2,1.7279783033762715e-33
eakf_model3,4.265361573477195e-22
sarima,0.9999999999961131
