model_name,weigth
arima,1.2367611423761445e-59
eakf_model1,5.38463071232213e-10
eakf_model2,3.3520441548395934e-129
eakf_model3,0.999999999461537
sarima,1.437510580067731e-29
