model_name,weigth
arima,2.7394088346973138e-73
eakf_model1,3.0292257787273654e-17
eakf_model2,4.788006443488047e-11
eakf_model3,0.9999999999521199
sarima,4.717206596824294e-56
