model_name,weigth
arima,1.5e-323
eakf_model1,0.43964326448312413
eakf_model2,6.2877452892996055e-77
eakf_model3,0.5603567355168758
sarima,3e-323
