model_name,weigth
arima,3.621332294951939e-80
eakf_model1,1.2882274743188341e-23
eakf_model2,3.501096103963482e-11
eakf_model3,0.9999999999649889
sarima,2.807230034595564e-60
