model_name,weigth
arima,4.863509843694407e-194
eakf_model1,2.4521472758918424e-11
eakf_model2,2.6993845253756793e-44
eakf_model3,5.6518308951790707e-14
sarima,0.999999999975422
