model_name,weigth
arima,0.0
eakf_model1,2.2206440913107575e-10
eakf_model2,8.815046411572657e-62
eakf_model3,0.9999999997779356
sarima,1.4324688770596427e-120
