model_name,weigth
arima,1.2744766097701807e-145
eakf_model1,0.9999999999767302
eakf_model2,4.363516376373603e-61
eakf_model3,2.3269730179157294e-11
