model_name,weigth
arima,7.181614958555337e-177
eakf_model1,1.3128841809496876e-11
eakf_model2,7.228081156061915e-23
eakf_model3,0.9999999999868712
