model_name,weigth
arima,1.1197190393090685e-288
eakf_model1,0.9999999999535136
eakf_model2,4.648625115093668e-11
eakf_model3,6.724593559146558e-22
