model_name,weigth
arima,6.273728973361084e-152
eakf_model1,3.9626099548334383e-11
eakf_model2,1.55712992017433e-18
eakf_model3,0.9999999999603739
