model_name,weigth
arima,4.283832158437591e-127
eakf_model1,2.422553753249941e-11
eakf_model2,1.1359764091955255e-14
eakf_model3,0.9999999999757632
