model_name,weigth
arima,5.728035620842842e-189
eakf_model1,0.9999999999677671
eakf_model2,7.724667568772788e-56
eakf_model3,3.2232918685206304e-11
