model_name,weigth
arima,4.167284795195707e-95
eakf_model1,0.9999999999938801
eakf_model2,1.4812549761974132e-16
eakf_model3,6.119730192058708e-12
