model_name,weigth
arima,5.322161608347184e-171
eakf_model1,0.9999999999745632
eakf_model2,6.678696462103461e-34
eakf_model3,2.5436766722014833e-11
sarima,5.8341227456130904e-254
