model_name,weigth
arima,0.0
eakf_model1,0.9999999999817852
eakf_model2,2.1445159513040008e-33
eakf_model3,1.8214789872157152e-11
