model_name,weigth
arima,2.1888317681242676e-172
eakf_model1,0.9999999999480335
eakf_model2,1.1454381496057434e-48
eakf_model3,5.1966565932967355e-11
