model_name,weigth
arima,4.5705763201570676e-219
eakf_model1,0.9999999999774966
eakf_model2,3.343521048015942e-29
eakf_model3,2.2503508347795645e-11
sarima,3.185001072287612e-300
