model_name,weigth
arima,2.415078960746874e-174
eakf_model1,2.0733733590991889e-10
eakf_model2,0.9999999997926626
eakf_model3,3.9471511407980585e-25
sarima,0.0
