model_name,weigth
arima,5.014373723342526e-69
eakf_model1,1.550529716576736e-11
eakf_model2,0.9999999999844948
eakf_model3,1.8805740924837395e-19
