model_name,weigth
arima,1.81373776831037e-40
eakf_model1,1.2316872139866971e-11
eakf_model2,0.9999999999876832
eakf_model3,3.8270952662933006e-23
