model_name,weigth
arima,3.7840942379118476e-57
eakf_model1,1.6042150575771176e-11
eakf_model2,0.9999999999839578
eakf_model3,2.3832464331225284e-20
sarima,2.3272530619677836e-119
