model_name,weigth
arima,0.0
eakf_model1,0.9999999993682922
eakf_model2,6.317077575052923e-10
eakf_model3,8.026234681746346e-25
sarima,0.0
