model_name,weigth
arima,6.826137250623219e-58
eakf_model1,1.6961102500114108e-11
eakf_model2,2.702699100638127e-29
eakf_model3,0.9999999999830389
