model_name,weigth
arima,0.0
eakf_model1,0.9999999994933515
eakf_model2,2e-323
eakf_model3,5.066484749448172e-10
