model_name,weigth
arima,2.4715944953686143e-45
eakf_model1,3.921547523686504e-12
eakf_model2,2.9750468763127266e-16
eakf_model3,0.9999999999960781
