model_name,weigth
arima,0.0
eakf_model1,0.9999999999221474
eakf_model2,1.1309168708548467e-34
eakf_model3,7.785254759582352e-11
