model_name,weigth
arima,0.0
eakf_model1,5.981623420962247e-11
eakf_model2,2.453932998475214e-136
eakf_model3,0.9999999999401837
