model_name,weigth
arima,2.943720086023815e-137
eakf_model1,0.9999999998518831
eakf_model2,1.4811684132129229e-10
eakf_model3,1.1217910543264281e-18
