model_name,weigth
arima,3.68020687094691e-110
eakf_model1,0.9999999999589375
eakf_model2,3.973423170588955e-36
eakf_model3,4.1062534214787987e-11
sarima,9.845083149382155e-143
