model_name,weigth
arima,4.15358506048577e-42
eakf_model1,4.664438573351555e-11
eakf_model2,0.9999999999533555
eakf_model3,5.598802892636719e-22
