model_name,weigth
arima,3.6752392580420606e-274
eakf_model1,0.9999999999928835
eakf_model2,3.823358756900034e-18
eakf_model3,7.116461772878911e-12
