model_name,weigth
arima,1.716796378898314e-42
eakf_model1,4.216712455176532e-12
eakf_model2,4.1327113669574365e-14
eakf_model3,0.999999999995742
