model_name,weigth
arima,6.198465460618366e-38
eakf_model1,1.9229010805273262e-11
eakf_model2,0.999999999980771
eakf_model3,9.873901418588265e-22
sarima,7.510144080041974e-99
