model_name,weigth
arima,2e-323
eakf_model1,0.9999999996888548
eakf_model2,1.5420179541971693e-73
eakf_model3,3.1114521270364755e-10
sarima,0.0
