model_name,weigth
arima,9.281091236097288e-44
eakf_model1,0.999999999997202
eakf_model2,2.797569425376175e-12
eakf_model3,4.316502126089807e-16
