model_name,weigth
arima,0.0
eakf_model1,0.23103115862627505
eakf_model2,0.7689688413737249
eakf_model3,1.2e-322
