model_name,weigth
arima,0.0
eakf_model1,0.9999999999607198
eakf_model2,3.9280280624669504e-11
eakf_model3,1.08167524603087e-21
