model_name,weigth
arima,0.0
eakf_model1,2.019683850613017e-09
eakf_model2,0.9999999979803161
eakf_model3,3.2539616828280747e-62
sarima,0.0
