model_name,weigth
arima,0.0
eakf_model1,0.9999999970475613
eakf_model2,2.0083461278805308e-09
eakf_model3,9.440926169423238e-10
