model_name,weigth
arima,3.986939991476894e-36
eakf_model1,0.999999999997482
eakf_model2,2.5175832578891225e-12
eakf_model3,4.76123937014097e-16
