model_name,weigth
arima,4e-323
eakf_model1,0.999999997227689
eakf_model2,1.5386907753558924e-238
eakf_model3,2.7723108832619984e-09
sarima,0.0
