model_name,weigth
arima,0.0
eakf_model1,4.132793881901654e-10
eakf_model2,1.0185337577348428e-82
eakf_model3,0.9999999995867206
