model_name,weigth
arima,9.00460699544007e-309
eakf_model1,1.1389968243980211e-10
eakf_model2,8.203136126409228e-44
eakf_model3,0.9999999998861002
sarima,3.25365e-318
