model_name,weigth
arima,0.0
eakf_model1,6.657035769465208e-10
eakf_model2,0.9999999993342964
eakf_model3,5.392916083688528e-32
sarima,0.0
