model_name,weigth
arima,0.0
eakf_model1,0.9999999957090463
eakf_model2,1.6592221407406075e-289
eakf_model3,4.290953668332182e-09
