model_name,weigth
arima,0.0
eakf_model1,4.079803720775014e-09
eakf_model2,0.9999999959201963
eakf_model3,2.850519022503243e-53
sarima,0.0
