model_name,weigth
arima,0.0
eakf_model1,0.9999999997016
eakf_model2,2.575013157541201e-10
eakf_model3,4.089865516060465e-11
