model_name,weigth
arima,0.0
eakf_model1,2.033632155871074e-46
eakf_model2,0.9999999912883999
eakf_model3,8.711600072838875e-09
sarima,0.0
