model_name,weigth
arima,0.0
eakf_model1,0.9999999862218363
eakf_model2,1.9965869865236494e-217
eakf_model3,1.377816373084444e-08
