model_name,weigth
arima,3.5e-323
eakf_model1,5.33802731078516e-10
eakf_model2,2.0016433118713374e-140
eakf_model3,0.9999999994661972
sarima,0.0
