model_name,weigth
arima,2.3517488112504957e-148
eakf_model1,5.701227925036739e-12
eakf_model2,5.23162380454937e-11
eakf_model3,0.9999999999419825
sarima,5.729620066071462e-108
