model_name,weigth
arima,1.6512681333659596e-129
eakf_model1,3.93206900841147e-11
eakf_model2,3.1028777438572397e-28
eakf_model3,0.9999999999606793
sarima,1.6512681333659596e-129
