model_name,weigth
arima,7.70962710567269e-43
eakf_model1,0.9999999999956009
eakf_model2,6.442010069103454e-14
eakf_model3,4.334657315835715e-12
