model_name,weigth
arima,3.811192013131309e-126
eakf_model1,0.9999999999800171
eakf_model2,6.851903652718485e-28
eakf_model3,1.9982855035246106e-11
