model_name,weigth
arima,0.0
eakf_model1,0.9999999993458233
eakf_model2,6.5416560998048e-10
eakf_model3,1.1081782436797814e-14
