model_name,weigth
arima,0.0
eakf_model1,0.9999999998279816
eakf_model2,2.0020334488836894e-30
eakf_model3,1.720184690385487e-10
