model_name,weigth
arima,6.796635326340553e-303
eakf_model1,0.9999999999245713
eakf_model2,7.54155899741537e-11
eakf_model3,1.2985494733664319e-14
sarima,7.236804753281503e-291
