model_name,weigth
arima,2.1689782712907977e-154
eakf_model1,1.1948285255214746e-11
eakf_model2,2.6209085048305164e-11
eakf_model3,0.9999999999618425
