model_name,weigth
arima,1.8213798292862506e-103
eakf_model1,3.772422743028056e-11
eakf_model2,3.197723852648393e-16
eakf_model3,0.9999999999622754
sarima,2.6556351169894323e-92
