model_name,weigth
arima,8.621692273307699e-121
eakf_model1,1.7170647341525138e-11
eakf_model2,1.3530908383372734e-24
eakf_model3,0.9999999999828293
