model_name,weigth
arima,1.3740950151674825e-160
eakf_model1,0.9999999999759511
eakf_model2,2.9864492374619066e-25
eakf_model3,2.40488237791396e-11
