model_name,weigth
arima,1.0476466292147728e-168
eakf_model1,0.9999999999808372
eakf_model2,4.520022665391485e-25
eakf_model3,1.9162776598764666e-11
