model_name,weigth
arima,0.0
eakf_model1,0.9999999997463765
eakf_model2,6.9493321881686835e-87
eakf_model3,2.536234719578134e-10
