model_name,weigth
arima,0.0
eakf_model1,0.9999999999138323
eakf_model2,8.616650199205605e-11
eakf_model3,1.1016741408857136e-15
