model_name,weigth
arima,1.5189292354559735e-104
eakf_model1,0.9999999999899618
eakf_model2,7.506142227080494e-20
eakf_model3,1.0038231135515515e-11
