model_name,weigth
arima,1.9937727303703596e-272
eakf_model1,0.9999999999439941
eakf_model2,2.328151895561346e-31
eakf_model3,5.600583753759912e-11
