model_name,weigth
arima,7.952763986302974e-97
eakf_model1,1.868769509896746e-11
eakf_model2,1.3411249190487492e-16
eakf_model3,0.9999999999813123
