model_name,weigth
arima,0.0
eakf_model1,3.74284969949117e-08
eakf_model2,1.0622936986719924e-35
eakf_model3,0.999999962571503
sarima,0.0
