model_name,weigth
arima,0.0
eakf_model1,9.680518969312164e-37
eakf_model2,1.0574042503592565e-09
eakf_model3,0.9999999989425957
sarima,0.0
