model_name,weigth
arima,0.0
eakf_model1,7.043007369105515e-10
eakf_model2,1.0031573040563809e-175
eakf_model3,0.9999999992956992
