model_name,weigth
arima,0.0
eakf_model1,6.226314724374675e-11
eakf_model2,1.812148764502328e-62
eakf_model3,0.9999999999377369
