model_name,weigth
arima,0.0
eakf_model1,4.0690446738690906e-10
eakf_model2,2.687403430316485e-60
eakf_model3,0.9999999995930956
