model_name,weigth
arima,0.0
eakf_model1,3.430765247764087e-10
eakf_model2,0.9999999996568718
eakf_model3,5.172237834987367e-14
sarima,0.0
