model_name,weigth
arima,0.0
eakf_model1,3.226871887974226e-10
eakf_model2,8.226790684897576e-54
eakf_model3,0.9999999996773128
