model_name,weigth
arima,0.0
eakf_model1,3.215065331445431e-11
eakf_model2,1.644431474680041e-37
eakf_model3,0.9999999999678494
