model_name,weigth
arima,0.0
eakf_model1,1.0029183205563784e-10
eakf_model2,2.0992121153302388e-58
eakf_model3,0.9999999998997082
