model_name,weigth
arima,2e-323
eakf_model1,3.713238267669407e-10
eakf_model2,9.537673247346488e-31
eakf_model3,0.9999999996286761
sarima,2.9059807377583705e-306
