model_name,weigth
arima,1.371046510282756e-277
eakf_model1,1.259800561261502e-11
eakf_model2,1.107192503019604e-13
eakf_model3,0.9999999999872913
