model_name,weigth
arima,2e-323
eakf_model1,1.1072579601088915e-09
eakf_model2,9.268641561082504e-79
eakf_model3,0.9999999988927419
sarima,4e-323
