model_name,weigth
arima,0.0
eakf_model1,3.3399187804082815e-10
eakf_model2,5.840553022104974e-32
eakf_model3,0.9999999996660082
