model_name,weigth
arima,0.0
eakf_model1,7.677631995140951e-10
eakf_model2,3.052343210502951e-124
eakf_model3,0.9999999992322367
