model_name,weigth
arima,2e-323
eakf_model1,3.761714746185168e-09
eakf_model2,1.153785235499061e-59
eakf_model3,0.9999999962382852
sarima,0.0
