model_name,weigth
arima,0.0
eakf_model1,0.9999999950622911
eakf_model2,5.5245406711592446e-83
eakf_model3,4.9377088813396424e-09
sarima,2e-323
