model_name,weigth
arima,0.0
eakf_model1,1.0062799131280365e-10
eakf_model2,2.2407069465959847e-76
eakf_model3,0.999999999899372
