model_name,weigth
arima,0.0
eakf_model1,1.9508753576391177e-10
eakf_model2,6.72507878196412e-106
eakf_model3,0.9999999998049124
