model_name,weigth
arima,0.0
eakf_model1,9.347898061660818e-09
eakf_model2,4e-323
eakf_model3,0.999999990652102
