model_name,weigth
arima,0.0
eakf_model1,1.9889231387935007e-10
eakf_model2,3.3704836982506704e-27
eakf_model3,0.9999999998011077
