model_name,weigth
arima,0.0
eakf_model1,2.4498396111102032e-14
eakf_model2,8.966273080036386e-10
eakf_model3,0.9999999991033481
sarima,0.0
