model_name,weigth
arima,0.0
eakf_model1,3.5104647700151165e-11
eakf_model2,7.407868793742904e-11
eakf_model3,0.9999999998908167
