model_name,weigth
arima,2.9092662492079434e-53
eakf_model1,0.9999999999956171
eakf_model2,5.596948895566467e-17
eakf_model3,4.382881742553072e-12
sarima,3.5981177506707634e-24
