model_name,weigth
arima,0.0
eakf_model1,0.9999999999704908
eakf_model2,2.950908342945766e-11
eakf_model3,3.5079312878155117e-50
