model_name,weigth
arima,4.272790030271965e-169
eakf_model1,0.9999999999819164
eakf_model2,1.8083583721859063e-11
eakf_model3,1.6749372143252902e-34
sarima,2.2619480224367785e-132
