model_name,weigth
arima,0.0
eakf_model1,3.0869813041384776e-19
eakf_model2,2.943926344507464e-11
eakf_model3,0.9999999999705608
