model_name,weigth
arima,2.7235660512828062e-148
eakf_model1,4.341425871577812e-19
eakf_model2,4.779056719337621e-12
eakf_model3,0.9999999999952209
