model_name,weigth
arima,0.0
eakf_model1,0.9999999999068653
eakf_model2,4.1391266830806476e-14
eakf_model3,9.309340988434636e-11
