model_name,weigth
arima,0.0
eakf_model1,0.9999999998996132
eakf_model2,1.0038684364147656e-10
eakf_model3,8.196340299764653e-45
sarima,0.0
