model_name,weigth
arima,0.0
eakf_model1,0.999999999927689
eakf_model2,4.660592434349209e-12
eakf_model3,6.765043632927303e-11
