model_name,weigth
arima,2.876531349933888e-251
eakf_model1,0.9999999999900064
eakf_model2,9.993487896348387e-12
eakf_model3,4.16832836769936e-18
