model_name,weigth
arima,0.0
eakf_model1,0.9999999999646644
eakf_model2,3.5316131361170924e-11
eakf_model3,1.9467031677413353e-14
