model_name,weigth
arima,0.0
eakf_model1,0.9999999998951206
eakf_model2,1.0487921509155933e-10
eakf_model3,1.2028912323511242e-16
