model_name,weigth
arima,0.0
eakf_model1,4.018033775447309e-09
eakf_model2,5.612924752783642e-124
eakf_model3,0.9999999959819662
