model_name,weigth
arima,1.418006242243327e-79
eakf_model1,0.9999999999886642
eakf_model2,8.451867076519183e-32
eakf_model3,1.1335646975281031e-11
