model_name,weigth
arima,0.0
eakf_model1,8.297503007302184e-155
eakf_model2,0.3791576848161245
eakf_model3,0.6208423151838753
