model_name,weigth
arima,0.0
eakf_model1,0.9999999994284381
eakf_model2,5.715618859679592e-10
eakf_model3,6.98086221633227e-35
sarima,0.0
