model_name,weigth
arima,1.4874728708522361e-77
eakf_model1,0.9999999999943772
eakf_model2,5.622825985729806e-12
eakf_model3,2.066752202104889e-18
sarima,2.910594140007041e-50
