model_name,weigth
arima,8.663207677073283e-192
eakf_model1,0.9999999999928467
eakf_model2,7.1533098328920465e-12
eakf_model3,3.5727343401317367e-31
