model_name,weigth
arima,3e-323
eakf_model1,1.613524835848094e-07
eakf_model2,0.9999998386475164
eakf_model3,1.7e-322
