model_name,weigth
arima,1.3581379235385847e-89
eakf_model1,0.9999999999768786
eakf_model2,7.611016423099055e-17
eakf_model3,2.31214356501136e-11
