model_name,weigth
arima,7.20988492643781e-209
eakf_model1,0.9999999999455287
eakf_model2,7.00307718915098e-24
eakf_model3,5.4471369432443125e-11
sarima,1.3927437299438689e-118
