model_name,weigth
arima,5.39250218378673e-28
eakf_model1,0.9999999999981483
eakf_model2,6.373799963875646e-16
eakf_model3,1.851124617632833e-12
