model_name,weigth
arima,1.320874488479149e-157
eakf_model1,8.899944492944713e-11
eakf_model2,0.9999999999110005
eakf_model3,7.61633432917147e-27
