model_name,weigth
arima,1.96082248233e-313
eakf_model1,0.9999999991728028
eakf_model2,3.3970192777567334e-42
eakf_model3,8.271970997506123e-10
sarima,9.477900423184918e-249
