model_name,weigth
arima,7.236179685820495e-13
eakf_model1,0.999999999999206
eakf_model2,1.563235907839649e-22
eakf_model3,7.045692724786632e-14
