model_name,weigth
arima,5.957660502812716e-97
eakf_model1,0.9999999998668281
eakf_model2,3.0498979271914164e-13
eakf_model3,1.3286697870923254e-10
