model_name,weigth
arima,9.354190532747564e-16
eakf_model1,0.9999999999991528
eakf_model2,8.491887172053823e-18
eakf_model3,8.463610499556658e-13
