model_name,weigth
arima,1.83365574079954e-119
eakf_model1,3.202806968327868e-17
eakf_model2,1.8380415474285565e-11
eakf_model3,0.9999999999816196
