model_name,weigth
arima,2.6723876191103356e-130
eakf_model1,0.9999999999318752
eakf_model2,6.8935594587062e-13
eakf_model3,6.743550739132529e-11
sarima,1.791788896214312e-95
