model_name,weigth
arima,4.905035469478818e-296
eakf_model1,1.1946751194729863e-09
eakf_model2,8.70607455232892e-90
eakf_model3,0.9999999988053249
sarima,3.619567842394521e-233
