model_name,weigth
arima,4e-323
eakf_model1,0.9999999749367023
eakf_model2,1.3481872585127515e-286
eakf_model3,2.506329759592869e-08
sarima,4e-323
