model_name,weigth
arima,1.1501286112415453e-12
eakf_model1,0.9999999999988225
eakf_model2,5.1563823898709915e-26
eakf_model3,2.7341302732486982e-14
