model_name,weigth
arima,2.733250787715506e-149
eakf_model1,0.9999999998073634
eakf_model2,2.7612912182005925e-12
eakf_model3,1.8987535034996059e-10
