model_name,weigth
arima,0.0
eakf_model1,0.9999999996331739
eakf_model2,7.598494054808886e-49
eakf_model3,3.6682609590118664e-10
