model_name,weigth
arima,1.0137627063256807e-145
eakf_model1,3.9655966692347646e-10
eakf_model2,5.675725733981114e-71
eakf_model3,0.9999999996034404
sarima,3.299732950900901e-114
