model_name,weigth
arima,3.368792604802591e-139
eakf_model1,0.9999999999085813
eakf_model2,1.192939710189729e-19
eakf_model3,9.141864911296553e-11
sarima,1.024071063708452e-101
