model_name,weigth
arima,1.3014160594626276e-155
eakf_model1,0.9999999999439314
eakf_model2,1.021865932332874e-34
eakf_model3,5.606854398533912e-11
