model_name,weigth
arima,5.016236140353244e-183
eakf_model1,0.9999999999766772
eakf_model2,7.899383933996698e-12
eakf_model3,1.542331547739307e-11
