model_name,weigth
arima,0.0
eakf_model1,1.5010322887429796e-10
eakf_model2,1.9563500011694364e-27
eakf_model3,0.9999999998498968
