model_name,weigth
arima,0.0
eakf_model1,6.658847585586668e-10
eakf_model2,3.0550080968078236e-11
eakf_model3,0.9999999993035652
