model_name,weigth
arima,9.035388706164513e-252
eakf_model1,5.693260859440712e-11
eakf_model2,1.4277191186476422e-21
eakf_model3,0.9999999999430673
