model_name,weigth
arima,5.2513629616445286e-169
eakf_model1,1.2098453090827764e-21
eakf_model2,3.704494599518914e-11
eakf_model3,0.999999999962955
sarima,2.7341060467556814e-105
