model_name,weigth
arima,0.0
eakf_model1,8e-323
eakf_model2,9.16802000903328e-08
eakf_model3,0.9999999083197999
