model_name,weigth
arima,7.974313518033735e-19
eakf_model1,0.9999999999994047
eakf_model2,5.021432562677484e-23
eakf_model3,5.953449700066236e-13
