model_name,weigth
arima,0.0
eakf_model1,0.9999999997383175
eakf_model2,2.616824167266531e-10
eakf_model3,2.0624847652658956e-24
