model_name,weigth
arima,0.0
eakf_model1,2.811049089057358e-10
eakf_model2,0.9999999997188951
eakf_model3,7.321555447764828e-25
