model_name,weigth
arima,3.141482746564718e-22
eakf_model1,0.9999999999991124
eakf_model2,2.5462665467434113e-27
eakf_model3,8.876843897257963e-13
