model_name,weigth
arima,0.0
eakf_model1,0.9999999062970384
eakf_model2,9.370296150986142e-08
eakf_model3,5.914023400566154e-278
