model_name,weigth
arima,1.3815172801970689e-122
eakf_model1,9.82406213644963e-12
eakf_model2,4.6960233603288444e-27
eakf_model3,0.999999999990176
