model_name,weigth
arima,1.5423194267725656e-21
eakf_model1,0.9999999999987752
eakf_model2,3.17816571673793e-22
eakf_model3,1.2248062013045589e-12
