model_name,weigth
arima,0.0
eakf_model1,1.1226280966513073e-64
eakf_model2,4.836210745809713e-10
eakf_model3,0.9999999995163789
