model_name,weigth
arima,4.878713168317267e-24
eakf_model1,0.9999999999989043
eakf_model2,1.1152173362729822e-28
eakf_model3,1.0956850676158685e-12
