model_name,weigth
arima,1.2212709291621476e-116
eakf_model1,1.5208391057915775e-11
eakf_model2,4.4285421737970204e-21
eakf_model3,0.9999999999847916
sarima,7.938738807190333e-84
