model_name,weigth
arima,6.2040792367939275e-245
eakf_model1,0.9999999998875918
eakf_model2,1.1240792562673969e-10
eakf_model3,2.94545016810735e-16
sarima,1.217417750321104e-236
