model_name,weigth
arima,3.650000084588609e-36
eakf_model1,0.9999999999978263
eakf_model2,1.4263878110817378e-32
eakf_model3,2.1738740693094464e-12
