model_name,weigth
arima,2.58717627326274e-35
eakf_model1,0.9999999999982225
eakf_model2,2.8190496888681446e-21
eakf_model3,1.7775324013259057e-12
