model_name,weigth
arima,2e-323
eakf_model1,1.6541577324835723e-08
eakf_model2,0.9999999834584226
eakf_model3,3.820986665610151e-127
sarima,4e-323
