model_name,weigth
arima,2.2302546001230456e-115
eakf_model1,1.625188281272322e-11
eakf_model2,3.588643656486127e-14
eakf_model3,0.9999999999837123
sarima,1.0361149309942148e-75
