model_name,weigth
arima,1.1149179059048722e-293
eakf_model1,1.8618624070006865e-10
eakf_model2,0.9999999998138138
eakf_model3,6.821057012457881e-31
sarima,1.5230671837212782e-238
