model_name,weigth
arima,0.0
eakf_model1,1.9861881478049208e-162
eakf_model2,0.9999999991929682
eakf_model3,8.070317511151561e-10
