model_name,weigth
arima,0.0
eakf_model1,0.055317291484690535
eakf_model2,8.90724637850991e-79
eakf_model3,0.9446827085153094
