model_name,weigth
arima,8.092939766674069e-88
eakf_model1,1.9302644794079003e-30
eakf_model2,1.556125116095713e-11
eakf_model3,0.9999999999844388
