model_name,weigth
arima,6.127269296313012e-213
eakf_model1,0.9999999997574343
eakf_model2,7.721442376323513e-31
eakf_model3,2.425657658610904e-10
sarima,4.836514968920691e-216
