model_name,weigth
arima,4.8845908024017657e-272
eakf_model1,2.428396616745535e-41
eakf_model2,0.9999999999685298
eakf_model3,3.1470130000702774e-11
