model_name,weigth
arima,7.520112843081473e-103
eakf_model1,9.011498275416537e-12
eakf_model2,1.8824505477379542e-19
eakf_model3,0.9999999999909885
