model_name,weigth
arima,2.5966273663373314e-182
eakf_model1,1.1170808459282917e-10
eakf_model2,2.2822494425576226e-31
eakf_model3,0.9999999998882918
sarima,3.3616741134024385e-181
