model_name,weigth
arima,6.3033e-320
eakf_model1,4.773838589468326e-25
eakf_model2,4.6217577106627627e-10
eakf_model3,0.9999999995378241
sarima,4.556260277547168e-143
