model_name,weigth
arima,1.7606801e-316
eakf_model1,2.6655663928322066e-45
eakf_model2,0.9999999999578795
eakf_model3,4.2120403944757505e-11
