model_name,weigth
arima,0.0
eakf_model1,3.736729143870338e-41
eakf_model2,0.999999999961386
eakf_model3,3.861401506137872e-11
