model_name,weigth
arima,1.3447901338908618e-79
eakf_model1,1.381296027512835e-13
eakf_model2,0.9999999999881957
eakf_model3,1.166624637863925e-11
