model_name,weigth
arima,1.2150653300987765e-92
eakf_model1,1.3816478857012638e-28
eakf_model2,9.873211948586864e-12
eakf_model3,0.9999999999901268
