model_name,weigth
arima,3.905277054363246e-71
eakf_model1,9.873551593968842e-22
eakf_model2,5.091946220889956e-12
eakf_model3,0.999999999994908
