model_name,weigth
arima,3.581662864148659e-239
eakf_model1,1.5183095994165755e-10
eakf_model2,3.7985683605936845e-42
eakf_model3,0.999999999848169
sarima,1.1049819783047959e-131
