model_name,weigth
arima,1.3883735569286722e-89
eakf_model1,1.891961121404716e-18
eakf_model2,1.4935284831603402e-11
eakf_model3,0.9999999999850646
sarima,2.456947399723889e-26
