model_name,weigth
arima,1.3033063399815131e-189
eakf_model1,1.7062056399152064e-10
eakf_model2,3.8825451335736565e-13
eakf_model3,0.9999999998289912
sarima,1.6532297939023895e-155
