model_name,weigth
arima,2.190163220212986e-309
eakf_model1,4.808963116663164e-79
eakf_model2,1.045401950994671e-10
eakf_model3,0.9999999998954598
