model_name,weigth
arima,1.3717701916491504e-78
eakf_model1,4.377609744494855e-26
eakf_model2,6.495844097056417e-12
eakf_model3,0.9999999999935042
