model_name,weigth
arima,9.530389131589251e-60
eakf_model1,6.6195323343334095e-12
eakf_model2,5.3643349818142686e-14
eakf_model3,0.9999999999933269
