model_name,weigth
arima,8.109775719525167e-142
eakf_model1,8.160331776834518e-12
eakf_model2,3.929490752549843e-11
eakf_model3,0.9999999999525447
