model_name,weigth
arima,5.625867896948431e-99
eakf_model1,5.633534288358411e-26
eakf_model2,1.3699300739402494e-11
eakf_model3,0.9999999999863007
