model_name,weigth
arima,3.8731911042248825e-97
eakf_model1,6.296605649274762e-12
eakf_model2,9.680922870403619e-12
eakf_model3,0.9999999999840223
sarima,2.0216003852225285e-40
