model_name,weigth
arima,3.4869996573218497e-72
eakf_model1,1.5642140448608342e-29
eakf_model2,6.523859058858596e-12
eakf_model3,0.9999999999934761
