model_name,weigth
arima,3.647275633970103e-276
eakf_model1,0.9999999998366469
eakf_model2,2.4752880116909324e-53
eakf_model3,1.63353130561102e-10
