model_name,weigth
arima,8.138833601299283e-69
eakf_model1,6.524484479619915e-23
eakf_model2,6.6378585281884005e-12
eakf_model3,0.9999999999933622
