model_name,weigth
arima,0.0
eakf_model1,4e-323
eakf_model2,0.25867284383747163
eakf_model3,0.7413271561625283
