model_name,weigth
arima,7.14180586436747e-60
eakf_model1,4.418475261402299e-11
eakf_model2,0.9999999999558153
eakf_model3,1.9223377996892315e-27
