model_name,weigth
arima,1.0541159158468042e-28
eakf_model1,1.7001505289660975e-11
eakf_model2,0.9999999999829984
eakf_model3,9.382013413346706e-22
