model_name,weigth
arima,1.3956630169305539e-236
eakf_model1,8.077215802780057e-106
eakf_model2,0.9999999998342243
eakf_model3,1.6577569743069106e-10
sarima,1.7596049787418327e-41
