model_name,weigth
arima,1.330994012153844e-68
eakf_model1,1.8926596082641917e-18
eakf_model2,0.9999999999620921
eakf_model3,3.79078180569351e-11
sarima,7.899644721203804e-57
