model_name,weigth
arima,2.8663080991169187e-211
eakf_model1,1.605918369191254e-64
eakf_model2,3.418185785741081e-10
eakf_model3,0.9999999996581814
sarima,1.8827282225719103e-117
