model_name,weigth
arima,4.1279262053381565e-72
eakf_model1,3.5241647245067385e-11
eakf_model2,0.9999999999647583
eakf_model3,2.180725265735554e-31
