model_name,weigth
arima,5.137692923924668e-54
eakf_model1,4.29456187241966e-11
eakf_model2,0.9999999999570545
eakf_model3,2.0700120017566287e-31
