model_name,weigth
arima,1.75611196487166e-196
eakf_model1,6.355155877226611e-68
eakf_model2,0.9999999998202285
eakf_model3,1.7977147708006347e-10
sarima,5.733898822853176e-48
