model_name,weigth
arima,4.903191245591763e-233
eakf_model1,0.9999999990436708
eakf_model2,9.56329244721986e-10
eakf_model3,3.521170364384144e-60
