model_name,weigth
arima,1.2519166672759793e-211
eakf_model1,9.874529923984969e-10
eakf_model2,0.999999999012547
eakf_model3,4.638799153654027e-80
sarima,1.11458470515234e-262
