model_name,weigth
arima,2.5260092054113196e-222
eakf_model1,4.494702804988963e-65
eakf_model2,2.767333232399506e-10
eakf_model3,0.9999999997232667
