model_name,weigth
arima,2.262852115401319e-72
eakf_model1,4.534603275142148e-11
eakf_model2,0.9999999999546539
eakf_model3,2.0631058348591452e-36
