model_name,weigth
arima,2.166729251944602e-53
eakf_model1,6.096377510808689e-12
eakf_model2,0.9999999999883195
eakf_model3,5.584170593692403e-12
