model_name,weigth
arima,2e-323
eakf_model1,2.2701684419091538e-61
eakf_model2,9.34409700801624e-10
eakf_model3,0.9999999990655903
sarima,3.4147166006945825e-213
