model_name,weigth
arima,2.2636822109206422e-52
eakf_model1,0.9999999999910433
eakf_model2,8.8207729693802e-12
eakf_model3,1.359427529957302e-13
