model_name,weigth
arima,4.0171924360760736e-66
eakf_model1,0.9999999999786129
eakf_model2,2.1387079310574316e-11
eakf_model3,4.573709095158906e-21
