model_name,weigth
arima,7.229170940409167e-50
eakf_model1,0.9999999999876111
eakf_model2,1.2388885519792973e-11
eakf_model3,5.28466929492407e-17
sarima,1.2958543176076406e-40
