model_name,weigth
arima,7.287524652794517e-46
eakf_model1,3.654332196364848e-11
eakf_model2,0.9999999999634567
eakf_model3,1.41534628196565e-40
