model_name,weigth
arima,8.718171029262735e-213
eakf_model1,1.363949735742593e-85
eakf_model2,0.999999999940242
eakf_model3,5.975798842749062e-11
