model_name,weigth
arima,3.8553428081078745e-24
eakf_model1,0.9999999999960373
eakf_model2,3.962685123168126e-12
eakf_model3,7.70899759706992e-18
sarima,6.9072009352055175e-18
