model_name,weigth
arima,1.0369880173083889e-53
eakf_model1,1.0797654812024716e-10
eakf_model2,0.9999999998920234
eakf_model3,1.2954012281902852e-32
