model_name,weigth
arima,2.662676352413188e-43
eakf_model1,4.401927777422827e-11
eakf_model2,0.9999999999559807
eakf_model3,7.777870096472753e-30
