model_name,weigth
arima,6.471606183006499e-21
eakf_model1,0.9999999999982307
eakf_model2,1.462276349864334e-12
eakf_model3,3.0686802757027993e-13
