model_name,weigth
arima,1.9910002399432275e-91
eakf_model1,6.733551144110628e-30
eakf_model2,1.2377366178316056e-10
eakf_model3,0.9999999998762263
