model_name,weigth
arima,1.2574298885750495e-49
eakf_model1,5.625960572739828e-25
eakf_model2,6.921938262380188e-14
eakf_model3,2.1320642469416208e-11
sarima,0.9999999999786102
