model_name,weigth
arima,4.844934319847801e-23
eakf_model1,1.9781761973228375e-11
eakf_model2,0.9999999999802183
eakf_model3,1.113293790907596e-24
