model_name,weigth
arima,5.118657112759723e-28
eakf_model1,0.9999999999974134
eakf_model2,2.5865866572139244e-12
eakf_model3,4.0214790149053735e-18
