model_name,weigth
arima,5.606798799926076e-51
eakf_model1,3.3514763366810204e-11
eakf_model2,0.9999999999664853
eakf_model3,9.809529436037453e-32
