model_name,weigth
arima,9.466599453067266e-43
eakf_model1,4.059474146495209e-11
eakf_model2,0.9999999999594054
eakf_model3,5.4053289426203024e-17
