model_name,weigth
arima,1.4339011248618539e-55
eakf_model1,2.607264238912071e-11
eakf_model2,0.9999999999739273
eakf_model3,9.092904616989958e-32
