model_name,weigth
arima,2.455661987319204e-55
eakf_model1,0.9999999999534841
eakf_model2,1.182494192385747e-16
eakf_model3,2.5151182094962218e-17
sarima,4.6515693798503e-11
