model_name,weigth
arima,7.164045041800103e-117
eakf_model1,7.80310998902762e-11
eakf_model2,0.999999999921969
eakf_model3,3.413994749868385e-28
