model_name,weigth
arima,8.1086111428351e-69
eakf_model1,5.909924489554577e-11
eakf_model2,0.9999999999409008
eakf_model3,5.015968025842325e-50
