model_name,weigth
arima,1.8744538883160286e-64
eakf_model1,1.0340372526936831e-11
eakf_model2,0.9999999999557441
eakf_model3,3.391554884621092e-11
sarima,6.249957278444846e-36
