model_name,weigth
arima,4.570634129221598e-48
eakf_model1,4.0947059636638744e-11
eakf_model2,0.999999999959053
eakf_model3,1.4309610440693398e-31
