model_name,weigth
arima,2.971817742385778e-63
eakf_model1,1.6524397187303958e-86
eakf_model2,1.061281907406406e-11
eakf_model3,0.9999999999893872
