model_name,weigth
arima,2.1433301628824967e-84
eakf_model1,5.1985065692176966e-104
eakf_model2,1.7327187040848468e-20
eakf_model3,1.913781327610036e-11
sarima,0.9999999999808622
