model_name,weigth
arima,4e-323
eakf_model1,0.9999866326975841
eakf_model2,1.243525218801255e-246
eakf_model3,1.3367302415877467e-05
