model_name,weigth
arima,1.3698990732950578e-42
eakf_model1,2.983597391569529e-23
eakf_model2,4.8773798422509315e-12
eakf_model3,0.9999999999951226
