model_name,weigth
arima,2.193243034649228e-37
eakf_model1,2.2041131840500776e-41
eakf_model2,2.733438990222575e-12
eakf_model3,0.9999999999972665
