model_name,weigth
arima,4.1429951900626665e-46
eakf_model1,1.569860786180732e-35
eakf_model2,2.3165381196300805e-11
eakf_model3,0.9999999999768345
