model_name,weigth
arima,3.480983624349204e-60
eakf_model1,6.957705788691982e-11
eakf_model2,0.999999999930423
eakf_model3,2.184737920840685e-50
