model_name,weigth
arima,2.3211167726357972e-35
eakf_model1,3.823917176586377e-26
eakf_model2,1.885059826908249e-12
eakf_model3,0.9999999999981148
