model_name,weigth
arima,1.286706799278158e-74
eakf_model1,0.9999999999014964
eakf_model2,2.602756961510862e-11
eakf_model3,7.247607783983115e-11
sarima,5.897742595920786e-91
