model_name,weigth
arima,4.2927785029898815e-46
eakf_model1,0.9999999999525783
eakf_model2,4.742175472110566e-11
eakf_model3,2.5803996785541864e-20
sarima,8.05171405758031e-52
