model_name,weigth
arima,2.701396117804869e-18
eakf_model1,2.506383287916117e-11
eakf_model2,0.9999999999749362
eakf_model3,3.19897503076628e-17
