model_name,weigth
arima,2.3630322045729577e-66
eakf_model1,5.685003005070038e-11
eakf_model2,0.9999999999431498
eakf_model3,5.790831750471267e-55
