model_name,weigth
arima,3.9658712673848175e-107
eakf_model1,8.948989780829858e-119
eakf_model2,6.8904487157624e-10
eakf_model3,0.9999999993109551
sarima,1.0663726725506968e-139
