model_name,weigth
arima,4e-323
eakf_model1,1.9e-322
eakf_model2,5.100915263352867e-07
eakf_model3,0.9999994899084735
sarima,4e-323
