model_name,weigth
arima,3.5e-323
eakf_model1,0.9999999956357264
eakf_model2,4.987815347977769e-89
eakf_model3,4.3642736506243954e-09
