model_name,weigth
arima,1.685977353405747e-57
eakf_model1,2.6567769264276595e-15
eakf_model2,3.088988264539362e-11
eakf_model3,0.9999999999691076
sarima,4.24745936810066e-93
