model_name,weigth
arima,1.5781420481318367e-138
eakf_model1,2.1227238219850616e-10
eakf_model2,1.5162427699638058e-26
eakf_model3,0.9999999997877276
