model_name,weigth
arima,4.264397836903396e-69
eakf_model1,5.072088355123057e-25
eakf_model2,3.79426505536118e-11
eakf_model3,0.9999999999620574
