model_name,weigth
arima,2.2050212657485653e-34
eakf_model1,2.355748521715197e-11
eakf_model2,0.9999999999764425
eakf_model3,6.802953680502717e-21
