model_name,weigth
arima,1.6865663714704214e-46
eakf_model1,4.638994405541814e-11
eakf_model2,0.99999999995361
eakf_model3,1.3937781572752847e-50
