model_name,weigth
arima,1.5055286987114386e-60
eakf_model1,7.885841131942201e-48
eakf_model2,0.9999999998132816
eakf_model3,1.8671834736971534e-10
