model_name,weigth
arima,3.3412236830113076e-10
eakf_model1,1.4206776479096781e-196
eakf_model2,1.960720122463435e-14
eakf_model3,0.999999999665858
