model_name,weigth
arima,8e-323
eakf_model1,4e-323
eakf_model2,6.248793567533859e-06
eakf_model3,0.9999937512064325
sarima,8e-323
