model_name,weigth
arima,5.835541623475544e-15
eakf_model1,4.837062973269141e-33
eakf_model2,2.0284193195752526e-12
eakf_model3,2.661838424976251e-15
sarima,0.9999999999979632
