model_name,weigth
arima,3.9323137194387757e-42
eakf_model1,2.704897042877959e-11
eakf_model2,0.999999999972951
eakf_model3,1.1854263049387473e-32
