model_name,weigth
arima,9.370664872026587e-101
eakf_model1,2.0136980390734116e-10
eakf_model2,0.9999999997986302
eakf_model3,1.059976371498302e-64
