model_name,weigth
arima,4.831940841152105e-193
eakf_model1,3.5e-323
eakf_model2,2.049244862230822e-07
eakf_model3,0.9999997950755137
