model_name,weigth
arima,7.989827352452051e-46
eakf_model1,4.0385760055183607e-72
eakf_model2,9.843138309030975e-11
eakf_model3,0.9999999999015686
