model_name,weigth
arima,7.807092554919504e-72
eakf_model1,3.556119468492609e-11
eakf_model2,0.9999999999644388
eakf_model3,1.945346602625827e-24
