model_name,weigth
arima,2.6432849441243786e-38
eakf_model1,3.226839813430924e-11
eakf_model2,0.9999999999677316
eakf_model3,2.0998156560014457e-26
sarima,3.8119370078986705e-36
