model_name,weigth
arima,4.385692340011413e-95
eakf_model1,2.292700304835721e-112
eakf_model2,2.725378161357275e-09
eakf_model3,0.9999999972746219
