model_name,weigth
arima,0.33708092622640573
eakf_model1,4e-323
eakf_model2,6.62804538813546e-29
eakf_model3,0.6629190737735943
sarima,1.7468680610246408e-92
