model_name,weigth
arima,8.625559442711213e-74
eakf_model1,6.647863453862888e-11
eakf_model2,0.9999999999335214
eakf_model3,1.796143778186411e-47
