model_name,weigth
arima,2.3851555149906804e-59
eakf_model1,5.044694382794031e-11
eakf_model2,0.9999999999495531
eakf_model3,4.722119710080966e-35
