model_name,weigth
arima,3.316182943224059e-164
eakf_model1,0.9999999995055489
eakf_model2,4.944510921971907e-10
eakf_model3,2.1924800486075717e-115
