model_name,weigth
arima,0.0
eakf_model1,4.5164527749877385e-10
eakf_model2,2.5286085446474895e-27
eakf_model3,0.9999999995483547
