model_name,weigth
arima,2.4895541316975484e-22
eakf_model1,1.83523481126888e-12
eakf_model2,4.334134300215672e-13
eakf_model3,0.9999999999977315
