model_name,weigth
arima,0.0
eakf_model1,0.9999999934135431
eakf_model2,9.058297655485377e-21
eakf_model3,6.586456991434014e-09
