model_name,weigth
arima,0.9999999999863698
eakf_model1,1.2597427618495102e-15
eakf_model2,1.3628993222630879e-11
eakf_model3,3.615898891544333e-19
