model_name,weigth
arima,1.1359009690568644e-13
eakf_model1,9.392855427542894e-20
eakf_model2,3.8504043231604135e-16
eakf_model3,1.071691060299108e-12
sarima,0.9999999999988143
