model_name,weigth
arima,3.877161970622385e-82
eakf_model1,0.9999999997379164
eakf_model2,1.716103927524683e-60
eakf_model3,1.8937508227777783e-13
sarima,2.618941320940851e-10
