model_name,weigth
arima,1.1226256721534333e-198
eakf_model1,9.259935888856005e-12
eakf_model2,0.9999999998473783
eakf_model3,1.433616955076793e-10
sarima,1.0795032889338217e-123
