model_name,weigth
arima,0.0
eakf_model1,0.999999997014472
eakf_model2,2.9855280161132446e-09
eakf_model3,2.4246947345494084e-22
