model_name,weigth
arima,1.2708926141613106e-21
eakf_model1,1.9508792781224008e-11
eakf_model2,5.142035006013715e-32
eakf_model3,1.240827229479423e-12
sarima,0.9999999999792504
