model_name,weigth
arima,1.27531e-318
eakf_model1,3.073789967791732e-10
eakf_model2,0.9999999996914885
eakf_model3,1.132487889981701e-12
