model_name,weigth
arima,2e-323
eakf_model1,2.8845228448006785e-09
eakf_model2,0.9999999971154772
eakf_model3,2.8942233757064484e-21
sarima,4e-323
