model_name,weigth
arima,1.2324624921048985e-58
eakf_model1,0.9999999999587874
eakf_model2,1.1550129558407744e-17
eakf_model3,4.121258835472522e-11
sarima,1.065944427858176e-34
