model_name,weigth
arima,0.9999999994464653
eakf_model1,1.2968953066447898e-116
eakf_model2,5.535346150627517e-10
eakf_model3,6.749539255227847e-66
