model_name,weigth
arima,0.9999999999877258
eakf_model1,3.4121540134998003e-25
eakf_model2,1.2274242407630347e-11
eakf_model3,8.812827597642688e-17
