model_name,weigth
arima,2e-323
eakf_model1,9.099645075655374e-10
eakf_model2,0.9999999990900355
eakf_model3,1.2852173197703842e-43
sarima,6.01008580768997e-216
