model_name,weigth
arima,3.5e-323
eakf_model1,2.4192001208102308e-286
eakf_model2,0.9999999948664337
eakf_model3,5.1335662768651915e-09
