model_name,weigth
arima,6.694214999194469e-140
eakf_model1,0.9999999999072816
eakf_model2,7.366246875117976e-13
eakf_model3,9.198176053855262e-11
sarima,2.6619367521780426e-70
