model_name,weigth
arima,1.9274082513167002e-17
eakf_model1,1.990490469016693e-12
eakf_model2,1.1290266987273371e-15
eakf_model3,0.9999999999980083
