model_name,weigth
arima,2e-323
eakf_model1,0.9999999948266437
eakf_model2,5.17335629316899e-09
eakf_model3,1.0201235803071196e-41
sarima,4e-323
