model_name,weigth
arima,1.991667085763146e-86
eakf_model1,4.3496181842537774e-11
eakf_model2,6.243749842545013e-13
eakf_model3,0.9999999999558795
sarima,5.675591694816276e-72
