model_name,weigth
arima,3.4756707604580968e-40
eakf_model1,1.7734440266302847e-11
eakf_model2,0.9999999999822551
eakf_model3,1.0563632982399491e-14
