model_name,weigth
arima,7.976658136118086e-215
eakf_model1,8.755951067670919e-80
eakf_model2,1.8859124927465277e-10
eakf_model3,0.9999999998114087
