model_name,weigth
arima,9.098039213814588e-158
eakf_model1,1.1258707975047427e-65
eakf_model2,1.1938176253779765e-10
eakf_model3,0.9999999998806183
