model_name,weigth
arima,2e-323
eakf_model1,2.252588800411462e-15
eakf_model2,8.026498823956283e-10
eakf_model3,0.9999999991973478
sarima,2.392728279926399e-283
