model_name,weigth
arima,3.939426812640313e-66
eakf_model1,3.535403836334389e-12
eakf_model2,0.9999999999772745
eakf_model3,1.9190140769317484e-11
