model_name,weigth
arima,5.980992046856203e-87
eakf_model1,2.826256801756393e-11
eakf_model2,1.6407312901665964e-14
eakf_model3,0.999999999971721
