model_name,weigth
arima,4.418179629626513e-108
eakf_model1,3.0890383960050922e-37
eakf_model2,0.9999999999275623
eakf_model3,7.243772824405206e-11
