model_name,weigth
arima,7.985514405635942e-25
eakf_model1,3.087697563109838e-11
eakf_model2,0.9999999999691228
eakf_model3,2.258295074309708e-16
