model_name,weigth
arima,7.718028673103849e-74
eakf_model1,1.6382534110702172e-30
eakf_model2,3.4156752324093966e-11
eakf_model3,0.9999999999658432
sarima,6.12832390146716e-28
