model_name,weigth
arima,1.0410884514201339e-298
eakf_model1,3.259321483056438e-10
eakf_model2,4.264404687722263e-17
eakf_model3,0.9999999996740678
