model_name,weigth
arima,1.7252033500660467e-56
eakf_model1,4.094117928066294e-19
eakf_model2,1.561662931813055e-11
eakf_model3,0.9999999999843834
sarima,2.744335114342286e-53
