model_name,weigth
arima,1.2844438221054477e-72
eakf_model1,1.92856329408777e-28
eakf_model2,1.6155793254310582e-11
eakf_model3,0.9999999999838443
