model_name,weigth
arima,9.64016244166323e-31
eakf_model1,7.441677811555435e-12
eakf_model2,0.9999999999881022
eakf_model3,4.456037274998761e-12
