model_name,weigth
arima,1.1460269575472271e-68
eakf_model1,1.9486050618263032e-22
eakf_model2,1.5875201987691653e-11
eakf_model3,0.9999999999841249
