model_name,weigth
arima,1.6899512868053195e-124
eakf_model1,2.3019921558085015e-11
eakf_model2,6.424912483481794e-43
eakf_model3,0.99999999997698
sarima,1.5021290144819496e-53
