model_name,weigth
arima,5.366731547217515e-159
eakf_model1,1.6440973011591234e-10
eakf_model2,3.955303448722255e-20
eakf_model3,0.9999999998355902
sarima,0.0
