model_name,weigth
arima,5.921106459597321e-85
eakf_model1,1.363884104412144e-11
eakf_model2,6.905666660158327e-20
eakf_model3,0.9999999999863611
sarima,7.717169914023717e-55
