model_name,weigth
arima,3.2636517750809284e-28
eakf_model1,9.376912580337846e-13
eakf_model2,2.8450484784752096e-33
eakf_model3,7.342588472076979e-15
sarima,0.999999999999055
