model_name,weigth
arima,0.0
eakf_model1,1.0526339255291397e-09
eakf_model2,0.999999998947366
eakf_model3,2.3981436000378354e-26
sarima,2e-323
