model_name,weigth
arima,1.3044292111400855e-214
eakf_model1,5.5635508551249917e-11
eakf_model2,2.2141909111476738e-58
eakf_model3,0.9999999999443645
sarima,0.0
