model_name,weigth
arima,7.636639357377834e-31
eakf_model1,5.152083367929636e-12
eakf_model2,0.9999999999948479
eakf_model3,9.285704138319407e-21
sarima,4.5553694753873e-61
