model_name,weigth
arima,0.0
eakf_model1,0.9999999889650748
eakf_model2,1.10349251353648e-08
eakf_model3,4.144229852450263e-77
sarima,0.0
