model_name,weigth
arima,1.3075661553880172e-25
eakf_model1,1.3087289393959897e-11
eakf_model2,0.9999999999869127
eakf_model3,6.7305346940276634e-18
sarima,4.531030174533181e-179
