model_name,weigth
arima,2.041136875343e-312
eakf_model1,0.9999999999735929
eakf_model2,1.341581797041352e-13
eakf_model3,2.627289803819817e-11
sarima,0.0
