model_name,weigth
arima,1.642965395556642e-63
eakf_model1,2.2780450334271607e-11
eakf_model2,3.599580192356251e-41
eakf_model3,0.9999999999772196
sarima,6.284959044841097e-115
