model_name,weigth
arima,0.0
eakf_model1,0.9999999995676065
eakf_model2,1.7480994589006707e-39
eakf_model3,4.3239343275953126e-10
sarima,0.0
