model_name,weigth
arima,4.00464675664117e-65
eakf_model1,1.4476111716197165e-11
eakf_model2,2.3807654034201627e-36
eakf_model3,0.9999999999855238
sarima,8.339727613270699e-138
