model_name,weigth
arima,2.7550107991569383e-274
eakf_model1,1.373602660617873e-10
eakf_model2,0.999999999856336
eakf_model3,6.303660915182485e-12
sarima,2.165979241286569e-149
