model_name,weigth
arima,0.0
eakf_model1,0.9999999993980397
eakf_model2,2.4099732957665847e-10
eakf_model3,3.6096293493577646e-10
sarima,0.0
