model_name,weigth
arima,1.9245527046401874e-170
eakf_model1,3.932648484459817e-11
eakf_model2,2.238061099812755e-28
eakf_model3,0.9999999999606735
sarima,1.9245527046401874e-170
