model_name,weigth
arima,0.0
eakf_model1,0.9999999986262496
eakf_model2,1.373750438856736e-09
eakf_model3,2.9815698758007504e-59
sarima,0.0
