model_name,weigth
arima,0.0
eakf_model1,8.28725986816791e-11
eakf_model2,5.4302793360840456e-17
eakf_model3,0.9999999999171274
sarima,0.0
