model_name,weigth
arima,0.0
eakf_model1,2.850725470858094e-10
eakf_model2,0.9999999997149274
eakf_model3,2.5725360925354504e-18
sarima,0.0
