model_name,weigth
arima,1.8153029898689398e-134
eakf_model1,2.525015632491052e-17
eakf_model2,5.846394353958725e-11
eakf_model3,0.999999999941536
sarima,2.4298437714733082e-107
