model_name,weigth
arima,1.9369397897378788e-214
eakf_model1,2.411098755061536e-10
eakf_model2,2.964455540615959e-70
eakf_model3,0.9999999997588901
sarima,1.9369397897378788e-214
