model_name,weigth
arima,1.0026598626776318e-278
eakf_model1,7.713564393251836e-11
eakf_model2,8.893407639047305e-33
eakf_model3,0.9999999999228644
sarima,1.0026598626776318e-278
