model_name,weigth
arima,9.414768770944358e-259
eakf_model1,0.9999999996797965
eakf_model2,7.666635124986021e-38
eakf_model3,3.202036034932347e-10
sarima,4.776858991676155e-212
