model_name,weigth
arima,0.0
eakf_model1,0.9999999997827933
eakf_model2,2.557553458057553e-38
eakf_model3,2.17206722794139e-10
sarima,2e-323
