model_name,weigth
arima,2.149799087234165e-282
eakf_model1,1.0818125182177214e-10
eakf_model2,2.9549198574063477e-19
eakf_model3,0.9999999998918188
sarima,1.168201139842721e-248
