model_name,weigth
arima,2e-323
eakf_model1,9.628645281400071e-33
eakf_model2,7.662923667578398e-10
eakf_model3,0.9999999992337076
sarima,0.0
