model_name,weigth
arima,8.324911002159714e-134
eakf_model1,0.9999999999838789
eakf_model2,4.97698073339059e-22
eakf_model3,1.6121084191489527e-11
sarima,2.2724397826684747e-133
