model_name,weigth
arima,6.841066593672162e-139
eakf_model1,0.9999999999785419
eakf_model2,2.145807817799383e-11
eakf_model3,5.954836703841025e-42
sarima,5.3004257273441395e-80
