model_name,weigth
arima,9.748876955297497e-40
eakf_model1,0.9999999999960654
eakf_model2,2.0033100201858617e-17
eakf_model3,4.4935573572517583e-13
sarima,3.485197104501401e-12
