model_name,weigth
arima,0.0
eakf_model1,0.99999999920037
eakf_model2,7.996299912147354e-10
eakf_model3,8.723577656112567e-86
sarima,0.0
