model_name,weigth
arima,0.0
eakf_model1,0.9999999997825192
eakf_model2,2.1748084924956497e-10
eakf_model3,1.0372330398873827e-94
sarima,0.0
