model_name,weigth
arima,8.753814315324388e-82
eakf_model1,0.999999999889075
eakf_model2,1.6945857543841754e-32
eakf_model3,1.1092511150819914e-10
sarima,6.436499410511792e-66
