model_name,weigth
arima,2e-323
eakf_model1,0.999999999640403
eakf_model2,1.5805518201434258e-65
eakf_model3,3.595970386467718e-10
sarima,1.6525383165352227e-238
