model_name,weigth
arima,2e-323
eakf_model1,0.9999999997083542
eakf_model2,6.830676692033922e-11
eakf_model3,2.2333889194884737e-10
sarima,1.1643799898432817e-217
