model_name,weigth
arima,0.0
eakf_model1,0.999999963610287
eakf_model2,3.6389712897935416e-08
eakf_model3,4e-323
sarima,2e-323
