model_name,weigth
arima,2e-323
eakf_model1,1.5078583949058602e-17
eakf_model2,2.7509227855525694e-10
eakf_model3,0.9999999997249077
sarima,3.609750919373715e-280
