model_name,weigth
arima,4.299126653772811e-69
eakf_model1,1.198640476782748e-12
eakf_model2,0.9999999999934996
eakf_model3,5.301648320322482e-12
sarima,5.795319459916523e-57
