model_name,weigth
arima,2.0860105052836097e-78
eakf_model1,8.830657765939528e-12
eakf_model2,0.9999999999911635
eakf_model3,5.866134971858584e-15
sarima,1.0996277373524193e-72
