model_name,weigth
arima,3.2880112088730776e-60
eakf_model1,3.545026336486534e-12
eakf_model2,5.218974377909972e-18
eakf_model3,0.999999999996455
sarima,7.050947895132026e-44
