model_name,weigth
arima,1e-323
eakf_model1,2e-323
eakf_model2,0.9999999942709901
eakf_model3,5.729009899715428e-09
sarima,1.5799263932166007e-161
