model_name,weigth
arima,5.898827835248768e-41
eakf_model1,5.014277867444286e-13
eakf_model2,1.7868550667428179e-12
eakf_model3,0.9999999999971458
sarima,5.65931665293071e-13
