model_name,weigth
arima,2e-323
eakf_model1,5.113270243304687e-66
eakf_model2,0.9999999963423789
eakf_model3,3.6576210151592076e-09
sarima,2e-323
