model_name,weigth
arima,3e-323
eakf_model1,1.724720473377981e-72
eakf_model2,1.4681068019183385e-10
eakf_model3,0.9999999998531892
sarima,5.501011820992908e-106
