model_name,weigth
arima,1.2167182490725955e-132
eakf_model1,2.936267158090752e-11
eakf_model2,4.179179383976274e-12
eakf_model3,0.9999999999664582
sarima,2.988384350384661e-57
