model_name,weigth
arima,1.3575853615969808e-97
eakf_model1,9.482335364034083e-34
eakf_model2,2.8570225481014424e-11
eakf_model3,0.9999999999714297
sarima,4.8061234947185785e-17
