model_name,weigth
arima,2e-323
eakf_model1,0.9999999994135487
eakf_model2,1.4227142510453842e-79
eakf_model3,5.864512471307995e-10
sarima,3.848107727851744e-276
