model_name,weigth
arima,2.1732763928620944e-88
eakf_model1,2.2078539639949938e-11
eakf_model2,8.186404961115423e-18
eakf_model3,0.9999999999779214
sarima,6.5600011924467415e-65
