model_name,weigth
arima,2.0215223269624143e-61
eakf_model1,8.755798417519083e-12
eakf_model2,1.0733893900634609e-19
eakf_model3,0.9999999999912441
sarima,5.488662493184053e-34
