model_name,weigth
arima,1.4960013846559095e-199
eakf_model1,8.859355085327219e-10
eakf_model2,0.9999999991140645
eakf_model3,7.53963332547195e-35
sarima,8.44904924077277e-272
