model_name,weigth
arima,4e-323
eakf_model1,1.1666563209711299e-110
eakf_model2,5.5427154886625805e-09
eakf_model3,0.9999999944572844
sarima,5.740595597697741e-277
