model_name,weigth
arima,0.0
eakf_model1,2e-323
eakf_model2,0.9999999992394779
eakf_model3,7.605221254247728e-10
sarima,1.0068038394106265e-107
