model_name,weigth
arima,1.30218778022099e-85
eakf_model1,1.6741806538954394e-89
eakf_model2,1.1513067587627558e-38
eakf_model3,0.9999999999816117
sarima,1.8388326429888818e-11
