model_name,weigth
arima,3.3840632431890757e-67
eakf_model1,0.9999999999524203
eakf_model2,4.757966371680195e-11
eakf_model3,1.0004831052037727e-46
sarima,3.364876156100471e-79
