model_name,weigth
arima,4.805250503266284e-203
eakf_model1,7.97082685078246e-10
eakf_model2,0.9999999992029173
eakf_model3,6.010826446400495e-62
sarima,4.361375502233796e-227
