model_name,weigth
arima,1.59586386539086e-23
eakf_model1,0.9999999999976379
eakf_model2,2.3620662013188895e-12
eakf_model3,9.351139123514892e-17
sarima,1.893203633779428e-18
