model_name,weigth
arima,2.2053719137986653e-34
eakf_model1,1.0037892617491702e-19
eakf_model2,8.443988517345743e-19
eakf_model3,1.0362563814363058e-11
sarima,0.9999999999896374
