model_name,weigth
arima,2.4049781350530987e-71
eakf_model1,1.4782298652274896e-80
eakf_model2,1.3168036833566113e-11
eakf_model3,4.878408209384393e-13
sarima,0.999999999986344
