model_name,weigth
arima,1.3245056086987272e-28
eakf_model1,0.9999999999957137
eakf_model2,4.286428025708308e-12
eakf_model3,4.182258101314847e-21
sarima,1.5948720841849533e-27
