model_name,weigth
arima,1.1105679292736943e-134
eakf_model1,7.21773999110395e-197
eakf_model2,5.023989553583403e-14
eakf_model3,3.928517776733823e-11
sarima,0.9999999999606646
