model_name,weigth
arima,2.3577421735307456e-30
eakf_model1,0.9999999999901804
eakf_model2,9.819004872347766e-12
eakf_model3,6.747532404416653e-16
sarima,2.0124970295158152e-32
