model_name,weigth
arima,1.343799816191593e-35
eakf_model1,7.123488353746009e-59
eakf_model2,4.73977059177047e-11
eakf_model3,0.9999999999526024
sarima,7.537366206338812e-41
