model_name,weigth
arima,1.4322366987441025e-88
eakf_model1,5.890162886875382e-20
eakf_model2,7.183749448030524e-11
eakf_model3,0.9999999999281626
sarima,5.50039886297327e-133
