model_name,weigth
arima,7.297672627591579e-141
eakf_model1,0.9999999997241158
eakf_model2,2.0897802737464992e-10
eakf_model3,6.690610718265676e-11
sarima,8.251871984157263e-186
