model_name,weigth
arima,3.132636893156364e-31
eakf_model1,2.2916346150492897e-21
eakf_model2,2.0895561053699128e-12
eakf_model3,0.9999999999979103
sarima,4.916237245424235e-24
