model_name,weigth
arima,0.8455283344039886
eakf_model1,4e-323
eakf_model2,1.0258381046192819e-45
eakf_model3,0.15447166559601133
sarima,2.4943939001193447e-174
