model_name,weigth
arima,3.1488760011986138e-142
eakf_model1,0.9999999995036364
eakf_model2,4.963636247491134e-10
eakf_model3,1.3421404705855055e-95
sarima,1.583591245041851e-154
