model_name,weigth
arima,4.5739837656525295e-12
eakf_model1,5.135012768964091e-44
eakf_model2,1.335527308699914e-13
eakf_model3,1.060163462130723e-16
sarima,0.9999999999952923
