model_name,weigth
arima,4.270660759530654e-54
eakf_model1,2.650579626788698e-56
eakf_model2,0.9999999998161458
eakf_model3,1.8385415630621542e-10
sarima,3.9379754329467246e-55
