model_name,weigth
arima,7.637507983938787e-101
eakf_model1,9.908398264875792e-11
eakf_model2,0.999999999900916
eakf_model3,6.926520336120074e-48
sarima,9.163412228325868e-92
