model_name,weigth
arima,1.8591615188592626e-18
eakf_model1,8.201043138488559e-30
eakf_model2,2.7055142813083496e-13
eakf_model3,1.233851144399266e-12
sarima,0.9999999999984956
