model_name,weigth
arima,0.9999999999612867
eakf_model1,1.3812357256002905e-73
eakf_model2,1.0557233567816438e-18
eakf_model3,3.615984944278862e-24
sarima,3.871318428092075e-11
