model_name,weigth
arima,1.0586130013384748e-11
eakf_model1,5.388084247355323e-15
eakf_model2,1.060961494013575e-10
eakf_model3,0.9999999998833123
sarima,4.6466018763410605e-40
