model_name,weigth
arima,5.2854426692208543e-11
eakf_model1,6.220894755803488e-51
eakf_model2,7.228273196035409e-12
eakf_model3,0.9999999999399174
sarima,5.496016276740216e-30
