model_name,weigth
arima,6.534244314955082e-110
eakf_model1,0.999999999518516
eakf_model2,2.4342736931339036e-167
eakf_model3,4.814838876894863e-10
sarima,2.84362754625496e-73
