model_name,weigth
arima,1.5365082858305657e-275
eakf_model1,2.6261078031787734e-10
eakf_model2,0.9999999997373892
eakf_model3,9.664417607560594e-29
sarima,9.910038668314279e-207
