model_name,weigth
arima,1.7478059468340822e-114
eakf_model1,6.889082146739193e-11
eakf_model2,0.9999999999304632
eakf_model3,6.459472975978287e-13
sarima,1.0286450482228492e-93
