model_name,weigth
arima,2e-323
eakf_model1,1.3392173585026456e-09
eakf_model2,7.252365717002454e-15
eakf_model3,0.9999999986607753
sarima,1.588374670122822e-301
