model_name,weigth
arima,4.2985573968721415e-180
eakf_model1,0.9999999997862015
eakf_model2,2.1266066472075903e-10
eakf_model3,1.1378342919567234e-12
sarima,7.994625749343682e-171
