model_name,weigth
arima,4.8983505628227493e-113
eakf_model1,2.4224261703893445e-11
eakf_model2,1.049731266959196e-10
eakf_model3,0.9999999998708027
sarima,4.565092191079479e-96
