model_name,weigth
arima,1.0051372747853908e-39
eakf_model1,3.3501109820418183e-13
eakf_model2,6.139675926301052e-12
eakf_model3,0.9999999999935254
sarima,1.9950140931629626e-29
