model_name,weigth
arima,0.0
eakf_model1,3.3899961466990742e-09
eakf_model2,1.7619666671747055e-308
eakf_model3,0.9999999966100037
