model_name,weigth
arima,0.0
eakf_model1,1.6496088629899206e-09
eakf_model2,9.0671397e-317
eakf_model3,0.9999999983503913
