model_name,weigth
arima,1.3153061027581062e-165
eakf_model1,0.9999999998865655
eakf_model2,5.221828334518098e-142
eakf_model3,1.1343449744701646e-10
