model_name,weigth
arima,7.801574212896857e-95
eakf_model1,0.9999999999597421
eakf_model2,3.940771859666454e-58
eakf_model3,4.025790159328972e-11
sarima,8.246789966994195e-50
