model_name,weigth
arima,2.4687151923690273e-269
eakf_model1,0.9999999997860147
eakf_model2,3.671691572786298e-61
eakf_model3,2.1398523156207434e-10
