model_name,weigth
arima,2.945953969595764e-162
eakf_model1,0.9999999998957037
eakf_model2,1.9635448875534164e-30
eakf_model3,1.0429629886120834e-10
sarima,1.6018594411855605e-111
