model_name,weigth
arima,5.9956556e-317
eakf_model1,0.9999999996220849
eakf_model2,1.455672968582256e-67
eakf_model3,3.779152790973573e-10
