model_name,weigth
arima,6.839402049407317e-130
eakf_model1,0.9999999999288134
eakf_model2,8.629525224996431e-26
eakf_model3,7.11868344347856e-11
sarima,2.7021614546936153e-91
