model_name,weigth
arima,0.0
eakf_model1,0.9999999994160081
eakf_model2,9.235071024622088e-85
eakf_model3,5.839920711279383e-10
