model_name,weigth
arima,1.6000360887177284e-240
eakf_model1,1.2288145282498996e-10
eakf_model2,9.342589006727983e-86
eakf_model3,0.9999999998771185
