model_name,weigth
arima,4.376265786945045e-242
eakf_model1,0.9999999998575062
eakf_model2,1.335426197624938e-52
eakf_model3,1.4249376577908516e-10
