model_name,weigth
arima,9.385477469563044e-145
eakf_model1,0.9999999999201163
eakf_model2,3.4095126681958933e-32
eakf_model3,7.9883785612753e-11
sarima,4.354716510005167e-120
