model_name,weigth
arima,1.9945655742981777e-164
eakf_model1,0.9999999999407765
eakf_model2,8.819809828892953e-27
eakf_model3,5.922343379434633e-11
sarima,1.6583050092511838e-147
