model_name,weigth
arima,9.394912485541142e-273
eakf_model1,1.9682856151247196e-10
eakf_model2,3.8011077803825687e-90
eakf_model3,0.9999999998031714
