model_name,weigth
arima,2.2389253888319967e-170
eakf_model1,7.610818093415844e-11
eakf_model2,4.5064041834476965e-62
eakf_model3,0.9999999999238919
