model_name,weigth
arima,9.360328131880032e-157
eakf_model1,0.9999999999377743
eakf_model2,2.5628171627706905e-28
eakf_model3,6.222588667966478e-11
sarima,1.1174857489698481e-141
