model_name,weigth
arima,0.0
eakf_model1,0.9999999994702302
eakf_model2,1.3450845482381569e-79
eakf_model3,5.297697210711762e-10
