model_name,weigth
arima,0.0
eakf_model1,0.9999999996601691
eakf_model2,2.3362405982826768e-66
eakf_model3,3.3983084601356673e-10
