model_name,weigth
arima,0.0
eakf_model1,0.9999999998167973
eakf_model2,6.2234668160318075e-49
eakf_model3,1.8320286804291485e-10
