model_name,weigth
arima,0.0
eakf_model1,0.9999999994013253
eakf_model2,1.0462271938038687e-93
eakf_model3,5.986745881453107e-10
