model_name,weigth
arima,1.7576277222178984e-197
eakf_model1,0.9999999999258341
eakf_model2,5.649019613704819e-28
eakf_model3,7.416600798442295e-11
sarima,1.0701715988075645e-196
