model_name,weigth
arima,6.2762639775729744e-242
eakf_model1,0.9999999998848648
eakf_model2,9.706146387016636e-35
eakf_model3,1.1513529613972991e-10
sarima,2.8696810958195244e-246
