model_name,weigth
arima,2.377732890436003e-190
eakf_model1,0.9999999999389515
eakf_model2,1.0534375842207044e-23
eakf_model3,6.104862914249176e-11
sarima,5.903068434942201e-171
