model_name,weigth
arima,5.515631521574252e-202
eakf_model1,0.9999999999186617
eakf_model2,3.327338124348611e-30
eakf_model3,8.133845326046991e-11
sarima,1.3813575843368772e-204
