model_name,weigth
arima,3.2649969675239797e-270
eakf_model1,0.9999999998571606
eakf_model2,2.040972077706682e-35
eakf_model3,1.4283938072253492e-10
sarima,1.840368917476295e-294
