model_name,weigth
arima,0.0
eakf_model1,0.9999999997757482
eakf_model2,4.924132287348983e-52
eakf_model3,2.2425179366930262e-10
