model_name,weigth
arima,0.0
eakf_model1,0.9999999997993614
eakf_model2,1.9166824010952516e-78
eakf_model3,2.0063880932351716e-10
