model_name,weigth
arima,0.0
eakf_model1,0.9999999994720203
eakf_model2,3.525432989828572e-84
eakf_model3,5.27979480495803e-10
