model_name,weigth
arima,8.561216277439008e-260
eakf_model1,0.9999999998665341
eakf_model2,1.072529902014109e-35
eakf_model3,1.3346612730096395e-10
sarima,2.53482838577191e-290
