model_name,weigth
arima,9.505195521309254e-289
eakf_model1,0.999999999827524
eakf_model2,1.3177608820185434e-35
eakf_model3,1.724760438351792e-10
sarima,1.97315882239254e-310
