model_name,weigth
arima,0.0
eakf_model1,0.9999999995547872
eakf_model2,5.38073028304306e-81
eakf_model3,4.452128619728987e-10
