model_name,weigth
arima,0.0
eakf_model1,0.9999999994520864
eakf_model2,1.6647981159782123e-84
eakf_model3,5.479137984235822e-10
