model_name,weigth
arima,0.0
eakf_model1,0.9999999938082477
eakf_model2,1.6002021397170626e-208
eakf_model3,6.191752345895489e-09
