model_name,weigth
arima,0.0
eakf_model1,0.9999999906629597
eakf_model2,9.965989525751364e-253
eakf_model3,9.337040093966611e-09
