model_name,weigth
arima,5.151433483640249e-159
eakf_model1,0.9999999999724113
eakf_model2,1.0377581656775635e-29
eakf_model3,2.7588701167474698e-11
