model_name,weigth
arima,4.837473939872407e-152
eakf_model1,0.9999999999729559
eakf_model2,1.4655233295197115e-29
eakf_model3,2.7044200109645878e-11
