model_name,weigth
arima,0.0
eakf_model1,0.9999999995087935
eakf_model2,5.422481717109493e-51
eakf_model3,4.912062713952047e-10
sarima,0.0
