model_name,weigth
arima,0.0
eakf_model1,0.9999999973363173
eakf_model2,2.874052115258648e-141
eakf_model3,2.663682504459671e-09
