model_name,weigth
arima,0.0
eakf_model1,0.9999999970072636
eakf_model2,6.72662977977968e-142
eakf_model3,2.9927363360733658e-09
