model_name,weigth
arima,0.0
eakf_model1,0.9999999995987932
eakf_model2,1.5017622005578514e-50
eakf_model3,4.01206784940245e-10
sarima,0.0
