model_name,weigth
arima,0.0
eakf_model1,0.9999999995575649
eakf_model2,3.436983384113828e-49
eakf_model3,4.424350093639657e-10
sarima,0.0
