model_name,weigth
arima,3.64358817601106e-160
eakf_model1,0.9999999999697394
eakf_model2,1.7955902210101378e-31
eakf_model3,3.026050934588363e-11
