model_name,weigth
arima,0.0
eakf_model1,0.9999999992459935
eakf_model2,1.57565661509281e-60
eakf_model3,7.540064659947609e-10
sarima,0.0
