model_name,weigth
arima,0.0
eakf_model1,0.9999999723518286
eakf_model2,5.14e-322
eakf_model3,2.7648171303725284e-08
