model_name,weigth
arima,0.0
eakf_model1,0.9999999995328306
eakf_model2,1.024760027844338e-46
eakf_model3,4.671692400941313e-10
sarima,0.0
