model_name,weigth
arima,0.0
eakf_model1,0.9999999992043054
eakf_model2,1.2514608896002311e-62
eakf_model3,7.956947312223855e-10
sarima,0.0
