model_name,weigth
arima,0.0
eakf_model1,0.9999999992884947
eakf_model2,2.2663216428223467e-60
eakf_model3,7.115049925828062e-10
sarima,0.0
