model_name,weigth
arima,0.0
eakf_model1,0.9999999910106293
eakf_model2,2.1052758556832376e-236
eakf_model3,8.989370364049228e-09
