model_name,weigth
arima,0.0
eakf_model1,0.9999999850372177
eakf_model2,8.707579130160654e-288
eakf_model3,1.4962782309028072e-08
