model_name,weigth
arima,0.0
eakf_model1,0.9999999913382293
eakf_model2,3.3074800757271238e-220
eakf_model3,8.661770709066968e-09
