model_name,weigth
arima,9.753780608566403e-253
eakf_model1,0.9999999999460268
eakf_model2,1.130973483835013e-40
eakf_model3,5.39727672401656e-11
