model_name,weigth
arima,2.6742951713689074e-267
eakf_model1,0.9999999999421246
eakf_model2,1.0974893118010223e-41
eakf_model3,5.787494951153296e-11
