model_name,weigth
arima,0.0
eakf_model1,0.999999991655817
eakf_model2,2.504840075791016e-210
eakf_model3,8.344183322140355e-09
