model_name,weigth
arima,3.6806277307353223e-214
eakf_model1,0.9999999999594174
eakf_model2,2.504465063138489e-36
eakf_model3,4.0582371535590557e-11
