model_name,weigth
arima,0.0
eakf_model1,0.9999999992237759
eakf_model2,1.4682526991802757e-59
eakf_model3,7.762242522829831e-10
sarima,0.0
