model_name,weigth
arima,0.0
eakf_model1,0.9999999944078317
eakf_model2,7.23252033668098e-183
eakf_model3,5.592167892608348e-09
