model_name,weigth
arima,0.0
eakf_model1,0.9999999993739094
eakf_model2,3.271718640849086e-54
eakf_model3,6.260906445635364e-10
sarima,0.0
