model_name,weigth
arima,0.0
eakf_model1,0.9999999908657435
eakf_model2,1.2335174526750287e-229
eakf_model3,9.13425600869507e-09
