model_name,weigth
arima,0.0
eakf_model1,0.999999934868344
eakf_model2,5.34e-322
eakf_model3,6.513165617684526e-08
