model_name,weigth
arima,2.725793601743664e-181
eakf_model1,0.9999999999668863
eakf_model2,3.6785974617323466e-32
eakf_model3,3.311381232845534e-11
