model_name,weigth
arima,2.695020335273191e-206
eakf_model1,0.9999999999614786
eakf_model2,2.0848724997312576e-35
eakf_model3,3.852169519996506e-11
