model_name,weigth
arima,1.7387050765195606e-196
eakf_model1,0.9999999999642422
eakf_model2,2.314573930971647e-34
eakf_model3,3.5758016810519657e-11
