model_name,weigth
arima,0.0
eakf_model1,0.999999999315293
eakf_model2,2.543224080930361e-57
eakf_model3,6.847067023885885e-10
sarima,0.0
