model_name,weigth
arima,2.806732208710278e-262
eakf_model1,0.9999999999544401
eakf_model2,7.385430003274723e-33
eakf_model3,4.556005536573462e-11
