model_name,weigth
arima,0.0
eakf_model1,0.9999999995042781
eakf_model2,1.336246327901307e-47
eakf_model3,4.957218065449191e-10
sarima,0.0
