model_name,weigth
arima,0.0
eakf_model1,0.9999999999204373
eakf_model2,2.3825880754670774e-38
eakf_model3,7.95625549669887e-11
