model_name,weigth
arima,0.0
eakf_model1,0.9999999998998649
eakf_model2,4.2038363731447217e-47
eakf_model3,1.001348904339452e-10
