model_name,weigth
arima,0.0
eakf_model1,0.9999999996494948
eakf_model2,7.234828128572882e-58
eakf_model3,3.50505360445438e-10
