model_name,weigth
arima,0.0
eakf_model1,0.9999999993134656
eakf_model2,4.4331657713446727e-70
eakf_model3,6.865343743024757e-10
