model_name,weigth
arima,0.0
eakf_model1,0.9999999513741213
eakf_model2,5.63e-322
eakf_model3,4.862587885251075e-08
