model_name,weigth
arima,0.0
eakf_model1,0.9999999996475575
eakf_model2,5.332616287800251e-56
eakf_model3,3.524426899043634e-10
