model_name,weigth
arima,0.0
eakf_model1,0.9999999996069636
eakf_model2,2.1368014876035723e-55
eakf_model3,3.93036320191927e-10
