model_name,weigth
arima,1.1917587870427019e-295
eakf_model1,0.9999999998671671
eakf_model2,3.264535282758786e-29
eakf_model3,1.3283306353874145e-10
sarima,4.024817334789123e-299
