model_name,weigth
arima,0.0
eakf_model1,0.9999999999026138
eakf_model2,1.4943094457872442e-47
eakf_model3,9.738574884365463e-11
