model_name,weigth
arima,6.356971088148922e-269
eakf_model1,0.9999999999518199
eakf_model2,5.337824739950032e-34
eakf_model3,4.818010790391705e-11
