model_name,weigth
arima,0.0
eakf_model1,0.9999998424694461
eakf_model2,5.73e-322
eakf_model3,1.5753055375154272e-07
