model_name,weigth
arima,0.0
eakf_model1,0.9999999996124183
eakf_model2,1.996834092901909e-42
eakf_model3,3.875821014826943e-10
sarima,0.0
