model_name,weigth
arima,0.0
eakf_model1,0.9999999998024407
eakf_model2,6.5350700503094684e-31
eakf_model3,1.975593514928316e-10
sarima,0.0
