model_name,weigth
arima,2.626950123061619e-297
eakf_model1,0.9999999999298921
eakf_model2,1.8899471683808775e-38
eakf_model3,7.010804636511721e-11
