model_name,weigth
arima,0.0
eakf_model1,0.9999999996845336
eakf_model2,1.5867672914253954e-50
eakf_model3,3.1546659850418097e-10
