model_name,weigth
arima,0.0
eakf_model1,0.9999999996859755
eakf_model2,3.999162612518513e-62
eakf_model3,3.140246373088108e-10
