model_name,weigth
arima,0.0
eakf_model1,0.9999999997413571
eakf_model2,6.4485099127006635e-46
eakf_model3,2.586430611110451e-10
