model_name,weigth
arima,0.0
eakf_model1,0.9999999997831712
eakf_model2,6.766141319125597e-43
eakf_model3,2.1682887874552287e-10
