model_name,weigth
arima,7.717250059679989e-292
eakf_model1,0.9999999998640065
eakf_model2,3.0797455792881866e-28
eakf_model3,1.3599382042340508e-10
sarima,5.633878536197848e-292
