model_name,weigth
arima,1.0689386995766976e-293
eakf_model1,0.9999999998445761
eakf_model2,1.7549195317103226e-30
eakf_model3,1.554238194900664e-10
sarima,2.4962717577392556e-291
