model_name,weigth
arima,3.695135328299742e-235
eakf_model1,0.9999999999543124
eakf_model2,7.113351361334596e-35
eakf_model3,4.5688232584544247e-11
