model_name,weigth
arima,0.0
eakf_model1,0.999999999718299
eakf_model2,7.345404932378775e-48
eakf_model3,2.8170103489700064e-10
