model_name,weigth
arima,1.523559422791513e-194
eakf_model1,0.9999999999677274
eakf_model2,2.505017924280819e-31
eakf_model3,3.2272743717754985e-11
