model_name,weigth
arima,1.5176746729187365e-273
eakf_model1,0.9999999999410715
eakf_model2,5.103404700505396e-37
eakf_model3,5.89285144234704e-11
