model_name,weigth
arima,0.0
eakf_model1,0.9999999996669615
eakf_model2,9.390290866712735e-54
eakf_model3,3.330384567562199e-10
