model_name,weigth
arima,5.58148545555934e-284
eakf_model1,0.999999999856268
eakf_model2,3.8968376016843205e-29
eakf_model3,1.4373185439014204e-10
sarima,5.850719546676114e-280
