model_name,weigth
arima,2.6797705317559987e-213
eakf_model1,0.9999999999627222
eakf_model2,5.5594545622985746e-33
eakf_model3,3.727789108189799e-11
