model_name,weigth
arima,0.0
eakf_model1,0.9999999997194557
eakf_model2,1.5025753359153286e-46
eakf_model3,2.805442840586062e-10
