model_name,weigth
arima,0.0
eakf_model1,0.9999999997597527
eakf_model2,2.4424021596448735e-44
eakf_model3,2.40247536160842e-10
