model_name,weigth
arima,9.470049973903688e-288
eakf_model1,0.9999999998538516
eakf_model2,2.3243186287089725e-29
eakf_model3,1.4614879163373557e-10
sarima,6.231048100728583e-282
