model_name,weigth
arima,8.696203821017027e-308
eakf_model1,0.9999999998497349
eakf_model2,3.662568450046856e-30
eakf_model3,1.5026528355662306e-10
sarima,1.434244362569713e-308
