model_name,weigth
arima,1.1147740010926981e-287
eakf_model1,0.9999999998533354
eakf_model2,1.3813928184697083e-29
eakf_model3,1.4666452682126085e-10
sarima,7.538795939476221e-277
