model_name,weigth
arima,1.3670882231932645e-295
eakf_model1,0.9999999998516761
eakf_model2,7.210543501143405e-30
eakf_model3,1.4832385975676844e-10
sarima,9.671313274317763e-295
