model_name,weigth
arima,7.400642361764254e-185
eakf_model1,0.9999999999718263
eakf_model2,7.992207134697982e-31
eakf_model3,2.817335628794826e-11
