model_name,weigth
arima,0.0
eakf_model1,0.9999999994639424
eakf_model2,8.625137695646234e-54
eakf_model3,5.36057700958733e-10
