model_name,weigth
arima,1.7110172198919388e-291
eakf_model1,0.999999999848748
eakf_model2,1.460251519074309e-29
eakf_model3,1.5125218760666938e-10
sarima,1.1153851913594921e-279
