model_name,weigth
arima,8.113e-321
eakf_model1,0.9999999998131747
eakf_model2,6.856311236790291e-29
eakf_model3,1.8682537891616464e-10
sarima,1.6232305076182858e-304
