model_name,weigth
arima,0.0
eakf_model1,0.9999999997363758
eakf_model2,4.096929987388696e-44
eakf_model3,2.6362428195605096e-10
