model_name,weigth
arima,4.906892483246391e-303
eakf_model1,0.9999999998352588
eakf_model2,1.8678672352563829e-28
eakf_model3,1.6474100661770937e-10
sarima,2.5043447048558377e-289
