model_name,weigth
arima,6.319924505513191e-279
eakf_model1,0.9999999998611844
eakf_model2,4.614783141802468e-28
eakf_model3,1.3881565823993377e-10
sarima,2.0427319579816505e-267
