model_name,weigth
arima,0.0
eakf_model1,0.9999999997495981
eakf_model2,5.2752512207750404e-42
eakf_model3,2.504020185681796e-10
