model_name,weigth
arima,0.0
eakf_model1,0.9999999994869234
eakf_model2,5.123781417909771e-52
eakf_model3,5.130765540593792e-10
