model_name,weigth
arima,2.4042980133310702e-278
eakf_model1,0.9999999998624985
eakf_model2,2.023194393266294e-27
eakf_model3,1.3750182991909664e-10
sarima,3.6129558467261696e-267
