model_name,weigth
arima,1.8715283393485878e-174
eakf_model1,0.9999999999726082
eakf_model2,4.1228786722985715e-31
eakf_model3,2.739176658332361e-11
