model_name,weigth
arima,0.0
eakf_model1,0.999999999418582
eakf_model2,3.4652503105681537e-57
eakf_model3,5.814181785401267e-10
