model_name,weigth
arima,3.837299091280292e-175
eakf_model1,0.9999999999734566
eakf_model2,1.3728440961278432e-30
eakf_model3,2.6543460688306562e-11
