model_name,weigth
arima,0.0
eakf_model1,0.9999999997026838
eakf_model2,2.7594145059467074e-43
eakf_model3,2.9731597926161055e-10
