model_name,weigth
arima,3.2459050935491807e-274
eakf_model1,0.9999999998652136
eakf_model2,6.121325281916288e-27
eakf_model3,1.3478644263836465e-10
sarima,7.459545205352365e-263
