model_name,weigth
arima,5.639922129404275e-285
eakf_model1,0.9999999998581287
eakf_model2,8.693538511140381e-28
eakf_model3,1.4187135697771025e-10
sarima,3.964706992138047e-273
