model_name,weigth
arima,0.0
eakf_model1,0.999999999699746
eakf_model2,3.98002870363873e-47
eakf_model3,3.002542069211643e-10
