model_name,weigth
arima,2.3156279579634723e-184
eakf_model1,0.9999999999710246
eakf_model2,6.030401091419591e-31
eakf_model3,2.8975569740772315e-11
