model_name,weigth
arima,0.0
eakf_model1,0.9999999997427811
eakf_model2,1.889060026600818e-42
eakf_model3,2.5721867794332116e-10
