model_name,weigth
arima,5.621716903479525e-281
eakf_model1,0.999999999858773
eakf_model2,9.43516308711292e-28
eakf_model3,1.4122705975954761e-10
sarima,1.127946153543747e-269
