model_name,weigth
arima,1.6699474299687124e-166
eakf_model1,0.9999999999755558
eakf_model2,1.1090798204848494e-30
eakf_model3,2.4444224552998636e-11
