model_name,weigth
arima,1.0266509052899896e-158
eakf_model1,0.9999999999775705
eakf_model2,2.949309001711842e-30
eakf_model3,2.2429603150005318e-11
