model_name,weigth
arima,8.472070714838879e-141
eakf_model1,0.9999999999830145
eakf_model2,6.451659517774654e-29
eakf_model3,1.6985161513355474e-11
