model_name,weigth
arima,0.0
eakf_model1,0.9999999997427936
eakf_model2,2.7678765054629163e-33
eakf_model3,2.5720646647651585e-10
sarima,0.0
