model_name,weigth
arima,0.0
eakf_model1,0.9999999982527477
eakf_model2,7.785835510695106e-90
eakf_model3,1.7472522705637551e-09
