model_name,weigth
arima,0.0
eakf_model1,0.999999997611273
eakf_model2,1.6005546774497247e-100
eakf_model3,2.3887269277554566e-09
