model_name,weigth
arima,1.1477778085355876e-206
eakf_model1,0.9999999999608636
eakf_model2,6.0969391692677755e-33
eakf_model3,3.913629172257288e-11
