model_name,weigth
arima,0.0
eakf_model1,0.9999999989657642
eakf_model2,4.821122849658689e-50
eakf_model3,1.0342360998798054e-09
sarima,0.0
