model_name,weigth
arima,0.0
eakf_model1,0.8907255903558626
eakf_model2,2.0381378187101248e-271
eakf_model3,0.10927440964413712
