model_name,weigth
arima,1.6704547145203427e-184
eakf_model1,0.9999999999699379
eakf_model2,2.212297504336864e-31
eakf_model3,3.0061267486821865e-11
