model_name,weigth
arima,0.0
eakf_model1,0.9999999996040982
eakf_model2,2.064958501331815e-40
eakf_model3,3.959016534693517e-10
sarima,0.0
