model_name,weigth
arima,0.0
eakf_model1,0.9999999995938145
eakf_model2,1.506272199599731e-40
eakf_model3,4.0618592277441934e-10
sarima,0.0
