model_name,weigth
arima,5.903343585175288e-216
eakf_model1,0.9999999999556947
eakf_model2,2.05577132832507e-33
eakf_model3,4.43053625668466e-11
