model_name,weigth
arima,0.0
eakf_model1,0.9999999995909694
eakf_model2,1.0009160424538996e-41
eakf_model3,4.090300727060777e-10
sarima,0.0
