model_name,weigth
arima,0.0
eakf_model1,0.9999999988319854
eakf_model2,5.362718980274096e-77
eakf_model3,1.1680147055340701e-09
