model_name,weigth
arima,4.107407348762613e-276
eakf_model1,0.9999999999227694
eakf_model2,1.530108992823677e-36
eakf_model3,7.723093450458516e-11
