model_name,weigth
arima,0.0
eakf_model1,0.9999999981819327
eakf_model2,2.2387182376800783e-63
eakf_model3,1.8180674973389365e-09
sarima,0.0
