model_name,weigth
arima,1.5315058072086227e-195
eakf_model1,0.9999999999642727
eakf_model2,3.172333655953399e-32
eakf_model3,3.5726790033400097e-11
