model_name,weigth
arima,0.0
eakf_model1,0.5226959851591492
eakf_model2,5.492434772967693e-89
eakf_model3,0.4773040148408509
