model_name,weigth
arima,0.0
eakf_model1,0.9999999981637852
eakf_model2,6.884887424312577e-92
eakf_model3,1.8362148325047563e-09
