model_name,weigth
arima,5.5974405152508666e-179
eakf_model1,0.9999999999710335
eakf_model2,3.6038438257247972e-31
eakf_model3,2.8966815858840664e-11
