model_name,weigth
arima,0.0
eakf_model1,0.9999999998771776
eakf_model2,3.412262272399881e-42
eakf_model3,1.2282299848147018e-10
