model_name,weigth
arima,1.107937109025144e-225
eakf_model1,0.9999999999504675
eakf_model2,6.495191886530328e-34
eakf_model3,4.9532363661107234e-11
