model_name,weigth
arima,0.0
eakf_model1,0.9999999996056264
eakf_model2,7.749600079099048e-40
eakf_model3,3.943733619233782e-10
sarima,0.0
