model_name,weigth
arima,0.0
eakf_model1,0.9999999996077552
eakf_model2,1.5539269949945864e-39
eakf_model3,3.922447325302796e-10
sarima,0.0
