model_name,weigth
arima,0.0
eakf_model1,0.9999999983739862
eakf_model2,1.8246495968346116e-87
eakf_model3,1.626013509271577e-09
