model_name,weigth
arima,0.0
eakf_model1,0.9999999982017311
eakf_model2,1.9098677898972784e-94
eakf_model3,1.7982684305825418e-09
