model_name,weigth
arima,0.0
eakf_model1,0.9999999975122836
eakf_model2,7.075965584570699e-93
eakf_model3,2.4877165167625205e-09
