model_name,weigth
arima,0.0
eakf_model1,0.9999999997147145
eakf_model2,1.8963487919469035e-55
eakf_model3,2.852852823513675e-10
