model_name,weigth
arima,0.0
eakf_model1,0.9999999963113467
eakf_model2,6.2872895876525775e-86
eakf_model3,3.6886532862347566e-09
sarima,0.0
