model_name,weigth
arima,0.0
eakf_model1,4.05625060577774e-09
eakf_model2,1.0333727735535088e-103
eakf_model3,0.9999999959437494
