model_name,weigth
arima,0.0
eakf_model1,4.0163708580836907e-07
eakf_model2,1.126e-321
eakf_model3,0.9999995983629135
