model_name,weigth
arima,0.0
eakf_model1,0.5463636543853753
eakf_model2,4.059836659003495e-92
eakf_model3,0.45363634561462535
sarima,0.0
