model_name,weigth
arima,0.0
eakf_model1,0.4213645457221369
eakf_model2,1.3094944408455581e-107
eakf_model3,0.578635454277863
