model_name,weigth
arima,0.0
eakf_model1,0.9999999928078198
eakf_model2,7.811814514349351e-111
eakf_model3,7.192179980026257e-09
sarima,0.0
