model_name,weigth
arima,0.0
eakf_model1,0.9706369883511676
eakf_model2,3.108678756917983e-276
eakf_model3,0.029363011648832156
