model_name,weigth
arima,0.0
eakf_model1,0.9999999962238005
eakf_model2,4.070494804142039e-84
eakf_model3,3.776199389999602e-09
sarima,0.0
