model_name,weigth
arima,0.0
eakf_model1,0.9999999985202295
eakf_model2,2.053299038533583e-102
eakf_model3,1.4797703048579189e-09
