model_name,weigth
arima,0.0
eakf_model1,0.9999999493363332
eakf_model2,5.7e-322
eakf_model3,5.0663666440414505e-08
