model_name,weigth
arima,0.0
eakf_model1,0.9999999965775962
eakf_model2,5.488381350510912e-82
eakf_model3,3.4224040269810113e-09
sarima,0.0
