model_name,weigth
arima,0.0
eakf_model1,0.39187146128590356
eakf_model2,8.757833937312616e-120
eakf_model3,0.6081285387140961
