model_name,weigth
arima,0.0
eakf_model1,0.21683716254182717
eakf_model2,1.710791859115128e-167
eakf_model3,0.7831628374581727
