model_name,weigth
arima,0.0
eakf_model1,0.9999999998567577
eakf_model2,5.312242706081971e-44
eakf_model3,1.4324193240278393e-10
