model_name,weigth
arima,0.0
eakf_model1,0.9999999996080932
eakf_model2,2.9089914862101815e-62
eakf_model3,3.9190697431225186e-10
