model_name,weigth
arima,0.0
eakf_model1,0.9999999857106546
eakf_model2,2.540220041380521e-246
eakf_model3,1.4289345178911583e-08
