model_name,weigth
arima,0.0
eakf_model1,0.9999999960449766
eakf_model2,3.0815222577213006e-84
eakf_model3,3.955023395347252e-09
sarima,0.0
