model_name,weigth
arima,0.0
eakf_model1,0.999999996923033
eakf_model2,1.2829534706701321e-77
eakf_model3,3.076966691030428e-09
sarima,0.0
