model_name,weigth
arima,0.0
eakf_model1,7.075919019450135e-08
eakf_model2,1.5883009535436634e-198
eakf_model3,0.9999999292408097
sarima,0.0
