model_name,weigth
arima,0.0
eakf_model1,0.48780124256260965
eakf_model2,6.176244362193243e-69
eakf_model3,0.5121987574373901
sarima,0.0
