model_name,weigth
arima,0.0
eakf_model1,2.565658433300257e-08
eakf_model2,2.3595342994077847e-202
eakf_model3,0.9999999743434156
