model_name,weigth
arima,0.0
eakf_model1,0.5219178683733406
eakf_model2,2.2263247159554376e-59
eakf_model3,0.4780821316266588
sarima,0.0
