model_name,weigth
arima,0.0
eakf_model1,0.9999999735793126
eakf_model2,1.8597806138771805e-167
eakf_model3,2.6420687325871e-08
sarima,0.0
