model_name,weigth
arima,0.0
eakf_model1,8.912114609871335e-08
eakf_model2,1.039235290411554e-219
eakf_model3,0.9999999108788539
sarima,0.0
