model_name,weigth
arima,0.0
eakf_model1,1.259864452221388e-09
eakf_model2,1.007644221687579e-52
eakf_model3,0.9999999987401353
