model_name,weigth
arima,0.0
eakf_model1,0.9999999983086775
eakf_model2,1.2068892260457814e-83
eakf_model3,1.6913225790928292e-09
