model_name,weigth
arima,0.0
eakf_model1,0.9999999612978425
eakf_model2,1.4671483354364896e-192
eakf_model3,3.8702157653928777e-08
sarima,0.0
