model_name,weigth
arima,0.0
eakf_model1,0.007971247807584991
eakf_model2,1.87e-321
eakf_model3,0.9920287521924148
sarima,0.0
