model_name,weigth
arima,0.0
eakf_model1,1.1417933852847165e-09
eakf_model2,1.1641550286961202e-51
eakf_model3,0.9999999988582069
