model_name,weigth
arima,0.0
eakf_model1,0.9933219011471869
eakf_model2,5.83e-322
eakf_model3,0.006678098852812312
