model_name,weigth
arima,0.0
eakf_model1,0.9999999983868986
eakf_model2,7.745804716263305e-79
eakf_model3,1.6131010895566523e-09
