model_name,weigth
arima,0.0
eakf_model1,0.9999986394603902
eakf_model2,1.76e-321
eakf_model3,1.3605396096981501e-06
sarima,0.0
