model_name,weigth
arima,0.0
eakf_model1,0.9999999972912788
eakf_model2,3.4334036943663966e-103
eakf_model3,2.7087213084782875e-09
