model_name,weigth
arima,0.0
eakf_model1,0.9999999995286963
eakf_model2,5.850505382246207e-40
eakf_model3,4.713035002473161e-10
