model_name,weigth
arima,0.0
eakf_model1,0.9999999780267385
eakf_model2,1.1127694390849986e-116
eakf_model3,2.1973261510805563e-08
sarima,0.0
