model_name,weigth
arima,0.0
eakf_model1,1.1952318541430443e-08
eakf_model2,7.3644770629882615e-118
eakf_model3,0.9999999880476814
