model_name,weigth
arima,0.0
eakf_model1,0.2666839733453627
eakf_model2,7.603861404471035e-69
eakf_model3,0.7333160266546371
