model_name,weigth
arima,0.0
eakf_model1,0.9999999994071342
eakf_model2,4.371809925320341e-47
eakf_model3,5.928657199500497e-10
