model_name,weigth
arima,0.0
eakf_model1,0.9999999348231857
eakf_model2,1.912166382704536e-173
eakf_model3,6.51768143255806e-08
sarima,0.0
