model_name,weigth
arima,0.0
eakf_model1,0.9999999986641699
eakf_model2,3.593527539741034e-70
eakf_model3,1.3358303908221344e-09
