model_name,weigth
arima,0.0
eakf_model1,1.2818535307151722e-09
eakf_model2,1.1165018993483852e-43
eakf_model3,0.9999999987181463
