model_name,weigth
arima,0.0
eakf_model1,0.2310517065620931
eakf_model2,1.296427588436803e-86
eakf_model3,0.7689482934379068
sarima,0.0
