model_name,weigth
arima,0.0
eakf_model1,7.852387557619338e-07
eakf_model2,2.683e-321
eakf_model3,0.9999992147612445
sarima,0.0
