model_name,weigth
arima,0.0
eakf_model1,0.40751287866111086
eakf_model2,1.7850810053510754e-37
eakf_model3,0.5924871213388891
sarima,0.0
