model_name,weigth
arima,0.0
eakf_model1,1.0671974150971735e-06
eakf_model2,1.31e-321
eakf_model3,0.9999989328025843
