model_name,weigth
arima,0.0
eakf_model1,0.9999999986627877
eakf_model2,2.289596920723643e-71
eakf_model3,1.3372124439296171e-09
