model_name,weigth
arima,0.0
eakf_model1,0.8978447886725468
eakf_model2,8.091635802494561e-125
eakf_model3,0.10215521132745306
sarima,0.0
