model_name,weigth
arima,0.0
eakf_model1,0.09106824131240752
eakf_model2,2.94416024419576e-165
eakf_model3,0.9089317586875925
sarima,0.0
