model_name,weigth
arima,0.0
eakf_model1,0.9999999995662529
eakf_model2,1.261309769081619e-35
eakf_model3,4.3374719599853164e-10
