model_name,weigth
arima,0.0
eakf_model1,0.9999999995400639
eakf_model2,2.4393116876846965e-38
eakf_model3,4.599362189555106e-10
