model_name,weigth
arima,0.0
eakf_model1,1.6147724714811941e-09
eakf_model2,8.009262198535862e-33
eakf_model3,0.9999999983852275
sarima,0.0
