model_name,weigth
arima,0.0
eakf_model1,0.9999999997374753
eakf_model2,2.4236072200846515e-27
eakf_model3,2.625248824774575e-10
