model_name,weigth
arima,0.0
eakf_model1,1.318139775704916e-09
eakf_model2,2.433250163395071e-30
eakf_model3,0.9999999986818602
sarima,0.0
