model_name,weigth
arima,0.0
eakf_model1,2.647880643485734e-10
eakf_model2,3.737701892591399e-23
eakf_model3,0.9999999997352121
