model_name,weigth
arima,0.0
eakf_model1,4.0652873950374303e-10
eakf_model2,2.7118052412658015e-28
eakf_model3,0.999999999593471
