model_name,weigth
arima,0.0
eakf_model1,1.0708101085915102e-09
eakf_model2,1.3701827219389547e-28
eakf_model3,0.9999999989291899
sarima,0.0
