model_name,weigth
arima,0.0
eakf_model1,4.814637167948818e-10
eakf_model2,8.882712425983277e-30
eakf_model3,0.999999999518536
