model_name,weigth
arima,0.0
eakf_model1,0.999999999702459
eakf_model2,3.855016560973278e-29
eakf_model3,2.975405407243028e-10
