model_name,weigth
arima,0.0
eakf_model1,4.865720139134422e-10
eakf_model2,5.2571930192449046e-30
eakf_model3,0.9999999995134279
