model_name,weigth
arima,0.0
eakf_model1,7.555395823925817e-10
eakf_model2,5.2921560039624074e-23
eakf_model3,0.9999999992444606
sarima,0.0
