model_name,weigth
arima,0.0
eakf_model1,1.7931004147536452e-09
eakf_model2,6.982879767283831e-34
eakf_model3,0.9999999982068996
sarima,0.0
