model_name,weigth
arima,0.0
eakf_model1,3.7286261798831627e-10
eakf_model2,3.843564424399602e-28
eakf_model3,0.9999999996271375
