model_name,weigth
arima,2.1449592533560432e-253
eakf_model1,1.4351530090204331e-10
eakf_model2,2.117822142630392e-15
eakf_model3,0.9999999998564826
