model_name,weigth
arima,2.418719005374238e-284
eakf_model1,1.8018777230184028e-10
eakf_model2,2.8263912599230505e-17
eakf_model3,0.9999999998198121
