model_name,weigth
arima,0.0
eakf_model1,0.9999999995067439
eakf_model2,1.0600362108443322e-29
eakf_model3,4.932559241716357e-10
