model_name,weigth
arima,0.0
eakf_model1,2.980705820130295e-10
eakf_model2,3.790862411048728e-23
eakf_model3,0.9999999997019292
