model_name,weigth
arima,0.0
eakf_model1,4.209528218909826e-10
eakf_model2,3.8661250387437917e-25
eakf_model3,0.9999999995790478
