model_name,weigth
arima,0.0
eakf_model1,2.746777377021749e-10
eakf_model2,1.0680181850252299e-20
eakf_model3,0.9999999997253222
