model_name,weigth
arima,0.0
eakf_model1,1.9784710471441478e-09
eakf_model2,9.705233530384328e-28
eakf_model3,0.9999999980215291
sarima,0.0
