model_name,weigth
arima,0.0
eakf_model1,2.182252178814425e-09
eakf_model2,9.792691423681334e-28
eakf_model3,0.9999999978177478
sarima,0.0
