model_name,weigth
arima,1.8183291551366247e-252
eakf_model1,0.9999999998454214
eakf_model2,7.894171214008727e-20
eakf_model3,1.5457836468260302e-10
