model_name,weigth
arima,9.53382371516498e-271
eakf_model1,3.0740849726647094e-10
eakf_model2,7.489911264780193e-12
eakf_model3,0.9999999996851017
sarima,2.7162973793750312e-216
