model_name,weigth
arima,0.0
eakf_model1,5.186661307439484e-10
eakf_model2,3.1485060698691976e-26
eakf_model3,0.9999999994813334
