model_name,weigth
arima,0.0
eakf_model1,2.740319027186605e-09
eakf_model2,2.346684044293145e-30
eakf_model3,0.9999999972596807
sarima,0.0
