model_name,weigth
arima,5.057234009534e-312
eakf_model1,2.1955017679829793e-10
eakf_model2,1.1432977843474347e-18
eakf_model3,0.9999999997804494
