model_name,weigth
arima,0.0
eakf_model1,4.5693856398609246e-10
eakf_model2,1.6870668948949186e-25
eakf_model3,0.9999999995430613
