model_name,weigth
arima,3.298303445074722e-267
eakf_model1,1.580211883126731e-10
eakf_model2,4.089148474262203e-16
eakf_model3,0.9999999998419792
