model_name,weigth
arima,1.18512804410993e-281
eakf_model1,0.9999999997799209
eakf_model2,5.204820209699618e-21
eakf_model3,2.2007905263489372e-10
