model_name,weigth
arima,0.0
eakf_model1,8.180277000109099e-10
eakf_model2,5.380174828493032e-19
eakf_model3,0.9999999991819725
sarima,0.0
