model_name,weigth
arima,9.37705253083215e-282
eakf_model1,3.7965157054891684e-10
eakf_model2,1.1364222220683944e-13
eakf_model3,0.9999999996202349
sarima,5.1429451938456715e-222
