model_name,weigth
arima,7.158483639565051e-246
eakf_model1,1.3857363167743745e-10
eakf_model2,1.1672556939900647e-15
eakf_model3,0.9999999998614251
