model_name,weigth
arima,3.1655824199278044e-253
eakf_model1,1.5401432801987357e-10
eakf_model2,2.694029021145423e-16
eakf_model3,0.9999999998459846
