model_name,weigth
arima,8.303957257215366e-261
eakf_model1,3.0156809908158104e-10
eakf_model2,1.75337617508671e-12
eakf_model3,0.9999999996966786
sarima,1.812928827367285e-206
