model_name,weigth
arima,1.202309756687612e-255
eakf_model1,1.6041928349751022e-10
eakf_model2,3.26021905711763e-16
eakf_model3,0.9999999998395794
