model_name,weigth
arima,0.0
eakf_model1,0.999999998089185
eakf_model2,2.4811432954520263e-39
eakf_model3,1.9108144503244716e-09
