model_name,weigth
arima,0.0
eakf_model1,0.9999999991935979
eakf_model2,4.038900138900205e-34
eakf_model3,8.064018953235298e-10
