model_name,weigth
arima,0.0
eakf_model1,0.9999999979296079
eakf_model2,8.163595037384088e-41
eakf_model3,2.0703921505762097e-09
