model_name,weigth
arima,8.612101475106306e-249
eakf_model1,1.4869884504368128e-10
eakf_model2,2.394312133582678e-16
eakf_model3,0.9999999998513008
