model_name,weigth
arima,0.0
eakf_model1,0.9999999994891947
eakf_model2,4.086491893668899e-30
eakf_model3,5.108052640572344e-10
