model_name,weigth
arima,3.5922371107161e-266
eakf_model1,3.262157127970597e-10
eakf_model2,3.162923189220657e-13
eakf_model3,0.999999999673468
sarima,5.787854912070222e-211
