model_name,weigth
arima,2.4575760028671083e-289
eakf_model1,4.001807397726213e-10
eakf_model2,2.0844309994878913e-13
eakf_model3,0.9999999995996107
sarima,5.9567213708784476e-226
