model_name,weigth
arima,7.815642505652885e-251
eakf_model1,1.501433308708935e-10
eakf_model2,2.538817609687266e-16
eakf_model3,0.9999999998498558
