model_name,weigth
arima,0.0
eakf_model1,0.9999999987112395
eakf_model2,2.6876825165195117e-38
eakf_model3,1.288760190709524e-09
