model_name,weigth
arima,0.0
eakf_model1,0.9999999988870871
eakf_model2,9.376128199621449e-37
eakf_model3,1.1129125548859892e-09
