model_name,weigth
arima,5.304581026929159e-259
eakf_model1,1.6597993960430833e-10
eakf_model2,2.1588375228017083e-16
eakf_model3,0.9999999998340193
