model_name,weigth
arima,2.2577667327302223e-266
eakf_model1,3.328344535761015e-10
eakf_model2,1.2886340718767858e-13
eakf_model3,0.9999999996670368
sarima,2.432043294737229e-210
