model_name,weigth
arima,8.780834567701569e-295
eakf_model1,4.1843726423953085e-10
eakf_model2,1.2551533149426204e-13
eakf_model3,0.9999999995814373
sarima,4.383965469621006e-230
