model_name,weigth
arima,1.1886726939663329e-214
eakf_model1,1.11804114433835e-10
eakf_model2,4.439843087758394e-14
eakf_model3,0.9999999998881515
