model_name,weigth
arima,3.40615476548266e-272
eakf_model1,3.5433471885631107e-10
eakf_model2,3.019025095431018e-13
eakf_model3,0.9999999996453635
sarima,2.490119706531302e-213
