model_name,weigth
arima,0.0
eakf_model1,0.9999999980133436
eakf_model2,2.6758685166070717e-36
eakf_model3,1.9866560449791744e-09
