model_name,weigth
arima,5.5351399284728736e-247
eakf_model1,1.5504483833327616e-10
eakf_model2,4.2445135367248236e-16
eakf_model3,0.9999999998449541
