model_name,weigth
arima,4.73592984536988e-294
eakf_model1,4.1776139300650747e-10
eakf_model2,1.3346427292002634e-13
eakf_model3,0.9999999995821051
sarima,4.391480399030977e-230
