model_name,weigth
arima,3.0508762735368003e-242
eakf_model1,2.663952481382251e-10
eakf_model2,6.2003353744966064e-12
eakf_model3,0.9999999997274046
sarima,1.60916992825502e-190
