model_name,weigth
arima,0.0
eakf_model1,0.9999999979579047
eakf_model2,1.5973078766874204e-38
eakf_model3,2.0420955385206894e-09
