model_name,weigth
arima,1.0291963144726817e-226
eakf_model1,1.259348754932354e-10
eakf_model2,8.005110572683633e-15
eakf_model3,0.9999999998740566
