model_name,weigth
arima,2.4033848560189778e-256
eakf_model1,3.0766452742618406e-10
eakf_model2,1.2183764869228974e-12
eakf_model3,0.9999999996911171
sarima,2.260109155837901e-201
