model_name,weigth
arima,6.085776190748647e-277
eakf_model1,3.6462674374260114e-10
eakf_model2,2.339026861236804e-13
eakf_model3,0.9999999996351393
sarima,1.490407192047309e-216
