model_name,weigth
arima,3.582952328328693e-257
eakf_model1,1.6651678767711984e-10
eakf_model2,2.555866833491259e-16
eakf_model3,0.999999999833483
