model_name,weigth
arima,0.0
eakf_model1,1.0642464537970245e-07
eakf_model2,3.5e-323
eakf_model3,0.9999998935753547
