model_name,weigth
arima,8.063215062872458e-290
eakf_model1,1.106518451761855e-10
eakf_model2,5.260222866557506e-159
eakf_model3,0.9999999998893482
