model_name,weigth
arima,0.0
eakf_model1,0.9999999997823947
eakf_model2,9.383772014186541e-136
eakf_model3,2.1760537342162497e-10
