model_name,weigth
arima,4.9557152479632186e-210
eakf_model1,0.9999999999145877
eakf_model2,3.446857765715987e-142
eakf_model3,8.541227510066043e-11
