model_name,weigth
arima,7.97854189636495e-171
eakf_model1,2.8002526963575785e-11
eakf_model2,2.842348630416374e-49
eakf_model3,0.9999999999719975
sarima,3.578462624495934e-69
