model_name,weigth
arima,0.0
eakf_model1,0.45211551355162055
eakf_model2,1.0408699784131833e-127
eakf_model3,0.5478844864483794
