model_name,weigth
arima,1.9282563323397114e-241
eakf_model1,5.220087508425578e-11
eakf_model2,7.765054132815645e-63
eakf_model3,0.9999999999477991
