model_name,weigth
arima,0.0
eakf_model1,1.150941761352236e-09
eakf_model2,5.534220921752588e-112
eakf_model3,0.9999999988490584
sarima,2.570505984850293e-303
