model_name,weigth
arima,0.0
eakf_model1,2.0957515183186616e-09
eakf_model2,3.783617825190456e-172
eakf_model3,0.9999999979042482
