model_name,weigth
arima,0.0
eakf_model1,0.09578955776588693
eakf_model2,8e-323
eakf_model3,0.904210442234113
