model_name,weigth
arima,1.764470310593932e-298
eakf_model1,2.4890165783602494e-10
eakf_model2,2.0953137336012267e-71
eakf_model3,0.9999999997510985
