model_name,weigth
arima,2.04799211909052e-276
eakf_model1,5.873500283287782e-11
eakf_model2,2.5998826874824952e-68
eakf_model3,0.999999999941265
