model_name,weigth
arima,0.0
eakf_model1,1.8283786291451327e-07
eakf_model2,6.4e-323
eakf_model3,0.9999998171621373
