model_name,weigth
arima,1.4691888075060995e-264
eakf_model1,1.4942778610063712e-10
eakf_model2,1.214452408263094e-64
eakf_model3,0.9999999998505722
sarima,5.224698954536706e-151
