model_name,weigth
arima,7.649031337575585e-162
eakf_model1,2.0373434059624686e-11
eakf_model2,5.382754526006635e-45
eakf_model3,0.9999999999796264
