model_name,weigth
arima,0.0
eakf_model1,0.9999999964217513
eakf_model2,9.376308115369782e-192
eakf_model3,3.5782487917306983e-09
sarima,0.0
