model_name,weigth
arima,0.0
eakf_model1,4.1706376891190124e-10
eakf_model2,2.154774892602559e-82
eakf_model3,0.9999999995829361
sarima,2.0746279337045805e-220
