model_name,weigth
arima,0.0
eakf_model1,0.2710955813741116
eakf_model2,5.387956977853408e-200
eakf_model3,0.7289044186258884
