model_name,weigth
arima,0.0
eakf_model1,4.887653477260918e-09
eakf_model2,7.141354569926497e-247
eakf_model3,0.9999999951123467
