model_name,weigth
arima,0.0
eakf_model1,0.8592364922851619
eakf_model2,2.0509742187190315e-279
eakf_model3,0.14076350771483812
