model_name,weigth
arima,0.0
eakf_model1,0.9999999995873872
eakf_model2,7.630368135866111e-61
eakf_model3,4.1261273600839957e-10
sarima,0.0
