model_name,weigth
arima,0.0
eakf_model1,0.9999999994294357
eakf_model2,7.373410418245597e-72
eakf_model3,5.705644069236367e-10
sarima,0.0
