model_name,weigth
arima,0.0
eakf_model1,0.9999999990207784
eakf_model2,2.7069237366283133e-92
eakf_model3,9.792218220606766e-10
sarima,0.0
