model_name,weigth
arima,7.290084403916792e-159
eakf_model1,0.9999999999792422
eakf_model2,1.2325782861690114e-22
eakf_model3,2.0758304545643598e-11
