model_name,weigth
arima,3.0092546293891995e-217
eakf_model1,0.9999999999534493
eakf_model2,2.7455104164826126e-34
eakf_model3,4.655055296546491e-11
