model_name,weigth
arima,0.0
eakf_model1,0.9999999994676595
eakf_model2,3.0200484632132807e-72
eakf_model3,5.323405365105391e-10
sarima,0.0
