model_name,weigth
arima,0.0
eakf_model1,0.9999999980806231
eakf_model2,4.254974407615374e-132
eakf_model3,1.9193766070786033e-09
sarima,0.0
