model_name,weigth
arima,0.0
eakf_model1,0.9999999992874445
eakf_model2,1.192037162943704e-81
eakf_model3,7.125556843468675e-10
sarima,0.0
