model_name,weigth
arima,0.0
eakf_model1,0.9999999926647842
eakf_model2,1.04e-322
eakf_model3,7.335215430494407e-09
