model_name,weigth
arima,0.0
eakf_model1,0.5691447910046824
eakf_model2,6.892407048328163e-138
eakf_model3,0.43085520899531765
