model_name,weigth
arima,0.0
eakf_model1,0.712033660281508
eakf_model2,3.9481822953518454e-207
eakf_model3,0.28796633971849184
