model_name,weigth
arima,0.0
eakf_model1,0.7807711678910463
eakf_model2,1.6208170189823913e-206
eakf_model3,0.21922883210895386
