model_name,weigth
arima,0.0
eakf_model1,0.5489370366484252
eakf_model2,1.0950004385849768e-158
eakf_model3,0.45106296335157486
