model_name,weigth
arima,2.227961597262416e-164
eakf_model1,0.9999999999772478
eakf_model2,2.564402694711317e-24
eakf_model3,2.2752166606306634e-11
