model_name,weigth
arima,0.0
eakf_model1,0.9999999997878098
eakf_model2,1.2567574625496865e-68
eakf_model3,2.1219041720290306e-10
