model_name,weigth
arima,0.0
eakf_model1,0.9999998115179709
eakf_model2,2.96e-322
eakf_model3,1.8848202900636443e-07
