model_name,weigth
arima,0.0
eakf_model1,0.5786992956674937
eakf_model2,2.034474922349113e-152
eakf_model3,0.42130070433250644
