model_name,weigth
arima,0.0
eakf_model1,0.777908895266073
eakf_model2,1.9039565977085613e-215
eakf_model3,0.22209110473392682
