model_name,weigth
arima,4.876918338086482e-133
eakf_model1,0.9999999999855905
eakf_model2,2.9519550131819144e-18
eakf_model3,1.4409474562696378e-11
