model_name,weigth
arima,1.6617471642557652e-138
eakf_model1,0.9999999999853042
eakf_model2,1.2761433283524588e-18
eakf_model3,1.4695733820943726e-11
