model_name,weigth
arima,0.0
eakf_model1,0.9999999986164598
eakf_model2,3.280190049746378e-89
eakf_model3,1.3835403304520341e-09
sarima,0.0
