model_name,weigth
arima,2.6239497011115947e-154
eakf_model1,0.9999999999810487
eakf_model2,1.5690486085691558e-21
eakf_model3,1.895141449324254e-11
