model_name,weigth
arima,0.0
eakf_model1,0.2846675476856534
eakf_model2,2.517136608374296e-198
eakf_model3,0.7153324523143465
