model_name,weigth
arima,1.5391652891726164e-136
eakf_model1,0.9999999999851311
eakf_model2,2.22292444520407e-18
eakf_model3,1.4869039291517044e-11
