model_name,weigth
arima,5.282075427470776e-134
eakf_model1,0.999999999984983
eakf_model2,5.011311966002122e-19
eakf_model3,1.5016964035567893e-11
