model_name,weigth
arima,0.0
eakf_model1,0.9999999939168897
eakf_model2,1.7511133913377719e-161
eakf_model3,6.083110358966282e-09
sarima,0.0
