model_name,weigth
arima,0.0
eakf_model1,0.9999999919072077
eakf_model2,1.5103841408819232e-241
eakf_model3,8.092792092744916e-09
