model_name,weigth
arima,0.0
eakf_model1,0.9999999973262573
eakf_model2,7.280645600606324e-119
eakf_model3,2.6737428178893524e-09
sarima,0.0
