model_name,weigth
arima,0.0
eakf_model1,0.9999999955208775
eakf_model2,8.169776523065179e-147
eakf_model3,4.479122328407664e-09
sarima,0.0
