model_name,weigth
arima,0.0
eakf_model1,0.9999999983493327
eakf_model2,7.837704397300163e-89
eakf_model3,1.6506672163891648e-09
sarima,0.0
