model_name,weigth
arima,0.0
eakf_model1,0.5490397240552551
eakf_model2,6.083700826373655e-138
eakf_model3,0.45096027594474497
