model_name,weigth
arima,0.0
eakf_model1,0.9999999822919466
eakf_model2,3.2e-322
eakf_model3,1.7708053396994534e-08
