model_name,weigth
arima,0.0
eakf_model1,0.9239962593334287
eakf_model2,3.36e-322
eakf_model3,0.07600374066657102
