model_name,weigth
arima,0.0
eakf_model1,0.5213201127081378
eakf_model2,8.017532409038841e-125
eakf_model3,0.47867988729186234
