model_name,weigth
arima,0.0
eakf_model1,0.9999999990103129
eakf_model2,2.2908558630057672e-60
eakf_model3,9.896870480028504e-10
sarima,0.0
