model_name,weigth
arima,0.0
eakf_model1,0.9999999940780625
eakf_model2,6.840417525888025e-154
eakf_model3,5.92193743273238e-09
