model_name,weigth
arima,2.333740578481771e-132
eakf_model1,0.9999999999874369
eakf_model2,1.0183489369913096e-18
eakf_model3,1.2563122399912053e-11
