model_name,weigth
arima,0.0
eakf_model1,0.9999999990979698
eakf_model2,2.601395510858341e-59
eakf_model3,9.020301970860022e-10
sarima,0.0
