model_name,weigth
arima,6.061216828258552e-133
eakf_model1,0.9999999999875588
eakf_model2,1.5658824969461014e-18
eakf_model3,1.2441131401271622e-11
