model_name,weigth
arima,1.2084592657231339e-139
eakf_model1,0.9999999999859632
eakf_model2,1.6164947255865639e-18
eakf_model3,1.403689001504806e-11
