model_name,weigth
arima,0.0
eakf_model1,0.9999999987150311
eakf_model2,3.5301504122163903e-74
eakf_model3,1.284968660855086e-09
sarima,0.0
