model_name,weigth
arima,0.0
eakf_model1,0.9999999987181559
eakf_model2,3.047582415235426e-70
eakf_model3,1.281844096578295e-09
sarima,0.0
