model_name,weigth
arima,1.4886182204944502e-141
eakf_model1,0.9999999999854536
eakf_model2,1.835074607089896e-18
eakf_model3,1.4546205435783427e-11
