model_name,weigth
arima,0.0
eakf_model1,0.9999999990292054
eakf_model2,3.003796415745662e-62
eakf_model3,9.707947059434302e-10
sarima,0.0
