model_name,weigth
arima,0.0
eakf_model1,0.9999998770540103
eakf_model2,6.4e-322
eakf_model3,1.2294598928665642e-07
