model_name,weigth
arima,0.0
eakf_model1,0.7117286799145447
eakf_model2,1.36505753607702e-180
eakf_model3,0.2882713200854552
