model_name,weigth
arima,0.0
eakf_model1,0.9999999961270853
eakf_model2,2.1993259507077866e-111
eakf_model3,3.87291491851108e-09
sarima,0.0
