model_name,weigth
arima,0.0
eakf_model1,0.9999999748898947
eakf_model2,3.49578395400172e-293
eakf_model3,2.5110104971851548e-08
