model_name,weigth
arima,0.0
eakf_model1,0.999999994759924
eakf_model2,2.864712002515887e-151
eakf_model3,5.240076074451033e-09
