model_name,weigth
arima,2.6918038889119503e-132
eakf_model1,0.9999999999876529
eakf_model2,1.4063059215639692e-18
eakf_model3,1.2347271805963043e-11
