model_name,weigth
arima,0.0
eakf_model1,0.9999999919575365
eakf_model2,7.60144261989533e-157
eakf_model3,8.042463290025413e-09
sarima,0.0
