model_name,weigth
arima,0.0
eakf_model1,0.9999999936110942
eakf_model2,3.3297679679950846e-174
eakf_model3,6.388906101540406e-09
