model_name,weigth
arima,0.0
eakf_model1,0.99999999773467
eakf_model2,5.557692297345251e-114
eakf_model3,2.2653298028924446e-09
