model_name,weigth
arima,0.0
eakf_model1,0.6373996008724363
eakf_model2,8.764206166343195e-165
eakf_model3,0.3626003991275636
