model_name,weigth
arima,0.0
eakf_model1,0.9999999941404426
eakf_model2,4.779271004904438e-143
eakf_model3,5.859557699236543e-09
sarima,0.0
