model_name,weigth
arima,0.0
eakf_model1,0.9999999990741532
eakf_model2,1.8237908628865323e-64
eakf_model3,9.258468058766698e-10
sarima,0.0
