model_name,weigth
arima,0.0
eakf_model1,0.9999999547700474
eakf_model2,9.24e-322
eakf_model3,4.5229952706164215e-08
