model_name,weigth
arima,0.0
eakf_model1,0.23830347089500165
eakf_model2,1.447869905537701e-209
eakf_model3,0.7616965291049983
