model_name,weigth
arima,2.5215085749887402e-133
eakf_model1,0.9999999999886672
eakf_model2,1.304352555145187e-16
eakf_model3,1.1332831237464755e-11
