model_name,weigth
arima,0.0
eakf_model1,0.9999999951090878
eakf_model2,4.498151591139219e-130
eakf_model3,4.890911928978327e-09
sarima,0.0
