model_name,weigth
arima,8.289473921896394e-124
eakf_model1,0.9999999999904186
eakf_model2,6.416843822428138e-15
eakf_model3,9.574932078001128e-12
