model_name,weigth
arima,0.0
eakf_model1,0.9999999941460237
eakf_model2,2.3148437776759257e-141
eakf_model3,5.8539762002073234e-09
sarima,0.0
