model_name,weigth
arima,0.0
eakf_model1,0.999999999533158
eakf_model2,1.9494553648561587e-52
eakf_model3,4.668419597441908e-10
sarima,0.0
