model_name,weigth
arima,0.0
eakf_model1,0.45348990205168344
eakf_model2,2.6941836491419126e-132
eakf_model3,0.5465100979483164
