model_name,weigth
arima,0.0
eakf_model1,0.1845624238332928
eakf_model2,9.32017793952238e-262
eakf_model3,0.815437576166707
