model_name,weigth
arima,0.0
eakf_model1,0.3065440536162664
eakf_model2,6.539426752109778e-189
eakf_model3,0.6934559463837332
