model_name,weigth
arima,2.8643268091861677e-133
eakf_model1,0.9999999999881407
eakf_model2,9.096990035563026e-18
eakf_model3,1.1859111757081132e-11
