model_name,weigth
arima,0.0
eakf_model1,0.999999973518199
eakf_model2,2.0155753841516546e-274
eakf_model3,2.6481800812577087e-08
sarima,0.0
