model_name,weigth
arima,9.890960639812089e-141
eakf_model1,0.9999999999885159
eakf_model2,4.2156483570503956e-16
eakf_model3,1.1483847629075563e-11
