model_name,weigth
arima,0.0
eakf_model1,0.999999999411872
eakf_model2,1.419619846141723e-62
eakf_model3,5.881282128168683e-10
