model_name,weigth
arima,0.0
eakf_model1,0.999999998934102
eakf_model2,1.5338298659140355e-88
eakf_model3,1.0658986317970686e-09
