model_name,weigth
arima,0.0
eakf_model1,0.9999999997200443
eakf_model2,1.5419854935992417e-39
eakf_model3,2.799559447680218e-10
sarima,0.0
