model_name,weigth
arima,0.0
eakf_model1,0.999999999454388
eakf_model2,7.557928696690163e-59
eakf_model3,5.45611761697259e-10
