model_name,weigth
arima,0.0
eakf_model1,0.9999999996957611
eakf_model2,2.765021902163814e-41
eakf_model3,3.0423874994686186e-10
sarima,0.0
