model_name,weigth
arima,0.0
eakf_model1,0.9999999996647774
eakf_model2,8.095831749015374e-43
eakf_model3,3.3522266999090557e-10
sarima,0.0
