model_name,weigth
arima,0.0
eakf_model1,0.9999999995265064
eakf_model2,1.6361434692178025e-55
eakf_model3,4.734935203598894e-10
