model_name,weigth
arima,0.0
eakf_model1,0.9999999997380077
eakf_model2,8.561496275833982e-38
eakf_model3,2.6199254083857615e-10
sarima,0.0
