model_name,weigth
arima,8.656474549876248e-125
eakf_model1,0.9999999999890965
eakf_model2,3.5724268147986566e-16
eakf_model3,1.090345712729246e-11
