model_name,weigth
arima,0.0
eakf_model1,0.9999999996161862
eakf_model2,3.8664377504174637e-50
eakf_model3,3.838140867448751e-10
