model_name,weigth
arima,0.0
eakf_model1,0.9999999996759806
eakf_model2,1.7022385789338214e-43
eakf_model3,3.240195941482488e-10
sarima,0.0
