model_name,weigth
arima,0.0
eakf_model1,0.9999999996479251
eakf_model2,3.1396162832723626e-47
eakf_model3,3.520752022770372e-10
sarima,0.0
