model_name,weigth
arima,0.0
eakf_model1,0.9999999997166458
eakf_model2,1.7576561209781215e-39
eakf_model3,2.8335412601731824e-10
sarima,0.0
