model_name,weigth
arima,0.0
eakf_model1,0.9999999995720733
eakf_model2,6.41612205706348e-54
eakf_model3,4.2792655640236055e-10
