model_name,weigth
arima,2.8212963237500344e-170
eakf_model1,0.9999999999820433
eakf_model2,9.436732221150674e-18
eakf_model3,1.795705131390611e-11
