model_name,weigth
arima,0.0
eakf_model1,0.9999999997604969
eakf_model2,1.3914106785809987e-36
eakf_model3,2.395027855806846e-10
sarima,0.0
