model_name,weigth
arima,1.1099291050565715e-146
eakf_model1,0.9999999999855235
eakf_model2,4.614201193190954e-16
eakf_model3,1.4475807964962718e-11
