model_name,weigth
arima,4.0643158827232007e-129
eakf_model1,0.9999999999883902
eakf_model2,3.843868106684695e-16
eakf_model3,1.1609582974896926e-11
