model_name,weigth
arima,2.0371522392126297e-111
eakf_model1,0.9999999999904139
eakf_model2,4.087271577159741e-16
eakf_model3,9.585773059455736e-12
