model_name,weigth
arima,0.0
eakf_model1,0.9999999995975897
eakf_model2,8.903434856082401e-52
eakf_model3,4.0241076633842993e-10
