model_name,weigth
arima,0.0
eakf_model1,0.9999999994483179
eakf_model2,1.9624834532308319e-59
eakf_model3,5.516821375826951e-10
