model_name,weigth
arima,1.3591097579454115e-141
eakf_model1,0.9999999999862611
eakf_model2,3.20699340763159e-16
eakf_model3,1.3738251074214258e-11
