model_name,weigth
arima,0.0
eakf_model1,0.9999999996904967
eakf_model2,3.262171047642176e-42
eakf_model3,3.095034249022074e-10
