model_name,weigth
arima,1.8595160121503575e-95
eakf_model1,0.9999999999928596
eakf_model2,1.4860341634657643e-16
eakf_model3,7.140025196369647e-12
