model_name,weigth
arima,0.0
eakf_model1,0.9999999996036082
eakf_model2,2.027391995584336e-45
eakf_model3,3.963911897346348e-10
