model_name,weigth
arima,0.0
eakf_model1,0.9999999996840545
eakf_model2,5.967909191296286e-37
eakf_model3,3.1594535125819077e-10
sarima,0.0
