model_name,weigth
arima,0.0
eakf_model1,0.9999999994067117
eakf_model2,4.884595458152328e-46
eakf_model3,5.932883179547479e-10
sarima,0.0
