model_name,weigth
arima,0.0
eakf_model1,0.9999999998011543
eakf_model2,8.435545192432721e-32
eakf_model3,1.988456418530538e-10
sarima,3.17264e-317
