model_name,weigth
arima,0.0
eakf_model1,0.9999999997116639
eakf_model2,4.1186037998470603e-42
eakf_model3,2.8833612825201406e-10
