model_name,weigth
arima,0.0
eakf_model1,0.9999999994598674
eakf_model2,3.453942420989021e-51
eakf_model3,5.401325806713459e-10
