model_name,weigth
arima,9.684529384749928e-107
eakf_model1,0.9999999999911744
eakf_model2,5.87152883124451e-16
eakf_model3,8.825059368772804e-12
