model_name,weigth
arima,7.60139672526816e-88
eakf_model1,0.9999999999937653
eakf_model2,2.6493086541852965e-16
eakf_model3,6.234643765297569e-12
