model_name,weigth
arima,0.0
eakf_model1,0.9999999997403366
eakf_model2,2.986787672951805e-39
eakf_model3,2.5966331496338324e-10
