model_name,weigth
arima,0.0
eakf_model1,0.9999999995793308
eakf_model2,2.9986458119817577e-40
eakf_model3,4.2066911575683644e-10
sarima,0.0
