model_name,weigth
arima,0.0
eakf_model1,0.9999999997443701
eakf_model2,3.4989975585624066e-39
eakf_model3,2.5562987993135074e-10
