model_name,weigth
arima,0.0
eakf_model1,0.9999999997245457
eakf_model2,1.7584882199677325e-40
eakf_model3,2.7545454653061366e-10
