model_name,weigth
arima,0.0
eakf_model1,0.9999999997527795
eakf_model2,1.5748381519060333e-36
eakf_model3,2.472203291416968e-10
sarima,0.0
