model_name,weigth
arima,3.5744281862779422e-99
eakf_model1,0.9999999999923809
eakf_model2,4.885773217301621e-16
eakf_model3,7.618688222288403e-12
