model_name,weigth
arima,1.1945262796900682e-101
eakf_model1,0.9999999999918138
eakf_model2,6.882505914047886e-16
eakf_model3,8.185655798844614e-12
