model_name,weigth
arima,0.0
eakf_model1,0.999999999766229
eakf_model2,7.213349337622466e-34
eakf_model3,2.337710371972132e-10
sarima,0.0
