model_name,weigth
arima,2.1049548725117555e-100
eakf_model1,0.9999999999922946
eakf_model2,8.086752222768475e-17
eakf_model3,7.704738401706899e-12
