model_name,weigth
arima,0.0
eakf_model1,0.9999999958904126
eakf_model2,4.679363456148836e-129
eakf_model3,4.1095875939121345e-09
