model_name,weigth
arima,8.947100086695425e-168
eakf_model1,0.9999999999741215
eakf_model2,2.4452837129337894e-18
eakf_model3,2.587899633391175e-11
