model_name,weigth
arima,0.0
eakf_model1,0.9999999971133755
eakf_model2,7.844319656758634e-109
eakf_model3,2.886624149684256e-09
