model_name,weigth
arima,0.0
eakf_model1,0.999999988748274
eakf_model2,4.742358141647e-190
eakf_model3,1.1251726072721263e-08
