model_name,weigth
arima,0.0
eakf_model1,0.9030558628747255
eakf_model2,1.4820591283037611e-289
eakf_model3,0.09694413712527415
