model_name,weigth
arima,7.166588393288138e-110
eakf_model1,0.9999999999904536
eakf_model2,6.017118811555132e-17
eakf_model3,9.546123847338878e-12
