model_name,weigth
arima,0.0
eakf_model1,0.9999999575081908
eakf_model2,6.917941047955996e-253
eakf_model3,4.249180948996994e-08
sarima,0.0
