model_name,weigth
arima,0.0
eakf_model1,0.9999999561492335
eakf_model2,1.36e-321
eakf_model3,4.3850767046356e-08
