model_name,weigth
arima,0.0
eakf_model1,0.6687415411683888
eakf_model2,3.3699347387700235e-121
eakf_model3,0.33125845883161165
