model_name,weigth
arima,3.1304714083178513e-159
eakf_model1,0.9999999999772079
eakf_model2,3.5571466229979056e-18
eakf_model3,2.2792361316476936e-11
