model_name,weigth
arima,1.5046209239092981e-145
eakf_model1,0.999999999981826
eakf_model2,7.594189344350975e-18
eakf_model3,1.81738975959047e-11
