model_name,weigth
arima,0.0
eakf_model1,0.9999999969631873
eakf_model2,2.8899399614088932e-112
eakf_model3,3.0368124015405762e-09
