model_name,weigth
arima,2.8326292235392636e-138
eakf_model1,0.9999999999835225
eakf_model2,1.2944104576864814e-17
eakf_model3,1.6477413584451655e-11
