model_name,weigth
arima,6.077308237530307e-178
eakf_model1,0.9999999999698167
eakf_model2,1.8371082578849797e-18
eakf_model3,3.018337616310147e-11
