model_name,weigth
arima,8.171693044602037e-105
eakf_model1,0.9999999999907524
eakf_model2,7.956200759395612e-17
eakf_model3,9.24749869843343e-12
