model_name,weigth
arima,2.9920531708802153e-113
eakf_model1,0.9999999999895167
eakf_model2,5.6478099856098e-17
eakf_model3,1.048325203341033e-11
