model_name,weigth
arima,0.0
eakf_model1,0.9999999928968171
eakf_model2,4.286820143005533e-132
eakf_model3,7.1031829894810845e-09
sarima,0.0
