model_name,weigth
arima,0.0
eakf_model1,1.2585455608138524e-08
eakf_model2,3.2872221562363346e-174
eakf_model3,0.999999987414544
