model_name,weigth
arima,0.0
eakf_model1,0.005230977613736478
eakf_model2,1.54e-321
eakf_model3,0.9947690223862635
sarima,0.0
