model_name,weigth
arima,9.229810203593481e-284
eakf_model1,0.9999999999071043
eakf_model2,3.178303219306794e-24
eakf_model3,9.289549285440755e-11
