model_name,weigth
arima,0.0
eakf_model1,2.661421235506358e-08
eakf_model2,1.299417053049322e-225
eakf_model3,0.9999999733857877
