model_name,weigth
arima,2.965481180196311e-202
eakf_model1,0.9999999999602582
eakf_model2,1.0032377942696097e-19
eakf_model3,3.974213239975193e-11
