model_name,weigth
arima,1.3343019503544509e-187
eakf_model1,0.9999999999667003
eakf_model2,6.031510280693379e-19
eakf_model3,3.330050929264794e-11
