model_name,weigth
arima,0.0
eakf_model1,1.2868836700806883e-08
eakf_model2,1.3430213588962665e-177
eakf_model3,0.9999999871311629
