model_name,weigth
arima,0.0
eakf_model1,3.3264050387202347e-09
eakf_model2,1.1664989912409046e-82
eakf_model3,0.9999999966735947
sarima,0.0
