model_name,weigth
arima,0.0
eakf_model1,9.087731486303503e-09
eakf_model2,8.427184507559876e-147
eakf_model3,0.9999999909122685
