model_name,weigth
arima,0.0
eakf_model1,4.364642320363156e-08
eakf_model2,1.2794626905765824e-276
eakf_model3,0.9999999563535764
