model_name,weigth
arima,0.0
eakf_model1,2.9789171921260593e-09
eakf_model2,1.6218757618092134e-91
eakf_model3,0.9999999970210824
