model_name,weigth
arima,0.0
eakf_model1,0.45666238305351214
eakf_model2,3.292125513524745e-92
eakf_model3,0.5433376169464882
sarima,0.0
