model_name,weigth
arima,6.8107226356164295e-208
eakf_model1,0.9999999999562774
eakf_model2,4.288570838791609e-20
eakf_model3,4.37227105664756e-11
