model_name,weigth
arima,0.0
eakf_model1,0.06445680193461752
eakf_model2,1.6e-321
eakf_model3,0.9355431980653824
sarima,0.0
