model_name,weigth
arima,0.0
eakf_model1,1.0981105083726422e-08
eakf_model2,3.47575704142817e-164
eakf_model3,0.9999999890188944
