model_name,weigth
arima,0.0
eakf_model1,5.234871502052435e-07
eakf_model2,1.46e-321
eakf_model3,0.9999994765128495
