model_name,weigth
arima,0.0
eakf_model1,0.06733854210063449
eakf_model2,1.576e-321
eakf_model3,0.9326614578993654
sarima,0.0
