model_name,weigth
arima,2.53462e-318
eakf_model1,0.9999999998746927
eakf_model2,1.5510083950111228e-26
eakf_model3,1.2530729705909724e-10
