model_name,weigth
arima,4.2873312110494257e-243
eakf_model1,0.999999999937104
eakf_model2,6.316882834546884e-22
eakf_model3,6.289635608677533e-11
