model_name,weigth
arima,0.0
eakf_model1,0.0822635373421367
eakf_model2,1.827758681501615e-309
eakf_model3,0.9177364626578636
sarima,0.0
