model_name,weigth
arima,0.0
eakf_model1,1.9457851132237947e-08
eakf_model2,1.1159312580276137e-200
eakf_model3,0.9999999805421487
