model_name,weigth
arima,0.0
eakf_model1,5.767869160649142e-09
eakf_model2,1.2606332021760098e-104
eakf_model3,0.9999999942321307
sarima,0.0
