model_name,weigth
arima,0.0
eakf_model1,1.462242448746254e-09
eakf_model2,5.777737097890354e-60
eakf_model3,0.999999998537758
