model_name,weigth
arima,0.0
eakf_model1,8.363010429375889e-10
eakf_model2,1.3188189218094437e-45
eakf_model3,0.9999999991636992
