model_name,weigth
arima,0.0
eakf_model1,3.510273112150129e-09
eakf_model2,3.423224492560831e-87
eakf_model3,0.9999999964897267
