model_name,weigth
arima,0.0
eakf_model1,1.3474702350608147e-09
eakf_model2,4.435839117839901e-45
eakf_model3,0.9999999986525299
sarima,0.0
