model_name,weigth
arima,0.0
eakf_model1,1.554000407710905e-09
eakf_model2,2.1494842246710538e-67
eakf_model3,0.999999998446
