model_name,weigth
arima,0.0
eakf_model1,3.275797818755442e-09
eakf_model2,9.790818556561716e-81
eakf_model3,0.9999999967242019
sarima,0.0
