model_name,weigth
arima,1.1375318121413748e-298
eakf_model1,0.9999999998777632
eakf_model2,7.096209442144905e-22
eakf_model3,1.2223658270426257e-10
