model_name,weigth
arima,0.0
eakf_model1,0.999999999618915
eakf_model2,9.622096359010896e-38
eakf_model3,3.8108556042557253e-10
