model_name,weigth
arima,0.0
eakf_model1,0.9999999997761069
eakf_model2,1.0631684828313993e-29
eakf_model3,2.2389252535021374e-10
