model_name,weigth
arima,1.0695849193677601e-198
eakf_model1,0.9999999999459804
eakf_model2,3.338412891533563e-14
eakf_model3,5.398605667009325e-11
