model_name,weigth
arima,0.0
eakf_model1,1.802710187567454e-09
eakf_model2,2.874207051748061e-73
eakf_model3,0.999999998197289
