model_name,weigth
arima,0.0
eakf_model1,2.9624313457688584e-08
eakf_model2,1.1922323511835292e-175
eakf_model3,0.9999999703756864
sarima,0.0
