model_name,weigth
arima,0.0
eakf_model1,1.2313424942524956e-08
eakf_model2,2.245219731197995e-123
eakf_model3,0.9999999876865752
sarima,0.0
