model_name,weigth
arima,4.572582940707079e-214
eakf_model1,0.9999999999389204
eakf_model2,2.264131701023976e-15
eakf_model3,6.107751886744625e-11
