model_name,weigth
arima,7.228543530398589e-225
eakf_model1,0.9999999999306096
eakf_model2,3.510534443870848e-16
eakf_model3,6.938942506677275e-11
