model_name,weigth
arima,0.0
eakf_model1,0.16465802693152443
eakf_model2,1.3647905823814285e-92
eakf_model3,0.8353419730684755
sarima,0.0
