model_name,weigth
arima,0.0
eakf_model1,8.286922289905078e-09
eakf_model2,1.5026554079941926e-82
eakf_model3,0.9999999917130776
sarima,0.0
