model_name,weigth
arima,0.0
eakf_model1,6.014040802467804e-07
eakf_model2,1.89e-321
eakf_model3,0.9999993985959191
