model_name,weigth
arima,0.0
eakf_model1,1.4539766072051639e-09
eakf_model2,1.8704437856616644e-45
eakf_model3,0.9999999985460234
sarima,0.0
