model_name,weigth
arima,1.149386570118967e-163
eakf_model1,0.999999999962194
eakf_model2,3.191327645887245e-11
eakf_model3,5.892373430324767e-12
