model_name,weigth
arima,0.0
eakf_model1,2.172934414283476e-09
eakf_model2,2.6768180137053715e-58
eakf_model3,0.9999999978270657
