model_name,weigth
arima,0.0
eakf_model1,7.314354437597888e-10
eakf_model2,6.059184683500385e-32
eakf_model3,0.9999999992685648
