model_name,weigth
arima,0.0
eakf_model1,1.8034319523863801e-09
eakf_model2,4.212320637926229e-40
eakf_model3,0.999999998196568
sarima,0.0
