model_name,weigth
arima,1.0039032967353115e-170
eakf_model1,0.999999999960022
eakf_model2,7.610218373426556e-12
eakf_model3,3.2367539793260535e-11
