model_name,weigth
arima,0.0
eakf_model1,0.182450776690077
eakf_model2,1.4309467767614288e-88
eakf_model3,0.8175492233099232
sarima,0.0
