model_name,weigth
arima,0.0
eakf_model1,1.141412829262531e-09
eakf_model2,2.6138892945505413e-47
eakf_model3,0.999999998858587
