model_name,weigth
arima,0.0
eakf_model1,1.0814675166519966e-08
eakf_model2,6.250781624557293e-85
eakf_model3,0.9999999891853251
sarima,0.0
