model_name,weigth
arima,0.0
eakf_model1,0.11587920951068965
eakf_model2,6.67925387207488e-99
eakf_model3,0.8841207904893104
