model_name,weigth
arima,0.0
eakf_model1,1.6575650598742975e-09
eakf_model2,5.954736178900523e-47
eakf_model3,0.9999999983424349
sarima,0.0
