model_name,weigth
arima,0.0
eakf_model1,3.2040499506533167e-09
eakf_model2,1.0466322177399394e-58
eakf_model3,0.9999999967959501
sarima,0.0
