model_name,weigth
arima,0.0
eakf_model1,6.666402456713144e-10
eakf_model2,2.800510563889913e-26
eakf_model3,0.9999999993333601
sarima,0.0
