model_name,weigth
arima,5.923569547972637e-181
eakf_model1,0.9999999999540073
eakf_model2,6.226479255630468e-13
eakf_model3,4.5369885815242133e-11
