model_name,weigth
arima,0.0
eakf_model1,1.3079033897575911e-08
eakf_model2,1.352608782201723e-105
eakf_model3,0.9999999869209661
