model_name,weigth
arima,1.6687648873e-313
eakf_model1,3.110597820959189e-10
eakf_model2,4.785888359643027e-18
eakf_model3,0.9999999996889402
sarima,9.109517927035123e-247
