model_name,weigth
arima,0.0
eakf_model1,3.5413703366600294e-10
eakf_model2,5.0400917815408205e-19
eakf_model3,0.9999999996458632
sarima,1.626708036843656e-263
