model_name,weigth
arima,3.1613645597202462e-170
eakf_model1,0.9999999999544558
eakf_model2,4.5543121578785464e-11
eakf_model3,1.309957551037222e-15
