model_name,weigth
arima,7.49812685e-316
eakf_model1,2.8996687626066437e-10
eakf_model2,1.339164752672752e-18
eakf_model3,0.9999999997100328
sarima,7.891986387012166e-247
