model_name,weigth
arima,1.545436014612537e-170
eakf_model1,0.9999999999512317
eakf_model2,4.876839375402573e-11
eakf_model3,4.0584954304426434e-16
