model_name,weigth
arima,0.0
eakf_model1,2.634959404243547e-10
eakf_model2,9.414220718997997e-22
eakf_model3,0.9999999997365042
