model_name,weigth
arima,0.0
eakf_model1,4.443124068811972e-10
eakf_model2,2.1745381972049095e-26
eakf_model3,0.9999999995556881
