model_name,weigth
arima,1.3060874981637089e-185
eakf_model1,0.9999999999344712
eakf_model2,6.552880691013375e-11
eakf_model3,6.120154764775333e-22
