model_name,weigth
arima,1.9646826057139485e-180
eakf_model1,0.9999999999411777
eakf_model2,5.882176347114874e-11
eakf_model3,1.110601588728654e-18
