model_name,weigth
arima,0.0
eakf_model1,3.1818508420750776e-10
eakf_model2,6.023188480492011e-19
eakf_model3,0.999999999681815
sarima,3.1209875596434548e-257
