model_name,weigth
arima,0.0
eakf_model1,3.408858017785685e-10
eakf_model2,3.0312225416189415e-22
eakf_model3,0.9999999996591139
