model_name,weigth
arima,6.224246730964956e-172
eakf_model1,0.9999999999496602
eakf_model2,5.0339735866464324e-11
eakf_model3,1.0146453401174479e-16
