model_name,weigth
arima,1.3720393859528283e-294
eakf_model1,2.7457630467693244e-10
eakf_model2,6.496843288172361e-17
eakf_model3,0.9999999997254236
sarima,4.469915653196804e-232
