model_name,weigth
arima,2.5801197795829152e-182
eakf_model1,0.999999999939137
eakf_model2,6.086287965066218e-11
eakf_model3,8.250643832492625e-20
