model_name,weigth
arima,0.0
eakf_model1,3.712142358659808e-10
eakf_model2,9.32519087902341e-23
eakf_model3,0.999999999628785
