model_name,weigth
arima,0.0
eakf_model1,2.9420405899246043e-10
eakf_model2,1.450797806150706e-22
eakf_model3,0.9999999997057961
