model_name,weigth
arima,0.0
eakf_model1,3.7638565827610513e-10
eakf_model2,4.3951544299600416e-23
eakf_model3,0.9999999996236135
