model_name,weigth
arima,6.788878443739461e-181
eakf_model1,0.9999999999400141
eakf_model2,5.998586636560916e-11
eakf_model3,3.1944030469819307e-19
