model_name,weigth
arima,0.0
eakf_model1,3.8391909306794163e-10
eakf_model2,1.0940401150389386e-19
eakf_model3,0.9999999996160809
sarima,9.633003067560999e-275
