model_name,weigth
arima,1.716686382039487e-185
eakf_model1,0.9999999999354928
eakf_model2,6.450688204657793e-11
eakf_model3,1.6538757825350873e-21
