model_name,weigth
arima,0.0
eakf_model1,2.3911220329073493e-10
eakf_model2,9.2144394488986e-19
eakf_model3,0.9999999997608876
