model_name,weigth
arima,4.6504707215234326e-194
eakf_model1,0.9999999999260979
eakf_model2,7.390235772746622e-11
eakf_model3,9.655115177866727e-25
