model_name,weigth
arima,3.839244778238134e-273
eakf_model1,1.5962217096730616e-10
eakf_model2,6.481673717409555e-15
eakf_model3,0.9999999998403711
