model_name,weigth
arima,1.2077671816128033e-203
eakf_model1,0.9999999999144594
eakf_model2,8.554043021408141e-11
eakf_model3,4.1355971921193885e-28
