model_name,weigth
arima,2.5911719057827402e-228
eakf_model1,1.8612897899292065e-10
eakf_model2,2.499369472627279e-12
eakf_model3,0.9999999998113717
sarima,1.544987220183018e-181
