model_name,weigth
arima,2.514427925099947e-213
eakf_model1,0.9999999998942862
eakf_model2,1.0571303379332115e-10
eakf_model3,7.915790141875577e-28
