model_name,weigth
arima,0.0
eakf_model1,4.4788425563513403e-10
eakf_model2,6.66742570604208e-17
eakf_model3,0.9999999995521155
sarima,3.63469391717658e-272
