model_name,weigth
arima,0.0
eakf_model1,2.6171586614475436e-10
eakf_model2,1.135276848886749e-18
eakf_model3,0.9999999997382847
