model_name,weigth
arima,0.0
eakf_model1,2.936145416658557e-10
eakf_model2,8.303994997282793e-19
eakf_model3,0.9999999997063854
