model_name,weigth
arima,7.4005e-318
eakf_model1,3.521094242130804e-10
eakf_model2,2.251489392561126e-16
eakf_model3,0.99999999964789
sarima,1.701830568832109e-250
