model_name,weigth
arima,0.0
eakf_model1,4.675476759238424e-10
eakf_model2,5.10999672159955e-17
eakf_model3,0.9999999995324524
sarima,1.194757753049044e-281
