model_name,weigth
arima,7.211086171556775e-199
eakf_model1,0.999999999920265
eakf_model2,7.973490477174658e-11
eakf_model3,5.180733691577533e-26
