model_name,weigth
arima,1.5085613678730704e-210
eakf_model1,0.9999999999064296
eakf_model2,9.357017612392603e-11
eakf_model3,1.2364864443449856e-29
