model_name,weigth
arima,8.859639917226321e-252
eakf_model1,1.3539458270149745e-10
eakf_model2,4.173471526918556e-14
eakf_model3,0.9999999998645636
