model_name,weigth
arima,2.6353070091477693e-249
eakf_model1,2.2655275467814475e-10
eakf_model2,1.6009486909755655e-13
eakf_model3,0.9999999997732874
sarima,1.139500717302424e-198
