model_name,weigth
arima,1.795443421392757e-207
eakf_model1,0.9999999999091614
eakf_model2,9.083873005534542e-11
eakf_model3,5.646511438881606e-29
