model_name,weigth
arima,1.9997158460617823e-203
eakf_model1,0.9999999999153217
eakf_model2,8.467787307398931e-11
eakf_model3,7.151871978665465e-28
