model_name,weigth
arima,2.71072563027806e-302
eakf_model1,1.9427796881573532e-10
eakf_model2,2.9048113907341476e-16
eakf_model3,0.9999999998057224
