model_name,weigth
arima,5.839947749252183e-275
eakf_model1,2.800019548884108e-10
eakf_model2,9.653422652053106e-15
eakf_model3,0.9999999997199885
sarima,5.181111036389861e-219
