model_name,weigth
arima,6.401897134536823e-192
eakf_model1,0.9999999999294783
eakf_model2,7.052219149849316e-11
eakf_model3,1.5083609817210165e-23
