model_name,weigth
arima,8.125941376858685e-304
eakf_model1,3.043869654025561e-10
eakf_model2,2.424635786431675e-16
eakf_model3,0.999999999695613
sarima,1.937796423820626e-239
