model_name,weigth
arima,0.0
eakf_model1,3.0198098318243885e-10
eakf_model2,8.12057627111907e-19
eakf_model3,0.9999999996980192
