model_name,weigth
arima,2.2449052443841983e-186
eakf_model1,1.2758307550960226e-10
eakf_model2,5.875155423196553e-12
eakf_model3,0.9999999998665419
sarima,3.611138053582533e-144
