model_name,weigth
arima,1.2034985357471984e-213
eakf_model1,0.9999999998856773
eakf_model2,1.1432210844844303e-10
eakf_model3,5.951361220922308e-25
