model_name,weigth
arima,2.4108130190060626e-212
eakf_model1,0.9999999998912198
eakf_model2,1.0878006041453512e-10
eakf_model3,3.674461113785569e-27
