model_name,weigth
arima,3.1542276932605453e-258
eakf_model1,0.9999999997978681
eakf_model2,2.0213111927057056e-10
eakf_model3,5.055016125253133e-29
