model_name,weigth
arima,7.785613453131585e-181
eakf_model1,8.707795256138542e-11
eakf_model2,2.7746367621834445e-11
eakf_model3,0.9999999998851758
sarima,7.320052321904195e-141
