model_name,weigth
arima,3.739867593744106e-229
eakf_model1,0.9999999998587442
eakf_model2,1.4125547570371048e-10
eakf_model3,3.158887139986584e-26
