model_name,weigth
arima,2.8507723565335535e-200
eakf_model1,0.9999999999044394
eakf_model2,9.556090665318053e-11
eakf_model3,4.3604269349822865e-24
