model_name,weigth
arima,8.163768808322226e-217
eakf_model1,0.9999999998802964
eakf_model2,1.197034251542188e-10
eakf_model3,3.6199517406816225e-25
