model_name,weigth
arima,9.515190232411764e-190
eakf_model1,1.320933321877496e-10
eakf_model2,5.3765995225313005e-12
eakf_model3,0.9999999998625301
sarima,2.2480587062585513e-146
