model_name,weigth
arima,1.1707728183060314e-221
eakf_model1,1.0484874170342374e-10
eakf_model2,6.029166200857497e-13
eakf_model3,0.9999999998945487
