model_name,weigth
arima,2.69172211566179e-180
eakf_model1,1.1288499183381124e-10
eakf_model2,7.61832635444618e-12
eakf_model3,0.9999999998794968
sarima,4.776346587879754e-140
