model_name,weigth
arima,4.80944912743177e-197
eakf_model1,0.999999999905386
eakf_model2,9.461438651808478e-11
eakf_model3,8.686725406083229e-24
