model_name,weigth
arima,5.579404436528952e-218
eakf_model1,1.0702028266039912e-10
eakf_model2,5.882689346517022e-14
eakf_model3,0.9999999998929208
