model_name,weigth
arima,2.4346913077306495e-221
eakf_model1,1.099531637413435e-10
eakf_model2,5.2774919504875394e-14
eakf_model3,0.9999999998899941
