model_name,weigth
arima,5.835026924280043e-183
eakf_model1,1.1544546083956869e-10
eakf_model2,9.269863682486959e-12
eakf_model3,0.9999999998752844
sarima,2.1267532818660274e-142
