model_name,weigth
arima,1.2869519382568369e-226
eakf_model1,1.0959637333734512e-10
eakf_model2,7.56526631050087e-13
eakf_model3,0.9999999998896469
