model_name,weigth
arima,3.28506468097063e-216
eakf_model1,1.0431381021742956e-10
eakf_model2,4.646173578138427e-14
eakf_model3,0.99999999989564
