model_name,weigth
arima,2.6301876434449645e-254
eakf_model1,0.9999999998033302
eakf_model2,1.9666979326070518e-10
eakf_model3,5.44175704162312e-29
