model_name,weigth
arima,6.878444653497667e-261
eakf_model1,0.9999999998003463
eakf_model2,1.996536566106799e-10
eakf_model3,6.767804439114978e-29
