model_name,weigth
arima,1.2003165714968245e-194
eakf_model1,1.357632684895959e-10
eakf_model2,7.694638525027636e-12
eakf_model3,0.9999999998565423
sarima,2.3420973027500757e-149
