model_name,weigth
arima,6.91225095427081e-227
eakf_model1,0.9999999998655064
eakf_model2,1.344936057965035e-10
eakf_model3,4.232809719616601e-26
