model_name,weigth
arima,1.4748365242938775e-221
eakf_model1,1.0884950190233725e-10
eakf_model2,4.6198753734898344e-14
eakf_model3,0.9999999998911047
