model_name,weigth
arima,7.766347031346775e-174
eakf_model1,7.749184450848878e-11
eakf_model2,3.262623145007534e-11
eakf_model3,0.9999999998898821
sarima,1.779763913987685e-133
