model_name,weigth
arima,3.677126215559815e-172
eakf_model1,7.31626334604886e-11
eakf_model2,3.4761577668395394e-11
eakf_model3,0.9999999998920758
sarima,5.543950014162526e-132
