model_name,weigth
arima,2.5087585075941605e-194
eakf_model1,1.3239898148759702e-10
eakf_model2,8.994929424481207e-12
eakf_model3,0.999999999858606
sarima,7.685048871241352e-149
