model_name,weigth
arima,3.06738547746219e-215
eakf_model1,1.0352656750735103e-10
eakf_model2,7.7949979765615e-14
eakf_model3,0.9999999998963952
