model_name,weigth
arima,1.1883164440212922e-258
eakf_model1,0.9999999997875632
eakf_model2,2.124360632815739e-10
eakf_model3,4.1230494226917436e-30
