model_name,weigth
arima,2.719531586e-315
eakf_model1,0.9999999996506089
eakf_model2,3.493911326078316e-10
eakf_model3,3.3151491790587056e-35
