model_name,weigth
arima,1.5274410178142265e-194
eakf_model1,1.3486340958271693e-10
eakf_model2,7.788500745229024e-12
eakf_model3,0.999999999857348
sarima,4.018314089514358e-149
