model_name,weigth
arima,3.403488692363166e-275
eakf_model1,0.9999999997490054
eakf_model2,2.509942810803147e-10
eakf_model3,1.352041173246159e-31
