model_name,weigth
arima,5.994497373174414e-225
eakf_model1,1.1461303354740726e-10
eakf_model2,5.5701954248359534e-14
eakf_model3,0.9999999998853312
