model_name,weigth
arima,1.6850802147884048e-196
eakf_model1,8.259044737105149e-11
eakf_model2,7.458163814947401e-13
eakf_model3,0.999999999916664
