model_name,weigth
arima,1.700158143466321e-186
eakf_model1,1.2210418379131777e-10
eakf_model2,7.631790984321987e-12
eakf_model3,0.9999999998702641
sarima,4.235826750384757e-143
