model_name,weigth
arima,3.4275410316206035e-187
eakf_model1,1.230134834141826e-10
eakf_model2,8.868152315333098e-12
eakf_model3,0.9999999998681183
sarima,7.419520377232933e-144
