model_name,weigth
arima,2.9657354831432245e-181
eakf_model1,1.0574485438308377e-10
eakf_model2,1.5653948345204645e-11
eakf_model3,0.9999999998786013
sarima,2.0338286044126124e-139
