model_name,weigth
arima,4.70166107976183e-174
eakf_model1,8.007949308490498e-11
eakf_model2,2.8345368222645843e-11
eakf_model3,0.9999999998915752
sarima,9.900270822923988e-134
