model_name,weigth
arima,0.0
eakf_model1,3.8610825518266025e-10
eakf_model2,1.533514912656322e-91
eakf_model3,0.9999999996138919
