model_name,weigth
arima,0.0
eakf_model1,0.3845906436594248
eakf_model2,3e-323
eakf_model3,0.6154093563405754
sarima,2.5e-323
