model_name,weigth
arima,6.418920195817943e-247
eakf_model1,4.449509868449501e-11
eakf_model2,2.4139893693151285e-63
eakf_model3,0.9999999999555049
