model_name,weigth
arima,0.0
eakf_model1,2.694258165366769e-10
eakf_model2,4.5977220849714485e-158
eakf_model3,0.9999999997305743
