model_name,weigth
arima,0.0
eakf_model1,0.9999999997120322
eakf_model2,2.57831882579866e-106
eakf_model3,2.879677595523068e-10
