model_name,weigth
arima,1.311034762323307e-166
eakf_model1,1.4187128593096816e-11
eakf_model2,1.2365713117228504e-33
eakf_model3,0.9999999999858129
