model_name,weigth
arima,0.0
eakf_model1,4.134899158386607e-18
eakf_model2,2.5312812348277935e-209
eakf_model3,0.9999999991562499
sarima,8.437501081895796e-10
