model_name,weigth
arima,3.765061037967908e-280
eakf_model1,2.1715242570053382e-10
eakf_model2,3.859357191144161e-85
eakf_model3,0.9999999997828474
