model_name,weigth
arima,1.4791912136419202e-286
eakf_model1,0.9999999984577436
eakf_model2,1.5422564054380484e-09
eakf_model3,1.4355142017862312e-47
