model_name,weigth
arima,7.141268644394857e-117
eakf_model1,1.6075276992153938e-11
eakf_model2,3.6790027375124986e-17
eakf_model3,0.9999999999839247
