model_name,weigth
arima,1.0800707723138273e-167
eakf_model1,5.287961209994805e-11
eakf_model2,2.387867542488379e-27
eakf_model3,0.9999999999471204
sarima,9.262817049922288e-119
