model_name,weigth
arima,2.4810843202331435e-39
eakf_model1,1.1851736528836682e-11
eakf_model2,2.0676155605364746e-15
eakf_model3,0.9999999999881463
