model_name,weigth
arima,0.0
eakf_model1,0.9999999999463091
eakf_model2,5.763046309349558e-35
eakf_model3,5.3691150967344076e-11
sarima,0.0
