model_name,weigth
arima,2.0894630075716297e-74
eakf_model1,1.0541147764247911e-11
eakf_model2,2.7677946186653755e-15
eakf_model3,0.9999999999894561
