model_name,weigth
arima,2.017376577918344e-175
eakf_model1,0.9999999999575235
eakf_model2,1.4634310248037225e-35
eakf_model3,4.247640371657253e-11
