model_name,weigth
arima,2.027545859068122e-127
eakf_model1,0.9999999999532911
eakf_model2,2.4678164193159477e-26
eakf_model3,4.670895932157505e-11
