model_name,weigth
arima,0.0
eakf_model1,0.9997554197417314
eakf_model2,3e-323
eakf_model3,0.00024458025826848857
