model_name,weigth
arima,1.6351551541362946e-291
eakf_model1,1.4598997001278953e-10
eakf_model2,4.920356075050945e-112
eakf_model3,0.9999999998540102
