model_name,weigth
arima,1.1755899703510465e-91
eakf_model1,0.9999999999477028
eakf_model2,4.7923628131540686e-11
eakf_model3,4.373483389151502e-12
