model_name,weigth
arima,2.42574607001029e-119
eakf_model1,1.4075829086100457e-11
eakf_model2,2.6464460693729602e-17
eakf_model3,0.9999999999859241
