model_name,weigth
arima,4.216384196741159e-139
eakf_model1,0.9999999999734694
eakf_model2,2.0011045817540365e-27
eakf_model3,2.653071552952447e-11
sarima,7.113038683573216e-175
