model_name,weigth
arima,0.0
eakf_model1,0.9999999983266509
eakf_model2,1.982319657470591e-52
eakf_model3,1.6733491873543802e-09
