model_name,weigth
arima,0.0
eakf_model1,1.1823861146055743e-09
eakf_model2,4.320653729485165e-167
eakf_model3,0.999999998817614
