model_name,weigth
arima,0.0
eakf_model1,0.9999999953014658
eakf_model2,2.492194013751874e-198
eakf_model3,4.698534206164847e-09
