model_name,weigth
arima,0.0
eakf_model1,3.6448261701674666e-10
eakf_model2,1.5078650902620345e-104
eakf_model3,0.9999999996355174
