model_name,weigth
arima,1.3473444423e-313
eakf_model1,0.9999999998653584
eakf_model2,4.187236382175976e-29
eakf_model3,1.346416421959468e-10
sarima,0.0
