model_name,weigth
arima,8.326010696574543e-243
eakf_model1,0.9999999998616582
eakf_model2,2.1740884919475756e-39
eakf_model3,1.3834183172354826e-10
sarima,0.0
