model_name,weigth
arima,0.0
eakf_model1,0.9999999999567115
eakf_model2,2.40542090118362e-32
eakf_model3,4.328859368681498e-11
