model_name,weigth
arima,0.0
eakf_model1,0.9999999984010574
eakf_model2,2.0724346687906827e-53
eakf_model3,1.5989426173449073e-09
