model_name,weigth
arima,0.0
eakf_model1,0.9999999998707949
eakf_model2,6.243981133073277e-13
eakf_model3,1.2858083687418937e-10
sarima,0.0
