model_name,weigth
arima,0.0
eakf_model1,2.664425664054344e-09
eakf_model2,8.13170651910382e-121
eakf_model3,0.9999999973355743
