model_name,weigth
arima,0.0
eakf_model1,5.212432084513824e-10
eakf_model2,1.2532819559106383e-88
eakf_model3,0.9999999994787568
sarima,0.0
