model_name,weigth
arima,0.0
eakf_model1,1.3786234519860298e-09
eakf_model2,3.292249504944426e-151
eakf_model3,0.9999999986213765
sarima,0.0
