model_name,weigth
arima,0.0
eakf_model1,0.9999999998231344
eakf_model2,1.7686324245028396e-10
eakf_model3,2.4898118299756626e-15
sarima,0.0
