model_name,weigth
arima,0.0
eakf_model1,0.9999999999467161
eakf_model2,1.6017555416499848e-27
eakf_model3,5.3283969953025e-11
