model_name,weigth
arima,0.0
eakf_model1,0.999999999885818
eakf_model2,4.3565869484706073e-75
eakf_model3,1.1418192988643322e-10
