model_name,weigth
arima,0.0
eakf_model1,4.362144554140637e-10
eakf_model2,2.8180336964619847e-88
eakf_model3,0.9999999995637855
