model_name,weigth
arima,0.0
eakf_model1,0.9999999994460241
eakf_model2,3.11302336649032e-39
eakf_model3,5.539758181193357e-10
