model_name,weigth
arima,2.034394943973606e-129
eakf_model1,0.999999999990612
eakf_model2,9.388188933238921e-12
eakf_model3,2.724439381862402e-26
