model_name,weigth
arima,0.0
eakf_model1,0.9999999999541475
eakf_model2,1.2902323150876705e-12
eakf_model3,4.45624886570313e-11
sarima,0.0
