model_name,weigth
arima,2.3053028475412503e-69
eakf_model1,0.9999999999959425
eakf_model2,4.05760357965874e-12
eakf_model3,1.6298260875522046e-18
