model_name,weigth
arima,2.8466500661441427e-150
eakf_model1,0.9999999999905089
eakf_model2,9.491082628759465e-12
eakf_model3,5.560487332992013e-27
