model_name,weigth
arima,2.6109019295368887e-280
eakf_model1,0.9999999999370216
eakf_model2,1.953406178567488e-32
eakf_model3,6.297848369822132e-11
