model_name,weigth
arima,1.4940291355969412e-162
eakf_model1,0.9999999999853557
eakf_model2,1.4644282369141298e-11
eakf_model3,6.353514996033543e-29
