model_name,weigth
arima,1.6567184768356642e-107
eakf_model1,0.9999999999900487
eakf_model2,9.951281211842212e-12
eakf_model3,7.368604199579884e-24
