model_name,weigth
arima,0.0
eakf_model1,0.9999999995664833
eakf_model2,3.587515200358787e-15
eakf_model3,4.3351312756650435e-10
sarima,0.0
