model_name,weigth
arima,0.0
eakf_model1,5.680439265297873e-10
eakf_model2,0.9999999994317954
eakf_model3,1.6068971644635645e-13
