model_name,weigth
arima,0.0
eakf_model1,6.629392209488523e-10
eakf_model2,3.4929059160711264e-18
eakf_model3,0.9999999993370607
sarima,0.0
