model_name,weigth
arima,0.0
eakf_model1,1.1245914417917503e-09
eakf_model2,4.95389071310088e-72
eakf_model3,0.9999999988754086
sarima,0.0
