model_name,weigth
arima,0.0
eakf_model1,0.9999999997055936
eakf_model2,4.4820505194519755e-51
eakf_model3,2.944064887737284e-10
