model_name,weigth
arima,0.0
eakf_model1,0.9999999995076133
eakf_model2,1.8613372835437855e-23
eakf_model3,4.923866409663696e-10
