model_name,weigth
arima,0.0
eakf_model1,9.837185805845661e-11
eakf_model2,1.5260800351264778e-32
eakf_model3,0.9999999999016282
