model_name,weigth
arima,4.768478789866497e-193
eakf_model1,3.657866607009526e-11
eakf_model2,2.481551431328335e-23
eakf_model3,0.9999999999634214
