model_name,weigth
arima,6.560912910463241e-81
eakf_model1,0.999999999990482
eakf_model2,3.615124181646199e-17
eakf_model3,9.51807494684395e-12
