model_name,weigth
arima,3.5465028427236576e-212
eakf_model1,4.328052140055004e-11
eakf_model2,1.151532112296479e-28
eakf_model3,0.9999999999567196
