model_name,weigth
arima,0.0
eakf_model1,1.2318176954029017e-08
eakf_model2,3.815201948088e-311
eakf_model3,0.999999987681823
