model_name,weigth
arima,5.1435938431777474e-285
eakf_model1,2.4887573575350815e-11
eakf_model2,1.897786480236355e-10
eakf_model3,0.9999999997853339
sarima,0.0
