model_name,weigth
arima,0.0
eakf_model1,4.166015155154201e-12
eakf_model2,4.619574710086297e-10
eakf_model3,0.9999999995338766
sarima,0.0
