model_name,weigth
arima,0.0
eakf_model1,0.9999999985729231
eakf_model2,1.0400754191759965e-65
eakf_model3,1.4270769967182133e-09
