model_name,weigth
arima,2.1613197214107727e-254
eakf_model1,8.801370356203513e-11
eakf_model2,6.222597993532731e-17
eakf_model3,0.9999999999119863
