model_name,weigth
arima,0.0
eakf_model1,0.9999999951397845
eakf_model2,5.981607259878003e-55
eakf_model3,4.860215453062904e-09
sarima,0.0
