model_name,weigth
arima,0.0
eakf_model1,0.9999999995303489
eakf_model2,4.696200144197131e-10
eakf_model3,3.111744018324711e-14
