model_name,weigth
arima,0.0
eakf_model1,2.020387881684314e-10
eakf_model2,4.666218194657808e-40
eakf_model3,0.9999999997979612
sarima,5.9223134942780994e-297
