model_name,weigth
arima,2.466475860583601e-285
eakf_model1,0.9999999999490442
eakf_model2,5.611880522675348e-41
eakf_model3,5.095572400905129e-11
