model_name,weigth
arima,0.0
eakf_model1,6.301894543065281e-10
eakf_model2,3.496291233255564e-77
eakf_model3,0.9999999993698107
