model_name,weigth
arima,0.0
eakf_model1,9.567183061020696e-09
eakf_model2,0.9999999904328168
eakf_model3,4.928276832735415e-81
sarima,0.0
