model_name,weigth
arima,0.0
eakf_model1,2.8249854499919194e-10
eakf_model2,1.3685416548887137e-48
eakf_model3,0.9999999997175015
sarima,0.0
