model_name,weigth
arima,0.0
eakf_model1,1.6662008279022913e-09
eakf_model2,0.9999999981801447
eakf_model3,1.5365435914135762e-10
