model_name,weigth
arima,0.0
eakf_model1,0.33523000567702277
eakf_model2,9e-323
eakf_model3,0.6647699943229773
