model_name,weigth
arima,0.0
eakf_model1,1.1163698946966886e-10
eakf_model2,1.631591781940964e-50
eakf_model3,0.9999999998883631
