model_name,weigth
arima,0.0
eakf_model1,1.9340352709791973e-09
eakf_model2,1.7390461029787668e-105
eakf_model3,0.9999999980659646
sarima,0.0
