model_name,weigth
arima,0.0
eakf_model1,3.0370168283458448e-06
eakf_model2,2.5e-322
eakf_model3,0.9999969629831716
sarima,0.0
