model_name,weigth
arima,0.0
eakf_model1,0.999999997602044
eakf_model2,2.2565562781752096e-173
eakf_model3,2.3979559666381075e-09
