model_name,weigth
arima,0.0
eakf_model1,0.999999992432256
eakf_model2,1.5389516874126415e-24
eakf_model3,7.5677440097875e-09
