model_name,weigth
arima,0.0
eakf_model1,7.80616044808073e-13
eakf_model2,0.9999999980675841
eakf_model3,1.931635362597957e-09
sarima,0.0
