model_name,weigth
arima,0.0
eakf_model1,0.9999999964247229
eakf_model2,6.673827511370032e-77
eakf_model3,3.575277047113656e-09
