model_name,weigth
arima,0.0
eakf_model1,0.9999999976915462
eakf_model2,2.3084537380641475e-09
eakf_model3,3.489288179565868e-25
