model_name,weigth
arima,0.0
eakf_model1,0.9999999993216787
eakf_model2,2.1396089368878035e-66
eakf_model3,6.783212963905261e-10
sarima,0.0
