model_name,weigth
arima,1.7130108030477256e-77
eakf_model1,0.9999999999961334
eakf_model2,6.29044225958408e-14
eakf_model3,3.803557220416325e-12
