model_name,weigth
arima,2.648843487299048e-75
eakf_model1,0.9999999999958573
eakf_model2,3.2710831214642997e-12
eakf_model3,8.716180283149808e-13
sarima,3.810320069568468e-54
