model_name,weigth
arima,0.0
eakf_model1,8.39340750055927e-10
eakf_model2,3.0896898789589234e-87
eakf_model3,0.9999999991606593
