model_name,weigth
arima,3.25434941096816e-113
eakf_model1,1.2858747166112092e-13
eakf_model2,2.076265349878639e-12
eakf_model3,0.9999999999977952
