model_name,weigth
arima,0.0
eakf_model1,4.463877810055222e-10
eakf_model2,1.171415112784326e-74
eakf_model3,0.9999999995536122
