model_name,weigth
arima,0.0
eakf_model1,1.0587593850717914e-10
eakf_model2,0.9999999998941241
eakf_model3,5.964314842850459e-70
