model_name,weigth
arima,0.0
eakf_model1,7.498093744657384e-10
eakf_model2,7.730459033404617e-86
eakf_model3,0.9999999992501906
