model_name,weigth
arima,0.0
eakf_model1,0.3068256725047337
eakf_model2,2.062088028645529e-89
eakf_model3,0.6931743274952664
