model_name,weigth
arima,0.0
eakf_model1,0.9999999999759747
eakf_model2,2.4025360531376312e-11
eakf_model3,2.747473628682471e-23
