model_name,weigth
arima,2.8733650049751814e-238
eakf_model1,0.9999999999700954
eakf_model2,4.703791462918425e-12
eakf_model3,2.520080521700076e-11
sarima,2.794369645426067e-247
