model_name,weigth
arima,0.0
eakf_model1,0.9999999999256138
eakf_model2,7.438623581475337e-11
eakf_model3,1.391968758155905e-29
sarima,0.0
