model_name,weigth
arima,4.336691683958643e-260
eakf_model1,0.9999999999862509
eakf_model2,1.374909791602843e-11
eakf_model3,5.301276150466453e-19
