model_name,weigth
arima,0.0
eakf_model1,0.7681887634116454
eakf_model2,0.2318112352756057
eakf_model3,1.3127490460580006e-09
