model_name,weigth
arima,0.0
eakf_model1,0.9999999999767586
eakf_model2,2.0565397483651007e-11
eakf_model3,2.6761103910100426e-12
