model_name,weigth
arima,2.6423213257682018e-269
eakf_model1,7.05073947029988e-11
eakf_model2,4.051587333210241e-39
eakf_model3,0.9999999999294927
