model_name,weigth
arima,6.765291570189448e-98
eakf_model1,0.9999999999691402
eakf_model2,3.0619865786757595e-11
eakf_model3,2.398786467708696e-13
