model_name,weigth
arima,9.228310586087909e-76
eakf_model1,0.9999999999815727
eakf_model2,3.97141071758819e-18
eakf_model3,1.8427215606892763e-11
