model_name,weigth
arima,7.10935963280663e-159
eakf_model1,0.9999999999416301
eakf_model2,1.4964221688837634e-14
eakf_model3,5.835494024991393e-11
