model_name,weigth
arima,7.394577408133418e-75
eakf_model1,0.9999999999944574
eakf_model2,5.544892712319209e-17
eakf_model3,5.542617723072727e-12
