model_name,weigth
arima,4.1622742504964834e-82
eakf_model1,0.9999999999731971
eakf_model2,9.715351449553844e-18
eakf_model3,2.680286135910739e-11
sarima,4.93393855181547e-48
