model_name,weigth
arima,5.150922150448326e-187
eakf_model1,0.9999999998039545
eakf_model2,1.0173878538347607e-36
eakf_model3,1.9604550985955868e-10
sarima,2.2106541020536252e-135
