model_name,weigth
arima,1.033233818369159e-111
eakf_model1,0.9999999999550083
eakf_model2,4.4990704736002165e-11
eakf_model3,1.1690822150616777e-15
