model_name,weigth
arima,1.1942423949897722e-12
eakf_model1,0.9999999999988051
eakf_model2,1.3941044400081544e-19
eakf_model3,7.576844150636185e-16
