model_name,weigth
arima,1.9298123357673014e-26
eakf_model1,0.9999999999974614
eakf_model2,4.47203075308558e-14
eakf_model3,2.4941187933797084e-12
