model_name,weigth
arima,4.008158725839969e-196
eakf_model1,0.9999999999374697
eakf_model2,4.72290232827916e-19
eakf_model3,6.253034903149696e-11
