model_name,weigth
arima,2.7607950722582024e-190
eakf_model1,0.9999999996260219
eakf_model2,2.9778160146647202e-24
eakf_model3,3.739780673424503e-10
sarima,9.852087234400595e-151
