model_name,weigth
arima,2.922009879630811e-86
eakf_model1,0.9999999999899954
eakf_model2,5.296662225175018e-19
eakf_model3,1.0004650432714746e-11
