model_name,weigth
arima,1.107971940503127e-146
eakf_model1,0.3075777144310365
eakf_model2,1.2119626896617233e-16
eakf_model3,0.6924222855689635
