model_name,weigth
arima,1.5925131419642767e-116
eakf_model1,0.9999999998846484
eakf_model2,2.3832570144167536e-22
eakf_model3,1.1535166968539764e-10
sarima,2.8386470036555953e-89
