model_name,weigth
arima,2.744688897916002e-14
eakf_model1,0.9999999999992135
eakf_model2,9.718513777654142e-14
eakf_model3,6.618752601646412e-13
