model_name,weigth
arima,2.5511591202139548e-85
eakf_model1,0.9999999999801702
eakf_model2,1.0694939969734338e-15
eakf_model3,1.9828740649194186e-11
