model_name,weigth
arima,1.7209237389394912e-12
eakf_model1,0.9999999999982792
eakf_model2,1.1321084299783344e-26
eakf_model3,2.2936265492264825e-20
