model_name,weigth
arima,1.98038307222368e-12
eakf_model1,0.9999999999980197
eakf_model2,5.100862627846532e-27
eakf_model3,7.141541576340768e-19
