model_name,weigth
arima,0.0
eakf_model1,0.9999999985631498
eakf_model2,1.4368502600220756e-09
eakf_model3,4.0128219889378756e-31
