model_name,weigth
arima,0.0
eakf_model1,6.332268116755723e-09
eakf_model2,0.9999999936677317
eakf_model3,9.842289958069391e-82
