model_name,weigth
arima,0.0
eakf_model1,0.9999999998651886
eakf_model2,9.751900435310385e-13
eakf_model3,1.3383617336195044e-10
