model_name,weigth
arima,0.0
eakf_model1,0.999999991820386
eakf_model2,8.179613953010611e-09
eakf_model3,4.208516320113969e-90
