model_name,weigth
arima,6.582025961036528e-125
eakf_model1,8.569165522343126e-12
eakf_model2,7.995632788414348e-17
eakf_model3,0.9999999999914307
