model_name,weigth
arima,3.0664036862115804e-13
eakf_model1,0.9999999999993233
eakf_model2,3.893905795388896e-17
eakf_model3,3.700369250479616e-13
