model_name,weigth
arima,0.0
eakf_model1,0.9999995541574497
eakf_model2,4.4584255029743436e-07
eakf_model3,1.8e-322
sarima,0.0
