model_name,weigth
arima,1.8375372861249337e-12
eakf_model1,0.9999999999981626
eakf_model2,4.046522838030968e-26
eakf_model3,2.18742121339864e-20
