model_name,weigth
arima,1.3071971805592483e-172
eakf_model1,1.8398306278280473e-13
eakf_model2,1.6999502818785643e-11
eakf_model3,0.9999999999828165
