model_name,weigth
arima,2.728235988952768e-16
eakf_model1,0.9999999999993149
eakf_model2,1.6013399459146826e-18
eakf_model3,6.84844088095323e-13
