model_name,weigth
arima,5.851793602467084e-137
eakf_model1,0.9999999999762084
eakf_model2,1.4345540411689092e-25
eakf_model3,2.3791756015198402e-11
