model_name,weigth
arima,0.0
eakf_model1,1.4291762370074258e-17
eakf_model2,2.1832192763672e-10
eakf_model3,0.9999999997816781
