model_name,weigth
arima,9.796982994408205e-271
eakf_model1,0.9999999999351906
eakf_model2,2.1281662795338402e-13
eakf_model3,6.459662439440052e-11
