model_name,weigth
arima,2.0211681756458417e-23
eakf_model1,0.9999999999992263
eakf_model2,2.3696517621201886e-22
eakf_model3,7.73754959214592e-13
