model_name,weigth
arima,0.0
eakf_model1,0.99999999663486
eakf_model2,3.36514010422769e-09
eakf_model3,1.3323945135547196e-65
sarima,0.0
