model_name,weigth
arima,0.0
eakf_model1,2.7148208591080934e-09
eakf_model2,0.9999999972851792
eakf_model3,6.143637905419374e-73
sarima,0.0
