model_name,weigth
arima,1.9810506408920863e-128
eakf_model1,4.063072239393136e-11
eakf_model2,6.461303248802531e-15
eakf_model3,0.9999999999593631
