model_name,weigth
arima,0.0
eakf_model1,7.07748423741037e-70
eakf_model2,0.9999999999275586
eakf_model3,7.244148204533496e-11
