model_name,weigth
arima,0.0
eakf_model1,1.1595686893818303e-146
eakf_model2,0.879126508714877
eakf_model3,0.12087349128512294
sarima,5.537285682683269e-187
