model_name,weigth
arima,2.025253167610531e-127
eakf_model1,3.5097124993847497e-11
eakf_model2,1.0435360636689559e-23
eakf_model3,0.9999999999649029
sarima,1.1440946924088784e-117
