model_name,weigth
arima,8.368750941645247e-178
eakf_model1,8.27723855701071e-11
eakf_model2,6.827125798104946e-12
eakf_model3,0.9999999999104006
