model_name,weigth
arima,0.0
eakf_model1,1.4534462253366965e-08
eakf_model2,1.4898087660075431e-41
eakf_model3,0.9999999854655376
sarima,6e-323
