model_name,weigth
arima,2.40100203080222e-128
eakf_model1,2.8088985053485093e-11
eakf_model2,1.0340247067879348e-27
eakf_model3,0.9999999999719111
sarima,1.081915741770052e-112
