model_name,weigth
arima,0.0
eakf_model1,3.6162364957055805e-135
eakf_model2,0.634701940810637
eakf_model3,0.3652980591893631
