model_name,weigth
arima,2.859650414841067e-102
eakf_model1,5.916890401024829e-12
eakf_model2,4.7713600588855116e-18
eakf_model3,0.9999999999940831
