model_name,weigth
arima,0.0
eakf_model1,2.0719548400099875e-76
eakf_model2,0.9999999999060937
eakf_model3,9.390639548730367e-11
