model_name,weigth
arima,2.845799595451227e-86
eakf_model1,9.224395377297147e-12
eakf_model2,9.654104178431175e-22
eakf_model3,0.9999999999907756
sarima,2.078346850607453e-70
