model_name,weigth
arima,0.0
eakf_model1,1.6095321754248621e-96
eakf_model2,0.9999999998171045
eakf_model3,1.8289555586271842e-10
