model_name,weigth
arima,0.0
eakf_model1,4.5225016959106025e-70
eakf_model2,0.9999999999161117
eakf_model3,8.388827919350862e-11
