model_name,weigth
arima,3.619453915020235e-288
eakf_model1,9.050064370761268e-64
eakf_model2,2.0970436053870413e-10
eakf_model3,0.9999999997902959
