model_name,weigth
arima,0.0
eakf_model1,3.9548843808961345e-123
eakf_model2,0.9999999995997566
eakf_model3,4.0024344011366343e-10
