model_name,weigth
arima,1.102216049324478e-214
eakf_model1,1.940697811255268e-19
eakf_model2,1.8462090795638208e-10
eakf_model3,0.9999999998153791
sarima,1.8928666176798164e-110
