model_name,weigth
arima,2.824987919610887e-116
eakf_model1,2.2944199126050245e-11
eakf_model2,3.4719344370670634e-17
eakf_model3,0.9999999999770558
