model_name,weigth
arima,2.089668791725627e-141
eakf_model1,8.838244501336399e-11
eakf_model2,2.761780777098955e-21
eakf_model3,0.9999999999116176
sarima,3.973307990449276e-125
