model_name,weigth
arima,1.1795919818382043e-130
eakf_model1,2.127391769305227e-11
eakf_model2,1.3673718791408914e-24
eakf_model3,0.9999999999787261
