model_name,weigth
arima,8.339928548443792e-141
eakf_model1,2.0888460489375416e-11
eakf_model2,1.2489336609932806e-29
eakf_model3,0.9999999999791115
