model_name,weigth
arima,6.287097426495085e-120
eakf_model1,3.277383077269687e-11
eakf_model2,7.611175883699416e-17
eakf_model3,0.9999999999672263
