model_name,weigth
arima,4.018393988633815e-261
eakf_model1,1.9159690563389694e-57
eakf_model2,1.308053733162622e-10
eakf_model3,0.9999999998691946
