model_name,weigth
arima,2.9121324403952887e-127
eakf_model1,1.1788885329390095e-30
eakf_model2,4.814867183491877e-11
eakf_model3,0.9999999999518514
sarima,1.516132079283815e-21
