model_name,weigth
arima,4.593190612722544e-226
eakf_model1,2.4692749139023326e-48
eakf_model2,7.790854543420913e-11
eakf_model3,0.9999999999220915
