model_name,weigth
arima,3.447896251480236e-70
eakf_model1,3.0912801911592806e-18
eakf_model2,8.971235039703758e-12
eakf_model3,0.9999999999910288
