model_name,weigth
arima,4.214853078604086e-208
eakf_model1,1.4893236739439543e-45
eakf_model2,8.573311594168293e-11
eakf_model3,0.9999999999142669
