model_name,weigth
arima,0.0
eakf_model1,7.209898498861587e-08
eakf_model2,1.5280603449516065e-304
eakf_model3,0.9999999279010151
