model_name,weigth
arima,3.428153075912811e-85
eakf_model1,3.9854698145570007e-14
eakf_model2,9.688254678062097e-12
eakf_model3,0.9999999999902719
