model_name,weigth
arima,0.0
eakf_model1,2.8852116608821683e-117
eakf_model2,1.6593283409869708e-09
eakf_model3,0.9999999983406717
sarima,2.3498349255046855e-45
