model_name,weigth
arima,0.0
eakf_model1,4.074644828474914e-77
eakf_model2,3.346571936596625e-10
eakf_model3,0.9999999996653429
