model_name,weigth
arima,8.626668407678675e-194
eakf_model1,5.28409815410814e-55
eakf_model2,7.151339460176512e-11
eakf_model3,0.9999999999284866
