model_name,weigth
arima,1.7224501002431605e-93
eakf_model1,2.7879558290135886e-11
eakf_model2,2.1834054119667838e-13
eakf_model3,0.9999999999719021
sarima,7.398899505191974e-68
