model_name,weigth
arima,0.0
eakf_model1,0.999999722487832
eakf_model2,1.73e-322
eakf_model3,2.775121679198651e-07
