model_name,weigth
arima,0.0
eakf_model1,3.976925638005692e-10
eakf_model2,6.255480269159936e-39
eakf_model3,0.9999999996023073
sarima,1.4370310454205294e-221
