model_name,weigth
arima,2.933429167966971e-153
eakf_model1,1.406056716712061e-30
eakf_model2,1.0130525649280707e-10
eakf_model3,0.9999999998986948
sarima,3.463386623717077e-36
