model_name,weigth
arima,2.849800453934226e-65
eakf_model1,7.950893269362574e-12
eakf_model2,2.408238002808229e-13
eakf_model3,0.9999999999918084
