model_name,weigth
arima,0.0
eakf_model1,0.9999999384757008
eakf_model2,1.6250544168488153e-223
eakf_model3,6.15242992243527e-08
sarima,3e-323
