model_name,weigth
arima,1.5565305256721884e-147
eakf_model1,1.8456465053615356e-36
eakf_model2,3.916402223438386e-11
eakf_model3,0.9999999999608361
