model_name,weigth
arima,4.162657806889802e-90
eakf_model1,1.4209739826962177e-11
eakf_model2,2.7054537543313456e-12
eakf_model3,0.999999999983085
sarima,3.4045019702427476e-41
