model_name,weigth
arima,9.382961953365624e-81
eakf_model1,4.5244310103308606e-11
eakf_model2,0.9999999999547559
eakf_model3,2.8971737091154364e-50
