model_name,weigth
arima,2.67928844320157e-67
eakf_model1,2.797369751005634e-11
eakf_model2,0.9999999999720265
eakf_model3,4.846639468830266e-39
