model_name,weigth
arima,0.0
eakf_model1,3e-323
eakf_model2,5.782653286487368e-08
eakf_model3,0.9999999421734672
sarima,6e-323
