model_name,weigth
arima,0.0
eakf_model1,5.401210702993369e-60
eakf_model2,3.059588994182092e-10
eakf_model3,0.9999999996940411
