model_name,weigth
arima,0.0
eakf_model1,1.6317711719807103e-09
eakf_model2,0.999999998368229
eakf_model3,1.9092896358993851e-47
sarima,5.0310792316120203e-278
