model_name,weigth
arima,2.5e-323
eakf_model1,2.172670035699305e-08
eakf_model2,0.9999999782732998
eakf_model3,5.854302014104791e-67
