model_name,weigth
arima,4.862569455730127e-100
eakf_model1,1.598688259936994e-21
eakf_model2,1.6578941997453482e-11
eakf_model3,0.9999999999834212
