model_name,weigth
arima,0.0
eakf_model1,6e-323
eakf_model2,2.0275951953126463e-05
eakf_model3,0.9999797240480469
