model_name,weigth
arima,0.0
eakf_model1,1.33270436580771e-47
eakf_model2,0.9999999992518104
eakf_model3,7.481897466506666e-10
sarima,2.2891509574444194e-164
