model_name,weigth
arima,1.0126472789080849e-51
eakf_model1,2.1658316137449397e-11
eakf_model2,0.9999999999783419
eakf_model3,4.928312148907669e-41
