model_name,weigth
arima,2.979225427201965e-115
eakf_model1,7.488326232266006e-21
eakf_model2,0.9999999999715796
eakf_model3,2.842038590806291e-11
