model_name,weigth
arima,3.150837988048913e-215
eakf_model1,5.118108201257216e-10
eakf_model2,0.9999999994881892
eakf_model3,1.936229282682213e-46
sarima,2.9999120628176726e-181
