model_name,weigth
arima,3.619766944034402e-234
eakf_model1,0.9999999996690839
eakf_model2,3.3091598403086e-10
eakf_model3,3.222958385290578e-33
