model_name,weigth
arima,1.5131275745548895e-72
eakf_model1,3.482871740521148e-11
eakf_model2,0.9999999999651714
eakf_model3,5.1310428423189976e-48
