model_name,weigth
arima,5.1868860366309e-201
eakf_model1,3.859609376934724e-40
eakf_model2,0.9999999997930228
eakf_model3,2.069773080093234e-10
