model_name,weigth
arima,3e-323
eakf_model1,0.9999999989365814
eakf_model2,1.0634186117897077e-09
eakf_model3,7.864344903627155e-58
sarima,6.696289526186296e-264
