model_name,weigth
arima,0.0
eakf_model1,3e-323
eakf_model2,2.070400418276387e-07
eakf_model3,0.9999997929599581
