model_name,weigth
arima,0.0
eakf_model1,4.829328719072546e-155
eakf_model2,8.879936140665942e-10
eakf_model3,0.9999999991120065
