model_name,weigth
arima,6.815300238487305e-74
eakf_model1,3.94488928110279e-11
eakf_model2,0.9999999999605511
eakf_model3,1.634371068386537e-52
