model_name,weigth
arima,3.264599116431912e-127
eakf_model1,3.767896385154005e-32
eakf_model2,5.909462147063724e-11
eakf_model3,0.9999999999409056
sarima,3.746232436339461e-44
