model_name,weigth
arima,3.121599881625182e-63
eakf_model1,8.13552246081838e-20
eakf_model2,0.9999999999892931
eakf_model3,1.0706915434385257e-11
