model_name,weigth
arima,5.212446231886901e-124
eakf_model1,1.1813589406802854e-10
eakf_model2,0.9999999998818642
eakf_model3,1.2038686039347906e-34
sarima,8.606009510807056e-90
