model_name,weigth
arima,3.921518186234726e-48
eakf_model1,2.0671196477621776e-11
eakf_model2,0.9999999999793289
eakf_model3,2.226775423418031e-36
