model_name,weigth
arima,1.193791811837327e-68
eakf_model1,0.9999999999369423
eakf_model2,6.305781101136513e-11
eakf_model3,3.681799893647094e-17
