model_name,weigth
arima,5.111285582791801e-60
eakf_model1,1.1071864770333528e-11
eakf_model2,0.9999999999888385
eakf_model3,8.976725909172236e-14
