model_name,weigth
arima,2.110475307153592e-49
eakf_model1,2.693021086846522e-11
eakf_model2,0.9999999999730699
eakf_model3,9.793630577344834e-36
