model_name,weigth
arima,1.6846152486290495e-52
eakf_model1,2.512779517339577e-11
eakf_model2,0.9999999999748724
eakf_model3,2.056143239885807e-47
