model_name,weigth
arima,3.069026627242424e-41
eakf_model1,2.250653909101468e-11
eakf_model2,0.9999999999774934
eakf_model3,1.473112111042492e-37
