model_name,weigth
arima,7.732247578865971e-52
eakf_model1,0.9999999999788008
eakf_model2,2.1199342101453214e-11
eakf_model3,1.529600011083325e-24
sarima,6.560743502564876e-34
