model_name,weigth
arima,1.5245111975874632e-40
eakf_model1,1.810055805955739e-11
eakf_model2,0.9999999999818995
eakf_model3,9.735170221168344e-37
