model_name,weigth
arima,3.880771820355346e-65
eakf_model1,3.9030862155532056e-11
eakf_model2,0.9999999999609693
eakf_model3,2.40768355056208e-56
