model_name,weigth
arima,2.252090291298404e-111
eakf_model1,3.1493405434299423e-105
eakf_model2,3.0203019836765556e-32
eakf_model3,6.154497216488429e-11
sarima,0.9999999999384551
