model_name,weigth
arima,9.903345090066348e-137
eakf_model1,1.8967818940190216e-46
eakf_model2,0.9999999999576988
eakf_model3,4.2301206576695024e-11
