model_name,weigth
arima,2.5258379146380266e-36
eakf_model1,1.535107264364773e-11
eakf_model2,0.9999999999846491
eakf_model3,5.716725206449112e-29
