model_name,weigth
arima,1.18731300288791e-22
eakf_model1,1.924164592453809e-11
eakf_model2,0.9999999999807582
eakf_model3,7.052859000667384e-29
