model_name,weigth
arima,9.428222701477158e-57
eakf_model1,2.83990805702221e-20
eakf_model2,4.9763172624966444e-11
eakf_model3,0.9999999999502368
