model_name,weigth
arima,3.586840652469632e-77
eakf_model1,5.133492139223242e-11
eakf_model2,0.9999999999486652
eakf_model3,3.932478844122413e-62
