model_name,weigth
arima,6.696930694128089e-247
eakf_model1,0.9999999975250234
eakf_model2,2.4749765631281353e-09
eakf_model3,5.826653784230354e-38
sarima,4.260182634592334e-275
