model_name,weigth
arima,2.642595687334193e-30
eakf_model1,2.5241564216170957e-11
eakf_model2,0.9999999999747585
eakf_model3,2.201499766289792e-31
