model_name,weigth
arima,8.35833745408477e-31
eakf_model1,3.616963823867714e-11
eakf_model2,0.9999999999638304
eakf_model3,2.62001691567541e-35
