model_name,weigth
arima,3.5222947993166145e-48
eakf_model1,1.5760068447936883e-51
eakf_model2,6.938196146649346e-12
eakf_model3,0.9999999999930617
