model_name,weigth
arima,4.698776108110354e-159
eakf_model1,4.669277080939962e-79
eakf_model2,1.165126193971144e-09
eakf_model3,0.9999999988348739
sarima,7.3482625403254605e-174
