model_name,weigth
arima,1.6325691724681271e-37
eakf_model1,2.5984362228289817e-11
eakf_model2,0.9999999999740156
eakf_model3,1.712357881249046e-33
