model_name,weigth
arima,3e-323
eakf_model1,3.999105917737948e-127
eakf_model2,4.023547334774164e-09
eakf_model3,0.9999999959764527
sarima,3e-323
