model_name,weigth
arima,6e-323
eakf_model1,0.6921405357096803
eakf_model2,3.504761362801283e-08
eakf_model3,0.3078594292427061
sarima,3e-323
