model_name,weigth
arima,1.03200009760947e-182
eakf_model1,6.497477411703995e-51
eakf_model2,0.9999999984760569
eakf_model3,1.5239431414199181e-09
sarima,2.78879576797186e-186
