model_name,weigth
arima,2.1681358583252782e-125
eakf_model1,0.9999999996225538
eakf_model2,3.7744621933490516e-10
eakf_model3,6.187072712785818e-32
sarima,9.329949714723886e-156
