model_name,weigth
arima,4.487527561931031e-25
eakf_model1,2.6377322779098548e-11
eakf_model2,0.9999999999736229
eakf_model3,2.5385003985581518e-33
