model_name,weigth
arima,1.0551021819678319e-12
eakf_model1,1.561381577203661e-28
eakf_model2,6.928313102295463e-11
eakf_model3,0.9999999999296619
