model_name,weigth
arima,3.4533000055525788e-84
eakf_model1,3.5395220366974205e-10
eakf_model2,0.9999999996460478
eakf_model3,4.3075903732733714e-59
sarima,5.881767828524615e-86
