model_name,weigth
arima,1.9514753440544343e-53
eakf_model1,3.187621215049035e-11
eakf_model2,0.9999999999681238
eakf_model3,7.964975496597358e-55
