model_name,weigth
arima,8.56498355025336e-68
eakf_model1,4.051216121790281e-11
eakf_model2,0.9999999999594877
eakf_model3,2.146856622681356e-56
