model_name,weigth
arima,6.954315332454764e-72
eakf_model1,2.478820195589039e-11
eakf_model2,0.9999999999752118
eakf_model3,2.1174725426914676e-36
