model_name,weigth
arima,5.049092115573934e-72
eakf_model1,5.5417937546064935e-11
eakf_model2,0.9999999999445822
eakf_model3,2.375043475317344e-66
