model_name,weigth
arima,1.0059726816030337e-102
eakf_model1,4.491295969541432e-62
eakf_model2,2.3419102738633357e-10
eakf_model3,0.9999999997658091
