model_name,weigth
arima,6.028403356683419e-44
eakf_model1,5.078432030971162e-11
eakf_model2,0.9999999999492158
eakf_model3,7.739338202012583e-27
sarima,2.722787175742283e-40
