model_name,weigth
arima,4.2277120193749306e-11
eakf_model1,6.306893342695605e-78
eakf_model2,8.030720772030517e-18
eakf_model3,0.9999999999577229
