model_name,weigth
arima,4.843157206884895e-195
eakf_model1,2.0369602987789173e-09
eakf_model2,0.9999999979630397
eakf_model3,1.77587956434716e-111
