model_name,weigth
arima,3.1140933575683145e-79
eakf_model1,5.941003030653912e-11
eakf_model2,0.9999999999405901
eakf_model3,2.949801023702032e-79
