model_name,weigth
arima,8.32529308399611e-104
eakf_model1,1.878119336005377e-39
eakf_model2,0.9999999995230058
eakf_model3,4.769944094604428e-10
