model_name,weigth
arima,0.0
eakf_model1,1.7289853639424056e-07
eakf_model2,0.9999998271014635
eakf_model3,1.1740921632279661e-298
sarima,3e-323
