model_name,weigth
arima,1.337712542104418e-143
eakf_model1,1.3622255565697787e-10
eakf_model2,3.589345127412959e-46
eakf_model3,0.9999999998637775
