model_name,weigth
arima,8.404810219584515e-57
eakf_model1,7.980559005076124e-59
eakf_model2,0.9999999998557708
eakf_model3,1.4422905271791858e-10
