model_name,weigth
arima,3.7064755222932343e-13
eakf_model1,4.0998448562467725e-13
eakf_model2,7.287861704834926e-13
eakf_model3,0.9999999999984907
