model_name,weigth
arima,2.1865474648234756e-101
eakf_model1,5.609580245910191e-33
eakf_model2,2.514479000321359e-81
eakf_model3,0.16687491242010172
sarima,0.8331250875798982
