model_name,weigth
arima,1.560767753542431e-11
eakf_model1,1.5671363274502232e-69
eakf_model2,1.735524523299134e-11
eakf_model3,0.9999999999670371
