model_name,weigth
arima,3e-323
eakf_model1,0.9999999748209835
eakf_model2,9e-323
eakf_model3,2.5179016624746152e-08
sarima,3.7359842924358065e-53
