model_name,weigth
arima,0.0
eakf_model1,1.0156573499214641e-09
eakf_model2,9.653916814392733e-65
eakf_model3,0.9999999989843427
