model_name,weigth
arima,0.0
eakf_model1,0.999999991936617
eakf_model2,8.06338282341509e-09
eakf_model3,3.0076058154259285e-69
sarima,3e-323
