model_name,weigth
arima,0.0
eakf_model1,7.840299540936955e-10
eakf_model2,7.577456055028183e-19
eakf_model3,0.9999999992159702
