model_name,weigth
arima,1.806485546507736e-21
eakf_model1,6.501832571758494e-21
eakf_model2,1.764038384698365e-24
eakf_model3,1.1222810341296504e-11
sarima,0.9999999999887772
