model_name,weigth
arima,7.02038794115247e-14
eakf_model1,2.512898953728147e-24
eakf_model2,0.9999999999689143
eakf_model3,3.1015574526991577e-11
