model_name,weigth
arima,1.7040764653577876e-20
eakf_model1,1.007248163207885e-16
eakf_model2,4.942305511253084e-12
eakf_model3,0.9999999999950576
