model_name,weigth
arima,5.761323557976734e-70
eakf_model1,0.9999999999495471
eakf_model2,1.5167751806316815e-24
eakf_model3,5.0452752326395e-11
sarima,5.71653562179268e-26
