model_name,weigth
arima,4.7532781296120564e-11
eakf_model1,7.128144554263889e-18
eakf_model2,0.9999999999523852
eakf_model3,8.219290527775203e-14
