model_name,weigth
arima,8.809731419828973e-11
eakf_model1,3.054046183186232e-74
eakf_model2,9.294058208237431e-24
eakf_model3,0.9999999999119027
