model_name,weigth
arima,0.07623336182894783
eakf_model1,3e-323
eakf_model2,1.3819422411612124e-187
eakf_model3,0.9237666381710522
