model_name,weigth
arima,1.3652012178520914e-18
eakf_model1,3.7750137953940485e-59
eakf_model2,3.033283590345768e-14
eakf_model3,1.7645939819242406e-11
sarima,0.9999999999823238
