model_name,weigth
arima,9.669303199328424e-56
eakf_model1,1.7650515996926377e-20
eakf_model2,2.2836165141179405e-11
eakf_model3,0.9999999999771638
sarima,1.120719280007833e-45
