model_name,weigth
arima,6.647805087350202e-45
eakf_model1,9.652259634979047e-12
eakf_model2,0.9999999999883128
eakf_model3,2.034999518542668e-12
