model_name,weigth
arima,6.619901598225029e-82
eakf_model1,1.89703563913359e-11
eakf_model2,2.227590856889334e-13
eakf_model3,0.9999999999808069
