model_name,weigth
arima,0.0
eakf_model1,3.6207134908550305e-18
eakf_model2,2.098108959018964e-09
eakf_model3,0.9999999979018911
sarima,3e-323
