model_name,weigth
arima,6.093110640981135e-88
eakf_model1,1.2457949109801743e-09
eakf_model2,0.9999999987542051
eakf_model3,4.4775058333026134e-67
