model_name,weigth
arima,0.0
eakf_model1,2.787663256509406e-10
eakf_model2,0.9999999991078546
eakf_model3,6.133790614650965e-10
sarima,3e-323
