model_name,weigth
arima,6.885442060832299e-07
eakf_model1,1.04e-322
eakf_model2,0.999999311455794
eakf_model3,1.14e-322
