model_name,weigth
arima,6.469579839910586e-83
eakf_model1,8.692629842283644e-22
eakf_model2,0.9999999999536026
eakf_model3,4.639753976193532e-11
