model_name,weigth
arima,0.0
eakf_model1,2.8505626292537094e-09
eakf_model2,0.3131148145578113
eakf_model3,0.6868851825916261
