model_name,weigth
arima,2.110715245049213e-98
eakf_model1,1.785976657087815e-11
eakf_model2,1.8694062714137084e-11
eakf_model3,0.9999999999634461
sarima,2.312615782377143e-75
