model_name,weigth
arima,5.815295830888726e-46
eakf_model1,4.13455389909647e-11
eakf_model2,0.9999999999586526
eakf_model3,1.747199927325225e-15
