model_name,weigth
arima,1.170058949763931e-75
eakf_model1,1.478520156882874e-14
eakf_model2,1.7103302872926593e-11
eakf_model3,0.999999999982882
