model_name,weigth
arima,6.310211079165808e-34
eakf_model1,2.153961133302115e-13
eakf_model2,6.301604645530874e-22
eakf_model3,4.874455302037471e-13
sarima,0.9999999999992972
