model_name,weigth
arima,1.0264295073056229e-70
eakf_model1,1.1266466776142542e-22
eakf_model2,8.242140993004804e-12
eakf_model3,0.9999999999917578
