model_name,weigth
arima,2.1592565166142733e-116
eakf_model1,0.999999999925251
eakf_model2,4.71805324862329e-103
eakf_model3,7.474903446360229e-11
