model_name,weigth
arima,6.36406187625346e-127
eakf_model1,0.9999999999415848
eakf_model2,1.740891756211223e-132
eakf_model3,5.84150992457669e-11
