model_name,weigth
arima,4.1477463473449164e-244
eakf_model1,1.1542795937570355e-10
eakf_model2,0.4557506755312948
eakf_model3,0.5442493243532773
