model_name,weigth
arima,2.5635789501232253e-46
eakf_model1,6.200016235113285e-12
eakf_model2,0.9999999999937998
eakf_model3,2.75613165736105e-18
sarima,5.5822136092665165e-67
