model_name,weigth
arima,0.0
eakf_model1,1.269098610929907e-09
eakf_model2,2.1049373546909018e-33
eakf_model3,0.9999999987309014
sarima,3.0615700096475814e-142
