model_name,weigth
arima,5.104544200951605e-67
eakf_model1,1.2503747876832754e-11
eakf_model2,0.9999999999874962
eakf_model3,1.0722857572865632e-20
