model_name,weigth
arima,3.764798900697223e-44
eakf_model1,1.9821795388521112e-12
eakf_model2,0.9999999999980178
eakf_model3,1.543160624535905e-18
