model_name,weigth
arima,0.0
eakf_model1,0.9415882927853283
eakf_model2,8.185053355060343e-146
eakf_model3,2.8313670022432437e-09
sarima,0.05841170438330463
