model_name,weigth
arima,1.0697938164334634e-52
eakf_model1,0.9999999999895183
eakf_model2,6.1575034331752464e-24
eakf_model3,1.0481609797205646e-11
