model_name,weigth
arima,6.518306119599717e-22
eakf_model1,1.7920854982994688e-12
eakf_model2,0.9999999999982079
eakf_model3,9.48827292964804e-21
sarima,2.157592949768729e-34
