model_name,weigth
arima,6.630127760047862e-104
eakf_model1,0.9999999999898135
eakf_model2,5.053533483397676e-32
eakf_model3,1.0186593601258435e-11
