model_name,weigth
arima,0.0
eakf_model1,0.9999999999860062
eakf_model2,3.2112833426050586e-51
eakf_model3,1.3993826013701206e-11
