model_name,weigth
arima,0.0
eakf_model1,1.1902684641111094e-10
eakf_model2,7.083941332473763e-173
eakf_model3,0.9999999998809732
