model_name,weigth
arima,1.4093660372238594e-168
eakf_model1,0.9999999999881619
eakf_model2,1.1818367050025163e-11
eakf_model3,1.970665906242428e-14
sarima,3.8384870225000147e-209
