model_name,weigth
arima,0.0
eakf_model1,1.1652873653100152e-20
eakf_model2,0.9999999988888808
eakf_model3,1.1111192315411443e-09
