model_name,weigth
arima,0.0
eakf_model1,0.9999999998165111
eakf_model2,8.002095175287862e-235
eakf_model3,1.8348878360872028e-10
