model_name,weigth
arima,9.195527186687025e-21
eakf_model1,2.8154344799910495e-12
eakf_model2,0.9999999999971846
eakf_model3,5.7090320755435e-21
sarima,3.1096468024988507e-28
