model_name,weigth
arima,1.40891520808261e-47
eakf_model1,8.021462796529787e-15
eakf_model2,1.2392462166814126e-11
eakf_model3,0.9999999999875996
