model_name,weigth
arima,4.843853435941868e-65
eakf_model1,1.4591711018661983e-11
eakf_model2,0.9999999999854083
eakf_model3,7.197231903801052e-27
