model_name,weigth
arima,1.0462260589850131e-40
eakf_model1,6.389623228608998e-29
eakf_model2,1.700748105925739e-11
eakf_model3,0.9999999999829925
