model_name,weigth
arima,5.545623876836213e-199
eakf_model1,0.9999999999892227
eakf_model2,1.3124997185579912e-31
eakf_model3,1.0777252058173652e-11
