model_name,weigth
arima,0.0
eakf_model1,0.9999998181965968
eakf_model2,1.8180340310889406e-07
eakf_model3,2.6847651602596643e-72
