model_name,weigth
arima,6.93133652380385e-56
eakf_model1,2.4732305506375753e-48
eakf_model2,8.164456278848533e-11
eakf_model3,0.9999999999183553
