model_name,weigth
arima,0.0
eakf_model1,5.256319608481174e-10
eakf_model2,0.999999999474368
eakf_model3,9.388171933950671e-49
sarima,0.0
