model_name,weigth
arima,1.2083981830953463e-23
eakf_model1,1.3797636019731552e-12
eakf_model2,0.9999999999986202
eakf_model3,6.349013168020738e-22
