model_name,weigth
arima,0.0
eakf_model1,0.9999999990432209
eakf_model2,2.8610558701019573e-89
eakf_model3,9.567791387026087e-10
sarima,0.0
