model_name,weigth
arima,5.130886917733037e-57
eakf_model1,0.9999999999969829
eakf_model2,3.0171385702360267e-12
eakf_model3,1.0175237268241255e-19
