model_name,weigth
arima,1.434803161847212e-144
eakf_model1,2.993895362630672e-11
eakf_model2,3.1908018058304965e-26
eakf_model3,0.9999999999700611
sarima,0.0
