model_name,weigth
arima,0.0
eakf_model1,3.972600246326507e-20
eakf_model2,0.9999999996739356
eakf_model3,3.2606430605658e-10
