model_name,weigth
arima,7.084151742253207e-55
eakf_model1,0.9999999999969227
eakf_model2,3.0772654660727838e-12
eakf_model3,1.797922823115911e-20
