model_name,weigth
arima,0.0
eakf_model1,1.7054253099258758e-08
eakf_model2,6.4e-323
eakf_model3,0.9999999829457469
sarima,0.0
