model_name,weigth
arima,0.0
eakf_model1,2.6569327276452285e-11
eakf_model2,0.9999999999734308
eakf_model3,7.507600820413925e-20
