model_name,weigth
arima,2.5118539116074575e-31
eakf_model1,0.9999999999957745
eakf_model2,2.223698587892114e-14
eakf_model3,4.203215560137701e-12
