model_name,weigth
arima,4.4147556551974005e-30
eakf_model1,0.9999999999988028
eakf_model2,1.0096790721789745e-12
eakf_model3,1.8751769890120264e-13
