model_name,weigth
arima,3.419940953973888e-48
eakf_model1,0.9999999999982429
eakf_model2,1.757177883034e-12
eakf_model3,1.2675274527538968e-17
