model_name,weigth
arima,0.0
eakf_model1,0.999999999971575
eakf_model2,2.8424861097948387e-11
eakf_model3,1.9150687268053065e-16
