model_name,weigth
arima,8.901833881918183e-34
eakf_model1,0.9999999999982536
eakf_model2,1.590019272640562e-12
eakf_model3,1.564810564288088e-13
