model_name,weigth
arima,3.027099101648279e-158
eakf_model1,4.257801924063172e-11
eakf_model2,2.0241366417306327e-18
eakf_model3,0.9999999999574221
sarima,7.391534709921164e-82
