model_name,weigth
arima,0.0
eakf_model1,0.9999995349003564
eakf_model2,3.466789085095571e-177
eakf_model3,4.650996434824987e-07
