model_name,weigth
arima,3.596904644392426e-64
eakf_model1,0.9999999999957319
eakf_model2,4.242877218574835e-12
eakf_model3,2.5205243455337443e-14
