model_name,weigth
arima,3.744955702858499e-43
eakf_model1,0.9999999999885372
eakf_model2,3.657530709800397e-21
eakf_model3,1.1462834959768649e-11
