model_name,weigth
arima,2.346234439894299e-61
eakf_model1,0.9999999999883008
eakf_model2,2.9017187439093545e-25
eakf_model3,1.1699119553788453e-11
