model_name,weigth
arima,2e-323
eakf_model1,0.9999999958318645
eakf_model2,5.058515612265915e-241
eakf_model3,4.16813547344687e-09
sarima,2e-323
