model_name,weigth
arima,4.229296696653398e-105
eakf_model1,2.545689894150362e-11
eakf_model2,4.976759010065382e-19
eakf_model3,0.999999999974543
