model_name,weigth
arima,0.0
eakf_model1,4.1888711364159594e-10
eakf_model2,1.5026731300046437e-18
eakf_model3,0.9999999995811129
sarima,0.0
