model_name,weigth
arima,0.0
eakf_model1,0.9999780745163775
eakf_model2,8e-323
eakf_model3,2.1925483622302637e-05
