model_name,weigth
arima,0.0
eakf_model1,5.0762903748503215e-11
eakf_model2,5.363724919014097e-43
eakf_model3,0.999999999949237
