model_name,weigth
arima,3.77070444504015e-95
eakf_model1,0.9999999999940322
eakf_model2,1.6902280874480995e-20
eakf_model3,5.96781199455797e-12
