model_name,weigth
arima,5.148613989736658e-212
eakf_model1,0.9999999999392347
eakf_model2,5.078089608952686e-32
eakf_model3,6.076522567009795e-11
