model_name,weigth
arima,0.0
eakf_model1,7.333207613031166e-11
eakf_model2,7.4234766567429136e-09
eakf_model3,0.9999999925031913
