model_name,weigth
arima,0.0
eakf_model1,0.9999999999163631
eakf_model2,1.6127798975311193e-15
eakf_model3,8.363529887641167e-11
