model_name,weigth
arima,4.936067355747788e-16
eakf_model1,0.999999999993467
eakf_model2,8.97022304515757e-18
eakf_model3,6.532468054089465e-12
