model_name,weigth
arima,1.1834829882955665e-108
eakf_model1,0.999999999988494
eakf_model2,2.06351450173479e-22
eakf_model3,1.1506011524589348e-11
