model_name,weigth
arima,0.0
eakf_model1,0.9999999986407562
eakf_model2,1.3592437542136453e-09
eakf_model3,1.5597510619942978e-38
