model_name,weigth
arima,0.0
eakf_model1,3.37502510090749e-10
eakf_model2,2.785711395083251e-105
eakf_model3,0.9999999996624975
sarima,0.0
