model_name,weigth
arima,0.0
eakf_model1,0.9999999995182897
eakf_model2,9.344180109928878e-16
eakf_model3,4.817094461920915e-10
sarima,0.0
