model_name,weigth
arima,0.0
eakf_model1,0.99999999938962
eakf_model2,1.5892551510089183e-10
eakf_model3,4.514544297961161e-10
