model_name,weigth
arima,1.4698765013878181e-223
eakf_model1,1.665007347809123e-10
eakf_model2,1.4152016332127482e-81
eakf_model3,0.9999999998334992
sarima,1.4698765013878181e-223
