model_name,weigth
arima,0.0
eakf_model1,0.6060754547386124
eakf_model2,8e-323
eakf_model3,0.39392454526138765
sarima,0.0
