model_name,weigth
arima,0.0
eakf_model1,0.9999999994317554
eakf_model2,5.682445476394467e-10
eakf_model3,4.389139061357941e-25
sarima,0.0
