model_name,weigth
arima,4.514439331223967e-145
eakf_model1,0.9999999999928678
eakf_model2,1.0026126185257315e-21
eakf_model3,7.132215739825621e-12
