model_name,weigth
arima,7.254679058971685e-138
eakf_model1,3.210216311090978e-11
eakf_model2,1.7610155199619474e-34
eakf_model3,0.9999999999678978
