model_name,weigth
arima,6.297234304111386e-258
eakf_model1,1.1147656985603341e-10
eakf_model2,1.335155473142295e-78
eakf_model3,0.9999999998885235
