model_name,weigth
arima,0.0
eakf_model1,6.440852545923437e-10
eakf_model2,4.559052578980181e-104
eakf_model3,0.9999999993559147
