model_name,weigth
arima,0.0
eakf_model1,9.008456175461739e-09
eakf_model2,3.5e-323
eakf_model3,0.9999999909915438
