model_name,weigth
arima,2e-323
eakf_model1,5.386687946770195e-10
eakf_model2,9.924650320003838e-105
eakf_model3,0.9999999994613312
sarima,0.0
