model_name,weigth
arima,1.689e-320
eakf_model1,1.7386601223114375e-10
eakf_model2,2.318272554882199e-82
eakf_model3,0.999999999826134
sarima,0.0
