model_name,weigth
arima,7.987556977676774e-294
eakf_model1,2.922189407150658e-11
eakf_model2,9.038947187667326e-36
eakf_model3,0.9999999999707782
