model_name,weigth
arima,1.0325210741617035e-282
eakf_model1,7.316363379929283e-11
eakf_model2,1.438274877434715e-12
eakf_model3,0.9999999999253981
sarima,1.405680745599382e-239
