model_name,weigth
arima,0.0
eakf_model1,7.4e-323
eakf_model2,3.598430956238572e-08
eakf_model3,0.9999999640156904
