model_name,weigth
arima,5.970156990192339e-274
eakf_model1,1.357926220392152e-10
eakf_model2,2.9516082827484878e-24
eakf_model3,0.9999999998642074
