model_name,weigth
arima,0.0
eakf_model1,7.110563433711813e-11
eakf_model2,1.0041872101134991e-12
eakf_model3,0.9999999999278901
sarima,0.0
