model_name,weigth
arima,0.0
eakf_model1,3.3226021857942976e-11
eakf_model2,1.3217739529959304e-49
eakf_model3,0.999999999966774
