model_name,weigth
arima,2.709928580239222e-225
eakf_model1,1.353270113100293e-11
eakf_model2,1.0843473766120785e-33
eakf_model3,0.9999999999864673
