model_name,weigth
arima,2.0381657606392322e-190
eakf_model1,2.406494130198555e-12
eakf_model2,6.999961073599934e-12
eakf_model3,0.9999999999905935
