model_name,weigth
arima,0.0
eakf_model1,3.372888939766742e-28
eakf_model2,3.1383400952296925e-11
eakf_model3,0.9999999999686165
