model_name,weigth
arima,0.0
eakf_model1,0.9999999996972089
eakf_model2,2.150122477503816e-79
eakf_model3,3.027911385689198e-10
sarima,0.0
