model_name,weigth
arima,3.3104502622038187e-301
eakf_model1,2.773762117774606e-11
eakf_model2,1.9422226726323054e-45
eakf_model3,0.9999999999722624
