model_name,weigth
arima,2.4814111878240633e-227
eakf_model1,4.561888979699181e-11
eakf_model2,3.3247231195724862e-15
eakf_model3,0.9999999999543778
