model_name,weigth
arima,1.2558075675585344e-273
eakf_model1,1.3773211897745358e-10
eakf_model2,2.638267507689732e-21
eakf_model3,0.9999999998622677
sarima,7.838593264275754e-220
