model_name,weigth
arima,0.0
eakf_model1,0.999999999623929
eakf_model2,7.543180516784836e-110
eakf_model3,3.760708589621687e-10
