model_name,weigth
arima,4.0014969328403803e-283
eakf_model1,2.590856471052272e-11
eakf_model2,6.595322430239375e-45
eakf_model3,0.9999999999740914
