model_name,weigth
arima,0.0
eakf_model1,0.999999999900945
eakf_model2,8.900213490107581e-20
eakf_model3,9.90550245285038e-11
