model_name,weigth
arima,0.0
eakf_model1,0.9999999819895177
eakf_model2,2.5967720155428957e-177
eakf_model3,1.801048227775416e-08
sarima,0.0
