model_name,weigth
arima,0.0
eakf_model1,0.9999999996924174
eakf_model2,3.0758252279182865e-10
eakf_model3,2.2868267708839393e-24
sarima,0.0
