model_name,weigth
arima,0.0
eakf_model1,1.6677016835151698e-08
eakf_model2,0.9999999833229831
eakf_model3,1.3440602776500018e-277
sarima,0.0
