model_name,weigth
arima,3.5509966408832504e-163
eakf_model1,7.800967674775572e-11
eakf_model2,4.340866822312313e-79
eakf_model3,0.9999999999219904
