model_name,weigth
arima,0.0
eakf_model1,1.0414979658927938e-10
eakf_model2,5.752193628457435e-19
eakf_model3,0.9999999998958502
