model_name,weigth
arima,0.0
eakf_model1,0.9999999999446365
eakf_model2,5.12254183693045e-21
eakf_model3,5.536345471225616e-11
