model_name,weigth
arima,0.0
eakf_model1,0.9999999999498845
eakf_model2,5.005833295065102e-11
eakf_model3,5.712021755166264e-14
sarima,0.0
