model_name,weigth
arima,0.0
eakf_model1,0.9999999999637648
eakf_model2,1.3354020967096464e-21
eakf_model3,3.6235212741911104e-11
