model_name,weigth
arima,7.698970729109382e-153
eakf_model1,0.9999999999964234
eakf_model2,3.576575905603637e-12
eakf_model3,6.754275185657894e-23
