model_name,weigth
arima,0.0
eakf_model1,1.8486650663404103e-11
eakf_model2,0.9999999999815132
eakf_model3,1.5120780076942024e-16
