model_name,weigth
arima,0.0
eakf_model1,0.9999999998880564
eakf_model2,1.1194349905960605e-10
eakf_model3,5.758419558640424e-51
