model_name,weigth
arima,4.723340729931817e-175
eakf_model1,0.9999999999958098
eakf_model2,4.190199416798382e-12
eakf_model3,9.019302599650223e-28
