model_name,weigth
arima,0.0
eakf_model1,0.9999999998118418
eakf_model2,3.08596916223325e-19
eakf_model3,1.8815808121952016e-10
