model_name,weigth
arima,2.0473529401133344e-290
eakf_model1,0.9999999999869968
eakf_model2,1.3003102217685394e-11
eakf_model3,2.1301934880211652e-17
