model_name,weigth
arima,6.81668154978277e-82
eakf_model1,3.24046124988569e-34
eakf_model2,2.137890774023893e-12
eakf_model3,0.999999999997862
