model_name,weigth
arima,0.0
eakf_model1,0.9999999994120059
eakf_model2,5.879940988519491e-10
eakf_model3,9.682291599186157e-37
sarima,0.0
