model_name,weigth
arima,1.212514841324296e-86
eakf_model1,2.505151250943688e-29
eakf_model2,4.164920634161854e-12
eakf_model3,0.9999999999958351
