model_name,weigth
arima,5.531302511886535e-218
eakf_model1,2.0681719672239474e-10
eakf_model2,1.3019585372031174e-63
eakf_model3,0.9999999997931828
sarima,7.255295406907568e-97
