model_name,weigth
arima,0.0
eakf_model1,0.9999999992984095
eakf_model2,9.681215239877949e-84
eakf_model3,7.015904294530213e-10
sarima,7.40193250796e-313
