model_name,weigth
arima,2.043235010262433e-66
eakf_model1,5.695716102449384e-11
eakf_model2,7.10483676893217e-47
eakf_model3,0.9999999999430428
sarima,1.8573741364190295e-55
