model_name,weigth
arima,1.4125401350724812e-19
eakf_model1,0.9999999999993318
eakf_model2,6.197402943212834e-25
eakf_model3,6.682542635630724e-13
