model_name,weigth
arima,4.12503083663529e-301
eakf_model1,0.9999999998726766
eakf_model2,2.0687356911203486e-26
eakf_model3,1.2732332131266993e-10
sarima,3.601508041776358e-200
