model_name,weigth
arima,0.0
eakf_model1,1.868314590708977e-07
eakf_model2,6.698063431381274e-79
eakf_model3,0.9999998131685408
