model_name,weigth
arima,6.256383026099243e-25
eakf_model1,0.9999999999985842
eakf_model2,1.975312616972389e-26
eakf_model3,1.415729913802815e-12
