model_name,weigth
arima,3.8570922328131975e-153
eakf_model1,0.9999999999489275
eakf_model2,1.110194972174979e-16
eakf_model3,5.1072369949161967e-11
sarima,5.888267699315654e-89
