model_name,weigth
arima,0.0
eakf_model1,3.550381075562473e-10
eakf_model2,2.8721528310241455e-64
eakf_model3,0.999999999644962
