model_name,weigth
arima,4.384613427364538e-131
eakf_model1,1.1103833353446552e-11
eakf_model2,2.1197613199134554e-24
eakf_model3,0.9999999999888961
