model_name,weigth
arima,9.506452588229385e-61
eakf_model1,2.4311572620030357e-11
eakf_model2,2.8817634226581966e-27
eakf_model3,0.9999999999756884
