model_name,weigth
arima,1.432386924025754e-19
eakf_model1,0.9999999999994282
eakf_model2,1.7312459817038557e-22
eakf_model3,5.717335271979187e-13
