model_name,weigth
arima,3.0337801044418234e-152
eakf_model1,0.8111093239714904
eakf_model2,2.0029739982906203e-52
eakf_model3,0.18889067602850956
