model_name,weigth
arima,2.5171105763555574e-77
eakf_model1,9.063337294628277e-12
eakf_model2,8.895038373120443e-20
eakf_model3,0.9999999999909368
