model_name,weigth
arima,2.198518318550462e-181
eakf_model1,2.008800758829802e-10
eakf_model2,3.7692565200015835e-71
eakf_model3,0.99999999979912
