model_name,weigth
arima,8.477663450295283e-247
eakf_model1,0.9999999998041166
eakf_model2,9.052126455110445e-66
eakf_model3,1.9588333948781278e-10
