model_name,weigth
arima,8.056940715458835e-18
eakf_model1,0.9999999999994554
eakf_model2,5.2022103224640605e-21
eakf_model3,5.446197096961633e-13
