model_name,weigth
arima,2.59340343164844e-157
eakf_model1,1.2644850266117557e-11
eakf_model2,3.112700742219553e-22
eakf_model3,0.9999999999873552
