model_name,weigth
arima,9.991590757635124e-22
eakf_model1,0.9999999999991187
eakf_model2,2.5117300231455734e-26
eakf_model3,8.813598685096333e-13
