model_name,weigth
arima,1.3342622934490277e-178
eakf_model1,0.9999999999219371
eakf_model2,7.213130798266955e-14
eakf_model3,7.799067796887908e-11
