model_name,weigth
arima,0.0
eakf_model1,0.2715075205954671
eakf_model2,4.800738318035184e-155
eakf_model3,0.7284924794045329
