model_name,weigth
arima,2.3768839092706083e-240
eakf_model1,0.9999999999553864
eakf_model2,2.37090226781072e-20
eakf_model3,4.461362153599464e-11
