model_name,weigth
arima,5.4865496e-315
eakf_model1,3.5987925357105484e-11
eakf_model2,1.9036644004044103e-24
eakf_model3,0.9999999999640121
