model_name,weigth
arima,7.430873544271698e-30
eakf_model1,0.9999999999974023
eakf_model2,4.5125105856461713e-35
eakf_model3,2.597707152756704e-12
