model_name,weigth
arima,1.0888576035067658e-140
eakf_model1,0.9999999999768328
eakf_model2,4.976414289728018e-13
eakf_model3,2.2669580409493078e-11
