model_name,weigth
arima,1.128096439737677e-122
eakf_model1,1.610356981778621e-11
eakf_model2,1.3056253060197615e-25
eakf_model3,0.9999999999838964
