model_name,weigth
arima,0.0
eakf_model1,1.5262380497471227e-09
eakf_model2,6.982579444647135e-86
eakf_model3,0.999999998473762
sarima,0.0
