model_name,weigth
arima,0.0
eakf_model1,9.711817062237262e-56
eakf_model2,1.1062151541463199e-10
eakf_model3,0.9999999998893785
