model_name,weigth
arima,3.437090747099076e-129
eakf_model1,9.257929672832176e-12
eakf_model2,5.355284404045774e-25
eakf_model3,0.9999999999907421
