model_name,weigth
arima,0.0
eakf_model1,8.224299758107564e-121
eakf_model2,0.9999999997831859
eakf_model3,2.1681409490273058e-10
