model_name,weigth
arima,0.0
eakf_model1,3.637322554638828e-19
eakf_model2,2.0122658013309336e-10
eakf_model3,0.9999999997987734
