model_name,weigth
arima,0.0
eakf_model1,1.491137041457714e-55
eakf_model2,7.368898046901622e-10
eakf_model3,0.9999999992631102
