model_name,weigth
arima,2.2810984522066556e-134
eakf_model1,2.2109139999825797e-11
eakf_model2,2.175595019958038e-13
eakf_model3,0.9999999999776733
sarima,4.293096534482888e-96
