model_name,weigth
arima,1.167100822635897e-14
eakf_model1,0.9999999999993276
eakf_model2,8.862592565720504e-27
eakf_model3,6.606920971283696e-13
