model_name,weigth
arima,8.090699045077029e-221
eakf_model1,0.9999999999280701
eakf_model2,7.1929510105735e-11
eakf_model3,3.364068835199984e-16
