model_name,weigth
arima,1.8361245576601067e-47
eakf_model1,1.3985053335905299e-13
eakf_model2,3.687502559693523e-12
eakf_model3,0.9999999999961727
