model_name,weigth
arima,0.0
eakf_model1,9.610611269501856e-191
eakf_model2,0.9999999996368027
eakf_model3,3.631971833251992e-10
