model_name,weigth
arima,5.21868591930864e-152
eakf_model1,1.5080513814963707e-10
eakf_model2,3.643098199071308e-30
eakf_model3,0.9999999998491949
sarima,3.541721499702824e-142
