model_name,weigth
arima,0.0
eakf_model1,0.9999999924836982
eakf_model2,3.052983134935668e-66
eakf_model3,7.516301613863373e-09
