model_name,weigth
arima,0.0
eakf_model1,1.698916299351966e-185
eakf_model2,0.9999999994173292
eakf_model3,5.826707009965693e-10
