model_name,weigth
arima,1.3282202367659429e-101
eakf_model1,1.6015829763631204e-18
eakf_model2,0.9999999999807951
eakf_model3,1.9204888665620413e-11
sarima,9.731829515291245e-35
