model_name,weigth
arima,3.8782038568129505e-155
eakf_model1,1.599728835981716e-13
eakf_model2,1.569998129758384e-11
eakf_model3,0.9999999999841401
