model_name,weigth
arima,1.7692890508167202e-90
eakf_model1,2.3586125328570315e-20
eakf_model2,0.9999999999927697
eakf_model3,7.23022686034772e-12
