model_name,weigth
arima,6.053907517434468e-226
eakf_model1,2.1515469017579166e-10
eakf_model2,0.9999999997848447
eakf_model3,5.703182982939246e-16
sarima,2.6474466350700384e-108
