model_name,weigth
arima,0.0
eakf_model1,1.7970113577263967e-139
eakf_model2,0.9999999995410147
eakf_model3,4.5898518001192186e-10
