model_name,weigth
arima,1.4790639155824264e-116
eakf_model1,7.252725795074733e-12
eakf_model2,1.1246712958411142e-15
eakf_model3,0.9999999999927461
