model_name,weigth
arima,0.0
eakf_model1,1.8547041759912616e-174
eakf_model2,0.9999999995225637
eakf_model3,4.77436312163334e-10
