model_name,weigth
arima,5.527962266436269e-124
eakf_model1,3.005518580085131e-11
eakf_model2,0.9999999999699443
eakf_model3,6.020319103742532e-16
