model_name,weigth
arima,5.378990443269361e-182
eakf_model1,1.1427538607537209e-51
eakf_model2,2.7912888609713786e-11
eakf_model3,0.9999999999720872
