model_name,weigth
arima,3.639435858719827e-96
eakf_model1,1.397753202977219e-28
eakf_model2,4.8078756685413575e-12
eakf_model3,0.9999999999951922
