model_name,weigth
arima,1.0180038232535679e-81
eakf_model1,3.4704282185765113e-46
eakf_model2,6.484318332201973e-12
eakf_model3,0.9999999999935157
