model_name,weigth
arima,9.481080934416744e-205
eakf_model1,9.434674712513082e-43
eakf_model2,4.509079426959562e-11
eakf_model3,0.9999999999549092
