model_name,weigth
arima,1.1833012736180755e-210
eakf_model1,3.577004143913624e-44
eakf_model2,3.393822067205637e-11
eakf_model3,0.9999999999660616
