model_name,weigth
arima,6.596534726507133e-66
eakf_model1,5.0837876684544366e-12
eakf_model2,1.1209655187623262e-12
eakf_model3,0.9999999999937953
