model_name,weigth
arima,0.0
eakf_model1,2.333026911707116e-72
eakf_model2,3.706175058717539e-09
eakf_model3,0.9999999962938249
