model_name,weigth
arima,5.249272195677105e-215
eakf_model1,3.751924756865125e-58
eakf_model2,4.2744229070520783e-11
eakf_model3,0.9999999999572557
