model_name,weigth
arima,7.252174841531201e-128
eakf_model1,4.4912021024912076e-11
eakf_model2,7.980089927756064e-16
eakf_model3,0.9999999999550873
