model_name,weigth
arima,2.2450497379274965e-90
eakf_model1,6.555515573450718e-39
eakf_model2,6.66687686916443e-12
eakf_model3,0.999999999993333
