model_name,weigth
arima,4.604354347683159e-120
eakf_model1,4.393842392819433e-45
eakf_model2,2.6341081448530997e-11
eakf_model3,0.999999999973659
