model_name,weigth
arima,1.4642973474633147e-157
eakf_model1,6.681096297077507e-49
eakf_model2,1.551697465683273e-11
eakf_model3,0.999999999984483
