model_name,weigth
arima,2.0887835019210226e-82
eakf_model1,4.579131966863282e-15
eakf_model2,1.6572873667265538e-11
eakf_model3,0.9999999999834226
sarima,3.7585011231867224e-46
