model_name,weigth
arima,4.6545660674939365e-98
eakf_model1,0.9999999999512585
eakf_model2,7.726661478660015e-15
eakf_model3,4.873371678272406e-11
sarima,3.3641242163047193e-80
