model_name,weigth
arima,0.0
eakf_model1,0.8164708521402301
eakf_model2,8e-323
eakf_model3,0.18352914785976987
