model_name,weigth
arima,7.648475613697851e-92
eakf_model1,2.2969041781396605e-30
eakf_model2,6.14217091145573e-12
eakf_model3,0.9999999999938579
