model_name,weigth
arima,1.0728210862065365e-84
eakf_model1,1.9832540663105872e-12
eakf_model2,3.07922360789682e-13
eakf_model3,0.9999999999977089
