model_name,weigth
arima,0.0
eakf_model1,1.33e-322
eakf_model2,0.9999997190776178
eakf_model3,2.809223821876331e-07
sarima,4e-323
