model_name,weigth
arima,4.089169747926837e-49
eakf_model1,1.4997232174549012e-31
eakf_model2,2.290810662717846e-12
eakf_model3,0.9999999999977092
