model_name,weigth
arima,2.9024035087830663e-53
eakf_model1,1.1355528228327017e-35
eakf_model2,3.1859672512144312e-12
eakf_model3,0.999999999996814
