model_name,weigth
arima,1.760223396043966e-76
eakf_model1,4.2541478089684647e-16
eakf_model2,1.969774033664631e-12
eakf_model3,0.9999999999980299
