model_name,weigth
arima,1.9371670646044535e-120
eakf_model1,0.9999999999643094
eakf_model2,1.9965529414855493e-11
eakf_model3,1.572512495111497e-11
