model_name,weigth
arima,1.3903099482747168e-106
eakf_model1,5.772764895083258e-18
eakf_model2,3.1769626510529623e-12
eakf_model3,0.9999999999968231
