model_name,weigth
arima,0.0
eakf_model1,1.4482479174246568e-203
eakf_model2,0.9999999996698423
eakf_model3,3.3015767992099663e-10
sarima,6.8139615294655534e-71
