model_name,weigth
arima,1.4509768741226466e-208
eakf_model1,9.899232503887298e-103
eakf_model2,0.9999999994772895
eakf_model3,5.227104884362627e-10
sarima,2.3986864392718714e-47
