model_name,weigth
arima,1.7145831981886005e-55
eakf_model1,0.9999999999616602
eakf_model2,3.8131987805163926e-11
eakf_model3,2.0776302748920257e-13
sarima,1.4531632830840448e-63
