model_name,weigth
arima,0.0
eakf_model1,4e-323
eakf_model2,1.2662379980870446e-08
eakf_model3,0.9999999873376201
