model_name,weigth
arima,0.0
eakf_model1,4e-323
eakf_model2,3.0390428949846944e-06
eakf_model3,0.9999969609571049
sarima,1e-322
