model_name,weigth
arima,7.979749585593196e-78
eakf_model1,1.5487074801726127e-26
eakf_model2,4.937890663334691e-12
eakf_model3,0.9999999999950622
