model_name,weigth
arima,1.219497803854016e-31
eakf_model1,0.9999999999947575
eakf_model2,5.242534873484883e-12
eakf_model3,6.162212700928637e-19
sarima,9.639365594732425e-32
