model_name,weigth
arima,1.9377834798133522e-109
eakf_model1,0.9999999998698047
eakf_model2,1.3019533929796762e-10
eakf_model3,5.5294685678547916e-27
sarima,1.2366890231022793e-104
