model_name,weigth
arima,3.0149008400707993e-47
eakf_model1,0.999999999973121
eakf_model2,1.0343497774985295e-12
eakf_model3,1.7857207923670714e-11
sarima,7.987499345607384e-12
