model_name,weigth
arima,3.4517703980154013e-19
eakf_model1,0.9999999999987748
eakf_model2,1.9186897868054474e-13
eakf_model3,1.03291511579181e-12
sarima,4.890747235607475e-16
