model_name,weigth
arima,2e-323
eakf_model1,2e-323
eakf_model2,1.0681555557430697e-143
eakf_model3,1.4738710016058968e-09
sarima,0.999999998526129
