model_name,weigth
arima,5.729493629284332e-23
eakf_model1,1.8181631347932745e-14
eakf_model2,1.1089581165354332e-12
eakf_model3,0.9999999999988729
