model_name,weigth
arima,8.303921277931671e-38
eakf_model1,6.052657389611645e-26
eakf_model2,1.9525865321950196e-12
eakf_model3,0.9999999999980475
