model_name,weigth
arima,0.0
eakf_model1,8e-322
eakf_model2,1.0161405982476823e-09
eakf_model3,0.9999999989838594
