model_name,weigth
arima,9.672838065500263e-41
eakf_model1,1.27135552482313e-26
eakf_model2,1.6529748708438487e-12
eakf_model3,0.9999999999983469
