model_name,weigth
arima,3.722674180391609e-19
eakf_model1,0.9999999999986734
eakf_model2,1.2160563430652383e-12
eakf_model3,1.1061451381659227e-13
sarima,8.709971006256176e-18
