model_name,weigth
arima,1.2673739454795214e-37
eakf_model1,9.909908481634481e-29
eakf_model2,1.9417458787558385e-12
eakf_model3,0.9999999999980582
