model_name,weigth
arima,8.733419647445743e-31
eakf_model1,7.380767006250755e-53
eakf_model2,4.565642493842351e-12
eakf_model3,0.9999999999954344
