model_name,weigth
arima,3.565254132293738e-32
eakf_model1,3.0143032428667666e-16
eakf_model2,1.5626301102406725e-12
eakf_model3,0.999999999998437
