model_name,weigth
arima,1.517326943247696e-71
eakf_model1,6.307798321323222e-66
eakf_model2,1.2956247060236681e-12
eakf_model3,1.5943417717396326e-11
sarima,0.9999999999827609
