model_name,weigth
arima,8.9591012817473e-123
eakf_model1,6.700731556739777e-174
eakf_model2,2.7147072721672767e-18
eakf_model3,5.107060568729546e-11
sarima,0.9999999999489294
