model_name,weigth
arima,1.175805278202727e-22
eakf_model1,2.5783240093913536e-30
eakf_model2,2.033910771775537e-12
eakf_model3,0.9999999999979661
