model_name,weigth
arima,2.2147703261723907e-18
eakf_model1,1.1884184788100567e-18
eakf_model2,7.893518650307766e-13
eakf_model3,0.9999999999992106
