model_name,weigth
arima,3.479585138998392e-42
eakf_model1,1.4731921624699004e-44
eakf_model2,2.1505881544751307e-11
eakf_model3,0.9999999999784941
