model_name,weigth
arima,5.1440058339492e-70
eakf_model1,5.843145053072677e-76
eakf_model2,1.0966692363288492e-10
eakf_model3,0.9999999998903331
sarima,1.8581330606085556e-79
