model_name,weigth
arima,1.7164396498853596e-15
eakf_model1,2.1446523227129165e-17
eakf_model2,1.5088537103353403e-12
eakf_model3,0.9999999999984894
