model_name,weigth
arima,2.288936636967997e-49
eakf_model1,0.999999999947277
eakf_model2,5.2699846365367755e-11
eakf_model3,2.3149937889262255e-14
sarima,3.592218280214008e-77
