model_name,weigth
arima,2.9584478071159696e-12
eakf_model1,4.686163954635812e-26
eakf_model2,1.8938480513781793e-14
eakf_model3,0.9999999999970226
