model_name,weigth
arima,3.166794888355652e-67
eakf_model1,1.7846882445726493e-14
eakf_model2,3.299112267477753e-11
eakf_model3,0.9999999999669911
