model_name,weigth
arima,1.958098844194421e-128
eakf_model1,2.193969889142229e-10
eakf_model2,1.2886805518362184e-13
eakf_model3,0.9999999997804742
