model_name,weigth
arima,4e-323
eakf_model1,0.19093306656203862
eakf_model2,1.5688206405099475e-26
eakf_model3,0.8090669334379614
sarima,4e-323
