model_name,weigth
arima,3.0834108723133066e-15
eakf_model1,1.871304306207058e-15
eakf_model2,1.6421874599615665e-12
eakf_model3,0.9999999999983529
