model_name,weigth
arima,1.7160814993604453e-10
eakf_model1,4.675485909203147e-118
eakf_model2,5.38614176631275e-125
eakf_model3,0.9999999998283918
