model_name,weigth
arima,4e-323
eakf_model1,2.7852838659384116e-187
eakf_model2,4.631097109859046e-09
eakf_model3,0.9999999953689029
sarima,4e-323
