model_name,weigth
arima,1.1468222963092555e-10
eakf_model1,1.4524618120761532e-111
eakf_model2,2.0434782283271785e-112
eakf_model3,0.9999999998853177
