model_name,weigth
arima,2.2692843289868588e-45
eakf_model1,0.999999999972919
eakf_model2,1.88070063372073e-21
eakf_model3,2.708099747552103e-11
