model_name,weigth
arima,8.040368408540726e-29
eakf_model1,0.9999999999900842
eakf_model2,3.413925199669782e-14
eakf_model3,9.88173220731581e-12
sarima,8.338528489325543e-35
