model_name,weigth
arima,6.7984844143624134e-15
eakf_model1,8.196218452246642e-13
eakf_model2,6.115316742898621e-16
eakf_model3,0.9999999999991729
