model_name,weigth
arima,2.22259401990153e-72
eakf_model1,3.111990100814083e-11
eakf_model2,7.892712424438819e-15
eakf_model3,0.9999999999688722
