model_name,weigth
arima,2.764438762353272e-11
eakf_model1,2.1679360945770035e-105
eakf_model2,3.059875349865205e-23
eakf_model3,4.587090686278044e-42
sarima,0.9999999999723557
