model_name,weigth
arima,0.9999999999876953
eakf_model1,3.5783630154600756e-34
eakf_model2,3.01902976544059e-21
eakf_model3,1.2304701690186932e-11
