model_name,weigth
arima,2.5560542861992635e-33
eakf_model1,3.6969331673093276e-27
eakf_model2,0.9999999999267493
eakf_model3,7.32507456429172e-11
sarima,2.7184127703832583e-37
