model_name,weigth
arima,0.999999999994911
eakf_model1,1.6156785910583615e-46
eakf_model2,4.6847634606485306e-12
eakf_model3,4.0416952135803247e-13
