model_name,weigth
arima,2.9410053389861097e-49
eakf_model1,0.9999999999504838
eakf_model2,4.9516120977846265e-11
eakf_model3,7.784313512051038e-58
sarima,8.111705099602051e-52
