model_name,weigth
arima,2.812103907289705e-12
eakf_model1,1.4069913674513973e-43
eakf_model2,4.628381044658581e-23
eakf_model3,2.8835425491133557e-22
sarima,0.9999999999971879
