model_name,weigth
arima,3.0096334715193945e-99
eakf_model1,0.9999999998129466
eakf_model2,1.8705327193605658e-10
eakf_model3,1.8025123959338304e-71
