model_name,weigth
arima,4.873653238142516e-09
eakf_model1,3e-323
eakf_model2,4e-323
eakf_model3,0.9999999951263467
