model_name,weigth
arima,9.988719378133246e-21
eakf_model1,2.433272578297106e-80
eakf_model2,1.1293845831282377e-10
eakf_model3,0.9999999998870616
