model_name,weigth
arima,0.9999999999927849
eakf_model1,3.2434152746442947e-48
eakf_model2,4.976527980736681e-12
eakf_model3,2.238614483307178e-12
