model_name,weigth
arima,9.643535754237828e-47
eakf_model1,1.0466618850544194e-10
eakf_model2,0.999999999895334
eakf_model3,4.506605174378839e-27
sarima,4.912312711982845e-53
