model_name,weigth
arima,2.114399040207713e-12
eakf_model1,1.6176067867069772e-21
eakf_model2,5.237512691481009e-12
eakf_model3,0.9999999999926481
