model_name,weigth
arima,1.0695465996533245e-17
eakf_model1,9.975366717891007e-12
eakf_model2,0.9999999999759702
eakf_model3,1.4054423256902882e-11
sarima,1.0152466605235229e-22
