model_name,weigth
arima,4.273125024278852e-11
eakf_model1,5.057758963970023e-41
eakf_model2,3.2889192237395808e-28
eakf_model3,0.9999999999572687
