model_name,weigth
arima,7.706987573606752e-27
eakf_model1,1.4133688802341957e-29
eakf_model2,8.587995937958411e-12
eakf_model3,0.999999999991412
