model_name,weigth
arima,1.2485342386480885e-11
eakf_model1,8.78463084820822e-31
eakf_model2,1.0822982135635059e-30
eakf_model3,0.9999999999875145
