model_name,weigth
arima,3.204208980860196e-11
eakf_model1,4.2176948309404514e-47
eakf_model2,6.096572706100466e-35
eakf_model3,0.9999999999679579
