model_name,weigth
arima,0.9999999999995643
eakf_model1,4.219676686841744e-22
eakf_model2,4.355440883380532e-13
eakf_model3,3.282970941013774e-17
