model_name,weigth
arima,3.1498441181936027e-12
eakf_model1,1.5083599688086995e-11
eakf_model2,0.9999999999816872
eakf_model3,7.93536610148179e-14
