model_name,weigth
arima,0.0
eakf_model1,2.9216982396283604e-08
eakf_model2,5.365726380492659e-36
eakf_model3,0.9999999707830175
