model_name,weigth
arima,2.4615167854693868e-39
eakf_model1,6.210423666546231e-10
eakf_model2,2.614954736004941e-65
eakf_model3,0.9999999993789577
