model_name,weigth
arima,0.9999999999994013
eakf_model1,9.515886129894592e-16
eakf_model2,5.882528218206076e-13
eakf_model3,9.547005220189917e-15
