model_name,weigth
arima,5.863369291354625e-77
eakf_model1,0.9999999999477656
eakf_model2,5.2234497240631533e-11
eakf_model3,4.122551434706216e-21
sarima,1.5798540188425963e-47
