model_name,weigth
arima,0.9999999999982055
eakf_model1,2.3931745067700294e-30
eakf_model2,1.7944098527446916e-12
eakf_model3,6.816082433856585e-21
