model_name,weigth
arima,0.0
eakf_model1,3.999765523710043e-09
eakf_model2,1.829710994638962e-51
eakf_model3,0.9999999960002344
