model_name,weigth
arima,0.9999999997784172
eakf_model1,1.6485499722139992e-47
eakf_model2,2.2158266920374625e-10
eakf_model3,5.3405725386730247e-17
