model_name,weigth
arima,8.415304982166265e-26
eakf_model1,0.999999999981847
eakf_model2,1.7270605283025668e-11
eakf_model3,8.82383503631578e-13
