model_name,weigth
arima,0.9999999996031889
eakf_model1,3.271119519969576e-64
eakf_model2,3.968111254214982e-10
eakf_model3,7.704660677520565e-30
