model_name,weigth
arima,2.252625578541872e-84
eakf_model1,1.2493146958337002e-118
eakf_model2,1.7057102756311963e-10
eakf_model3,0.9999999998294289
