model_name,weigth
arima,0.0
eakf_model1,8.364248478434157e-136
eakf_model2,0.9999999977917813
eakf_model3,2.2082187182959634e-09
