model_name,weigth
arima,3.2724954875128666e-153
eakf_model1,8.702284562370095e-70
eakf_model2,0.9999999995137402
eakf_model3,4.862597109436059e-10
