model_name,weigth
arima,3.143814880457339e-12
eakf_model1,7.190537686008994e-29
eakf_model2,1.4858957612238608e-29
eakf_model3,6.202301499275324e-23
sarima,0.9999999999968563
