model_name,weigth
arima,1.508865081318152e-93
eakf_model1,0.9999999999366082
eakf_model2,3.4743967946269417e-12
eakf_model3,5.99173766731884e-11
