model_name,weigth
arima,7.664802232005521e-49
eakf_model1,7.565681097727588e-32
eakf_model2,0.9999999997997641
eakf_model3,2.0023593207104019e-10
sarima,1.8092182409390804e-83
