model_name,weigth
arima,1.926582881583432e-38
eakf_model1,1.5486347880349296e-16
eakf_model2,6.477440733411468e-12
eakf_model3,0.9999999999935223
sarima,3.8963563368829144e-45
