model_name,weigth
arima,5.152113324031037e-199
eakf_model1,6.738734744120204e-41
eakf_model2,3.18158878508649e-10
eakf_model3,0.9999999996818412
sarima,3.778272568690101e-142
