model_name,weigth
arima,5.9230204919770995e-77
eakf_model1,1.0573063526340145e-11
eakf_model2,0.9999999999887327
eakf_model3,6.94195142979167e-13
