model_name,weigth
arima,1.0412477360103866e-98
eakf_model1,0.9999999999525133
eakf_model2,2.711012421928346e-70
eakf_model3,4.7486626339517155e-11
sarima,1.0791436116970537e-92
