model_name,weigth
arima,8.960849026969969e-110
eakf_model1,8.231025152568317e-11
eakf_model2,1.2220714111840331e-42
eakf_model3,0.9999999999176897
sarima,7.447520575136106e-90
