model_name,weigth
arima,5.228169882193597e-89
eakf_model1,2.774182386768319e-25
eakf_model2,0.9999999999571929
eakf_model3,4.280710127036687e-11
