model_name,weigth
arima,3.005930845944362e-99
eakf_model1,2.71760887613553e-41
eakf_model2,6.325815720069463e-11
eakf_model3,0.9999999999367418
sarima,2.7430609946727725e-113
