model_name,weigth
arima,1.2796888809920754e-259
eakf_model1,2.9054200268293072e-93
eakf_model2,2.9501347934415526e-10
eakf_model3,0.9999999997049864
