model_name,weigth
arima,4.9529655785221715e-80
eakf_model1,5.882243854279069e-33
eakf_model2,1.983767275640644e-11
eakf_model3,0.9999999999801623
