model_name,weigth
arima,7.835314614040194e-150
eakf_model1,1.2023882289021562e-10
eakf_model2,0.9999999998797608
eakf_model3,3.309697476818484e-16
sarima,0.0
