model_name,weigth
arima,6.047154548625666e-187
eakf_model1,0.9999999999941401
eakf_model2,5.685784457464635e-12
eakf_model3,1.7410947206780387e-13
