model_name,weigth
arima,2e-323
eakf_model1,5.562694186534497e-10
eakf_model2,1.5215589365719625e-44
eakf_model3,0.9999999994437305
sarima,7.646262226166925e-283
