model_name,weigth
arima,1.3651739255208805e-306
eakf_model1,0.9999999999840311
eakf_model2,2.4093455300828426e-12
eakf_model3,1.3559521425082379e-11
