model_name,weigth
arima,2.0326968415628019e-112
eakf_model1,1.7020720667896625e-11
eakf_model2,7.833133914431836e-29
eakf_model3,0.9999999999829792
sarima,3.54542746586662e-49
