model_name,weigth
arima,7.025840899277973e-44
eakf_model1,1.8476034888608433e-12
eakf_model2,7.897503555887442e-17
eakf_model3,0.9999999999981524
