model_name,weigth
arima,1.0223491684415028e-249
eakf_model1,1.0940558743177635e-11
eakf_model2,7.705508293628215e-18
eakf_model3,0.9999999999890594
