model_name,weigth
arima,4e-323
eakf_model1,0.9999999952995945
eakf_model2,1e-323
eakf_model3,4.700405527468088e-09
