model_name,weigth
arima,5.270815100092439e-66
eakf_model1,3.4348980680181287e-12
eakf_model2,3.629054789705542e-17
eakf_model3,0.999999999996565
