model_name,weigth
arima,7.084087313858391e-124
eakf_model1,1.5705686817355446e-11
eakf_model2,6.694189818180177e-28
eakf_model3,0.9999999999842943
