model_name,weigth
arima,7.534156637237387e-102
eakf_model1,7.977556673527939e-12
eakf_model2,3.400884799124386e-23
eakf_model3,0.9999999999920224
