model_name,weigth
arima,0.0
eakf_model1,1.0753316907401209e-10
eakf_model2,1.051173781597337e-72
eakf_model3,0.9999999998924669
sarima,2.5094158933772882e-39
