model_name,weigth
arima,1.2652664612673933e-91
eakf_model1,0.9999999999835516
eakf_model2,3.118314260866964e-33
eakf_model3,1.644847681601746e-11
