model_name,weigth
arima,1.602454744342788e-30
eakf_model1,9.790677162349522e-13
eakf_model2,3.510938474283206e-34
eakf_model3,2.0566453382899284e-14
sarima,0.9999999999990004
