model_name,weigth
arima,5.08761309035685e-19
eakf_model1,9.076645013095182e-12
eakf_model2,2.5049330458696663e-12
eakf_model3,0.9999999999884185
