model_name,weigth
arima,8.965850789797835e-181
eakf_model1,0.9999999999752214
eakf_model2,6.698288079916089e-50
eakf_model3,2.47786495197726e-11
