model_name,weigth
arima,8.50479371448238e-124
eakf_model1,0.9999999999959029
eakf_model2,2.662675637631826e-25
eakf_model3,4.097145821467881e-12
