model_name,weigth
arima,0.0
eakf_model1,0.9999999998448559
eakf_model2,1.5116305990514883e-10
eakf_model3,3.981118490206373e-12
sarima,0.0
