model_name,weigth
arima,1.2858780289683085e-102
eakf_model1,0.9999999999922884
eakf_model2,1.7201053045324222e-32
eakf_model3,7.711596051376272e-12
sarima,5.963134205015261e-182
