model_name,weigth
arima,0.9999999999546625
eakf_model1,7.043094318174812e-29
eakf_model2,9.961808393765855e-32
eakf_model3,4.533748481154675e-11
