model_name,weigth
arima,0.0
eakf_model1,0.999999999959952
eakf_model2,3.6477263552871634e-34
eakf_model3,4.004804663750305e-11
