model_name,weigth
arima,3.8212498189444824e-55
eakf_model1,1.4258146835131807e-14
eakf_model2,2.3908832889614896e-11
eakf_model3,0.9999999999760769
