model_name,weigth
arima,6.25680232884195e-250
eakf_model1,0.9999999999930083
eakf_model2,4.520216255372651e-39
eakf_model3,6.991755370568414e-12
