model_name,weigth
arima,0.0
eakf_model1,0.9999999987240897
eakf_model2,1.2759102821165476e-09
eakf_model3,5.667938591524836e-40
