model_name,weigth
arima,4.192742271993432e-270
eakf_model1,0.9999999999318459
eakf_model2,7.407254719411016e-54
eakf_model3,6.815401655597528e-11
