model_name,weigth
arima,0.0
eakf_model1,0.999999999938076
eakf_model2,1.0864337245159412e-147
eakf_model3,6.192400932264041e-11
