model_name,weigth
arima,2e-323
eakf_model1,0.9999999996910021
eakf_model2,3.812857638605819e-135
eakf_model3,3.089979003871928e-10
sarima,0.0
