model_name,weigth
arima,1.971714538174933e-175
eakf_model1,0.9999999998552699
eakf_model2,3.6714050774022527e-48
eakf_model3,1.447301402560645e-10
