model_name,weigth
arima,0.0
eakf_model1,0.9999999997111466
eakf_model2,6.455603115672337e-19
eakf_model3,2.888533489952021e-10
sarima,0.0
