model_name,weigth
arima,0.0
eakf_model1,0.9999999999831571
eakf_model2,6.82406184897291e-26
eakf_model3,1.6842839718380465e-11
