model_name,weigth
arima,0.0
eakf_model1,1.2700025849726795e-09
eakf_model2,0.9999999987299975
eakf_model3,3.1829154522428414e-57
sarima,0.0
