model_name,weigth
arima,1.167780237731284e-51
eakf_model1,0.9999999999833018
eakf_model2,1.4900613610676786e-14
eakf_model3,1.6683330098409116e-11
sarima,2.97213724560827e-42
