model_name,weigth
arima,3.116454371491639e-20
eakf_model1,1.3091778222083164e-12
eakf_model2,1.3391899128108038e-22
eakf_model3,6.444329846409112e-11
sarima,0.9999999999342475
