model_name,weigth
arima,5.374946085467549e-102
eakf_model1,0.9999999999934082
eakf_model2,6.591786906106824e-12
eakf_model3,5.624475663864534e-17
