model_name,weigth
arima,5.450829922612158e-44
eakf_model1,0.9999999999971662
eakf_model2,2.833782385801117e-12
eakf_model3,1.4116717444442814e-17
