model_name,weigth
arima,0.0
eakf_model1,0.999999999857957
eakf_model2,5.916623681278174e-11
eakf_model3,8.287679482928347e-11
