model_name,weigth
arima,2.064035620277484e-262
eakf_model1,0.9999999999385953
eakf_model2,6.140459017576403e-11
eakf_model3,4.237916873374688e-55
