model_name,weigth
arima,3.517797509575249e-297
eakf_model1,0.9999999999170435
eakf_model2,8.295643248397663e-11
eakf_model3,1.0583520342173226e-59
