model_name,weigth
arima,1.8094092613437263e-283
eakf_model1,0.9999999990868218
eakf_model2,2.483713454041886e-205
eakf_model3,9.131782020555528e-10
sarima,2e-323
