model_name,weigth
arima,1e-323
eakf_model1,2.8334431893055683e-09
eakf_model2,2e-323
eakf_model3,0.9999999971665567
