model_name,weigth
arima,1.5244067822275017e-29
eakf_model1,0.9999999999976836
eakf_model2,2.306089764768751e-12
eakf_model3,1.0219873151478703e-14
