model_name,weigth
arima,0.0
eakf_model1,0.9999999997575397
eakf_model2,2.4294475102836236e-27
eakf_model3,2.4246021728013017e-10
