model_name,weigth
arima,0.0
eakf_model1,0.9999999848426384
eakf_model2,1.5157361582958406e-08
eakf_model3,6e-323
