model_name,weigth
arima,0.0
eakf_model1,3.9258400828620133e-13
eakf_model2,0.9999999999371504
eakf_model3,6.245699001535756e-11
