model_name,weigth
arima,1.9530755925156863e-223
eakf_model1,4.4498527436108525e-11
eakf_model2,1.355869898806479e-28
eakf_model3,0.9999999999555014
sarima,2.380272471076628e-239
