model_name,weigth
arima,0.0
eakf_model1,7.801811168856257e-11
eakf_model2,7.117333106818667e-44
eakf_model3,0.999999999921982
