model_name,weigth
arima,0.0
eakf_model1,0.9999999999242426
eakf_model2,7.539035405216172e-11
eakf_model3,3.6697529244394136e-13
