model_name,weigth
arima,2e-323
eakf_model1,2.593396110091218e-09
eakf_model2,4e-323
eakf_model3,0.999999997406604
