model_name,weigth
arima,1.213769164692725e-123
eakf_model1,0.9999999999945839
eakf_model2,5.386438174904352e-12
eakf_model3,2.97304031446792e-14
