model_name,weigth
arima,0.0
eakf_model1,0.9999999997558335
eakf_model2,2.441664682348889e-10
eakf_model3,2.4878944862968347e-44
sarima,2e-323
