model_name,weigth
arima,0.0
eakf_model1,4.183929038116197e-16
eakf_model2,6.129370474377699e-10
eakf_model3,0.9999999993870625
sarima,0.0
