model_name,weigth
arima,4.430697183473052e-211
eakf_model1,0.9999999999813222
eakf_model2,1.3998689580802078e-23
eakf_model3,1.8677829123648326e-11
