model_name,weigth
arima,2e-323
eakf_model1,0.9999999993118643
eakf_model2,1.5960496621229745e-39
eakf_model3,6.881356146869128e-10
sarima,2e-323
