model_name,weigth
arima,1e-323
eakf_model1,0.9999999961769246
eakf_model2,5.231669935621085e-244
eakf_model3,3.823075374491531e-09
