model_name,weigth
arima,0.0
eakf_model1,6.11413993474163e-12
eakf_model2,0.9999999995843114
eakf_model3,4.095746018486801e-10
