model_name,weigth
arima,4.28379540161474e-43
eakf_model1,0.9999999999915204
eakf_model2,5.496606716590773e-16
eakf_model3,8.478837672679954e-12
