model_name,weigth
arima,2.4238087801544207e-292
eakf_model1,1.4581639834380454e-10
eakf_model2,3.2963816425416106e-57
eakf_model3,0.9999999998541835
sarima,2.4238087801544207e-292
