model_name,weigth
arima,8.610318955247275e-78
eakf_model1,0.9999999999903555
eakf_model2,9.643846435421983e-12
eakf_model3,5.988218449898825e-16
