model_name,weigth
arima,2e-323
eakf_model1,3.458393754318769e-10
eakf_model2,0.9999999996541606
eakf_model3,3.4750723127461256e-54
sarima,2e-323
