model_name,weigth
arima,0.0
eakf_model1,9.80303338099881e-08
eakf_model2,0.9999999019696661
eakf_model3,1.53e-322
