model_name,weigth
arima,0.0
eakf_model1,4.4944277095235246e-10
eakf_model2,6.62512354224697e-27
eakf_model3,0.9999999995505573
