model_name,weigth
arima,0.0
eakf_model1,1.2974578133836685e-07
eakf_model2,0.9999998702542185
eakf_model3,1.6e-322
