model_name,weigth
arima,2.209992748022013e-174
eakf_model1,1.214317734209396e-20
eakf_model2,6.672968945262344e-11
eakf_model3,0.9999999999332703
