model_name,weigth
arima,2.3129304869815434e-119
eakf_model1,0.9999999999812426
eakf_model2,2.3654278892139215e-29
eakf_model3,1.8757349192625462e-11
