model_name,weigth
arima,8.887508078806997e-73
eakf_model1,1.06313040977032e-11
eakf_model2,1.5110330874136827e-17
eakf_model3,0.9999999999893687
