model_name,weigth
arima,0.0
eakf_model1,0.9999999990074738
eakf_model2,2.1219409508961385e-26
eakf_model3,9.92526096728469e-10
