model_name,weigth
arima,2.2228264921590077e-246
eakf_model1,2.0750594394611837e-32
eakf_model2,2.251542203727179e-10
eakf_model3,0.9999999997748459
sarima,2.7209262083441965e-196
