model_name,weigth
arima,7.109903807599678e-30
eakf_model1,0.99999999999549
eakf_model2,9.116559970007969e-19
eakf_model3,4.510021725809472e-12
