model_name,weigth
arima,3.601923657006304e-99
eakf_model1,2.1283782479485018e-11
eakf_model2,1.2782393356054333e-28
eakf_model3,0.9999999999787161
