model_name,weigth
arima,0.0
eakf_model1,1.532179135545873e-07
eakf_model2,8e-323
eakf_model3,0.9999998467820864
