model_name,weigth
arima,4.943891754816064e-151
eakf_model1,9.383830612334323e-11
eakf_model2,5.063184911300243e-37
eakf_model3,0.9999999999061617
sarima,2.7790059760017325e-124
