model_name,weigth
arima,0.0
eakf_model1,1.4460316729690872e-22
eakf_model2,2.544547664579716e-10
eakf_model3,0.9999999997455453
