model_name,weigth
arima,2e-323
eakf_model1,3.1408363309891533e-10
eakf_model2,0.9999999994801796
eakf_model3,2.0573668371215115e-10
sarima,2e-323
