model_name,weigth
arima,0.0
eakf_model1,0.9999999998977109
eakf_model2,2.5217861431021537e-14
eakf_model3,1.022638802083447e-10
sarima,2e-323
