model_name,weigth
arima,0.0
eakf_model1,4.625447760151605e-13
eakf_model2,0.9999999955302671
eakf_model3,4.469270300567714e-09
sarima,0.0
