model_name,weigth
arima,0.0
eakf_model1,2.3403918722048487e-10
eakf_model2,2.049069639760664e-97
eakf_model3,0.9999999997659608
