model_name,weigth
arima,0.0
eakf_model1,5.48983444856866e-11
eakf_model2,2.1851620354364384e-44
eakf_model3,0.9999999999451017
