model_name,weigth
arima,0.0
eakf_model1,0.9999999953321627
eakf_model2,5.4105030307776185e-180
eakf_model3,4.6678373121674896e-09
