model_name,weigth
arima,0.0
eakf_model1,1.8591322418112325e-10
eakf_model2,8.244370038712744e-39
eakf_model3,0.9999999998140868
