model_name,weigth
arima,0.0
eakf_model1,0.9999999997325999
eakf_model2,1.2784987728844587e-57
eakf_model3,2.674000759877535e-10
sarima,0.0
