model_name,weigth
arima,2e-323
eakf_model1,6.629390239028607e-08
eakf_model2,1e-322
eakf_model3,0.9999999337060976
sarima,2e-323
