model_name,weigth
arima,0.0
eakf_model1,2.1103344899794283e-11
eakf_model2,1.094823634737153e-37
eakf_model3,0.9999999999788967
