model_name,weigth
arima,1e-323
eakf_model1,0.9999999997023142
eakf_model2,2.976857525475895e-10
eakf_model3,3.602526758455382e-24
