model_name,weigth
arima,0.0
eakf_model1,1.2044346265322023e-08
eakf_model2,0.9999999879556537
eakf_model3,1.6048306789987106e-127
sarima,0.0
