model_name,weigth
arima,0.0
eakf_model1,0.9999999998848894
eakf_model2,1.151106378166936e-10
eakf_model3,1.871292299734364e-36
sarima,0.0
