model_name,weigth
arima,2.2075604377455525e-139
eakf_model1,0.9999999999964206
eakf_model2,3.579350002313295e-12
eakf_model3,1.0784930228580817e-22
