model_name,weigth
arima,0.0
eakf_model1,7.265946797127606e-42
eakf_model2,0.9999999999815108
eakf_model3,1.8489156393499255e-11
