model_name,weigth
arima,2.0865201627718789e-268
eakf_model1,0.9999999999887341
eakf_model2,1.0721839669919223e-11
eakf_model3,5.439843971820048e-13
