model_name,weigth
arima,4.787449064919846e-45
eakf_model1,0.9999999999965916
eakf_model2,3.9462419323576753e-16
eakf_model3,3.408023229729886e-12
sarima,4.586272939469862e-19
