model_name,weigth
arima,1.6862593872739587e-125
eakf_model1,0.9999999999561962
eakf_model2,2.5781860529187994e-74
eakf_model3,4.3803842480339324e-11
