model_name,weigth
arima,0.0
eakf_model1,0.9999999999058253
eakf_model2,9.417466434817043e-11
eakf_model3,4.264183865124206e-86
