model_name,weigth
arima,0.0
eakf_model1,9.998165259114602e-17
eakf_model2,0.9999999999848936
eakf_model3,1.510621482606176e-11
