model_name,weigth
arima,0.0
eakf_model1,0.9999998503642351
eakf_model2,5.4e-323
eakf_model3,1.496357647649726e-07
