model_name,weigth
arima,3.267503e-318
eakf_model1,0.9999999999859455
eakf_model2,1.2571090866035392e-11
eakf_model3,1.4834643458337052e-12
