model_name,weigth
arima,7.062175741272e-311
eakf_model1,0.9999999999841253
eakf_model2,1.5874736948601194e-11
eakf_model3,5.0083022169864164e-29
