model_name,weigth
arima,4.224674418238109e-191
eakf_model1,0.9999999999924061
eakf_model2,7.593793833623295e-12
eakf_model3,2.6212462495447926e-42
