model_name,weigth
arima,0.0
eakf_model1,4.668065615814772e-09
eakf_model2,0.9999999953319343
eakf_model3,2.843091824076583e-64
sarima,0.0
