model_name,weigth
arima,0.0
eakf_model1,0.9999999999061973
eakf_model2,9.380278369842957e-11
eakf_model3,1.4968386516542034e-79
sarima,1.3478637002e-313
