model_name,weigth
arima,0.0
eakf_model1,0.9999999923492577
eakf_model2,7.650742244161372e-09
eakf_model3,1.52186721745012e-279
