model_name,weigth
arima,1.4374917837621927e-110
eakf_model1,0.9999999999864648
eakf_model2,4.9805503231049357e-14
eakf_model3,1.3485359369822354e-11
sarima,5.2370930096742067e-110
