model_name,weigth
arima,0.0
eakf_model1,0.9999999994920079
eakf_model2,5.079920030829094e-10
eakf_model3,1.925453688903665e-24
