model_name,weigth
arima,1.4234682643105552e-12
eakf_model1,0.9999999999985076
eakf_model2,1.1465784379143696e-26
eakf_model3,6.895569161121313e-14
