model_name,weigth
arima,1.0072924946527047e-12
eakf_model1,0.9999999999989927
eakf_model2,7.398807940977656e-24
eakf_model3,5.1123449739879884e-17
