model_name,weigth
arima,5.532541811426296e-86
eakf_model1,6.18705337159038e-11
eakf_model2,0.9999999999381294
eakf_model3,1.1173386454037348e-28
