model_name,weigth
arima,2.5155464142512116e-71
eakf_model1,0.9999999999752405
eakf_model2,1.041900180915359e-11
eakf_model3,1.4340591201771505e-11
sarima,1.5441018074555164e-56
