model_name,weigth
arima,2.8109806643334556e-230
eakf_model1,0.9999999999425921
eakf_model2,5.735317254796708e-11
eakf_model3,5.463328440836902e-14
sarima,6.426886447710553e-141
