model_name,weigth
arima,1.3449137783360705e-285
eakf_model1,2.561089544520338e-10
eakf_model2,0.999999999743891
eakf_model3,6.641083560194479e-26
sarima,3.340315921759614e-233
