model_name,weigth
arima,1.5849797771088573e-207
eakf_model1,0.9999999999314275
eakf_model2,6.857244443118196e-11
eakf_model3,1.3652470059394416e-29
sarima,1.419565195093393e-144
