model_name,weigth
arima,1e-323
eakf_model1,1.5250692546831222e-08
eakf_model2,0.9999999847493074
eakf_model3,8e-323
