model_name,weigth
arima,1.2368301243012945e-79
eakf_model1,0.9999999999691209
eakf_model2,3.087915398730158e-11
eakf_model3,1.0375929696789325e-18
sarima,3.176530693249998e-65
