model_name,weigth
arima,1e-323
eakf_model1,3.46057780166102e-10
eakf_model2,2.4947362404402826e-39
eakf_model3,0.9999999996539422
