model_name,weigth
arima,4.867908178804074e-79
eakf_model1,0.9999999999791591
eakf_model2,2.0780959288491125e-11
eakf_model3,6.000949399633135e-14
