model_name,weigth
arima,5.667555591729659e-134
eakf_model1,0.9999999999836533
eakf_model2,1.634667798925405e-11
eakf_model3,9.066054295605684e-22
