model_name,weigth
arima,8.260525542137927e-204
eakf_model1,2.7020577059562986e-11
eakf_model2,1.1716218451418014e-30
eakf_model3,0.9999999999729795
