model_name,weigth
arima,4.304205738970189e-197
eakf_model1,0.9999999999760079
eakf_model2,2.399209471731953e-11
eakf_model3,6.97678672064029e-17
