model_name,weigth
arima,1.549555341134e-312
eakf_model1,3.2769352313808067e-50
eakf_model2,0.999999999970705
eakf_model3,2.9294989625730236e-11
