model_name,weigth
arima,1e-323
eakf_model1,2.6096465233242428e-23
eakf_model2,9.987140529961026e-10
eakf_model3,0.999999999001286
