model_name,weigth
arima,1e-323
eakf_model1,1.9439360571153458e-10
eakf_model2,0.9999999998056064
eakf_model3,3.4182350281736433e-47
