model_name,weigth
arima,3.376358046836692e-94
eakf_model1,6.578476928282762e-12
eakf_model2,2.116979717217762e-17
eakf_model3,0.9999999999934215
