model_name,weigth
arima,2.2998754938141162e-298
eakf_model1,1.2394515801244264e-10
eakf_model2,2.944031897338496e-67
eakf_model3,0.9999999998760549
sarima,4.635332988566222e-215
