model_name,weigth
arima,2e-323
eakf_model1,9.247454140811429e-103
eakf_model2,7.913338010307468e-10
eakf_model3,0.9999999992086661
sarima,2e-323
