model_name,weigth
arima,1e-323
eakf_model1,0.9999999998319122
eakf_model2,1.680877269210427e-10
eakf_model3,4.0493290975978126e-20
