model_name,weigth
arima,2.476146079114853e-21
eakf_model1,0.9999999999992043
eakf_model2,4.40512651497991e-25
eakf_model3,7.956607113589969e-13
