model_name,weigth
arima,2e-323
eakf_model1,0.9999999993295762
eakf_model2,6.704237894672779e-10
eakf_model3,9.491308923117872e-24
sarima,2e-323
