model_name,weigth
arima,8.066051803493614e-17
eakf_model1,0.9999999999995532
eakf_model2,2.2156424549453324e-21
eakf_model3,4.467900761534016e-13
