model_name,weigth
arima,1e-323
eakf_model1,2.2480908327953265e-10
eakf_model2,0.9999999997751909
eakf_model3,8.838239557504659e-28
