model_name,weigth
arima,1.5877973641291893e-199
eakf_model1,2.74460831505616e-32
eakf_model2,3.2980686408859894e-11
eakf_model3,0.9999999999670193
