model_name,weigth
arima,1.9055758064351115e-166
eakf_model1,2.8761014416761946e-11
eakf_model2,7.844963554831646e-28
eakf_model3,0.9999999999712389
sarima,1.2494879788949108e-138
