model_name,weigth
arima,2e-323
eakf_model1,5.0894601850520535e-09
eakf_model2,0.9999999949105398
eakf_model3,3.1223801384084026e-112
sarima,2e-323
