model_name,weigth
arima,6.073849235139724e-88
eakf_model1,9.779913407390364e-12
eakf_model2,3.5469050435961395e-17
eakf_model3,0.99999999999022
sarima,3.284299331270265e-53
