model_name,weigth
arima,8.932618506614437e-30
eakf_model1,0.9999999999983316
eakf_model2,2.94546380824711e-35
eakf_model3,1.6683661149008657e-12
