model_name,weigth
arima,1e-323
eakf_model1,1.6126734508418296e-10
eakf_model2,3.2041335528190994e-104
eakf_model3,0.9999999998387326
