model_name,weigth
arima,0.0
eakf_model1,5.237155488730768e-249
eakf_model2,0.9999999671418034
eakf_model3,3.285819649799342e-08
sarima,2e-323
