model_name,weigth
arima,1.1089384713215583e-114
eakf_model1,9.600611258116638e-32
eakf_model2,0.9999999999761918
eakf_model3,4.499433144057422e-31
sarima,2.380823679389706e-11
