model_name,weigth
arima,0.0
eakf_model1,1.5951789596723623e-55
eakf_model2,0.9999999999240218
eakf_model3,7.59781486654784e-11
