model_name,weigth
arima,1.9526460442767869e-171
eakf_model1,1.8090522623400843e-37
eakf_model2,0.9999999999870332
eakf_model3,1.2966842994437963e-11
