model_name,weigth
arima,2.0299956905491457e-106
eakf_model1,3.0133907876882227e-37
eakf_model2,0.9999999999780672
eakf_model3,2.193287553475975e-11
