model_name,weigth
arima,8.18514057595435e-33
eakf_model1,4.4263109452267255e-14
eakf_model2,1.1794144350686167e-12
eakf_model3,0.9999999999987763
