model_name,weigth
arima,5.544850162356957e-304
eakf_model1,1.2547866936453683e-103
eakf_model2,4.816638668324582e-40
eakf_model3,0.9999999997225333
sarima,2.7746669286046915e-10
