model_name,weigth
arima,5.426842166003602e-168
eakf_model1,4.289665018644191e-11
eakf_model2,4.566446529507653e-30
eakf_model3,0.9999999999571034
