model_name,weigth
arima,6.231554846036054e-74
eakf_model1,2.6450602484228147e-12
eakf_model2,5.627117365944887e-19
eakf_model3,0.999999999997355
