model_name,weigth
arima,1e-323
eakf_model1,5.537284675952984e-10
eakf_model2,1.432009563504585e-10
eakf_model3,0.9999999993030706
