model_name,weigth
arima,1.5486126242981688e-200
eakf_model1,1.3805107767213191e-10
eakf_model2,0.9999999998619489
eakf_model3,4.331688147672747e-20
