model_name,weigth
arima,2.7847866332979697e-73
eakf_model1,5.626297424991886e-29
eakf_model2,1.0810584553135537e-11
eakf_model3,1.228267741090608e-24
sarima,0.9999999999891894
