model_name,weigth
arima,2e-323
eakf_model1,1.9992369579017558e-09
eakf_model2,0.999999998000763
eakf_model3,8.120639549415934e-48
sarima,2e-323
