model_name,weigth
arima,1.5260237619612342e-81
eakf_model1,3.5024137387237696e-12
eakf_model2,7.647940293591038e-16
eakf_model3,0.9999999999964968
