model_name,weigth
arima,1.0126507868935635e-41
eakf_model1,8.75787525447303e-13
eakf_model2,0.9999999999983946
eakf_model3,7.295825369922406e-13
