model_name,weigth
arima,1.007043849729671e-127
eakf_model1,1.0060249705094593e-42
eakf_model2,1.560645971909048e-11
eakf_model3,0.9999999999843936
