model_name,weigth
arima,7.3444201682004e-157
eakf_model1,0.9999999998879259
eakf_model2,1.4997812492119128e-36
eakf_model3,1.1207406198068457e-10
sarima,2.0935787058228553e-118
