model_name,weigth
arima,1.1294041217551415e-79
eakf_model1,1.4715530596415046e-24
eakf_model2,5.854269677401004e-12
eakf_model3,0.9999999999941457
