model_name,weigth
arima,2e-323
eakf_model1,1.4655490076012013e-06
eakf_model2,2.057736940133405e-146
eakf_model3,0.9999985344509923
sarima,2e-323
