model_name,weigth
arima,3.968408858485844e-103
eakf_model1,2.1484534404707632e-39
eakf_model2,1.2629815178212107e-11
eakf_model3,0.9999999999873701
