model_name,weigth
arima,4.188199752742701e-84
eakf_model1,4.633202142375162e-20
eakf_model2,8.041085360534704e-12
eakf_model3,0.9999999999919589
