model_name,weigth
arima,1.6922764717549024e-86
eakf_model1,3.377418199169027e-29
eakf_model2,1.0681362193761994e-11
eakf_model3,0.9999999999893187
