model_name,weigth
arima,4.1570813160598546e-203
eakf_model1,6.440774051922065e-11
eakf_model2,1.2289716951878405e-16
eakf_model3,0.9999999999355922
