model_name,weigth
arima,7.436767690387696e-229
eakf_model1,0.9999999998377174
eakf_model2,2.531129669502313e-59
eakf_model3,1.6228267288207227e-10
sarima,1.898740857247053e-158
