model_name,weigth
arima,1.525417098324286e-45
eakf_model1,3.378246820741851e-12
eakf_model2,1.3235954475531466e-15
eakf_model3,0.9999999999966205
