model_name,weigth
arima,1.1912652517689378e-66
eakf_model1,1.609070310906716e-29
eakf_model2,7.419966029555942e-12
eakf_model3,0.9999999999925799
