model_name,weigth
arima,1e-323
eakf_model1,0.9999999996843532
eakf_model2,8.446352393675769e-82
eakf_model3,3.1564678086481564e-10
