model_name,weigth
arima,5.677974217157437e-94
eakf_model1,1.873858233076517e-11
eakf_model2,2.5683333696881536e-17
eakf_model3,0.9999999999812614
