model_name,weigth
arima,2.1760607389456742e-88
eakf_model1,5.821388191514146e-26
eakf_model2,9.132512619254682e-12
eakf_model3,0.9999999999908675
