model_name,weigth
arima,5.957862362962431e-71
eakf_model1,4.6694357517790957e-17
eakf_model2,6.051908953540951e-12
eakf_model3,0.9999999999939482
