model_name,weigth
arima,3.269270981865353e-52
eakf_model1,4.638900694690984e-11
eakf_model2,0.9999999999536111
eakf_model3,8.912090402317096e-24
