model_name,weigth
arima,1.0936523425700572e-23
eakf_model1,2.4085324016160026e-11
eakf_model2,0.9999999999759128
eakf_model3,1.888029916535114e-15
