model_name,weigth
arima,4.6570003078434044e-17
eakf_model1,1.0442188761817469e-11
eakf_model2,0.9999999999895577
eakf_model3,1.2227962676204419e-20
