model_name,weigth
arima,4.2599511927004676e-249
eakf_model1,1.649835248516465e-123
eakf_model2,0.9999999999326418
eakf_model3,6.735823606973187e-11
sarima,1.2927692514271835e-41
