model_name,weigth
arima,5.551237985464089e-81
eakf_model1,0.9999999999889798
eakf_model2,3.0892553479473848e-15
eakf_model3,1.1017051593039738e-11
