model_name,weigth
arima,1.52366086582144e-51
eakf_model1,1.9976584894576327e-11
eakf_model2,0.9999999999800234
eakf_model3,4.43312867019952e-18
