model_name,weigth
arima,1.0933606253130935e-30
eakf_model1,1.7812783639049283e-11
eakf_model2,0.9999999999821872
eakf_model3,1.0962042919570678e-25
