model_name,weigth
arima,7.162749606965301e-67
eakf_model1,4.4940556608391366e-11
eakf_model2,0.9999999999550595
eakf_model3,1.0685239735277368e-26
sarima,5.124454458047886e-80
