model_name,weigth
arima,4.4229605820041204e-243
eakf_model1,1.9715321218800914e-78
eakf_model2,0.9999999993809647
eakf_model3,6.1903521697921e-10
sarima,4.217529904442409e-43
