model_name,weigth
arima,2.353511828396564e-124
eakf_model1,1.9056952738925598e-10
eakf_model2,0.9999999998094304
eakf_model3,3.0826783595881444e-49
