model_name,weigth
arima,8.820852564759504e-135
eakf_model1,3.730841137408921e-29
eakf_model2,1.4985415058860625e-10
eakf_model3,0.9999999998501459
sarima,5.416716324978621e-62
