model_name,weigth
arima,3.268911674219659e-41
eakf_model1,0.9999999999867317
eakf_model2,1.3268192630005906e-11
eakf_model3,1.2882378698652602e-19
