model_name,weigth
arima,4.294791767886084e-286
eakf_model1,1.5583296295505976e-121
eakf_model2,0.9999999998292937
eakf_model3,1.7070640550447433e-10
