model_name,weigth
arima,2.562008336472702e-81
eakf_model1,1.4040298018936443e-10
eakf_model2,0.999999999859597
eakf_model3,5.605908478657274e-50
