model_name,weigth
arima,7.712333886365868e-24
eakf_model1,0.9999999999952679
eakf_model2,9.542343236867821e-18
eakf_model3,8.519788274548325e-17
sarima,4.732077634144086e-12
