model_name,weigth
arima,7.402646515322377e-69
eakf_model1,1.2335183838917786e-10
eakf_model2,0.9999999998766481
eakf_model3,9.381663104145206e-23
