model_name,weigth
arima,2.5492985858991268e-43
eakf_model1,3.7739622244199215e-20
eakf_model2,5.29145588391262e-24
eakf_model3,1.7233503543200346e-11
sarima,0.9999999999827665
