model_name,weigth
arima,1.1104998508863048e-71
eakf_model1,3.1364405009168845e-106
eakf_model2,1.903737862420174e-11
eakf_model3,0.9999999999809626
