model_name,weigth
arima,4.4970827069175546e-58
eakf_model1,0.9999999999754652
eakf_model2,2.4534818554973403e-11
eakf_model3,1.3677370764604683e-36
sarima,2.254030531370946e-67
