model_name,weigth
arima,2.6014908997531315e-147
eakf_model1,5.709713064543708e-178
eakf_model2,5.718191152497426e-44
eakf_model3,0.9999999999228035
sarima,7.719656563960939e-11
