model_name,weigth
arima,1.7866872081424452e-206
eakf_model1,6.396539340741148e-10
eakf_model2,0.999999999360346
eakf_model3,9.512635230484367e-154
