model_name,weigth
arima,1.5605971881868754e-32
eakf_model1,1.0491708151172092e-11
eakf_model2,0.9999999999895083
eakf_model3,5.400040009015697e-18
