model_name,weigth
arima,3.0139251336456583e-23
eakf_model1,4.1403353668433955e-11
eakf_model2,0.9999999999585967
eakf_model3,5.258028177367679e-29
