model_name,weigth
arima,2.407269785341196e-70
eakf_model1,2.0939277644377957e-75
eakf_model2,2.1590475393578032e-15
eakf_model3,1.3066083413984129e-11
sarima,0.9999999999869318
