model_name,weigth
arima,1.8165791077690811e-99
eakf_model1,0.9999999999197454
eakf_model2,8.025450666471509e-11
eakf_model3,3.386212802863195e-48
sarima,5.195108812036336e-102
