model_name,weigth
arima,9.611940517864652e-127
eakf_model1,1.182586289608465e-10
eakf_model2,0.9999999998817414
eakf_model3,3.0874191209780674e-74
