model_name,weigth
arima,1.617125229783515e-112
eakf_model1,0.9999999999427678
eakf_model2,5.7232313408190293e-11
eakf_model3,2.2867914672829296e-33
sarima,4.098371436848955e-103
