model_name,weigth
arima,1.8255308793377318e-47
eakf_model1,4.6556671632403223e-36
eakf_model2,2.5105706229890095e-11
eakf_model3,0.9999999999748943
