model_name,weigth
arima,1.6494725721002768e-23
eakf_model1,1.668071540003533e-11
eakf_model2,0.9999999999831197
eakf_model3,1.9955008285275537e-13
