model_name,weigth
arima,3.6028102057195617e-35
eakf_model1,2.254257287872217e-11
eakf_model2,0.9999999999774574
eakf_model3,5.3886021904270746e-20
