model_name,weigth
arima,7.991829213134104e-40
eakf_model1,0.9999999999668503
eakf_model2,3.2297670672245386e-11
eakf_model3,8.519873375685025e-13
