model_name,weigth
arima,2.722224212181461e-74
eakf_model1,0.9999999997997302
eakf_model2,2.0026982185229872e-10
eakf_model3,9.66939550026582e-45
sarima,2.8211745155290846e-88
