model_name,weigth
arima,2.3202066171568218e-60
eakf_model1,4.999369920967906e-11
eakf_model2,0.9999999999500063
eakf_model3,6.076334373749074e-58
