model_name,weigth
arima,3.342666422444755e-24
eakf_model1,1.782849773810739e-39
eakf_model2,2.5105584591147217e-11
eakf_model3,0.9999999999748945
