model_name,weigth
arima,1.4822112782652255e-26
eakf_model1,0.999999999976831
eakf_model2,2.3169106942740106e-11
eakf_model3,2.3926317964722488e-17
sarima,2.153240330462841e-17
