model_name,weigth
arima,3.9537157017140274e-50
eakf_model1,3.472764028905604e-11
eakf_model2,0.9999999999652724
eakf_model3,1.144764994582343e-31
