model_name,weigth
arima,6.516210328372919e-73
eakf_model1,9.536785751278405e-11
eakf_model2,0.9999999999046321
eakf_model3,4.1726315107122675e-33
