model_name,weigth
arima,4.518588972182172e-33
eakf_model1,4.91045024345489e-14
eakf_model2,9.169303884710101e-13
eakf_model3,0.9999999999990339
