model_name,weigth
arima,1.4364244862702356e-58
eakf_model1,2.1538410612641821e-103
eakf_model2,3.991031201643268e-10
eakf_model3,0.9999999996008969
sarima,1.7001659380420592e-79
