model_name,weigth
arima,2.036347778686671e-11
eakf_model1,2.020182251090566e-11
eakf_model2,0.9999999999594348
eakf_model3,1.5054472489779877e-23
