model_name,weigth
arima,4.939229493956088e-40
eakf_model1,0.9999999999593157
eakf_model2,9.562351592318399e-23
eakf_model3,4.068434350410146e-11
