model_name,weigth
arima,4.8250925074813375e-209
eakf_model1,0.9999999993453927
eakf_model2,6.546047063104096e-10
eakf_model3,2.4819827044592446e-15
sarima,8.482543296300824e-248
