model_name,weigth
arima,6.6841115742487e-113
eakf_model1,1.726716102732058e-10
eakf_model2,0.9999999998273283
eakf_model3,9.347912464133409e-60
