model_name,weigth
arima,5.063928963074968e-37
eakf_model1,0.9999999999800997
eakf_model2,1.2543972637312318e-11
eakf_model3,7.356223807263879e-12
sarima,8.229543224487247e-40
