model_name,weigth
arima,3.2966482381430425e-41
eakf_model1,2.947222950250536e-11
eakf_model2,0.9999999999705278
eakf_model3,5.327937845607176e-28
