model_name,weigth
arima,2.0184582092143333e-29
eakf_model1,1.3760116809788383e-57
eakf_model2,1.9513776320209652e-11
eakf_model3,0.9999999999804863
