model_name,weigth
arima,1.336561252877071e-109
eakf_model1,5.937565914317779e-11
eakf_model2,1.027522997734261e-11
eakf_model3,0.9999999999303493
