model_name,weigth
arima,3.524018763236041e-28
eakf_model1,8.81306017368856e-24
eakf_model2,8.982428378104967e-13
eakf_model3,0.9999999999991017
