model_name,weigth
arima,9.486208392377722e-107
eakf_model1,2.0973281272418614e-10
eakf_model2,0.9999999997902671
eakf_model3,1.1271984656683265e-44
