model_name,weigth
arima,2.8972171351657195e-264
eakf_model1,7.577057969357351e-262
eakf_model2,0.999999989966662
eakf_model3,1.0033337936160505e-08
