model_name,weigth
arima,2.24587199178707e-19
eakf_model1,5.221025183091781e-34
eakf_model2,1.6349416215010034e-12
eakf_model3,1.076216976194242e-15
sarima,0.999999999998364
