model_name,weigth
arima,7.545488935284138e-114
eakf_model1,0.9999999994393118
eakf_model2,5.606881392077563e-10
eakf_model3,4.5826820995491945e-57
