model_name,weigth
arima,3.172722619775091e-127
eakf_model1,0.9999999997453259
eakf_model2,2.5467418067831537e-10
eakf_model3,2.211142852444644e-97
