model_name,weigth
arima,2.8080147114395323e-11
eakf_model1,3.784736862035876e-50
eakf_model2,2.7290548426701555e-16
eakf_model3,0.9999999999719196
