model_name,weigth
arima,3.5e-323
eakf_model1,3.0376896923662405e-08
eakf_model2,0.999999969623103
eakf_model3,2e-323
sarima,3.5e-323
