model_name,weigth
arima,2.5603707707119142e-11
eakf_model1,7.42177470139782e-64
eakf_model2,2.802059076202286e-13
eakf_model3,0.999999999974116
sarima,6.612996901764601e-25
