model_name,weigth
arima,1.1887441171497714e-77
eakf_model1,3.446116149846155e-11
eakf_model2,0.9999999999655388
eakf_model3,5.3599548702003174e-24
