model_name,weigth
arima,1.1366104494636655e-48
eakf_model1,4.35675414657364e-11
eakf_model2,0.9999999999564324
eakf_model3,1.7412540773129715e-41
