model_name,weigth
arima,1.6138187577414726e-70
eakf_model1,0.9999999997153246
eakf_model2,2.8467540375298273e-10
eakf_model3,4.352551677815918e-60
sarima,8.612574630445206e-92
