model_name,weigth
arima,4.4620333228723563e-44
eakf_model1,2.258252662177315e-11
eakf_model2,0.9999999999774167
eakf_model3,8.436572702757935e-16
