model_name,weigth
arima,5.289795293044248e-26
eakf_model1,3.577549747806263e-14
eakf_model2,5.480382181119728e-12
eakf_model3,0.9999999999944839
