model_name,weigth
arima,1e-322
eakf_model1,2e-323
eakf_model2,3.164281266843343e-05
eakf_model3,0.9999683571873315
