model_name,weigth
arima,1.0086660216630459e-72
eakf_model1,2.2624449918724405e-11
eakf_model2,0.9999999999773757
eakf_model3,3.13006677726722e-22
