model_name,weigth
arima,0.9999999984248542
eakf_model1,2e-323
eakf_model2,1.1663217706423203e-36
eakf_model3,1.575145639343401e-09
