model_name,weigth
arima,1.8641205059613608e-34
eakf_model1,2.4902830436804667e-133
eakf_model2,0.9999999997557742
eakf_model3,2.4422567571695875e-10
