model_name,weigth
arima,4.289658751838318e-44
eakf_model1,5.2352251641389416e-11
eakf_model2,0.9999999999476478
eakf_model3,1.4161633398496057e-60
