model_name,weigth
arima,4.398229873710377e-35
eakf_model1,7.55524709386376e-35
eakf_model2,0.9999999998978035
eakf_model3,1.0219653429828267e-10
sarima,5.814183494697882e-36
