model_name,weigth
arima,1.2164178103064085e-11
eakf_model1,3.5045885169024347e-35
eakf_model2,2.9453845491055093e-13
eakf_model3,0.9999999999875413
sarima,1.6876001505078479e-21
