model_name,weigth
arima,8.433448489459089e-11
eakf_model1,7.374191350972524e-110
eakf_model2,1.320381467366058e-28
eakf_model3,0.9999999999156655
