model_name,weigth
arima,7.166041562448192e-72
eakf_model1,6.014559603330045e-11
eakf_model2,0.9999999999398543
eakf_model3,6.871799624235457e-28
