model_name,weigth
arima,0.9999999998633309
eakf_model1,2.1098753187184792e-139
eakf_model2,1.366691220323343e-10
eakf_model3,4.650505780849466e-33
sarima,4.4605845209058086e-20
