model_name,weigth
arima,0.9999999999524272
eakf_model1,7.216269257282041e-99
eakf_model2,7.935988879802386e-23
eakf_model3,4.757288678454972e-11
