model_name,weigth
arima,0.4117381630178688
eakf_model1,2.4288352965948502e-21
eakf_model2,4.9549095911921794e-51
eakf_model3,0.5882618369821311
