model_name,weigth
arima,0.9999999999949245
eakf_model1,2.942190401090772e-23
eakf_model2,1.2950097688256075e-13
eakf_model3,4.9459523834659336e-12
