model_name,weigth
arima,1.5161457429408856e-14
eakf_model1,1.0805698056416517e-12
eakf_model2,1.1906887518109773e-19
eakf_model3,0.9999999999989043
