model_name,weigth
arima,2.9341932222703063e-265
eakf_model1,2.971067617004863e-09
eakf_model2,3.2117199072346197e-205
eakf_model3,0.9999999970289324
