model_name,weigth
arima,2e-323
eakf_model1,0.9999999995837534
eakf_model2,4.1624659471385984e-10
eakf_model3,8.198912885392244e-50
sarima,1.4915012981238407e-182
