model_name,weigth
arima,2e-323
eakf_model1,0.9999997796009565
eakf_model2,3.1436751840437527e-77
eakf_model3,2.2039904331030503e-07
sarima,2e-323
