model_name,weigth
arima,4.41587474e-315
eakf_model1,9.907860324338685e-10
eakf_model2,3.240294289398631e-67
eakf_model3,0.9999999990092139
sarima,8.260393690063836e-155
