model_name,weigth
arima,1e-323
eakf_model1,1.6665850331996179e-09
eakf_model2,4.674295548281054e-38
eakf_model3,0.9999999983334149
