model_name,weigth
arima,0.9999999999934885
eakf_model1,8.410077824384137e-21
eakf_model2,6.5114374483373804e-12
eakf_model3,1.7995329379709606e-22
