model_name,weigth
arima,1e-323
eakf_model1,7.792697722907821e-10
eakf_model2,0.9999999992207302
eakf_model3,9.115186402875122e-41
