model_name,weigth
arima,2.945316396437438e-217
eakf_model1,2.750281064485109e-10
eakf_model2,0.9999999997249718
eakf_model3,2.414322976199907e-16
sarima,6.661241936602251e-178
