model_name,weigth
arima,0.99999999999172
eakf_model1,1.3082723698841518e-16
eakf_model2,8.279797646046497e-12
eakf_model3,2.7701163199213666e-21
