model_name,weigth
arima,0.9999999999802154
eakf_model1,1.9718978348097753e-11
eakf_model2,1.9429392945721346e-20
eakf_model3,6.546870571167416e-14
