model_name,weigth
arima,1.5039702496362326e-12
eakf_model1,3.016947054124716e-16
eakf_model2,2.26510602112675e-22
eakf_model3,3.1119549270339453e-13
sarima,0.9999999999981846
