model_name,weigth
arima,3.1072785343433215e-106
eakf_model1,7.484096950644604e-47
eakf_model2,5.439739924041557e-11
eakf_model3,0.9999999999456026
