model_name,weigth
arima,5.237096571402222e-10
eakf_model1,7.461378661387987e-26
eakf_model2,0.9999999994762904
eakf_model3,3.343167209137964e-30
