model_name,weigth
arima,2.4302574176824505e-20
eakf_model1,3.6471579506737224e-78
eakf_model2,0.9999999998510407
eakf_model3,1.4895931157442207e-10
