model_name,weigth
arima,4e-323
eakf_model1,7.398264951112756e-10
eakf_model2,2.6398227324518216e-49
eakf_model3,0.9999999992601736
