model_name,weigth
arima,2e-323
eakf_model1,7.379281448671232e-15
eakf_model2,0.9999999993877995
eakf_model3,6.121930384591832e-10
sarima,8.041642302824802e-304
