model_name,weigth
arima,9.849001622852355e-76
eakf_model1,2.403503515361257e-29
eakf_model2,2.9318158361873e-11
eakf_model3,0.9999999999706819
sarima,7.633464717492615e-89
