model_name,weigth
arima,7.374049688224002e-38
eakf_model1,4.00246523631861e-12
eakf_model2,3.0082353729599633e-12
eakf_model3,0.9999999999929893
sarima,6.863804130177464e-41
