model_name,weigth
arima,1.771148121723755e-21
eakf_model1,4.5559308824709814e-12
eakf_model2,0.9999999999954279
eakf_model3,1.621384909306987e-14
