model_name,weigth
arima,2.6319834290785055e-69
eakf_model1,2.0162402341712565e-11
eakf_model2,0.9999999999794889
eakf_model3,3.4865482544116383e-13
