model_name,weigth
arima,3.928145615417571e-45
eakf_model1,4.3319679415941995e-13
eakf_model2,9.48173108163953e-12
eakf_model3,0.999999999990085
sarima,7.45865945989095e-33
