model_name,weigth
arima,2e-323
eakf_model1,2.342266349830615e-09
eakf_model2,0.9999999976577336
eakf_model3,1.361293669217824e-209
