model_name,weigth
arima,3.3198669743241665e-120
eakf_model1,1.170750798482158e-113
eakf_model2,2.2599036997966258e-10
eakf_model3,0.9999999997740096
