model_name,weigth
arima,4.178700341888405e-74
eakf_model1,2.901925104978802e-15
eakf_model2,0.9999999999595144
eakf_model3,4.0482601986947815e-11
