model_name,weigth
arima,9.66275824235673e-202
eakf_model1,1.7811037033950768e-24
eakf_model2,4.81104240105894e-10
eakf_model3,0.9999999995188957
sarima,3.7815620896535566e-170
