model_name,weigth
arima,2e-323
eakf_model1,7.416084365123109e-155
eakf_model2,2.081371553779259e-09
eakf_model3,0.9999999979186285
sarima,2e-323
