model_name,weigth
arima,1.1753847577578915e-69
eakf_model1,2.145538389182824e-11
eakf_model2,0.9999999999785102
eakf_model3,3.445030107934933e-14
