model_name,weigth
arima,1.3417256301515107e-132
eakf_model1,8.958558149535071e-11
eakf_model2,4.664601349718869e-11
eakf_model3,0.9999999998637683
