model_name,weigth
arima,5.1161709538482e-181
eakf_model1,4.867936347651788e-64
eakf_model2,1.368067766858334e-10
eakf_model3,0.9999999998631932
