model_name,weigth
arima,1.0936436127550387e-85
eakf_model1,5.7100795401293826e-12
eakf_model2,2.425288695122047e-38
eakf_model3,1.0844147676967928e-17
sarima,0.9999999999942899
