model_name,weigth
arima,7.758770484701628e-127
eakf_model1,5.779539719631201e-12
eakf_model2,8.88356343565567e-30
eakf_model3,0.9999999999942204
sarima,2.175585050748961e-24
