model_name,weigth
arima,6.0026914561376484e-61
eakf_model1,3.785677930676393e-12
eakf_model2,2.147892003180573e-29
eakf_model3,0.9999999999962141
sarima,2.4560069596904394e-34
