model_name,weigth
arima,0.0
eakf_model1,2.0450144214660123e-10
eakf_model2,5.127886469553224e-94
eakf_model3,0.9999999997954985
sarima,2.0268910001772624e-27
