model_name,weigth
arima,0.0
eakf_model1,0.9999999961891248
eakf_model2,2.77804878097755e-55
eakf_model3,3.810875075608022e-09
sarima,0.0
