model_name,weigth
arima,1.5874978557150133e-151
eakf_model1,0.999999999907843
eakf_model2,2.4513487587594694e-38
eakf_model3,9.215690306180786e-11
sarima,2.9016108716080033e-161
