model_name,weigth
arima,2.9266770853037636e-130
eakf_model1,0.9999999979800245
eakf_model2,2.019763179500134e-09
eakf_model3,2.123529380211044e-13
sarima,2.8983109544672153e-37
