model_name,weigth
arima,0.0
eakf_model1,0.9999999997203194
eakf_model2,2.879379718281296e-35
eakf_model3,2.796806043717637e-10
sarima,0.0
