model_name,weigth
arima,1.3099553922217169e-132
eakf_model1,2.1481035609341928e-10
eakf_model2,6.712365609132096e-12
eakf_model3,0.9999999997784772
sarima,1e-323
