model_name,weigth
arima,3.090348333175863e-224
eakf_model1,0.9999999999404443
eakf_model2,8.573166682901073e-47
eakf_model3,5.95555846822442e-11
sarima,3.2424278301913993e-299
