model_name,weigth
arima,0.0
eakf_model1,0.9999999997372595
eakf_model2,5.783914679835181e-14
eakf_model3,2.6268250423261504e-10
sarima,0.0
