model_name,weigth
arima,1.2368143913619766e-92
eakf_model1,3.393768709581334e-11
eakf_model2,7.229106080084256e-43
eakf_model3,0.9999999999660623
sarima,8.591736851859539e-170
