model_name,weigth
arima,8.941631935644972e-242
eakf_model1,7.798016315923283e-11
eakf_model2,5.5200853682523654e-39
eakf_model3,0.9999999999220198
sarima,2.6208361605546903e-260
