model_name,weigth
arima,1e-323
eakf_model1,0.9999999974597676
eakf_model2,2.5402322702194337e-09
eakf_model3,4.467301691846559e-61
sarima,0.0
