model_name,weigth
arima,0.0
eakf_model1,0.9999999996439295
eakf_model2,3.560704825865394e-10
eakf_model3,9.65138419573122e-18
sarima,0.0
