model_name,weigth
arima,3.867927481688254e-142
eakf_model1,6.730070819878133e-11
eakf_model2,1.1243580983741575e-26
eakf_model3,0.9999999999326992
sarima,3.867927481688254e-142
