model_name,weigth
arima,5e-324
eakf_model1,3.999970259538623e-09
eakf_model2,5.645893132045392e-158
eakf_model3,0.9999999960000296
sarima,5e-324
