model_name,weigth
arima,0.0
eakf_model1,8.670507549294619e-10
eakf_model2,1.9768939747103224e-38
eakf_model3,0.9999999991329491
sarima,0.0
