model_name,weigth
arima,2.2629240634774933e-113
eakf_model1,3.400640764796883e-11
eakf_model2,0.9999999999657629
eakf_model3,2.3057067862876287e-13
sarima,4.3134774547096454e-275
