model_name,weigth
arima,1.9568343769721287e-272
eakf_model1,2.306692553024589e-10
eakf_model2,8.713842621762474e-53
eakf_model3,0.9999999997693307
sarima,2.3179094840176926e-222
