model_name,weigth
arima,1.876683804816601e-120
eakf_model1,1.4720867019007837e-11
eakf_model2,1.5738636343943477e-15
eakf_model3,0.9999999999852776
sarima,1.3796258743118812e-181
