model_name,weigth
arima,0.0
eakf_model1,0.9999999998755378
eakf_model2,1.2446213414778727e-10
eakf_model3,9.530792721157338e-39
sarima,0.0
