model_name,weigth
arima,3.2755569855744195e-204
eakf_model1,0.9999999999788243
eakf_model2,2.117561159204555e-11
eakf_model3,4.894718149133193e-26
sarima,4.6007295861501435e-186
