model_name,weigth
arima,7.101246830253845e-219
eakf_model1,0.9999999998679902
eakf_model2,3.1349166268410787e-54
eakf_model3,1.3200982755149636e-10
sarima,3.6694147897049985e-191
