model_name,weigth
arima,4.770070086144244e-37
eakf_model1,0.9999999999975088
eakf_model2,1.3082548850541428e-13
eakf_model3,2.3587446251208136e-12
sarima,1.7573284470717653e-15
