model_name,weigth
arima,0.0
eakf_model1,0.9999999995874485
eakf_model2,4.125515059921027e-10
eakf_model3,2.2823824688809353e-33
sarima,0.0
