model_name,weigth
arima,1.0438232819511524e-253
eakf_model1,0.9999999999712041
eakf_model2,5.699868784834329e-19
eakf_model3,2.879572911199317e-11
sarima,8.362149898408066e-269
