model_name,weigth
arima,3.1387446918169035e-179
eakf_model1,0.9999999999764317
eakf_model2,2.3568147505203072e-11
eakf_model3,1.2424620553216401e-30
sarima,1.943823260438703e-137
