model_name,weigth
arima,1.65877734285176e-310
eakf_model1,0.9999999999593592
eakf_model2,4.0618198406986624e-11
eakf_model3,2.2490918128836396e-14
sarima,0.0
