model_name,weigth
arima,1.6875555318684455e-197
eakf_model1,0.9999999999161528
eakf_model2,8.384698003463263e-11
eakf_model3,1.0054259927992486e-32
sarima,7.447954846318126e-136
