model_name,weigth
arima,0.0
eakf_model1,5.627734366960365e-10
eakf_model2,0.9999999994372266
eakf_model3,3.9586484303167575e-41
sarima,8.023858685648466e-250
