model_name,weigth
arima,2.01351889290896e-102
eakf_model1,0.9999999999402311
eakf_model2,1.1274961195909319e-17
eakf_model3,5.976879689954363e-11
sarima,4.872667402018027e-77
