model_name,weigth
arima,3.648487089344829e-75
eakf_model1,0.9999999999863886
eakf_model2,2.858147743987043e-28
eakf_model3,1.3611455829091216e-11
sarima,8.610026006676938e-34
