model_name,weigth
arima,1.837190993446303e-176
eakf_model1,3.662526610282249e-10
eakf_model2,6.682898835581613e-71
eakf_model3,0.9999999996337472
sarima,4.269041977383042e-143
