model_name,weigth
arima,5.4966658593979586e-104
eakf_model1,1.5538674422727462e-10
eakf_model2,8.647746985432816e-54
eakf_model3,0.9999999998446132
sarima,4.02690012904006e-83
