model_name,weigth
arima,1.0575129282014889e-195
eakf_model1,0.9999999998833993
eakf_model2,2.1384209881068645e-37
eakf_model3,1.166006648502025e-10
sarima,4.5188566066435005e-114
