model_name,weigth
arima,0.0
eakf_model1,6.464928511997648e-10
eakf_model2,1.1190951309988037e-28
eakf_model3,0.999999999353507
sarima,0.0
