model_name,weigth
arima,1.5e-323
eakf_model1,0.9999999997879161
eakf_model2,2.2911516968618165e-11
eakf_model3,1.8917239456448744e-10
sarima,1.557644655509813e-218
