model_name,weigth
arima,2.9400286664134287e-83
eakf_model1,8.361374072241611e-12
eakf_model2,0.9999999999907936
eakf_model3,8.449207244052428e-13
sarima,4.1208977617498775e-67
