model_name,weigth
arima,2.2354250482177814e-177
eakf_model1,4.750951880118562e-11
eakf_model2,0.9999999999524646
eakf_model3,2.5746626888097486e-14
sarima,1.2454020152221274e-171
