model_name,weigth
arima,1.192099371666383e-64
eakf_model1,3.8951299359348355e-12
eakf_model2,3.0425485856513e-15
eakf_model3,0.9999999999961018
sarima,6.974741995633917e-46
