model_name,weigth
arima,5.878892742184691e-96
eakf_model1,1.309790598905059e-11
eakf_model2,0.9999999999868775
eakf_model3,2.4554476286097796e-14
sarima,3.570711760279512e-86
