model_name,weigth
arima,1.7103170843644756e-252
eakf_model1,1.2592608964000402e-66
eakf_model2,1.0040524221238795e-10
eakf_model3,0.9999999998995948
sarima,1.6501036868398202e-40
