model_name,weigth
arima,8.819760988078669e-72
eakf_model1,4.348188595857395e-12
eakf_model2,1.3701847408944604e-25
eakf_model3,0.9999999999956517
sarima,1.8046307227816452e-57
