model_name,weigth
arima,3e-323
eakf_model1,7.487387077417006e-11
eakf_model2,0.9999999992454557
eakf_model3,6.796704832286758e-10
sarima,3e-323
