model_name,weigth
arima,2.0029789377057512e-103
eakf_model1,1.063843914055114e-12
eakf_model2,3.8661381961774234e-11
eakf_model3,0.9999999999602747
sarima,8.863764007775896e-51
