model_name,weigth
arima,5.741781042302691e-214
eakf_model1,8.786633911964268e-11
eakf_model2,5.192534979669842e-61
eakf_model3,0.9999999999121336
sarima,7.095223414888554e-201
