model_name,weigth
arima,9.808140861675488e-93
eakf_model1,2.8644937279510757e-11
eakf_model2,1.7573932527446424e-14
eakf_model3,0.9999999999713374
sarima,4.9236430758881256e-70
