model_name,weigth
arima,3e-323
eakf_model1,0.9999999992779744
eakf_model2,8.201952270226581e-11
eakf_model3,6.400059703590163e-10
sarima,1.6708023865054126e-298
