model_name,weigth
arima,1.0233771376477998e-104
eakf_model1,4.603497901385573e-13
eakf_model2,2.007803600781675e-11
eakf_model3,0.9999999999794615
sarima,5.3676210402262624e-42
