model_name,weigth
arima,7.610017304951544e-191
eakf_model1,1.9210757872633555e-59
eakf_model2,7.346285083545383e-11
eakf_model3,0.999999999926537
sarima,7.163282547674376e-40
