model_name,weigth
arima,8.042355661118758e-293
eakf_model1,0.9999999997401432
eakf_model2,5.352153473415864e-32
eakf_model3,2.59856717750932e-10
sarima,2.091595457782682e-207
