model_name,weigth
arima,3e-323
eakf_model1,2.2e-322
eakf_model2,1.7827854506502973e-07
eakf_model3,0.9999998217214549
sarima,3e-323
