model_name,weigth
arima,5.706318180645225e-148
eakf_model1,3.3968925895183196e-26
eakf_model2,4.838712005381507e-11
eakf_model3,0.9999999999516127
sarima,3.4079409319748413e-65
