model_name,weigth
arima,5.845528348622199e-113
eakf_model1,2.048208265645012e-42
eakf_model2,0.9999999999581064
eakf_model3,4.189351094083973e-11
sarima,2.441106345234292e-30
