model_name,weigth
arima,4.9569467321026394e-102
eakf_model1,1.2745053778521878e-10
eakf_model2,0.9999999998725494
eakf_model3,2.9826649434693925e-21
sarima,4.214191898054709e-90
