model_name,weigth
arima,1.5e-323
eakf_model1,8.002973448564016e-207
eakf_model2,0.999999999452277
eakf_model3,5.47722970245371e-10
sarima,7.027971108188936e-117
