model_name,weigth
arima,1.5e-323
eakf_model1,2.8079773908142053e-125
eakf_model2,4.648393982422378e-10
eakf_model3,0.9999999995351605
sarima,2.008284912256018e-140
