model_name,weigth
arima,1.8282444763660334e-211
eakf_model1,1.19997778567927e-35
eakf_model2,0.9999999996188904
eakf_model3,3.811094145307268e-10
sarima,9.026920291621404e-100
