model_name,weigth
arima,6.807781913405339e-145
eakf_model1,0.99999999971826
eakf_model2,2.817397893922822e-10
eakf_model3,1.162379040713376e-50
sarima,3.86386144190777e-153
