model_name,weigth
arima,2.677655095040901e-85
eakf_model1,0.9999999999489464
eakf_model2,4.8465150699437114e-11
eakf_model3,2.5884771882275242e-12
sarima,3.874496798940201e-69
