model_name,weigth
arima,2.857958610638667e-41
eakf_model1,6.509369867223931e-25
eakf_model2,2.979759337002799e-21
eakf_model3,1.3694171492510367e-11
sarima,0.9999999999863056
