model_name,weigth
arima,1.1242717526624553e-102
eakf_model1,1.080519573671915e-10
eakf_model2,0.999999999891948
eakf_model3,2.0664895021641234e-25
sarima,1.44026853103278e-78
