model_name,weigth
arima,4.107561015546797e-34
eakf_model1,0.999999999991375
eakf_model2,8.624913573983218e-12
eakf_model3,4.1345177154326866e-20
sarima,2.737022007221107e-24
