model_name,weigth
arima,3.047108858045958e-51
eakf_model1,0.9999999999814885
eakf_model2,1.8511550562118695e-11
eakf_model3,1.5904419102119555e-36
sarima,2.7236901251924708e-48
