model_name,weigth
arima,3e-323
eakf_model1,1.5755259767217982e-09
eakf_model2,0.999999998424474
eakf_model3,5.573954358148848e-140
sarima,3e-323
