model_name,weigth
arima,5.4284258331540685e-40
eakf_model1,0.9999999999822643
eakf_model2,9.148378842773775e-16
eakf_model3,9.959594560825113e-13
sarima,1.6738735059493058e-11
