model_name,weigth
arima,1.678719970270966e-48
eakf_model1,0.9999999999207569
eakf_model2,7.924302266997595e-11
eakf_model3,5.219910685085114e-29
sarima,7.536894438915765e-56
