model_name,weigth
arima,5.204400575418493e-95
eakf_model1,7.130884969220698e-113
eakf_model2,5.98714459106674e-10
eakf_model3,0.9999999994012855
sarima,1.0806768581188593e-101
