model_name,weigth
arima,6.949430235865909e-167
eakf_model1,1.2666520043853592e-49
eakf_model2,3.804644327722585e-10
eakf_model3,0.9999999996195356
sarima,1.0577259326024641e-224
