model_name,weigth
arima,1.5829804498437854e-59
eakf_model1,0.99999999995161
eakf_model2,4.832095058600084e-11
eakf_model3,6.887162320414788e-14
sarima,7.365894358387477e-65
