model_name,weigth
arima,1.5712161193639638e-57
eakf_model1,4.586235051063254e-34
eakf_model2,8.15697236240885e-11
eakf_model3,0.9999999999184301
sarima,7.532299099991898e-62
