model_name,weigth
arima,3.553340804270156e-209
eakf_model1,2.878491775133995e-273
eakf_model2,0.9999999961257495
eakf_model3,3.874250331397901e-09
sarima,2.935137768730326e-230
