model_name,weigth
arima,1.0107254615278276e-11
eakf_model1,2.872561345651013e-50
eakf_model2,5.275287535983435e-14
eakf_model3,2.3204541686503823e-13
sarima,0.9999999999896079
