model_name,weigth
arima,1.0204827450201262e-16
eakf_model1,1.3866740872932902e-33
eakf_model2,1.941367270382749e-14
eakf_model3,2.844744191120369e-12
sarima,0.9999999999971356
