model_name,weigth
arima,6.193752722824319e-37
eakf_model1,0.9999999999137514
eakf_model2,8.624863339509111e-11
eakf_model3,9.587140791765645e-19
sarima,1.1143364451227073e-52
