model_name,weigth
arima,3e-323
eakf_model1,1.9040183433495854e-09
eakf_model2,0.9999999980959816
eakf_model3,4.570104486049385e-161
sarima,7.506875402646986e-295
