model_name,weigth
arima,0.9999999982167922
eakf_model1,1.0333657926369075e-37
eakf_model2,4.34660583007394e-26
eakf_model3,1.7832077247163732e-09
sarima,1.6403966853276418e-104
