model_name,weigth
arima,1.7065893403119497e-230
eakf_model1,2.0603347068819593e-10
eakf_model2,1.1412763148340185e-58
eakf_model3,0.9999999997939664
sarima,1.9272424086582207e-131
