model_name,weigth
arima,9.867283310839843e-12
eakf_model1,1.7782358868514436e-20
eakf_model2,4.533679651983404e-52
eakf_model3,4.3906151901922617e-20
sarima,0.9999999999901327
