model_name,weigth
arima,5.44234470647331e-256
eakf_model1,2.0461323670380953e-10
eakf_model2,0.9999999997953868
eakf_model3,5.643881916318711e-18
sarima,3.735102857539115e-179
