model_name,weigth
arima,9.67268297954726e-17
eakf_model1,1.2463898428545534e-25
eakf_model2,7.067766982726126e-14
eakf_model3,1.5497634372116866e-12
sarima,0.9999999999983793
