model_name,weigth
arima,1.3562258174092317e-12
eakf_model1,8.2730980245732415e-19
eakf_model2,6.068782357111764e-19
eakf_model3,2.906492386015641e-13
sarima,0.9999999999983531
