model_name,weigth
arima,1.88566717787889e-12
eakf_model1,1.4637932890366248e-16
eakf_model2,1.0902155723607249e-22
eakf_model3,3.950133055949326e-15
sarima,0.9999999999981102
