model_name,weigth
arima,5.1168104982446623e-284
eakf_model1,0.9999999995886903
eakf_model2,5.8768324346208096e-12
eakf_model3,4.054328458637563e-10
sarima,8.280019363496782e-213
