model_name,weigth
arima,1.5910476677341744e-193
eakf_model1,2.092109585698155e-10
eakf_model2,2.4813671387758053e-23
eakf_model3,0.999999999790789
sarima,8.243679531570014e-154
