model_name,weigth
arima,7.83608839506393e-140
eakf_model1,2.374814501210966e-38
eakf_model2,1.0750884142435554e-10
eakf_model3,0.9999999998924911
sarima,1.49130719824326e-145
