model_name,weigth
arima,3.153560804485279e-64
eakf_model1,2.7267492335883182e-27
eakf_model2,4.362822010809018e-11
eakf_model3,0.9999999999563718
sarima,2.660715359770508e-25
