model_name,weigth
arima,1.5e-323
eakf_model1,0.999999999427817
eakf_model2,5.721829966513401e-10
eakf_model3,2.5933815718007614e-28
sarima,1.269089117006861e-273
