model_name,weigth
arima,1.0472046359437936e-36
eakf_model1,4.17058797146735e-12
eakf_model2,2.665102160571971e-12
eakf_model3,0.9999999999931644
sarima,3.4114666794781615e-35
