model_name,weigth
arima,4.931030337375647e-309
eakf_model1,5.524314186593182e-11
eakf_model2,2.3725347882461987e-19
eakf_model3,0.9999999999447569
