model_name,weigth
arima,6.795301282075233e-34
eakf_model1,1.0858431622672589e-12
eakf_model2,0.9999999999989141
eakf_model3,5.221962400109424e-22
