model_name,weigth
arima,1.5281023893413057e-32
eakf_model1,3.184639865916746e-12
eakf_model2,0.9999999999968151
eakf_model3,1.7491395301904441e-16
