model_name,weigth
arima,4.993309266691429e-58
eakf_model1,4.80221850574616e-13
eakf_model2,3.679110467363571e-20
eakf_model3,1.0229721123462153e-12
sarima,0.9999999999984968
