model_name,weigth
arima,7.502935214573375e-32
eakf_model1,1.534086602075875e-12
eakf_model2,0.9999999999984659
eakf_model3,2.9688010265873915e-18
sarima,1.5512940446513053e-61
