model_name,weigth
arima,2.801633988865228e-224
eakf_model1,7.492097944450741e-11
eakf_model2,3.179159105891666e-20
eakf_model3,0.9999999999250789
