model_name,weigth
arima,1.578260884841441e-160
eakf_model1,1.5830285616372032e-11
eakf_model2,0.9999999999841697
eakf_model3,1.1257388861118226e-27
