model_name,weigth
arima,2.9278748812384403e-22
eakf_model1,7.837740933409018e-13
eakf_model2,0.9999999999992162
eakf_model3,1.6684236753886454e-21
