model_name,weigth
arima,7.87092022308681e-78
eakf_model1,1.4657876869389326e-10
eakf_model2,0.9999999998534211
eakf_model3,1.6771316751156512e-40
