model_name,weigth
arima,0.0
eakf_model1,3.1493806980506566e-09
eakf_model2,0.9999999968506192
eakf_model3,2.095700970346366e-23
