model_name,weigth
arima,9.66926248893176e-21
eakf_model1,1.5456413521988915e-12
eakf_model2,0.9999999999984543
eakf_model3,1.1910787802738378e-22
sarima,4.384311407466644e-38
