model_name,weigth
arima,8.805309465964812e-103
eakf_model1,0.9999999999911903
eakf_model2,2.2188427767406323e-34
eakf_model3,8.809716030342921e-12
