model_name,weigth
arima,5.123105913021305e-105
eakf_model1,0.9999999999767362
eakf_model2,3.0724607618259706e-34
eakf_model3,2.326378423032517e-11
sarima,1.382695162082818e-169
