model_name,weigth
arima,2.687825858926658e-74
eakf_model1,0.9999999999893624
eakf_model2,1.79479772970735e-31
eakf_model3,1.0637537843964105e-11
sarima,3.3091640435400428e-139
