model_name,weigth
arima,0.0
eakf_model1,1.3921083390530404e-09
eakf_model2,0.9999999986078916
eakf_model3,2.5138785290589496e-48
