model_name,weigth
arima,0.0
eakf_model1,4.981832354008838e-10
eakf_model2,0.9999999995018167
eakf_model3,8.785649486367016e-47
sarima,0.0
