model_name,weigth
arima,3.5592530727930454e-243
eakf_model1,0.9999999999961469
eakf_model2,4.426069590703765e-24
eakf_model3,3.853194159403309e-12
