model_name,weigth
arima,0.0
eakf_model1,3.092993514174767e-10
eakf_model2,0.9999999996907005
eakf_model3,5.038101683219273e-27
sarima,0.0
