model_name,weigth
arima,1.0383612913786008e-28
eakf_model1,2.612400590635338e-12
eakf_model2,0.9999999999973875
eakf_model3,1.3558821319405935e-20
