model_name,weigth
arima,4.999068894662936e-16
eakf_model1,3.2769512918176733e-13
eakf_model2,8.450122655908362e-12
eakf_model3,0.9999999999912215
