model_name,weigth
arima,2.3063509474920278e-122
eakf_model1,0.99999999999245
eakf_model2,2.345815755430368e-33
eakf_model3,7.549874460169248e-12
