model_name,weigth
arima,4.762891893490384e-294
eakf_model1,0.9999999999754778
eakf_model2,9.644971391325548e-31
eakf_model3,2.4522124631187496e-11
