model_name,weigth
arima,0.0
eakf_model1,0.9999999999621954
eakf_model2,3.780461337200016e-11
eakf_model3,5.0215046431508897e-23
