model_name,weigth
arima,1.2045900767006327e-73
eakf_model1,0.999999999993906
eakf_model2,3.956722611505668e-21
eakf_model3,6.094036872912663e-12
sarima,8.183854546073949e-138
