model_name,weigth
arima,2.7479353023644952e-81
eakf_model1,0.9999999999504529
eakf_model2,6.130658636697235e-14
eakf_model3,4.948581977984383e-11
sarima,2.7872392783782604e-60
