model_name,weigth
arima,0.0
eakf_model1,0.9999999980109753
eakf_model2,1.9890245373224306e-09
eakf_model3,2.0612280510997875e-67
sarima,0.0
