model_name,weigth
arima,0.0
eakf_model1,3.6849331716484026e-24
eakf_model2,0.999999999445382
eakf_model3,5.5461791574873e-10
