model_name,weigth
arima,1.623111937884778e-287
eakf_model1,0.9999999994362118
eakf_model2,1.3002023472684353e-177
eakf_model3,5.637882041341106e-10
sarima,1e-323
