model_name,weigth
arima,8.217654991105958e-219
eakf_model1,0.9999999999796224
eakf_model2,7.835785844684277e-21
eakf_model3,2.0377563857307723e-11
