model_name,weigth
arima,5.1660324741570406e-169
eakf_model1,8.821664252486918e-11
eakf_model2,1.0969486952406848e-66
eakf_model3,0.9999999999117833
sarima,2.864395212414901e-245
