model_name,weigth
arima,2.080240205983846e-57
eakf_model1,0.9999999999966749
eakf_model2,3.325011965649628e-12
eakf_model3,4.985928515692116e-20
