model_name,weigth
arima,1.8898679968652147e-17
eakf_model1,0.9999999999985835
eakf_model2,1.3776183373182977e-12
eakf_model3,3.88451750635782e-14
