model_name,weigth
arima,8.612240282812477e-274
eakf_model1,1.6648384464299537e-11
eakf_model2,2.942895759847392e-11
eakf_model3,0.9999999999539225
sarima,3.359376248655146e-135
