model_name,weigth
arima,1.0085693588809975e-59
eakf_model1,0.9999999999961612
eakf_model2,3.838699790857322e-12
eakf_model3,1.6766576747314393e-21
