model_name,weigth
arima,0.0
eakf_model1,0.999999999772496
eakf_model2,2.2750396751600877e-10
eakf_model3,1.7865598148570917e-30
