model_name,weigth
arima,0.0
eakf_model1,1.6e-322
eakf_model2,0.999996465709946
eakf_model3,3.5342900539482856e-06
