model_name,weigth
arima,0.0
eakf_model1,9.163459304677011e-10
eakf_model2,3.5660084983021955e-18
eakf_model3,0.9999999990836539
sarima,0.0
