model_name,weigth
arima,0.0
eakf_model1,7.71089463126769e-11
eakf_model2,7.947190562020047e-51
eakf_model3,0.999999999922891
