model_name,weigth
arima,1.72679568113306e-37
eakf_model1,0.9999999999989668
eakf_model2,7.151059105589932e-13
eakf_model3,3.1806599856705024e-13
