model_name,weigth
arima,1e-323
eakf_model1,4.476008826513673e-10
eakf_model2,1.3820518986605863e-208
eakf_model3,0.999999999552399
