model_name,weigth
arima,1.5e-323
eakf_model1,0.9999999988323564
eakf_model2,6.401071094846542e-18
eakf_model3,1.1676435195163027e-09
