model_name,weigth
arima,2.3296517345701906e-115
eakf_model1,6.412954890791529e-11
eakf_model2,4.980801327976425e-100
eakf_model3,0.9999999999358704
