model_name,weigth
arima,3.7969510948974965e-205
eakf_model1,7.071025754500854e-11
eakf_model2,1.1491539789860283e-79
eakf_model3,0.9999999999292896
