model_name,weigth
arima,0.0
eakf_model1,1.841529877894323e-10
eakf_model2,6.177463654212794e-11
eakf_model3,0.9999999997540723
