model_name,weigth
arima,1.5976081860661071e-71
eakf_model1,0.9999999999944935
eakf_model2,5.506402399492034e-12
eakf_model3,1.4172557836466761e-27
