model_name,weigth
arima,1.3873487454766139e-84
eakf_model1,5.418614372051547e-11
eakf_model2,1.0788625343095259e-76
eakf_model3,0.9999999999458138
sarima,3.37334489492998e-164
