model_name,weigth
arima,8.507792980687604e-219
eakf_model1,3.198831928604579e-11
eakf_model2,2.1721615542905036e-13
eakf_model3,0.9999999999677944
sarima,0.0
