model_name,weigth
arima,0.0
eakf_model1,4.079183620723078e-10
eakf_model2,1.6910584898375274e-17
eakf_model3,0.9999999995920815
