model_name,weigth
arima,1.3886594982633229e-65
eakf_model1,0.9999999999877581
eakf_model2,1.7922486721403233e-22
eakf_model3,1.2241696691748762e-11
