model_name,weigth
arima,1.5e-323
eakf_model1,0.9999999998275326
eakf_model2,1.706155777390497e-10
eakf_model3,1.8517585141059063e-12
