model_name,weigth
arima,0.0
eakf_model1,0.9999999996457077
eakf_model2,3.542922518986661e-10
eakf_model3,6.683662056033988e-17
sarima,0.0
