model_name,weigth
arima,2.261892435287141e-113
eakf_model1,0.9999999999914478
eakf_model2,3.0526173677978684e-21
eakf_model3,8.55218672432326e-12
