model_name,weigth
arima,0.0
eakf_model1,1.2679320381072902e-09
eakf_model2,0.9999999987320678
eakf_model3,5.0979825854537265e-33
sarima,0.0
