model_name,weigth
arima,1.311369232896669e-109
eakf_model1,0.9999999999946391
eakf_model2,9.488547619705329e-20
eakf_model3,5.360860289307674e-12
