model_name,weigth
arima,5.706765901034444e-229
eakf_model1,1.0175777309974168e-10
eakf_model2,2.9774925411837584e-65
eakf_model3,0.9999999998982422
sarima,5.706765901034444e-229
