model_name,weigth
arima,0.0
eakf_model1,3.655884690080325e-10
eakf_model2,0.9999999996344116
eakf_model3,7.79775400261167e-33
