model_name,weigth
arima,0.0
eakf_model1,5.4507830737268965e-09
eakf_model2,0.9999999945491569
eakf_model3,6.000218833437927e-14
sarima,0.0
