model_name,weigth
arima,1.578466097086049e-194
eakf_model1,0.9999999999933572
eakf_model2,8.808816992516328e-23
eakf_model3,6.642701046675858e-12
