model_name,weigth
arima,0.0
eakf_model1,3.0580839600745613e-09
eakf_model2,4.0365720780249674e-10
eakf_model3,0.9999999965382587
sarima,0.0
