model_name,weigth
arima,1.5749039548666184e-62
eakf_model1,0.9999999999868938
eakf_model2,3.1514875254129806e-26
eakf_model3,1.310602607290305e-11
