model_name,weigth
arima,2.7765867566570523e-202
eakf_model1,2.9517897490732476e-15
eakf_model2,1.0299891451726868e-11
eakf_model3,0.999999999989697
