model_name,weigth
arima,0.0
eakf_model1,2.822141177121582e-08
eakf_model2,1.266618572905777e-181
eakf_model3,0.9999999717785881
