model_name,weigth
arima,1e-323
eakf_model1,1.1282824521589671e-14
eakf_model2,2.722558366692337e-10
eakf_model3,0.9999999997277329
