model_name,weigth
arima,1e-323
eakf_model1,0.9999999997676567
eakf_model2,2.063712292365834e-110
eakf_model3,2.3234316810189494e-10
