model_name,weigth
arima,1.3426999910996557e-207
eakf_model1,6.000537446205328e-11
eakf_model2,8.804001079305129e-14
eakf_model3,0.9999999999399065
sarima,6.630236693643611e-163
