model_name,weigth
arima,0.0
eakf_model1,6.225147621133241e-11
eakf_model2,0.999999999937748
eakf_model3,4.702663601658758e-16
