model_name,weigth
arima,4.910244652793936e-250
eakf_model1,1.961349897368478e-11
eakf_model2,1.1716685707733725e-36
eakf_model3,0.9999999999803865
