model_name,weigth
arima,1.5e-323
eakf_model1,3.0551589845351414e-08
eakf_model2,3e-323
eakf_model3,0.9999999694484101
