model_name,weigth
arima,1.1603220762468233e-146
eakf_model1,4.74024500239828e-11
eakf_model2,3.6008890142467734e-21
eakf_model3,0.9999999999525975
