model_name,weigth
arima,0.0
eakf_model1,3.4463026836197026e-131
eakf_model2,5.056337861621466e-10
eakf_model3,0.9999999994943661
