model_name,weigth
arima,6.961818055083092e-202
eakf_model1,1.7022759929839967e-10
eakf_model2,2.846395611590734e-28
eakf_model3,0.9999999998297723
sarima,1.3952737855704623e-161
