model_name,weigth
arima,2.6812213264903006e-190
eakf_model1,9.192229158776952e-12
eakf_model2,5.31231868543621e-28
eakf_model3,0.9999999999908077
