model_name,weigth
arima,0.0
eakf_model1,1.7449075794010855e-10
eakf_model2,7.69812517148147e-58
eakf_model3,0.9999999998255092
sarima,0.0
