model_name,weigth
arima,4.680564333236934e-307
eakf_model1,0.9999999996179556
eakf_model2,8.671766260677395e-26
eakf_model3,3.8204437006000677e-10
sarima,1.0864593772124435e-285
