model_name,weigth
arima,0.0
eakf_model1,4.963904472759634e-11
eakf_model2,1.4975430666377194e-59
eakf_model3,0.9999999999503608
