model_name,weigth
arima,1e-323
eakf_model1,0.9999987253841081
eakf_model2,3e-323
eakf_model3,1.2746158918604014e-06
