model_name,weigth
arima,1.5e-323
eakf_model1,8.696850638877909e-11
eakf_model2,2.6062398179963523e-24
eakf_model3,0.9999999999130316
