model_name,weigth
arima,2.5226167012156705e-130
eakf_model1,2.1275495088105366e-11
eakf_model2,6.590319005626535e-20
eakf_model3,0.9999999999787244
