model_name,weigth
arima,1e-323
eakf_model1,1.9929537998539026e-08
eakf_model2,5e-323
eakf_model3,0.9999999800704618
