model_name,weigth
arima,0.0
eakf_model1,3.941420999866068e-10
eakf_model2,0.9999999996058578
eakf_model3,5.3103852318431266e-55
sarima,0.0
