model_name,weigth
arima,0.0
eakf_model1,0.9999999999196233
eakf_model2,7.181604186164921e-37
eakf_model3,8.037663440733385e-11
