model_name,weigth
arima,0.0
eakf_model1,0.9999999999701981
eakf_model2,2.980189674190211e-11
eakf_model3,4.1002624385807315e-37
