model_name,weigth
arima,4.213852104027663e-176
eakf_model1,0.999999999996158
eakf_model2,3.841892033257921e-12
eakf_model3,2.3597964172744723e-24
