model_name,weigth
arima,0.0
eakf_model1,2.8131865508364696e-10
eakf_model2,2.3041850858528158e-09
eakf_model3,0.9999999974144962
