model_name,weigth
arima,0.0
eakf_model1,0.999999999940134
eakf_model2,7.223555922814287e-14
eakf_model3,5.97937044750172e-11
sarima,0.0
