model_name,weigth
arima,1.6269292837935805e-125
eakf_model1,5.612688551231843e-11
eakf_model2,1.645844579755448e-29
eakf_model3,0.9999999999438731
sarima,1.20510869386857e-80
