model_name,weigth
arima,6.210055053942111e-79
eakf_model1,0.9999999999916245
eakf_model2,4.188335817838689e-21
eakf_model3,8.375472058231578e-12
sarima,2.108311873243371e-37
