model_name,weigth
arima,0.0
eakf_model1,7.4e-323
eakf_model2,0.002058342094860214
eakf_model3,0.9979416579051397
