model_name,weigth
arima,0.0
eakf_model1,0.999999999733069
eakf_model2,2.6693101302189414e-10
eakf_model3,5.0300159745931355e-28
