model_name,weigth
arima,0.0
eakf_model1,0.9999999999509122
eakf_model2,3.4398910751971237e-13
eakf_model3,4.874380816227239e-11
