model_name,weigth
arima,0.0
eakf_model1,0.9999999974916052
eakf_model2,2.5083948393298335e-09
eakf_model3,1.2016807314886251e-118
sarima,0.0
