model_name,weigth
arima,3.3371202478824127e-147
eakf_model1,0.9999999999966944
eakf_model2,3.3055911213406003e-12
eakf_model3,3.5135558268308686e-25
