model_name,weigth
arima,0.0
eakf_model1,0.9999999998896402
eakf_model2,3.55577633405395e-17
eakf_model3,1.1035976884531832e-10
sarima,0.0
