model_name,weigth
arima,2.6248474523266427e-19
eakf_model1,0.9999999999993967
eakf_model2,4.199883584775107e-24
eakf_model3,6.033030446258092e-13
