model_name,weigth
arima,3.0068723036988216e-146
eakf_model1,1.704905698047467e-11
eakf_model2,1.2858161314872e-29
eakf_model3,0.9999999999829509
