model_name,weigth
arima,1.5e-323
eakf_model1,0.9999999721165816
eakf_model2,8.4e-323
eakf_model3,2.7883418197816316e-08
sarima,3e-323
