model_name,weigth
arima,3.1699730883630515e-61
eakf_model1,8.730050825542709e-11
eakf_model2,1.6708741044623376e-46
eakf_model3,0.9999999999126994
sarima,2.0089838532692868e-48
