model_name,weigth
arima,1.120114028642941e-19
eakf_model1,0.9999999999994126
eakf_model2,1.5610372790851767e-24
eakf_model3,5.872463303937411e-13
