model_name,weigth
arima,1.5e-323
eakf_model1,2.3314161938706304e-09
eakf_model2,5.654633807747535e-161
eakf_model3,0.9999999976685838
