model_name,weigth
arima,3.234864375423556e-17
eakf_model1,0.9999999999996665
eakf_model2,5.053122601403869e-20
eakf_model3,3.3351077146581197e-13
