model_name,weigth
arima,7.517561494534564e-20
eakf_model1,0.9999999999992559
eakf_model2,2.292819213323545e-25
eakf_model3,7.440210594560218e-13
