model_name,weigth
arima,8.813336108962084e-34
eakf_model1,0.999999999998597
eakf_model2,4.966507862855026e-25
eakf_model3,1.402960147542677e-12
