model_name,weigth
arima,1.5e-323
eakf_model1,0.9999999939750042
eakf_model2,1.4368367511719375e-115
eakf_model3,6.024995678364504e-09
