model_name,weigth
arima,0.0
eakf_model1,0.9999999994915785
eakf_model2,2.620659414347783e-73
eakf_model3,5.084213944519106e-10
sarima,0.0
