model_name,weigth
arima,0.0
eakf_model1,0.9999999996809582
eakf_model2,4.94663545276457e-28
eakf_model3,3.1904175383105134e-10
sarima,2.9413828588215887e-295
