model_name,weigth
arima,1e-323
eakf_model1,0.9999999963699828
eakf_model2,3.6300171631217974e-09
eakf_model3,1.2197522632590892e-60
sarima,1e-323
