model_name,weigth
arima,1.2501319496681465e-23
eakf_model1,0.9999999999990499
eakf_model2,1.2419541690382446e-27
eakf_model3,9.501236621548087e-13
