model_name,weigth
arima,4.525274431236862e-32
eakf_model1,0.9999999999966804
eakf_model2,2.8695265086720833e-32
eakf_model3,3.3194459188824295e-12
