model_name,weigth
arima,1.5e-323
eakf_model1,0.18696924627632927
eakf_model2,0.8130307537236706
eakf_model3,1.9928566824306783e-188
