model_name,weigth
arima,1.5e-323
eakf_model1,0.999999999270407
eakf_model2,7.295929619427244e-10
eakf_model3,2.410486577396206e-40
