model_name,weigth
arima,3.7925778678731683e-143
eakf_model1,2.3878044668526784e-11
eakf_model2,6.770181459206417e-15
eakf_model3,0.9999999999761151
sarima,1.0768257953767143e-122
