model_name,weigth
arima,6.379095047851698e-97
eakf_model1,0.9999999999945782
eakf_model2,6.811272303776506e-32
eakf_model3,5.421714723154063e-12
