model_name,weigth
arima,1.976417308724421e-105
eakf_model1,6.832165635728892e-12
eakf_model2,1.2862628567997653e-24
eakf_model3,0.9999999999931677
