model_name,weigth
arima,0.0
eakf_model1,1.8241089083843802e-141
eakf_model2,0.9999999983559376
eakf_model3,1.6440624343674802e-09
sarima,5e-324
