model_name,weigth
arima,5.1825037796281865e-34
eakf_model1,0.9999999999964702
eakf_model2,3.0217062380036814e-39
eakf_model3,3.529891708749947e-12
