model_name,weigth
arima,4.998692103334137e-15
eakf_model1,0.9999999999993548
eakf_model2,2.6281714271495566e-28
eakf_model3,6.402083918687105e-13
