model_name,weigth
arima,2.763807791009978e-169
eakf_model1,5.371366703048794e-17
eakf_model2,3.883258150243687e-11
eakf_model3,0.9999999999611674
sarima,1.4992748689854338e-107
