model_name,weigth
arima,0.0
eakf_model1,3.266420277969279e-10
eakf_model2,5.166333237756368e-33
eakf_model3,0.999999999673358
sarima,0.0
