model_name,weigth
arima,1e-323
eakf_model1,0.9999999987056309
eakf_model2,1.2943689573122963e-09
eakf_model3,8.897929422730068e-62
sarima,1e-323
