model_name,weigth
arima,4.38301420889273e-109
eakf_model1,5.6264028219470665e-12
eakf_model2,2.8263430647029225e-17
eakf_model3,0.9999999999943736
