model_name,weigth
arima,2.4154993485122198e-173
eakf_model1,0.9999999999445135
eakf_model2,1.0026750581408425e-39
eakf_model3,5.548648510465417e-11
sarima,4.836881066868342e-180
