model_name,weigth
arima,5.227857758834835e-116
eakf_model1,0.9999999999775755
eakf_model2,2.240324647389126e-11
eakf_model3,2.1137636236339958e-14
sarima,3.7962651829413608e-109
