model_name,weigth
arima,0.0
eakf_model1,1.5e-323
eakf_model2,1.4652147210596748e-08
eakf_model3,0.9999999853478526
