model_name,weigth
arima,1.5e-323
eakf_model1,1.570779514357994e-10
eakf_model2,1.7415982907989997e-14
eakf_model3,0.9999999998429046
