model_name,weigth
arima,4.333975963177279e-33
eakf_model1,0.9999999999985825
eakf_model2,7.707734554780587e-28
eakf_model3,1.4175474864222821e-12
