model_name,weigth
arima,3.015240883904355e-138
eakf_model1,2.3532280385840287e-11
eakf_model2,5.828490717114531e-27
eakf_model3,0.9999999999764677
