model_name,weigth
arima,1.1495305812943304e-13
eakf_model1,0.9999999999994567
eakf_model2,3.3416535875799523e-25
eakf_model3,4.2835683296758884e-13
