model_name,weigth
arima,1.7698419165684768e-216
eakf_model1,8.972936872523323e-19
eakf_model2,3.813334096558109e-11
eakf_model3,0.9999999999618666
