model_name,weigth
arima,2.0970396988929583e-20
eakf_model1,0.9999999999990202
eakf_model2,2.129062046122051e-36
eakf_model3,9.797809151443123e-13
