model_name,weigth
arima,1.4319980813226783e-181
eakf_model1,3.404253851564502e-11
eakf_model2,8.899709315349442e-40
eakf_model3,0.9999999999659575
