model_name,weigth
arima,3.256361220325625e-124
eakf_model1,2.233966920003066e-11
eakf_model2,1.5703215315143893e-22
eakf_model3,0.9999999999776602
sarima,7.893105902265641e-90
