model_name,weigth
arima,0.0
eakf_model1,2.2093551635714174e-57
eakf_model2,1.0243028874157829e-10
eakf_model3,0.9999999998975697
