model_name,weigth
arima,0.0
eakf_model1,4.145466314220965e-137
eakf_model2,1.7820884695129102e-09
eakf_model3,0.9999999982179115
