model_name,weigth
arima,2.874962303782063e-125
eakf_model1,6.591100279601321e-12
eakf_model2,3.0652731791159366e-13
eakf_model3,0.9999999999931024
