model_name,weigth
arima,1.2276331109970666e-287
eakf_model1,9.35834570312971e-117
eakf_model2,6.861690369090476e-11
eakf_model3,0.999999999931383
