model_name,weigth
arima,0.0
eakf_model1,7.206455753667253e-177
eakf_model2,0.9999999995122284
eakf_model3,4.877715752290699e-10
