model_name,weigth
arima,1.1023659156537262e-61
eakf_model1,3.571457851286326e-17
eakf_model2,0.9999999999932401
eakf_model3,6.64750528801666e-12
sarima,1.122369241360036e-13
