model_name,weigth
arima,1.5e-323
eakf_model1,5.096254336511838e-174
eakf_model2,5.785741785050743e-10
eakf_model3,0.9999999994214257
