model_name,weigth
arima,1.0450043236631938e-33
eakf_model1,1.689993866675905e-19
eakf_model2,1.5257575476148917e-12
eakf_model3,0.9999999999984742
