model_name,weigth
arima,1.5e-323
eakf_model1,0.5564996716216886
eakf_model2,0.4435003283783114
eakf_model3,7.959533225405593e-30
