model_name,weigth
arima,5.284446818125587e-84
eakf_model1,1.2554658720541168e-26
eakf_model2,1.7681137917564235e-11
eakf_model3,0.9999999999823187
sarima,1.3752573923868384e-18
