model_name,weigth
arima,2.383640281082353e-246
eakf_model1,2.013484753176749e-13
eakf_model2,4.894273508681698e-11
eakf_model3,0.9999999999508558
