model_name,weigth
arima,6.250824969890644e-204
eakf_model1,2.2436068107070243e-18
eakf_model2,1.0821330142903553e-10
eakf_model3,0.9999999998917866
