model_name,weigth
arima,5.36853704456003e-78
eakf_model1,6.597306087588396e-12
eakf_model2,0.9999999999932437
eakf_model3,1.5880448958724177e-13
sarima,2.0135643604019367e-39
