model_name,weigth
arima,6.313102263529382e-40
eakf_model1,1.091885152428377e-13
eakf_model2,1.7273669147642502e-12
eakf_model3,0.9999999999981635
