model_name,weigth
arima,7.822571516092129e-72
eakf_model1,1.6502034998778196e-22
eakf_model2,0.9999999999951174
eakf_model3,4.882620859328564e-12
