model_name,weigth
arima,1.9829290051630513e-203
eakf_model1,1.1224712906523675e-10
eakf_model2,6.047585353296568e-23
eakf_model3,0.9999999998877528
sarima,2.379325176604776e-128
