model_name,weigth
arima,5.9182686e-317
eakf_model1,1.4660342698701418e-166
eakf_model2,1.6457856935943966e-84
eakf_model3,4.588684581434166e-10
sarima,0.9999999995411314
