model_name,weigth
arima,1.5e-323
eakf_model1,2.9246166890645402e-52
eakf_model2,1.0583759428202454e-10
eakf_model3,0.9999999998941624
