model_name,weigth
arima,2.8955286963242085e-103
eakf_model1,6.445873317548505e-35
eakf_model2,9.366941666077612e-12
eakf_model3,0.999999999990633
