model_name,weigth
arima,2.5422931468450298e-273
eakf_model1,0.999999999822164
eakf_model2,4.106280178893137e-59
eakf_model3,1.77835898610228e-10
sarima,1.8468826641814838e-186
