model_name,weigth
arima,6.121217674161843e-158
eakf_model1,1.4530816390741495e-49
eakf_model2,1.9284324941333568e-11
eakf_model3,0.9999999999807156
