model_name,weigth
arima,3.1215024454586507e-59
eakf_model1,5.874354450934471e-41
eakf_model2,3.595014507737228e-12
eakf_model3,0.9999999999964049
