model_name,weigth
arima,4.45338107302906e-310
eakf_model1,3.915795473210954e-39
eakf_model2,7.68417051955847e-11
eakf_model3,0.9999999999231581
