model_name,weigth
arima,9.628007700902202e-160
eakf_model1,0.999999999854305
eakf_model2,4.56879298007061e-45
eakf_model3,1.4569490728025185e-10
sarima,4.882159776901751e-115
