model_name,weigth
arima,4.424699146762888e-80
eakf_model1,5.745066915260198e-45
eakf_model2,1.979884976584338e-11
eakf_model3,0.9999999999802012
