model_name,weigth
arima,1.6491070306905004e-136
eakf_model1,6.849588893779715e-38
eakf_model2,4.030547386327888e-11
eakf_model3,0.9999999999596945
sarima,6.102781057725557e-30
