model_name,weigth
arima,1.5e-323
eakf_model1,3e-323
eakf_model2,2.9718629124961226e-09
eakf_model3,0.999999997028137
