model_name,weigth
arima,7.260387805534646e-192
eakf_model1,0.9999999999479324
eakf_model2,7.216006100454743e-44
eakf_model3,5.206757937189913e-11
