model_name,weigth
arima,2.5114362590245523e-24
eakf_model1,0.9999999999958231
eakf_model2,4.171838116300915e-12
eakf_model3,4.932887972549553e-15
