model_name,weigth
arima,1.6593734571658007e-43
eakf_model1,3.5141791516812424e-39
eakf_model2,2.2940834769699284e-12
eakf_model3,0.9999999999977058
