model_name,weigth
arima,1.5e-323
eakf_model1,0.276425780836935
eakf_model2,1.7290944161769944e-19
eakf_model3,0.723574219163065
