model_name,weigth
arima,1e-323
eakf_model1,1.5e-323
eakf_model2,0.9999999930792386
eakf_model3,6.920761426496931e-09
sarima,2.0593875774861573e-144
