model_name,weigth
arima,6.024626378207461e-223
eakf_model1,4.393952609357885e-117
eakf_model2,6.14565676350302e-11
eakf_model3,0.9999999999385434
