model_name,weigth
arima,1.0514055223913814e-43
eakf_model1,0.9999999999962267
eakf_model2,4.841734948435903e-18
eakf_model3,3.773300046531566e-12
sarima,5.791901007238054e-31
