model_name,weigth
arima,2.5e-323
eakf_model1,1.3583572400203611e-08
eakf_model2,0.9999999864164275
eakf_model3,1.694374609075723e-117
sarima,1e-323
