model_name,weigth
arima,3.186573115926948e-81
eakf_model1,1.5431685821239737e-15
eakf_model2,2.2573955317111545e-12
eakf_model3,0.9999999999977409
