model_name,weigth
arima,1.1710821428150913e-123
eakf_model1,1.945390410997723e-12
eakf_model2,1.931019253137037e-12
eakf_model3,0.9999999999961235
