model_name,weigth
arima,1.9475115217963198e-48
eakf_model1,2.3084247247129909e-29
eakf_model2,2.3917892673345292e-12
eakf_model3,0.9999999999976081
