model_name,weigth
arima,1.0106072266194169e-47
eakf_model1,0.999999999997008
eakf_model2,3.3897927337513457e-15
eakf_model3,2.988668428671381e-12
