model_name,weigth
arima,2.411753353033474e-24
eakf_model1,0.9999999999981208
eakf_model2,2.509168484797444e-16
eakf_model3,1.878850108351324e-12
