model_name,weigth
arima,9.495576864290261e-46
eakf_model1,1.0469919156184081e-17
eakf_model2,1.3606209722954268e-12
eakf_model3,0.9999999999986393
