model_name,weigth
arima,2.067107064237898e-217
eakf_model1,3.3273699258033053e-10
eakf_model2,0.999999999667263
eakf_model3,1.0200562866875564e-47
