model_name,weigth
arima,5.507339621160367e-66
eakf_model1,5.701195383248013e-35
eakf_model2,2.1299082137217913e-12
eakf_model3,0.9999999999978699
