model_name,weigth
arima,2.836644570350185e-263
eakf_model1,2.9957904936261664e-170
eakf_model2,5.146175203974646e-10
eakf_model3,0.9999999994850522
sarima,3.301391886639443e-13
