model_name,weigth
arima,3.2286688722394214e-134
eakf_model1,1.3006361377100406e-59
eakf_model2,1.5391699291042563e-10
eakf_model3,0.9999999998460829
