model_name,weigth
arima,1.901393991718849e-36
eakf_model1,1.5890390821829373e-18
eakf_model2,1.1157255288287002e-12
eakf_model3,0.9999999999988842
