model_name,weigth
arima,1.5e-323
eakf_model1,8.869784159699645e-107
eakf_model2,0.9999999997420616
eakf_model3,2.579382605178152e-10
