model_name,weigth
arima,4.559608906421063e-25
eakf_model1,0.9999999999933916
eakf_model2,6.608366408642114e-12
eakf_model3,3.553768344086391e-17
sarima,1.6987543758070477e-31
