model_name,weigth
arima,3.4837405239582607e-34
eakf_model1,0.9999999999950686
eakf_model2,4.93120839947827e-12
eakf_model3,2.430965368398866e-19
sarima,8.506165472453838e-33
