model_name,weigth
arima,4.3521450951241755e-13
eakf_model1,0.9999999999994769
eakf_model2,1.6594609218932105e-14
eakf_model3,7.121488154553761e-14
