model_name,weigth
arima,1.1470937196043333e-88
eakf_model1,0.9999999999632784
eakf_model2,3.67215404399294e-11
eakf_model3,2.0934188178291646e-26
sarima,2.602301164257068e-79
