model_name,weigth
arima,6.125978840500351e-20
eakf_model1,2.045481835469421e-37
eakf_model2,2.1115561566658694e-12
eakf_model3,0.9999999999978885
