model_name,weigth
arima,6.126360082103445e-13
eakf_model1,2.4638490567787698e-17
eakf_model2,6.085827331228866e-14
eakf_model3,0.9999999999993265
