model_name,weigth
arima,1.7550836047438856e-53
eakf_model1,6.312268021888241e-90
eakf_model2,8.746283558545746e-19
eakf_model3,7.510356036721622e-12
sarima,0.9999999999924896
