model_name,weigth
arima,5.156997164638279e-15
eakf_model1,1.3005248519282829e-17
eakf_model2,7.257744059832994e-13
eakf_model3,0.999999999999269
