model_name,weigth
arima,7.165908808779045e-24
eakf_model1,3.923180320565975e-29
eakf_model2,2.1719586192925607e-15
eakf_model3,0.9999999999976605
sarima,2.3372455307889385e-12
