model_name,weigth
arima,5.494391674358118e-228
eakf_model1,1.5e-323
eakf_model2,2.2245918817553447e-137
eakf_model3,0.9999999992788527
sarima,7.211472479551013e-10
