model_name,weigth
arima,1.5780370456670857e-78
eakf_model1,0.9999999999803026
eakf_model2,1.9697255112308553e-11
eakf_model3,4.5344662554655374e-32
