model_name,weigth
arima,6.400941018677912e-210
eakf_model1,0.7534350159807398
eakf_model2,5.9429473198197376e-36
eakf_model3,0.246564982927158
sarima,1.092102138141693e-09
