model_name,weigth
arima,2.535780576579243e-40
eakf_model1,1.2557490518387702e-31
eakf_model2,2.5174539154931556e-12
eakf_model3,0.9999999999974826
