model_name,weigth
arima,1.5e-323
eakf_model1,3.5e-323
eakf_model2,2.3415389980619526e-08
eakf_model3,0.9999999765846099
