model_name,weigth
arima,6.447908869156099e-13
eakf_model1,9.25196715653443e-18
eakf_model2,2.6076337368427992e-14
eakf_model3,0.999999999999329
