model_name,weigth
arima,1.4671688986678804e-55
eakf_model1,3.9656960546842794e-20
eakf_model2,1.6141807404569184e-12
eakf_model3,0.9999999999983857
