model_name,weigth
arima,5.289297290871346e-22
eakf_model1,0.9999999999991648
eakf_model2,1.5401835488244837e-15
eakf_model3,8.335563873399564e-13
