model_name,weigth
arima,1.1616310644059296e-41
eakf_model1,1.3956031865282157e-32
eakf_model2,2.1399431469109696e-12
eakf_model3,0.99999999999786
