model_name,weigth
arima,9.924027282180386e-46
eakf_model1,0.9999999999869746
eakf_model2,1.302536172955294e-11
eakf_model3,2.3992133314417553e-21
sarima,1.1254906652033116e-48
