model_name,weigth
arima,3e-323
eakf_model1,1.33e-322
eakf_model2,0.1088995678737652
eakf_model3,0.8911004321262346
sarima,3e-323
