model_name,weigth
arima,1.6017518668516246e-83
eakf_model1,0.9999999999620278
eakf_model2,5.19072346143375e-28
eakf_model3,3.797210256757146e-11
