model_name,weigth
arima,5.017338344489278e-12
eakf_model1,1.1629637888946974e-54
eakf_model2,5.2725879433711804e-20
eakf_model3,0.9999999999949826
