model_name,weigth
arima,2.174553694085898e-10
eakf_model1,1.5002007404884425e-106
eakf_model2,3.416940274970122e-146
eakf_model3,0.9999999997825445
