model_name,weigth
arima,2.6428873376371552e-12
eakf_model1,7.490763595340901e-23
eakf_model2,1.0451162060979226e-15
eakf_model3,0.9999999999973561
