model_name,weigth
arima,2.1850300207723625e-127
eakf_model1,7.793212115404575e-32
eakf_model2,3.377936300954557e-11
eakf_model3,0.9999999999662206
