model_name,weigth
arima,8.405134978762678e-27
eakf_model1,4.541639441811206e-50
eakf_model2,5.6198135660230555e-11
eakf_model3,0.9999999999438018
