model_name,weigth
arima,4.697275654304382e-11
eakf_model1,2.2367557105938428e-69
eakf_model2,1.1577582504357223e-57
eakf_model3,0.9999999999530271
