model_name,weigth
arima,3.6975617981830554e-63
eakf_model1,0.9999999999663399
eakf_model2,1.2150838816922042e-23
eakf_model3,3.365996683020489e-11
