model_name,weigth
arima,1.647958391575956e-27
eakf_model1,0.9999999999917948
eakf_model2,8.01275288833292e-13
eakf_model3,7.40384778332511e-12
sarima,4.157231801299588e-30
