model_name,weigth
arima,1.5e-323
eakf_model1,1.6e-322
eakf_model2,0.31957323363680723
eakf_model3,0.6804267663631927
