model_name,weigth
arima,0.6512053129459219
eakf_model1,1.5e-323
eakf_model2,1.5e-323
eakf_model3,0.348794687054078
