model_name,weigth
arima,1.2519656813030614e-184
eakf_model1,2.3098950873371188e-135
eakf_model2,0.9999999993518359
eakf_model3,6.481640898488074e-10
sarima,5.506397277039951e-197
