model_name,weigth
arima,5.4e-323
eakf_model1,0.9999999959463721
eakf_model2,1.021119684423656e-72
eakf_model3,4.053627809567292e-09
