model_name,weigth
arima,3.254851803523035e-27
eakf_model1,0.9999999999771739
eakf_model2,2.282605133252245e-11
eakf_model3,5.670430344781298e-17
sarima,7.371140711775568e-23
