model_name,weigth
arima,4.3737825570375246e-42
eakf_model1,1.5605004199258038e-14
eakf_model2,4.6091357774748245e-12
eakf_model3,0.9999999999953751
sarima,9.611378467821329e-77
