model_name,weigth
arima,8.38460200209258e-25
eakf_model1,2.4916466875003175e-15
eakf_model2,1.7080661816256899e-12
eakf_model3,0.9999999999982894
sarima,1.4702923367754382e-30
