model_name,weigth
arima,2.714201428209486e-33
eakf_model1,0.9999999999501332
eakf_model2,4.986219232865855e-11
eakf_model3,4.5317145541261744e-15
sarima,2.4160723775083537e-63
