model_name,weigth
arima,1.1976361498478005e-15
eakf_model1,5.249854130055561e-22
eakf_model2,2.9631820915026804e-12
eakf_model3,0.9999999999970356
