model_name,weigth
arima,1.0133747319843043e-34
eakf_model1,1.3998829624772556e-18
eakf_model2,2.2650125274043027e-12
eakf_model3,0.9999999999977349
