model_name,weigth
arima,2.0564335882962816e-15
eakf_model1,8.772834423192479e-13
eakf_model2,3.683607206544625e-16
eakf_model3,0.9999999999991203
