model_name,weigth
arima,4.282588888948674e-45
eakf_model1,0.9999999999842843
eakf_model2,8.237363355229326e-16
eakf_model3,1.5714657385867862e-11
sarima,4.6269086769271916e-58
