model_name,weigth
arima,0.9999999999975115
eakf_model1,2.769959824447153e-26
eakf_model2,1.931708127544624e-12
eakf_model3,5.567232076733583e-13
