model_name,weigth
arima,0.9999999999911514
eakf_model1,9.523277378966213e-50
eakf_model2,6.520069180529055e-12
eakf_model3,2.3285129708038624e-12
