model_name,weigth
arima,8.877278717887154e-12
eakf_model1,1.9591506285167225e-22
eakf_model2,6.493429292027454e-17
eakf_model3,0.9999999999911225
