model_name,weigth
arima,5.388120913701069e-34
eakf_model1,3.042732740853766e-20
eakf_model2,0.9999999999752286
eakf_model3,2.4771409164905458e-11
