model_name,weigth
arima,0.9999999999799724
eakf_model1,4.7633046605185996e-33
eakf_model2,2.947321915640709e-25
eakf_model3,2.002760662472054e-11
