model_name,weigth
arima,9.193415712754807e-45
eakf_model1,0.9999999999752487
eakf_model2,2.4751208646713944e-11
eakf_model3,2.5897567060263465e-58
sarima,2.0966301786170103e-45
