model_name,weigth
arima,8.034218400775587e-10
eakf_model1,1.5e-323
eakf_model2,1.1727048181673867e-35
eakf_model3,6.367015188231665e-130
sarima,0.999999999196578
