model_name,weigth
arima,5.482591038717085e-10
eakf_model1,6.842780331710383e-98
eakf_model2,5.670656459482563e-51
eakf_model3,0.9999999994517408
