model_name,weigth
arima,1.5e-323
eakf_model1,0.9999999874621036
eakf_model2,1.2537896379160776e-08
eakf_model3,3.5e-323
