model_name,weigth
arima,1.7493196559440744e-10
eakf_model1,1.9235166235828464e-89
eakf_model2,3.148494965186998e-85
eakf_model3,0.9999999998250679
