model_name,weigth
arima,1.1398032002739869e-12
eakf_model1,9.366810008964218e-27
eakf_model2,7.855159593090118e-25
eakf_model3,6.00091986956438e-20
sarima,0.99999999999886
