model_name,weigth
arima,1.2541361432786387e-27
eakf_model1,0.9999999999603734
eakf_model2,3.962658200377083e-11
eakf_model3,1.1359004033477996e-40
sarima,1.3438406343365801e-33
