model_name,weigth
arima,0.9999999999927448
eakf_model1,1.9905083167987783e-25
eakf_model2,8.717597802305948e-25
eakf_model3,7.2550939144736034e-12
