model_name,weigth
arima,9.655021325236002e-36
eakf_model1,1.4182175020605356e-33
eakf_model2,3.481048355425888e-11
eakf_model3,0.9999999999651895
