model_name,weigth
arima,2.4651162364456853e-11
eakf_model1,2.8835751597598768e-31
eakf_model2,2.5994680209220057e-27
eakf_model3,0.9999999999753487
