model_name,weigth
arima,4.971578969012031e-15
eakf_model1,3.9023075701542476e-55
eakf_model2,0.9999999999676136
eakf_model3,3.238151479342916e-11
sarima,2.3056365590341682e-36
