model_name,weigth
arima,3.438932699742124e-12
eakf_model1,2.1698345859892122e-20
eakf_model2,8.688006678272592e-23
eakf_model3,0.999999999996561
