model_name,weigth
arima,1.006188433228717e-57
eakf_model1,1.300320909799736e-10
eakf_model2,0.9999999998699678
eakf_model3,1.8257095618264247e-29
sarima,2.0633031773874064e-47
