model_name,weigth
arima,0.2526237328310031
eakf_model1,7e-323
eakf_model2,0.7473762430459734
eakf_model3,2.412302344410261e-08
sarima,2.9088294698479757e-81
