model_name,weigth
arima,4.57943383631912e-158
eakf_model1,0.9999999998935603
eakf_model2,1.0643969367861499e-10
eakf_model3,2.682916468211798e-38
sarima,6.383231982353159e-93
