model_name,weigth
arima,4.29232386600815e-33
eakf_model1,0.999999999975005
eakf_model2,2.3122572852173576e-11
eakf_model3,1.8723136142063962e-12
