model_name,weigth
arima,0.4893681981314641
eakf_model1,5.769717874686547e-16
eakf_model2,0.5106318018579615
eakf_model3,1.0573768973853787e-11
