model_name,weigth
arima,3e-323
eakf_model1,9.103822852214355e-10
eakf_model2,0.9999999990896176
eakf_model3,3.3686255915562536e-44
sarima,3e-323
