model_name,weigth
arima,7.266302897263177e-47
eakf_model1,0.9999999999058542
eakf_model2,2.4938783798441186e-23
eakf_model3,9.41457353625474e-11
sarima,3.314979020474243e-39
