model_name,weigth
arima,2.9676436523899317e-29
eakf_model1,0.999999999986435
eakf_model2,1.3564856702198659e-11
eakf_model3,1.0798459765473425e-23
sarima,7.368195444660238e-25
