model_name,weigth
arima,0.9999999999935187
eakf_model1,2.8415049326888955e-13
eakf_model2,2.5068964619799645e-24
eakf_model3,6.1970830901732485e-12
