model_name,weigth
arima,0.9999999999994722
eakf_model1,6.72080862585171e-14
eakf_model2,1.541978500302759e-13
eakf_model3,3.0642192193136604e-13
