model_name,weigth
arima,5.445017069345862e-35
eakf_model1,0.9999999999737813
eakf_model2,1.7548188551009537e-15
eakf_model3,2.6216909618766254e-11
