model_name,weigth
arima,2e-322
eakf_model1,4e-323
eakf_model2,2.6917798280620963e-07
eakf_model3,0.9999997308220172
