model_name,weigth
arima,0.9999999999991795
eakf_model1,3.127905550755801e-29
eakf_model2,8.20477644338163e-13
eakf_model3,1.283527942952201e-21
