model_name,weigth
arima,0.9999999999995977
eakf_model1,6.694006462241383e-26
eakf_model2,4.0213416285420935e-13
eakf_model3,1.192434009139602e-16
