model_name,weigth
arima,8.094114333207843e-43
eakf_model1,2.9995363835167292e-50
eakf_model2,0.999999999818453
eakf_model3,1.8154694712930646e-10
sarima,6.619102217082844e-42
