model_name,weigth
arima,1.5e-323
eakf_model1,0.9999954285870016
eakf_model2,2.27e-322
eakf_model3,4.5714129982695326e-06
