model_name,weigth
arima,0.9999999999991861
eakf_model1,1.0624745989782687e-13
eakf_model2,4.2100095204116913e-16
eakf_model3,7.071535300300327e-13
