model_name,weigth
arima,4.005411325213182e-12
eakf_model1,2.9173386269752262e-24
eakf_model2,1.6347676422242005e-32
eakf_model3,3.5944989826995166e-22
sarima,0.9999999999959945
