model_name,weigth
arima,3.0968082872761305e-128
eakf_model1,5.174613661754766e-12
eakf_model2,2.6922259998872703e-11
eakf_model3,0.9999999999679032
