model_name,weigth
arima,0.9999999999996634
eakf_model1,1.8183943408996031e-16
eakf_model2,3.0869772861579486e-13
eakf_model3,2.7771953789318198e-14
