model_name,weigth
arima,6.809599532116231e-184
eakf_model1,0.9999999998256766
eakf_model2,4.605796346042467e-19
eakf_model3,1.743234310080386e-10
