model_name,weigth
arima,6.688873580607393e-248
eakf_model1,0.99999999943973
eakf_model2,5.602699956151031e-10
eakf_model3,3.246547532321505e-29
sarima,3e-323
