model_name,weigth
arima,1.654841918389678e-142
eakf_model1,3.750536058727275e-10
eakf_model2,1.6336944201565476e-63
eakf_model3,0.9999999996249463
