model_name,weigth
arima,6.043611311837431e-76
eakf_model1,1.8324356689212418e-85
eakf_model2,2.706355000074579e-10
eakf_model3,0.9999999997293645
sarima,6.168481218891936e-38
