model_name,weigth
arima,3e-323
eakf_model1,8.755540934863885e-15
eakf_model2,5.236526583114281e-09
eakf_model3,0.9999999947634646
sarima,3e-323
