model_name,weigth
arima,9.346034695804709e-23
eakf_model1,5.0072517830828226e-15
eakf_model2,0.9999999999956486
eakf_model3,4.346491039672641e-12
