model_name,weigth
arima,4.915611682353925e-70
eakf_model1,1.1259759323586135e-29
eakf_model2,1.2655518678698328e-11
eakf_model3,0.9999999999873443
