model_name,weigth
arima,1.4473559933317717e-27
eakf_model1,4.9616386378180836e-33
eakf_model2,2.449695358688009e-12
eakf_model3,0.9999999999975503
