model_name,weigth
arima,5.413925471950335e-82
eakf_model1,3.886415168262364e-35
eakf_model2,0.9999999999621532
eakf_model3,3.784682023068196e-11
