model_name,weigth
arima,9.964136717746526e-104
eakf_model1,1.035373810161873e-46
eakf_model2,6.81216664383356e-11
eakf_model3,0.9999999999318783
sarima,1.2264854534394381e-134
