model_name,weigth
arima,9.991724375077604e-49
eakf_model1,0.9999999999937769
eakf_model2,2.883535333063877e-22
eakf_model3,6.223091997251764e-12
