model_name,weigth
arima,3.8636963395053297e-106
eakf_model1,2.00752694457975e-65
eakf_model2,3.0468305938160375e-11
eakf_model3,0.9999999999695317
