model_name,weigth
arima,1.0157271833187468e-281
eakf_model1,1.2501564497938704e-26
eakf_model2,4.954525177710593e-10
eakf_model3,0.9999999995045474
