model_name,weigth
arima,1.5e-323
eakf_model1,6.829603200023833e-126
eakf_model2,1.1182963531028565e-09
eakf_model3,0.9999999988817035
