model_name,weigth
arima,1.5e-323
eakf_model1,3e-323
eakf_model2,0.9999999795612955
eakf_model3,2.0438704439527067e-08
