model_name,weigth
arima,4.9584241325648e-155
eakf_model1,6.38765491499023e-11
eakf_model2,0.9999999999361235
eakf_model3,8.453229466800748e-26
