model_name,weigth
arima,2.2532685640657588e-169
eakf_model1,2.2780089528701808e-11
eakf_model2,7.070728406544764e-40
eakf_model3,6.497923805105202e-21
sarima,0.9999999999772199
