model_name,weigth
arima,2.794105424788549e-34
eakf_model1,1.4138656371237617e-11
eakf_model2,0.9999999999858613
eakf_model3,6.733816347454671e-22
sarima,2.4497850304624686e-59
