model_name,weigth
arima,7.221264369420127e-63
eakf_model1,1.7119306192151114e-11
eakf_model2,7.756652492729939e-21
eakf_model3,0.9999999999828808
sarima,2.040460124655045e-120
