model_name,weigth
arima,1.8566778665815676e-34
eakf_model1,2.944373420013962e-11
eakf_model2,0.9999999999705504
eakf_model3,5.814738416271804e-15
sarima,1.7975929836685538e-179
