model_name,weigth
arima,1.8249527487318597e-71
eakf_model1,1.7560004847095572e-10
eakf_model2,0.9999999998244
eakf_model3,3.9442412991578916e-25
sarima,2.0110105699222207e-18
