model_name,weigth
arima,0.0
eakf_model1,0.9999999975704363
eakf_model2,2.4295635961590922e-09
eakf_model3,1.2412171584316121e-42
sarima,0.0
