model_name,weigth
arima,6.565066169074758e-283
eakf_model1,5.522097115954138e-11
eakf_model2,6.74476046061168e-26
eakf_model3,0.9999999999447791
sarima,2.3737724319320305e-264
