model_name,weigth
arima,7.47764535685624e-139
eakf_model1,4.164614299593148e-11
eakf_model2,1.1880497391965188e-35
eakf_model3,0.9999999999583539
sarima,1.2738171841841011e-276
