model_name,weigth
arima,2e-323
eakf_model1,0.9999999988166534
eakf_model2,1.280261976061573e-60
eakf_model3,1.1833465727012762e-09
sarima,0.0
