model_name,weigth
arima,0.0
eakf_model1,0.9999999991317714
eakf_model2,8.68228597767138e-10
eakf_model3,7.771101458020892e-35
sarima,0.0
