model_name,weigth
arima,0.0
eakf_model1,0.7053334804909124
eakf_model2,0.2946665195090875
eakf_model3,3.0300574308180518e-89
sarima,0.0
