model_name,weigth
arima,1.1689084055928765e-99
eakf_model1,4.29027242173446e-11
eakf_model2,2.8222869576616345e-16
eakf_model3,0.999999999957097
sarima,1.1689084055928765e-99
