model_name,weigth
arima,2e-323
eakf_model1,1.5057774322625383e-10
eakf_model2,2.5389628138742785e-38
eakf_model3,0.9999999998494222
sarima,2e-323
