model_name,weigth
arima,0.0
eakf_model1,2.788080707932593e-09
eakf_model2,5.508321700899326e-69
eakf_model3,0.9999999972119193
sarima,0.0
