model_name,weigth
arima,0.0
eakf_model1,1.571560419584674e-09
eakf_model2,0.9999999984284396
eakf_model3,1.4161261113410847e-50
sarima,0.0
