model_name,weigth
arima,3.0200772575520375e-89
eakf_model1,1.0703736269406395e-11
eakf_model2,2.5924577061890066e-17
eakf_model3,0.9999999999892962
sarima,2.927294342330431e-155
