model_name,weigth
arima,3.115808419323155e-292
eakf_model1,2.582685267936382e-10
eakf_model2,3.24104915319589e-51
eakf_model3,0.9999999997417315
sarima,1.1237497799814764e-234
