model_name,weigth
arima,2e-323
eakf_model1,7.300017675160747e-18
eakf_model2,0.9999999998448199
eakf_model3,1.551800719373596e-10
sarima,2e-323
