model_name,weigth
arima,6.234483547315774e-174
eakf_model1,0.9999999999833081
eakf_model2,1.669184578867894e-11
eakf_model3,6.257124184580884e-31
sarima,2.164585099088086e-150
