model_name,weigth
arima,7.272273717204906e-162
eakf_model1,0.9999999999774194
eakf_model2,2.2580522939104178e-11
eakf_model3,1.695445799250264e-29
sarima,2.3970870564511726e-108
