model_name,weigth
arima,1.426928267839205e-192
eakf_model1,0.9999999999815767
eakf_model2,5.091022150995362e-21
eakf_model3,1.8423300993142862e-11
sarima,1.7693477892385253e-205
