model_name,weigth
arima,1.129771604297183e-263
eakf_model1,0.9999999999702871
eakf_model2,5.514366110797374e-17
eakf_model3,2.9712886894898534e-11
sarima,1.2493771426307987e-274
