model_name,weigth
arima,2.4890718784991653e-154
eakf_model1,0.9999999999813591
eakf_model2,6.68466565047278e-30
eakf_model3,1.8640819700391965e-11
sarima,1.0949158450038382e-158
