model_name,weigth
arima,1.5358190688203114e-86
eakf_model1,1.162214930445243e-10
eakf_model2,1.2337783733707934e-48
eakf_model3,0.9999999998837785
sarima,4.14475144200623e-68
