model_name,weigth
arima,1.2734575773016923e-53
eakf_model1,5.290407422048437e-12
eakf_model2,0.9999999999947096
eakf_model3,1.1361033036184157e-20
sarima,4.4136329727343676e-45
