model_name,weigth
arima,0.0
eakf_model1,0.9999999998784652
eakf_model2,1.2153482044278643e-10
eakf_model3,3.473286491421945e-32
sarima,3.577748000464542e-199
