model_name,weigth
arima,2.6561535740130846e-252
eakf_model1,0.9999999997931217
eakf_model2,1.8679594901516028e-93
eakf_model3,2.0687834498560952e-10
sarima,5.0819442678700774e-120
