model_name,weigth
arima,7.29640384618008e-194
eakf_model1,0.999999999942865
eakf_model2,7.30392382462182e-12
eakf_model3,4.983103475557424e-11
sarima,1.9092133464357627e-112
