model_name,weigth
arima,4e-323
eakf_model1,0.9999999974673096
eakf_model2,2.261476207868835e-122
eakf_model3,2.5326903708445908e-09
sarima,4e-323
