model_name,weigth
arima,2e-323
eakf_model1,0.9999999964557189
eakf_model2,8.050572828603493e-79
eakf_model3,3.5442810535267114e-09
sarima,2e-323
