model_name,weigth
arima,2.4362391992987404e-115
eakf_model1,1.6132062306626496e-14
eakf_model2,1.596098984567635e-11
eakf_model3,0.9999999999840228
sarima,1.5161776899534876e-66
