model_name,weigth
arima,4.393981852761488e-76
eakf_model1,2.4175107766924913e-14
eakf_model2,5.952571442178318e-12
eakf_model3,0.9999999999940233
sarima,3.038665991847921e-47
