model_name,weigth
arima,2e-323
eakf_model1,0.9999999995789468
eakf_model2,4.210531275477584e-10
eakf_model3,4.602371483802421e-18
sarima,1.14399091394496e-310
