model_name,weigth
arima,2.6092187650111952e-58
eakf_model1,4.455773196844197e-12
eakf_model2,0.999999999995488
eakf_model3,5.61147088366799e-14
sarima,2.962954886216632e-49
