model_name,weigth
arima,6.93067707663931e-88
eakf_model1,1.0198402144509819e-11
eakf_model2,0.9999999999897957
eakf_model3,5.694787682691532e-15
sarima,9.859604667277034e-85
