model_name,weigth
arima,2e-323
eakf_model1,0.9999999992013135
eakf_model2,4.578962557022809e-45
eakf_model3,7.986864688109126e-10
sarima,2e-323
