model_name,weigth
arima,7.686146748120058e-129
eakf_model1,5.716342169343847e-13
eakf_model2,5.185256898492696e-11
eakf_model3,0.9999999999475758
sarima,3.398746189010482e-43
