model_name,weigth
arima,1.836809266706206e-95
eakf_model1,9.704970950668814e-16
eakf_model2,4.504739514813634e-11
eakf_model3,0.9999999999549516
sarima,7.469943435393032e-87
