model_name,weigth
arima,7.000895665220381e-86
eakf_model1,6.2343335235586416e-12
eakf_model2,1.411340457521031e-35
eakf_model3,0.9999999999937657
sarima,5.394540521711296e-74
