model_name,weigth
arima,3.906566498501392e-65
eakf_model1,6.338063774322358e-26
eakf_model2,5.0328837056039685e-12
eakf_model3,0.9999999999929451
sarima,2.0220452214654483e-12
