model_name,weigth
arima,0.0
eakf_model1,1.2324778974663733e-99
eakf_model2,1.929056595839186e-10
eakf_model3,0.9999999998070944
sarima,1.2213026112958464e-34
