model_name,weigth
arima,3.4679094487137686e-232
eakf_model1,5.613439210376651e-25
eakf_model2,0.9999999997126083
eakf_model3,2.8739159925042384e-10
sarima,3.8780136717305253e-213
