model_name,weigth
arima,1.9236012167774853e-117
eakf_model1,1.3043631633531728e-11
eakf_model2,1.499291978282525e-42
eakf_model3,0.9999999999869563
sarima,1.500376912671749e-105
