model_name,weigth
arima,2.0242832536135207e-146
eakf_model1,0.9999999999277001
eakf_model2,1.2259778410519502e-17
eakf_model3,7.229997451838755e-11
sarima,7.479934327108459e-107
