model_name,weigth
arima,3.2891627867124484e-35
eakf_model1,2.0021482441519935e-12
eakf_model2,1.1881024424694485e-13
eakf_model3,0.9999999999977963
sarima,8.270990736244426e-14
