model_name,weigth
arima,4.552429360284063e-96
eakf_model1,3.26742151388474e-11
eakf_model2,2.722837877794201e-20
eakf_model3,0.9999999999673258
sarima,3.653896846576463e-70
