model_name,weigth
arima,1.0715706180491414e-54
eakf_model1,5.879686726076773e-12
eakf_model2,1.9934686447541333e-21
eakf_model3,0.9999999999941204
sarima,5.4131730309663644e-33
