model_name,weigth
arima,1.28798491834575e-201
eakf_model1,1.0201167954572246e-10
eakf_model2,2.789956528973017e-24
eakf_model3,0.9999999998979883
sarima,7.203566821486243e-106
