model_name,weigth
arima,2.389303278683358e-294
eakf_model1,3.7316823915002536e-123
eakf_model2,0.9999999998500539
eakf_model3,1.4994595644330625e-10
sarima,2.0261889236184079e-47
