model_name,weigth
arima,4.2299271613620294e-161
eakf_model1,0.9999999998128398
eakf_model2,3.665505173427975e-26
eakf_model3,1.8716019348932505e-10
sarima,1.9428118802637214e-117
