model_name,weigth
arima,2e-323
eakf_model1,2.7916310150115574e-253
eakf_model2,0.9999999877248988
eakf_model3,1.227510119196059e-08
sarima,1.677482645288509e-288
