model_name,weigth
arima,5.0509338646979275e-126
eakf_model1,1.0422776069889656e-35
eakf_model2,0.999999999929486
eakf_model3,7.051397836623391e-11
sarima,5.895631816020968e-39
