model_name,weigth
arima,2e-323
eakf_model1,2.7565687822991255e-105
eakf_model2,6.833449768735035e-10
eakf_model3,0.9999999993166551
sarima,1.9419155031212845e-200
