model_name,weigth
arima,3.922688109658618e-95
eakf_model1,1.0897090882292357e-10
eakf_model2,0.9999999998877158
eakf_model3,3.313342925642601e-12
sarima,3.4245737273219786e-74
