model_name,weigth
arima,4.121077759621841e-231
eakf_model1,8.079327689351864e-10
eakf_model2,0.9999999991920673
eakf_model3,1.5276912503292131e-61
sarima,3.3845922368287426e-258
