model_name,weigth
arima,1.6405288572517433e-76
eakf_model1,9.885178896147349e-11
eakf_model2,2.8502473853892818e-42
eakf_model3,1.9675310752927525e-24
sarima,0.9999999999011482
