model_name,weigth
arima,1.2511108173522297e-37
eakf_model1,0.9999999999916691
eakf_model2,8.330917030071488e-12
eakf_model3,3.2039222902655915e-25
sarima,5.3211403795779475e-34
