model_name,weigth
arima,1.3581127996301615e-34
eakf_model1,0.9999999999919271
eakf_model2,8.04807350730058e-12
eakf_model3,2.4809618857678937e-14
sarima,4.5929381565894826e-20
