model_name,weigth
arima,1.0991081166162763e-61
eakf_model1,0.9999999999607766
eakf_model2,3.922338539327607e-11
eakf_model3,1.7519644254700122e-56
sarima,1.4266376816707786e-63
