model_name,weigth
arima,5.960801032482468e-43
eakf_model1,0.9999999999736886
eakf_model2,2.631066820880602e-11
eakf_model3,7.619728682188725e-16
sarima,2.2112679872414525e-45
