model_name,weigth
arima,3.2612105119759895e-275
eakf_model1,1.0134715912053648e-35
eakf_model2,2.6022829613603798e-09
eakf_model3,0.999999997397717
sarima,7.088067531225126e-289
