model_name,weigth
arima,3.3768395524216296e-69
eakf_model1,1.1947658409029471e-29
eakf_model2,2.7382630999962383e-11
eakf_model3,0.9999999999726175
sarima,9.796772547423267e-81
