model_name,weigth
arima,4.6805211368630855e-66
eakf_model1,3.2242700700024734e-103
eakf_model2,2.429612349571196e-10
eakf_model3,0.9999999997570387
sarima,3.4017527085838476e-77
