model_name,weigth
arima,3.16207770918036e-36
eakf_model1,1.0536239428441267e-40
eakf_model2,4.7401356769667035e-11
eakf_model3,0.9999999999525986
sarima,7.72291481399832e-37
