model_name,weigth
arima,1.6360088245489106e-35
eakf_model1,9.662827348834534e-21
eakf_model2,1.9885482171629635e-12
eakf_model3,0.9999999999980114
sarima,7.920447422893385e-35
