model_name,weigth
arima,4e-323
eakf_model1,0.999999985151675
eakf_model2,3.909718068464592e-29
eakf_model3,1.4848324993708776e-08
sarima,4e-323
