model_name,weigth
arima,1.2278806063699124e-109
eakf_model1,1.1679020843381496e-10
eakf_model2,0.9999999998832099
eakf_model3,8.878240491741527e-44
sarima,6.941102185267493e-88
