model_name,weigth
arima,1.5845489385314378e-25
eakf_model1,9.244783000381173e-16
eakf_model2,0.9999999999785258
eakf_model3,2.1473226045351818e-11
sarima,4.807245140751472e-22
