model_name,weigth
arima,7.400593928594269e-09
eakf_model1,4e-323
eakf_model2,7.39973024740363e-79
eakf_model3,0.9999999925994061
sarima,3.9558318394508545e-192
