model_name,weigth
arima,0.9999999998685034
eakf_model1,2.5468148558983164e-63
eakf_model2,2.3692751955981628e-49
eakf_model3,1.3149658775776562e-10
sarima,1.1814725197365971e-42
