model_name,weigth
arima,4.533362832357465e-28
eakf_model1,1.1926321007612353e-27
eakf_model2,0.9999999999693296
eakf_model3,3.067032305372946e-11
sarima,2.112831290861416e-29
