model_name,weigth
arima,9.467473328324694e-12
eakf_model1,1.6342731586369423e-15
eakf_model2,5.305839270521876e-46
eakf_model3,2.6983857347109744e-15
sarima,0.9999999999905282
