model_name,weigth
arima,2.1297851159083008e-172
eakf_model1,7.363886201631476e-11
eakf_model2,0.9999999999263556
eakf_model3,5.678546469247721e-15
sarima,2.333606118383828e-123
