model_name,weigth
arima,2.6268962867785207e-12
eakf_model1,1.429516505639135e-15
eakf_model2,7.502301372816576e-30
eakf_model3,3.577545333072514e-15
sarima,0.9999999999973681
