model_name,weigth
arima,4.340082980900548e-116
eakf_model1,6.031557536273351e-11
eakf_model2,2.1985286655018835e-31
eakf_model3,0.9999999999396844
sarima,4.2317752427070696e-61
