model_name,weigth
arima,7.836908580510457e-16
eakf_model1,1.7410822317906593e-20
eakf_model2,4.7873275856701516e-14
eakf_model3,1.4604208270261333e-12
sarima,0.999999999998491
