model_name,weigth
arima,4.8892281745512544e-117
eakf_model1,3.947069189807737e-10
eakf_model2,2.0125448006572147e-23
eakf_model3,0.9999999996052931
sarima,2.1822596471354397e-78
