model_name,weigth
arima,8.626158582843207e-59
eakf_model1,2.5489713862471456e-11
eakf_model2,3.828746850409669e-14
eakf_model3,0.999999999974472
sarima,1.3166430204238156e-57
