model_name,weigth
arima,8.217033366001021e-35
eakf_model1,4.114498709479177e-15
eakf_model2,5.039995066808586e-12
eakf_model3,0.9999999999949558
sarima,4.047398952571179e-35
