model_name,weigth
arima,2.2469259805868457e-31
eakf_model1,2.2900580354830054e-12
eakf_model2,1.1253827671499663e-12
eakf_model3,0.9999999999965846
sarima,2.2693158388734558e-27
