model_name,weigth
arima,3.2878175647690616e-97
eakf_model1,2.336939910834984e-49
eakf_model2,5.4311355156075144e-11
eakf_model3,0.9999999999456886
sarima,2.5477429140138146e-56
