model_name,weigth
arima,4.4148864572077064e-138
eakf_model1,1.2286903530142446e-29
eakf_model2,1.0018614563511276e-10
eakf_model3,0.9999999998998139
sarima,1.1047568454552813e-149
