model_name,weigth
arima,1.4811326036280975e-274
eakf_model1,4.047150121935909e-11
eakf_model2,1.4831152576830064e-16
eakf_model3,0.9999999999595284
