model_name,weigth
arima,5.312070168987967e-144
eakf_model1,0.999999999943916
eakf_model2,6.883245422210211e-93
eakf_model3,5.6084027903161805e-11
