model_name,weigth
arima,3.7180640280842073e-65
eakf_model1,1.3447055175462688e-11
eakf_model2,0.999999999986553
eakf_model3,2.6363317586285614e-20
sarima,3.1952146928134414e-119
