model_name,weigth
arima,0.0
eakf_model1,0.062181155669713634
eakf_model2,2e-322
eakf_model3,0.9378188443302862
sarima,6e-323
