model_name,weigth
arima,2.1379450775274866e-278
eakf_model1,3.251054931305519e-18
eakf_model2,2.2397973331155376e-10
eakf_model3,0.9999999997760203
