model_name,weigth
arima,0.0
eakf_model1,0.9649226781369511
eakf_model2,2.27e-322
eakf_model3,0.03507732186304878
