model_name,weigth
arima,0.0
eakf_model1,0.9999999997443539
eakf_model2,2.277283124832257e-46
eakf_model3,2.5564608874009737e-10
sarima,9.162188980919759e-48
