model_name,weigth
arima,8.901405257614049e-48
eakf_model1,5.245483131141386e-13
eakf_model2,3.7616875695538405e-12
eakf_model3,0.9999999999957138
