model_name,weigth
arima,5.7228762024592745e-27
eakf_model1,2.8896939230820842e-12
eakf_model2,0.9999999999971103
eakf_model3,4.034640288998311e-24
