model_name,weigth
arima,0.0
eakf_model1,3.3120633606930066e-30
eakf_model2,0.9999999954832712
eakf_model3,4.516728731839979e-09
