model_name,weigth
arima,0.0
eakf_model1,0.6402448542353099
eakf_model2,0.35975514576469014
eakf_model3,5.984552783071886e-51
