model_name,weigth
arima,7.061371861110072e-58
eakf_model1,1.6192644525292213e-11
eakf_model2,7.257300232569704e-26
eakf_model3,0.9999999999838073
