model_name,weigth
arima,1.3737810198384977e-190
eakf_model1,0.9999999999877793
eakf_model2,1.2122716548871443e-11
eakf_model3,9.799959670619265e-14
sarima,1.4714419884942624e-216
