model_name,weigth
arima,2.4570982457054284e-26
eakf_model1,5.054029715229278e-12
eakf_model2,0.9999999999949459
eakf_model3,4.639782736740916e-23
sarima,4.8733452078970005e-67
