model_name,weigth
arima,9.955781774764906e-42
eakf_model1,4.321640730752673e-12
eakf_model2,0.9999999999956783
eakf_model3,3.0870462861717584e-19
sarima,2.2214092292747477e-68
