model_name,weigth
arima,0.0
eakf_model1,1.4690342508250442e-09
eakf_model2,2e-323
eakf_model3,0.9999999985309657
