model_name,weigth
arima,8.190950950673812e-60
eakf_model1,1.2445695094962337e-11
eakf_model2,8.051699701980657e-17
eakf_model3,0.9999999999875542
