model_name,weigth
arima,0.0
eakf_model1,2.654343863138066e-10
eakf_model2,0.9999999997345655
eakf_model3,6.181855925823664e-29
sarima,0.0
