model_name,weigth
arima,6.251177675275003e-197
eakf_model1,0.9999999999808736
eakf_model2,1.885608047260849e-39
eakf_model3,1.9126362611490515e-11
