model_name,weigth
arima,0.0
eakf_model1,0.9999999999723801
eakf_model2,2.4734144565979076e-25
eakf_model3,2.7619900118044804e-11
