model_name,weigth
arima,1.3003288089540305e-26
eakf_model1,6.333142582106582e-12
eakf_model2,0.9999999999936668
eakf_model3,5.531449034456879e-22
