model_name,weigth
arima,6.898131269013361e-49
eakf_model1,2.6168475550493456e-21
eakf_model2,2.9031212824108503e-11
eakf_model3,0.9999999999709689
