model_name,weigth
arima,1.4556831503205003e-133
eakf_model1,0.9999999999888051
eakf_model2,6.804900911074534e-34
eakf_model3,1.119482836474737e-11
