model_name,weigth
arima,0.0
eakf_model1,0.9999999996906165
eakf_model2,2.0330023719061027e-26
eakf_model3,3.093834443570397e-10
