model_name,weigth
arima,7.025900593247165e-129
eakf_model1,0.999999999981041
eakf_model2,7.403947386318558e-31
eakf_model3,1.8958940074477692e-11
sarima,4.561450105930631e-200
