model_name,weigth
arima,6.17977e-319
eakf_model1,0.9999999999364533
eakf_model2,3.519429469885461e-39
eakf_model3,6.354670231869873e-11
