model_name,weigth
arima,0.0
eakf_model1,1.6259430959448163e-10
eakf_model2,1.5534685971681937e-33
eakf_model3,0.9999999998374057
sarima,0.0
