model_name,weigth
arima,0.0
eakf_model1,1.1564397520535228e-10
eakf_model2,6.98498729761237e-27
eakf_model3,0.9999999998843561
sarima,0.0
