model_name,weigth
arima,0.0
eakf_model1,8.213212021212124e-18
eakf_model2,7.087932933835297e-09
eakf_model3,0.999999992912067
