model_name,weigth
arima,0.0
eakf_model1,0.9999999986999112
eakf_model2,2.788872293959124e-13
eakf_model3,1.2998098874246023e-09
sarima,0.0
