model_name,weigth
arima,1.1871018145398974e-169
eakf_model1,6.55913664171953e-11
eakf_model2,2.3408922300226237e-83
eakf_model3,0.9999999999344087
