model_name,weigth
arima,0.0
eakf_model1,1.1044373824679966e-10
eakf_model2,6.002356246077394e-15
eakf_model3,0.9999999998895502
sarima,0.0
