model_name,weigth
arima,0.0
eakf_model1,5.217096893108832e-11
eakf_model2,0.9999999999478291
eakf_model3,1.2770153821559441e-18
