model_name,weigth
arima,2.604638368293457e-308
eakf_model1,8.29817990118674e-12
eakf_model2,5.4451939561096357e-11
eakf_model3,0.9999999999372498
