model_name,weigth
arima,8.224757010576585e-148
eakf_model1,0.9999999999900089
eakf_model2,9.991042703140752e-12
eakf_model3,2.8048230397537454e-17
