model_name,weigth
arima,0.0
eakf_model1,1.1734634900184197e-08
eakf_model2,9.6753073856773e-184
eakf_model3,0.9999999882653651
