model_name,weigth
arima,7.597605652660073e-295
eakf_model1,1.4691074325144154e-10
eakf_model2,5.55057909089746e-93
eakf_model3,0.9999999998530892
