model_name,weigth
arima,1.9157386223918386e-261
eakf_model1,5.142183159561496e-11
eakf_model2,1.6707640198938673e-43
eakf_model3,0.9999999999485781
