model_name,weigth
arima,3.373769408017116e-54
eakf_model1,0.99999999999612
eakf_model2,3.863647836163296e-12
eakf_model3,1.6333530937983432e-14
