model_name,weigth
arima,3.2605759533233e-110
eakf_model1,0.9999999999937916
eakf_model2,6.205439693628874e-12
eakf_model3,2.9502999582158734e-15
