model_name,weigth
arima,1.0996253499751607e-33
eakf_model1,0.9999999999931702
eakf_model2,2.8421324353472223e-17
eakf_model3,6.829750317035641e-12
