model_name,weigth
arima,0.0
eakf_model1,0.9999999988347682
eakf_model2,1.1814283794525494e-164
eakf_model3,1.1652317502815974e-09
