model_name,weigth
arima,4.556899695367199e-53
eakf_model1,0.9999999999941552
eakf_model2,2.5233773879836567e-20
eakf_model3,5.8447470835618755e-12
