model_name,weigth
arima,0.0
eakf_model1,4.88967553500275e-50
eakf_model2,5.261609919309359e-08
eakf_model3,0.9999999473839007
sarima,0.0
