model_name,weigth
arima,8.949625349142332e-152
eakf_model1,0.9999999999694189
eakf_model2,5.4474137730045656e-27
eakf_model3,3.058103149045421e-11
