model_name,weigth
arima,0.0
eakf_model1,0.9999999982061542
eakf_model2,1.7938458283796167e-09
eakf_model3,1.7410930300915882e-63
