model_name,weigth
arima,1.497857553266107e-72
eakf_model1,0.9999999999926968
eakf_model2,1.0943550184697013e-22
eakf_model3,7.303200454876719e-12
