model_name,weigth
arima,2e-323
eakf_model1,3.2254491792608326e-10
eakf_model2,2.3440049430251086e-114
eakf_model3,0.999999999677455
sarima,2e-323
