model_name,weigth
arima,1.334858848802721e-274
eakf_model1,9.469784425537885e-11
eakf_model2,2.0721266406203016e-63
eakf_model3,0.9999999999053022
