model_name,weigth
arima,6.982815572766796e-116
eakf_model1,3.013110345493165e-11
eakf_model2,1.2510184546524435e-20
eakf_model3,0.9999999999698689
