model_name,weigth
arima,8.336605800785264e-113
eakf_model1,4.9464303602177294e-11
eakf_model2,1.4841124196214428e-22
eakf_model3,0.9999999999505357
sarima,1.3635438812090637e-90
