model_name,weigth
arima,5.890596716689424e-48
eakf_model1,0.9999999999925395
eakf_model2,4.802327845515264e-25
eakf_model3,7.460419766979524e-12
