model_name,weigth
arima,0.0
eakf_model1,0.9999999993788148
eakf_model2,3.1408515824837774e-10
eakf_model3,3.07100073500445e-10
