model_name,weigth
arima,0.0
eakf_model1,2.651322778111229e-09
eakf_model2,2.0622544928457837e-26
eakf_model3,0.9999999973486772
sarima,0.0
