model_name,weigth
arima,0.0
eakf_model1,0.999994514873588
eakf_model2,1.53e-322
eakf_model3,5.485126411841407e-06
