model_name,weigth
arima,0.0
eakf_model1,0.9999999989533395
eakf_model2,1.6725988044025714e-129
eakf_model3,1.0466605715805335e-09
