model_name,weigth
arima,2e-323
eakf_model1,0.9999999987137125
eakf_model2,5.5962538976154524e-188
eakf_model3,1.2862874549822057e-09
sarima,0.0
