model_name,weigth
arima,0.0
eakf_model1,1.4014546857358661e-09
eakf_model2,4.100150111612128e-17
eakf_model3,0.9999999985985453
