model_name,weigth
arima,0.0
eakf_model1,7.541444898359898e-09
eakf_model2,5.651806136393573e-145
eakf_model3,0.9999999924585551
