model_name,weigth
arima,0.0
eakf_model1,4.34084296197958e-10
eakf_model2,4.275337530920498e-19
eakf_model3,0.9999999995659157
