model_name,weigth
arima,3.8851009952026e-246
eakf_model1,2.381274907304632e-14
eakf_model2,1.1074062752846601e-11
eakf_model3,0.9999999999889021
