model_name,weigth
arima,0.0
eakf_model1,0.9999999965390887
eakf_model2,1.4476995821775433e-96
eakf_model3,3.460911290574772e-09
sarima,0.0
