model_name,weigth
arima,2e-323
eakf_model1,1.3271004107436623e-09
eakf_model2,2.5541745411117963e-55
eakf_model3,0.9999999986728996
sarima,4e-323
