model_name,weigth
arima,0.0
eakf_model1,3.249730056600482e-11
eakf_model2,3.2744604313664826e-60
eakf_model3,0.9999999999675027
