model_name,weigth
arima,0.0
eakf_model1,5.6625652069971305e-11
eakf_model2,4.622993569756536e-85
eakf_model3,0.9999999999433744
