model_name,weigth
arima,0.0
eakf_model1,2.5186584388116044e-10
eakf_model2,2.9580788026394322e-33
eakf_model3,0.9999999997481341
