model_name,weigth
arima,0.0
eakf_model1,5.849752721217274e-09
eakf_model2,1.2267674188910108e-225
eakf_model3,0.9999999941502473
