model_name,weigth
arima,1.6494259048672628e-227
eakf_model1,6.711903414385045e-11
eakf_model2,5.32850770041969e-57
eakf_model3,0.9999999999328809
sarima,0.0
