model_name,weigth
arima,0.0
eakf_model1,2.9604097263345694e-10
eakf_model2,5.833502428975519e-20
eakf_model3,0.999999999703959
sarima,0.0
