model_name,weigth
arima,5.352349917362871e-74
eakf_model1,0.9999999999959951
eakf_model2,9.849260260519175e-13
eakf_model3,3.020029664120109e-12
