model_name,weigth
arima,0.0
eakf_model1,6.060366675509762e-51
eakf_model2,0.9999999978631025
eakf_model3,2.1368974624621058e-09
