model_name,weigth
arima,0.0
eakf_model1,0.9999999999104651
eakf_model2,8.953489641226371e-11
eakf_model3,3.383506470562477e-42
sarima,0.0
