model_name,weigth
arima,0.0
eakf_model1,0.9999999999293469
eakf_model2,6.141634089363065e-13
eakf_model3,7.003894162375444e-11
