model_name,weigth
arima,0.0
eakf_model1,0.9999999459162949
eakf_model2,5.4083705039033725e-08
eakf_model3,1.2e-322
sarima,0.0
