model_name,weigth
arima,0.0
eakf_model1,0.9999999955805088
eakf_model2,4e-323
eakf_model3,4.419491217996027e-09
