model_name,weigth
arima,0.0
eakf_model1,3.6499431828134124e-65
eakf_model2,1.8964941184788527e-10
eakf_model3,0.9999999998103505
