model_name,weigth
arima,8.235027889808042e-133
eakf_model1,9.070525294940993e-29
eakf_model2,6.736210447233413e-12
eakf_model3,0.9999999999932638
