model_name,weigth
arima,2.922067743412832e-184
eakf_model1,0.9999999999866928
eakf_model2,1.3307268158274582e-11
eakf_model3,8.44645070910956e-25
