model_name,weigth
arima,2.0710804397320834e-220
eakf_model1,0.9999999999931922
eakf_model2,6.807820579948288e-12
eakf_model3,1.392538548211622e-25
