model_name,weigth
arima,2.2189638050040856e-196
eakf_model1,0.9999999999323863
eakf_model2,6.256642274230922e-11
eakf_model3,5.047239017603352e-12
sarima,5.1891568289410894e-191
