model_name,weigth
arima,0.0
eakf_model1,0.9999999998825905
eakf_model2,1.1740945030560055e-10
eakf_model3,4.4736954091125454e-21
sarima,0.0
