model_name,weigth
arima,1.0482133439249802e-298
eakf_model1,7.023268925063236e-11
eakf_model2,5.29538500404425e-30
eakf_model3,0.9999999999297673
