model_name,weigth
arima,4.407598724085176e-20
eakf_model1,0.9999999999992688
eakf_model2,1.0502382954806707e-24
eakf_model3,7.312914118311248e-13
