model_name,weigth
arima,1.2917595735130926e-220
eakf_model1,6.770559467784313e-10
eakf_model2,3.6596708380384466e-50
eakf_model3,0.999999999322944
