model_name,weigth
arima,1.9544159841073147e-23
eakf_model1,0.9999999999990706
eakf_model2,5.105113264468764e-22
eakf_model3,9.293765998509129e-13
