model_name,weigth
arima,1.168540087437323e-162
eakf_model1,0.9999999998176815
eakf_model2,1.8231802345221799e-10
eakf_model3,4.2663042278938476e-16
