model_name,weigth
arima,3.624627436236896e-180
eakf_model1,0.9999999999631866
eakf_model2,1.7071582868407467e-19
eakf_model3,3.681339941678277e-11
sarima,9.90890296067375e-107
