model_name,weigth
arima,4.585620441824406e-209
eakf_model1,0.9999999992795933
eakf_model2,2.191533541733787e-65
eakf_model3,7.204066873331977e-10
