model_name,weigth
arima,2.549865905524568e-60
eakf_model1,0.9999999999930879
eakf_model2,8.11105897487324e-28
eakf_model3,6.912150912761952e-12
