model_name,weigth
arima,0.0
eakf_model1,0.9999990578363046
eakf_model2,1.14e-322
eakf_model3,9.421636953972464e-07
