model_name,weigth
arima,1.7763559657529606e-129
eakf_model1,0.9999999999598205
eakf_model2,7.436458077584973e-27
eakf_model3,4.017950824254084e-11
