model_name,weigth
arima,1.0195087608919026e-257
eakf_model1,0.9999999998995721
eakf_model2,2.3424074403455192e-32
eakf_model3,1.004279013933269e-10
sarima,3.2152271789322088e-146
