model_name,weigth
arima,7.1926208074051595e-289
eakf_model1,0.999999999844037
eakf_model2,7.393741921330882e-30
eakf_model3,1.5596309130753717e-10
sarima,7.200361255708009e-166
