model_name,weigth
arima,4.276851084934288e-17
eakf_model1,0.9999999999995499
eakf_model2,3.040811314102578e-21
eakf_model3,4.5010403865886664e-13
