model_name,weigth
arima,5.091973337130869e-109
eakf_model1,1.8007379782405324e-10
eakf_model2,1.0421590484709717e-70
eakf_model3,0.9999999998199262
sarima,8.374815888974878e-89
