model_name,weigth
arima,2.096027312042407e-19
eakf_model1,0.9999999999991608
eakf_model2,2.9070214673301907e-25
eakf_model3,8.391721042207248e-13
