model_name,weigth
arima,3.211498355186861e-42
eakf_model1,0.9999999999974444
eakf_model2,1.0070240027186902e-38
eakf_model3,2.55572396217684e-12
