model_name,weigth
arima,0.0
eakf_model1,2.3445748059030166e-114
eakf_model2,3.456805019401565e-10
eakf_model3,0.9999999996543195
