model_name,weigth
arima,6.178742498328339e-125
eakf_model1,2.419333220820722e-11
eakf_model2,7.39333248972864e-14
eakf_model3,0.9999999999757327
sarima,9.462505073360316e-81
