model_name,weigth
arima,0.0
eakf_model1,1.3395640051892661e-36
eakf_model2,2.0281502867788902e-10
eakf_model3,0.9999999997971849
