model_name,weigth
arima,7.943136617359831e-102
eakf_model1,0.9999999999866287
eakf_model2,1.2576820664990537e-30
eakf_model3,1.3371228284340637e-11
