model_name,weigth
arima,0.0
eakf_model1,1.2786254329823102e-97
eakf_model2,1.6120515523715753e-09
eakf_model3,0.9999999983879485
sarima,2e-323
