model_name,weigth
arima,8.55e-322
eakf_model1,0.9999999998556912
eakf_model2,1.443086788850183e-10
eakf_model3,3.0016189711313226e-18
