model_name,weigth
arima,0.0
eakf_model1,1.0554802580154642e-135
eakf_model2,2.079918732784238e-10
eakf_model3,0.9999999997920082
