model_name,weigth
arima,4.22951719616169e-37
eakf_model1,0.9999999999972884
eakf_model2,2.344157157882873e-35
eakf_model3,2.7115627130507837e-12
