model_name,weigth
arima,0.0
eakf_model1,5.341069687005752e-10
eakf_model2,4.5304445583757225e-49
eakf_model3,0.999999999465893
sarima,2e-323
