model_name,weigth
arima,4.2486743327633826e-122
eakf_model1,1.9623602782063436e-11
eakf_model2,1.4519840712303325e-19
eakf_model3,0.9999999999803764
sarima,2.0765512705823124e-84
