model_name,weigth
arima,8.174566040829179e-143
eakf_model1,1.9947251704020715e-11
eakf_model2,5.353551918141018e-19
eakf_model3,0.9999999999800528
