model_name,weigth
arima,0.0
eakf_model1,9.817619095832265e-10
eakf_model2,6.0744175118048204e-74
eakf_model3,0.9999999990182382
