model_name,weigth
arima,3.795474396426129e-27
eakf_model1,0.9999999999986013
eakf_model2,1.0318676558971141e-26
eakf_model3,1.3986529049962145e-12
