model_name,weigth
arima,0.0
eakf_model1,2.456273275300401e-125
eakf_model2,2.2011596091245097e-10
eakf_model3,0.9999999997798841
