model_name,weigth
arima,1.1920267591808279e-30
eakf_model1,0.999999999998775
eakf_model2,2.644584737299936e-33
eakf_model3,1.2250660546779656e-12
