model_name,weigth
arima,0.0
eakf_model1,3.6252388177950745e-120
eakf_model2,0.9999999998149218
eakf_model3,1.8507821445569487e-10
