model_name,weigth
arima,0.0
eakf_model1,2.7687473118845717e-08
eakf_model2,4.030108953544711e-239
eakf_model3,0.9999999723125268
