model_name,weigth
arima,4.238101322022271e-91
eakf_model1,1.4788638881392906e-11
eakf_model2,0.9999999999851993
eakf_model3,1.2064399483431862e-14
