model_name,weigth
arima,1.0369814930216954e-156
eakf_model1,5.1608090834100734e-11
eakf_model2,1.5832404939327312e-24
eakf_model3,0.999999999948392
