model_name,weigth
arima,1.1859904666839518e-68
eakf_model1,2.3980151941056192e-23
eakf_model2,1.1249328932262046e-11
eakf_model3,0.9999999999880212
sarima,7.294751909675192e-13
