model_name,weigth
arima,1.0650890968451348e-111
eakf_model1,6.622582224935041e-12
eakf_model2,6.032790983904136e-17
eakf_model3,0.9999999999933774
