model_name,weigth
arima,8.586680628393376e-156
eakf_model1,2.9611360384186683e-11
eakf_model2,2.7650903751582328e-27
eakf_model3,0.9999999999703886
sarima,2.391142734965657e-135
