model_name,weigth
arima,0.0
eakf_model1,4.053992100488448e-116
eakf_model2,0.999999999885163
eakf_model3,1.1483709751779763e-10
