model_name,weigth
arima,3.574468655704309e-170
eakf_model1,5.353719723575745e-54
eakf_model2,1.1099934226471465e-10
eakf_model3,5.94921247607498e-17
sarima,0.9999999998890005
