model_name,weigth
arima,0.0
eakf_model1,1.4041139005430506e-128
eakf_model2,0.999999999867444
eakf_model3,1.325559727749399e-10
