model_name,weigth
arima,0.0
eakf_model1,9.763499942993762e-218
eakf_model2,0.9999999996207647
eakf_model3,3.792352520445843e-10
