model_name,weigth
arima,9.633141207555704e-213
eakf_model1,1.8642047680028324e-10
eakf_model2,3.2480546841640537e-12
eakf_model3,0.9999999998103315
sarima,3.102477287900173e-120
