model_name,weigth
arima,7.289674172306273e-76
eakf_model1,4.554374613756305e-18
eakf_model2,0.999999999994303
eakf_model3,5.6969976340472386e-12
