model_name,weigth
arima,1.9997643898727376e-120
eakf_model1,7.8337087517621e-12
eakf_model2,1.753345109429695e-25
eakf_model3,0.9999999999921663
