model_name,weigth
arima,3.0438270554646e-122
eakf_model1,1.500762391620511e-11
eakf_model2,1.7120461249605496e-15
eakf_model3,0.9999999999849906
