model_name,weigth
arima,2e-323
eakf_model1,2.1460106034466415e-08
eakf_model2,1.0313104961914042e-154
eakf_model3,0.999999978539894
sarima,4e-323
