model_name,weigth
arima,0.0
eakf_model1,1.7612871793266435e-98
eakf_model2,0.999999999919327
eakf_model3,8.067315109868428e-11
