model_name,weigth
arima,3.2681748256999835e-235
eakf_model1,0.9999999997827416
eakf_model2,2.940293566502286e-67
eakf_model3,2.1725835236352736e-10
sarima,5.4186896376723794e-176
