model_name,weigth
arima,2.7576093935254714e-226
eakf_model1,7.032809794687025e-11
eakf_model2,1.2356291843287255e-26
eakf_model3,0.9999999999296719
