model_name,weigth
arima,6.902969336964372e-269
eakf_model1,0.9999999998125858
eakf_model2,2.053270526803236e-60
eakf_model3,1.8741423165555707e-10
sarima,9.475033922518206e-174
