model_name,weigth
arima,2.1030008345061214e-282
eakf_model1,0.999999999573529
eakf_model2,2.051460753111598e-53
eakf_model3,4.264709525077246e-10
sarima,8.477151409893899e-218
