model_name,weigth
arima,1.6417438910065056e-138
eakf_model1,4.165866307425234e-18
eakf_model2,2.4137364617157956e-11
eakf_model3,0.9999999999758626
