model_name,weigth
arima,9.65100529030686e-204
eakf_model1,1.3658259034762153e-10
eakf_model2,6.682896136238289e-27
eakf_model3,0.9999999998634174
