model_name,weigth
arima,0.0
eakf_model1,0.9999999994024523
eakf_model2,4.3459040804789637e-63
eakf_model3,5.975477057037543e-10
