model_name,weigth
arima,3.6033790104224787e-199
eakf_model1,1.339116902583135e-40
eakf_model2,0.9999999999568184
eakf_model3,4.3181553140783256e-11
