model_name,weigth
arima,0.0
eakf_model1,0.999999999793661
eakf_model2,1.8686596434742187e-61
eakf_model3,2.0633890734248413e-10
