model_name,weigth
arima,2.9178383227151772e-208
eakf_model1,3.534617670707039e-28
eakf_model2,0.9999999999500484
eakf_model3,4.995151545134783e-11
