model_name,weigth
arima,1.217611502594952e-86
eakf_model1,3.6535888256021873e-22
eakf_model2,2.1761534427460317e-11
eakf_model3,0.9999999999782385
sarima,3.0483115244290177e-34
