model_name,weigth
arima,3.802341633862232e-135
eakf_model1,5.721633632591415e-19
eakf_model2,0.9999999999754386
eakf_model3,2.4561368708895008e-11
