model_name,weigth
arima,7.258434683502618e-64
eakf_model1,2.8011385487786984e-12
eakf_model2,6.7014439238601015e-12
eakf_model3,0.9999999999904974
sarima,6.3178310899956e-41
