model_name,weigth
arima,9.74125267316215e-154
eakf_model1,2.1648695876994665e-60
eakf_model2,7.516261169705633e-11
eakf_model3,0.9999999999248375
sarima,4.074351981460017e-36
