model_name,weigth
arima,8.251694143007086e-150
eakf_model1,8.549220060348532e-41
eakf_model2,2.7956627289211533e-11
eakf_model3,0.9999999999720435
