model_name,weigth
arima,6.323307072929528e-180
eakf_model1,5.853846837144841e-15
eakf_model2,8.737707032746788e-11
eakf_model3,0.999999999912617
