model_name,weigth
arima,7.008553981601025e-126
eakf_model1,3.344291629760506e-16
eakf_model2,3.191599107814513e-11
eakf_model3,0.9999999999680835
sarima,1.0485710504936602e-42
