model_name,weigth
arima,8.088222681602555e-267
eakf_model1,0.9999999998153466
eakf_model2,7.048811718391674e-71
eakf_model3,1.8465327063057644e-10
