model_name,weigth
arima,4.474909659004398e-189
eakf_model1,1.59277766458571e-15
eakf_model2,1.1126205612853659e-10
eakf_model3,0.9999999998887363
