model_name,weigth
arima,1.0140400302499946e-122
eakf_model1,1.7282804668110545e-20
eakf_model2,0.999999999983984
eakf_model3,1.6015933855453835e-11
