model_name,weigth
arima,1.5254564770248042e-36
eakf_model1,0.9999999999957189
eakf_model2,4.982692313521223e-14
eakf_model3,4.231283631523897e-12
