model_name,weigth
arima,3.7380065922240404e-253
eakf_model1,1.503378097288635e-29
eakf_model2,5.582214535758346e-11
eakf_model3,0.9999999999441778
