model_name,weigth
arima,4.509518889413001e-131
eakf_model1,1.2300344620884167e-51
eakf_model2,7.019837997865946e-11
eakf_model3,0.9999999999298016
