model_name,weigth
arima,7.137697525481056e-76
eakf_model1,0.9999999999860306
eakf_model2,1.4042484912547665e-15
eakf_model3,1.3968080255763508e-11
