model_name,weigth
arima,1.0664773378405165e-96
eakf_model1,4.692927819157602e-33
eakf_model2,0.999999999939716
eakf_model3,6.028405605216147e-11
