model_name,weigth
arima,1.556744184837353e-154
eakf_model1,1.3151737252121746e-63
eakf_model2,1.312442530985597e-10
eakf_model3,0.9999999998687558
sarima,1.3451732744605061e-67
