model_name,weigth
arima,9.4e-323
eakf_model1,3.639631859799736e-132
eakf_model2,0.9999999998823146
eakf_model3,1.176855110128844e-10
