model_name,weigth
arima,2.9703818576254936e-105
eakf_model1,2.747881131773009e-35
eakf_model2,0.9999999998909301
eakf_model3,1.0906990956293168e-10
sarima,4.451252783999e-38
