model_name,weigth
arima,5.337866233688365e-93
eakf_model1,1.7123156830876528e-33
eakf_model2,0.9999999999849094
eakf_model3,1.5090585909125442e-11
