model_name,weigth
arima,4.965421030982754e-34
eakf_model1,0.999999999994387
eakf_model2,5.6095788456360986e-12
eakf_model3,3.3824223614367826e-15
sarima,2.061816513653729e-32
