model_name,weigth
arima,2.0485206415502436e-246
eakf_model1,1.7574546055984382e-56
eakf_model2,0.9999999998518441
eakf_model3,1.4815597338638636e-10
sarima,9.087844692646451e-98
