model_name,weigth
arima,3e-323
eakf_model1,1.7371341756980808e-293
eakf_model2,1.8334784106176588e-09
eakf_model3,0.9999999981665215
