model_name,weigth
arima,4.969534349207207e-208
eakf_model1,3.091035492496184e-102
eakf_model2,0.9999999997922868
eakf_model3,2.0771312312202726e-10
sarima,1.1028148101979374e-34
