model_name,weigth
arima,1.016588954138907e-178
eakf_model1,6.188622141280736e-64
eakf_model2,9.378970396901542e-11
eakf_model3,0.9999999999062104
