model_name,weigth
arima,2.2113141358573522e-265
eakf_model1,0.7886348045567138
eakf_model2,0.21136519544311083
eakf_model3,1.752863576377039e-13
