model_name,weigth
arima,0.0
eakf_model1,3.4957171610548007e-161
eakf_model2,1.0153609352588224e-09
eakf_model3,0.999999998984639
