model_name,weigth
arima,7.234380751955094e-43
eakf_model1,0.9999999999879041
eakf_model2,1.209563457118353e-11
eakf_model3,3.462806035524515e-16
