model_name,weigth
arima,7.844295770697652e-47
eakf_model1,3.2357501080553316e-17
eakf_model2,4.36907203959094e-12
eakf_model3,0.9999999999956309
