model_name,weigth
arima,2.866270708692039e-24
eakf_model1,0.9999999999979002
eakf_model2,2.096029930628768e-12
eakf_model3,3.688178739060132e-15
