model_name,weigth
arima,1.783310685350952e-86
eakf_model1,3.7155568144928663e-125
eakf_model2,1.2208991673933497e-16
eakf_model3,2.1366223609533664e-11
sarima,0.9999999999786336
