model_name,weigth
arima,7.198844632859822e-150
eakf_model1,3.2411813222957493e-59
eakf_model2,3.223437239894807e-11
eakf_model3,0.9999999999677657
