model_name,weigth
arima,1.7760561760057985e-214
eakf_model1,2.8225234982123926e-260
eakf_model2,2.7656430564087516e-10
eakf_model3,0.9999999997234357
