model_name,weigth
arima,6.679974994525764e-196
eakf_model1,7.144357053707929e-10
eakf_model2,0.9999999992855643
eakf_model3,2.5183515184498463e-25
sarima,2.4206203249313246e-136
