model_name,weigth
arima,1.324655555007226e-31
eakf_model1,0.9999999999946064
eakf_model2,5.393552324250079e-12
eakf_model3,1.9688887375449528e-19
sarima,2.1418788252791702e-31
