model_name,weigth
arima,4.649694909550257e-58
eakf_model1,0.9999999999802601
eakf_model2,1.9739894383294637e-11
eakf_model3,2.869860253533235e-24
sarima,9.73683423364069e-57
