model_name,weigth
arima,3.722029933515197e-38
eakf_model1,1.823057494074686e-15
eakf_model2,4.152615252893061e-12
eakf_model3,0.9999999999958455
