model_name,weigth
arima,0.0
eakf_model1,5.464348443022648e-67
eakf_model2,5.617166022037531e-10
eakf_model3,0.9999999994382834
