model_name,weigth
arima,1.5100467862892846e-280
eakf_model1,7.79743768231393e-112
eakf_model2,2.0106916844096396e-10
eakf_model3,0.9999999997989308
