model_name,weigth
arima,3e-323
eakf_model1,5.4e-323
eakf_model2,0.9999999942092583
eakf_model3,5.790741695681503e-09
