model_name,weigth
arima,1.4133854746507566e-56
eakf_model1,9.719824396170615e-33
eakf_model2,7.1775020196900696e-12
eakf_model3,0.9999999999928226
