model_name,weigth
arima,3.346835605050377e-83
eakf_model1,1.0343575752054081e-40
eakf_model2,1.51966779790319e-11
eakf_model3,0.9999999999848033
