model_name,weigth
arima,1.8092402209826994e-53
eakf_model1,0.9999999999889746
eakf_model2,1.102546265539299e-11
eakf_model3,5.243104390256329e-22
