model_name,weigth
arima,6.410955565955225e-33
eakf_model1,5.309058532978798e-47
eakf_model2,3.26512605490473e-12
eakf_model3,0.9999999999967351
