model_name,weigth
arima,1.0894634943157869e-66
eakf_model1,1.859988571780688e-51
eakf_model2,1.4088359333612906e-16
eakf_model3,2.2349926635344166e-11
sarima,0.9999999999776499
