model_name,weigth
arima,1.4360674841495593e-142
eakf_model1,4.419970660160696e-10
eakf_model2,2.697065754358833e-32
eakf_model3,1.5964770867924786e-27
sarima,0.9999999995580029
