model_name,weigth
arima,2.1273563641261217e-183
eakf_model1,0.5081019820414387
eakf_model2,7.424757645955095e-10
eakf_model3,0.4918980172160856
