model_name,weigth
arima,6.760980441921037e-19
eakf_model1,0.9999999999990122
eakf_model2,2.1539241055218207e-13
eakf_model3,7.723228071698384e-13
