model_name,weigth
arima,8.944001862400413e-79
eakf_model1,8.18155319447912e-39
eakf_model2,1.8136601449623057e-11
eakf_model3,0.9999999999818634
