model_name,weigth
arima,7.814310782729867e-79
eakf_model1,1.2777898376578655e-41
eakf_model2,0.9999999998942783
eakf_model3,1.0572154728660536e-10
