model_name,weigth
arima,2.4701888299131987e-119
eakf_model1,1.250256947220588e-49
eakf_model2,3.3126103734006967e-10
eakf_model3,0.999999999668739
sarima,5.423721000262688e-148
