model_name,weigth
arima,1.0053437398198053e-57
eakf_model1,0.9999999999558455
eakf_model2,3.057143545258706e-22
eakf_model3,4.4154434760210886e-11
