model_name,weigth
arima,9.624136446745792e-49
eakf_model1,1.0965057645085314e-61
eakf_model2,8.696044147659802e-11
eakf_model3,0.9999999999130396
sarima,8.317712568298758e-58
