model_name,weigth
arima,1.2560896566529612e-72
eakf_model1,1.3198306171899469e-61
eakf_model2,1.6080087145452013e-10
eakf_model3,0.9999999998391992
sarima,3.382949516269656e-97
