model_name,weigth
arima,1.3961664963035237e-18
eakf_model1,4.95491008406552e-21
eakf_model2,1.1532737216818327e-10
eakf_model3,0.9999999998846727
