model_name,weigth
arima,3.804870504141615e-77
eakf_model1,4.6128224899470326e-11
eakf_model2,6.601347285668405e-15
eakf_model3,0.9999999999538651
