model_name,weigth
arima,2.462374186781807e-34
eakf_model1,2.634981245923287e-29
eakf_model2,1.4540304606980006e-11
eakf_model3,0.9999999999854596
