model_name,weigth
arima,5.965155009588606e-38
eakf_model1,6.850193200366106e-27
eakf_model2,3.845927844069621e-12
eakf_model3,0.9999999999961542
sarima,4.36335834856544e-41
