model_name,weigth
arima,5.9829878936379084e-24
eakf_model1,2.130997286717206e-18
eakf_model2,3.1203842255372765e-12
eakf_model3,0.9999999999968796
