model_name,weigth
arima,4.062107320529085e-23
eakf_model1,1.397984700916957e-13
eakf_model2,2.4029889633601607e-12
eakf_model3,0.9999999999974573
