model_name,weigth
arima,4e-323
eakf_model1,4.530270853866759e-299
eakf_model2,9.516433460699139e-09
eakf_model3,0.9999999904835665
