model_name,weigth
arima,1.6755746384684824e-60
eakf_model1,3.49110118767617e-29
eakf_model2,5.138696290407366e-11
eakf_model3,0.999999999948613
