model_name,weigth
arima,1.5703223381203858e-24
eakf_model1,8.337582459541266e-27
eakf_model2,1.5049301166202544e-11
eakf_model3,0.9999999999849506
