model_name,weigth
arima,1.3673104989578608e-65
eakf_model1,2.3817752265172137e-12
eakf_model2,2.1664015914889585e-11
eakf_model3,0.9999999999759542
