model_name,weigth
arima,1.3712580793810674e-29
eakf_model1,4.0931022976055817e-29
eakf_model2,2.2070922979320034e-12
eakf_model3,0.999999999997793
