model_name,weigth
arima,3.712565869711632e-39
eakf_model1,0.9999999999748213
eakf_model2,1.99191759528496e-11
eakf_model3,5.259624817222508e-12
sarima,2.2727257955325776e-46
