model_name,weigth
arima,8.042205749030556e-33
eakf_model1,0.9999999999709819
eakf_model2,2.9018067617289396e-11
eakf_model3,2.8377113412451655e-22
sarima,9.996068654031039e-39
