model_name,weigth
arima,1.3321046533103607e-22
eakf_model1,1.2426581984004542e-16
eakf_model2,2.495025831699361e-12
eakf_model3,0.9999999999975047
