model_name,weigth
arima,1.1362026337044157e-36
eakf_model1,1.564791313689437e-45
eakf_model2,2.6526983792209947e-11
eakf_model3,0.999999999973473
