model_name,weigth
arima,7.620412777286144e-41
eakf_model1,7.787489153818972e-16
eakf_model2,8.938689446430685e-12
eakf_model3,0.9999999999910606
sarima,2.689068571187882e-64
