model_name,weigth
arima,2.103208747524335e-56
eakf_model1,6.840305345417379e-28
eakf_model2,2.5972767870802912e-11
eakf_model3,0.9999999999740272
