model_name,weigth
arima,6.74392322766123e-30
eakf_model1,2.505468798766233e-31
eakf_model2,3.349918993607157e-12
eakf_model3,0.99999999999665
sarima,8.608544836838501e-18
