model_name,weigth
arima,4e-323
eakf_model1,9.339877109362462e-09
eakf_model2,2.9510645003360622e-12
eakf_model3,0.9999999906571717
sarima,4e-323
