model_name,weigth
arima,2.0165532530864152e-265
eakf_model1,0.9999999988086978
eakf_model2,7.442625673110821e-80
eakf_model3,1.1913021112574416e-09
