model_name,weigth
arima,8.24943880093264e-35
eakf_model1,0.9999999999783674
eakf_model2,2.1632608616469693e-11
eakf_model3,1.0850198373828409e-17
sarima,1.299924904416377e-31
