model_name,weigth
arima,0.9999999999913468
eakf_model1,3.0090039942551774e-39
eakf_model2,2.725713950904341e-12
eakf_model3,5.927389182007147e-12
