model_name,weigth
arima,7.4e-323
eakf_model1,0.1563690905745198
eakf_model2,0.8436309094254801
eakf_model3,7.4e-323
sarima,7.4e-323
