model_name,weigth
arima,1.9247746074369048e-76
eakf_model1,0.99999999991076
eakf_model2,8.923995764825324e-11
eakf_model3,6.4311394029217214e-59
