model_name,weigth
arima,7.234147322751125e-43
eakf_model1,1.9504884932826575e-11
eakf_model2,0.9999999999115303
eakf_model3,6.896475829414479e-11
