model_name,weigth
arima,5.51366092970547e-61
eakf_model1,2.4000107754329525e-20
eakf_model2,0.999999999942294
eakf_model3,5.770594442349349e-11
