model_name,weigth
arima,4.980188858629889e-35
eakf_model1,7.9900268991593e-11
eakf_model2,0.9999999999200986
eakf_model3,9.507195583008964e-16
sarima,2.5853040889102634e-40
