model_name,weigth
arima,1.3469105292104672e-164
eakf_model1,8.56677281268306e-68
eakf_model2,2.3381426509568517e-10
eakf_model3,0.9999999997661857
