model_name,weigth
arima,4.610733308387299e-49
eakf_model1,3.550282272786428e-10
eakf_model2,1.3937399007776857e-19
eakf_model3,0.9999999996449718
