model_name,weigth
arima,4.483449869179516e-112
eakf_model1,0.999999999577941
eakf_model2,4.220591416663749e-10
eakf_model3,7.295449011305733e-115
sarima,1.217442369139096e-118
