model_name,weigth
arima,2.3061515264899194e-12
eakf_model1,6.001144030566898e-38
eakf_model2,4.818247877778492e-13
eakf_model3,4.004213634501736e-18
sarima,0.999999999997212
