model_name,weigth
arima,4.7947720362217e-07
eakf_model1,4e-323
eakf_model2,4e-323
eakf_model3,0.9999995205227964
