model_name,weigth
arima,0.9999999999492811
eakf_model1,1.9013210338611046e-95
eakf_model2,3.0289831522837097e-15
eakf_model3,5.0715795503865906e-11
