model_name,weigth
arima,0.9999999950251379
eakf_model1,2.5e-323
eakf_model2,4.974862030866414e-09
eakf_model3,2.4974971320162516e-35
sarima,6.675952018605313e-24
