model_name,weigth
arima,6.205096970833336e-12
eakf_model1,1.82634041090814e-27
eakf_model2,1.15147733705356e-11
eakf_model3,0.9999999999822802
