model_name,weigth
arima,0.9999999993133437
eakf_model1,3.597986120481902e-271
eakf_model2,9.165398260664695e-45
eakf_model3,6.866562068921811e-10
