model_name,weigth
arima,4.4e-323
eakf_model1,1.195917130217135e-153
eakf_model2,0.07270373249218176
eakf_model3,0.9272962675078181
