model_name,weigth
arima,4.139360406238143e-35
eakf_model1,1.766337698968466e-10
eakf_model2,0.9999999998233662
eakf_model3,3.158186158471428e-19
