model_name,weigth
arima,2.7677801682530887e-39
eakf_model1,1.4605157574853543e-32
eakf_model2,2.942059515733302e-11
eakf_model3,0.9999999999705795
