model_name,weigth
arima,7.249742439041605e-285
eakf_model1,4.479883862285876e-10
eakf_model2,3.1257261523734425e-13
eakf_model3,0.9999999995516989
