model_name,weigth
arima,1.9040528778015386e-79
eakf_model1,0.3593880482336869
eakf_model2,4.235619636861058e-58
eakf_model3,2.4619388901593394e-16
sarima,0.6406119517663128
