model_name,weigth
arima,9.590567000563102e-99
eakf_model1,0.9999999999305254
eakf_model2,6.947369618642844e-11
eakf_model3,9.424921522002974e-16
sarima,7.239129505138128e-57
