model_name,weigth
arima,0.9999999999993565
eakf_model1,1.2030864555637625e-21
eakf_model2,3.3318511493013504e-22
eakf_model3,6.434069996062435e-13
