model_name,weigth
arima,0.9999999980235045
eakf_model1,1.1832809418407495e-192
eakf_model2,1.184630864997321e-69
eakf_model3,1.976495495720766e-09
