model_name,weigth
arima,0.999999999985606
eakf_model1,1.6542397809967002e-34
eakf_model2,2.8035641081178883e-19
eakf_model3,1.4394014486945477e-11
