model_name,weigth
arima,2.513789085365797e-12
eakf_model1,5.0757498583618874e-23
eakf_model2,1.5285567466985086e-25
eakf_model3,1.910545605160223e-18
sarima,0.9999999999974862
