model_name,weigth
arima,0.0
eakf_model1,0.9999999984504955
eakf_model2,2.2701291892014745e-20
eakf_model3,1.54950446060068e-09
