model_name,weigth
arima,6.222926444752236e-159
eakf_model1,1.5010900255189888e-10
eakf_model2,0.999999999849891
eakf_model3,4.74408574637653e-28
sarima,8.131805060544232e-83
