model_name,weigth
arima,1.5868534280552958e-183
eakf_model1,7.968787291894479e-21
eakf_model2,0.9999999997374398
eakf_model3,2.6256021945711585e-10
sarima,1.5816124016091303e-107
