model_name,weigth
arima,1.5210143134438914e-207
eakf_model1,0.9999999965170372
eakf_model2,3.955263722809485e-164
eakf_model3,3.4829626940662424e-09
