model_name,weigth
arima,7.765375989935234e-13
eakf_model1,2.4756289727637534e-21
eakf_model2,1.2405976923125175e-16
eakf_model3,3.4983342584877666e-14
sarima,0.9999999999991884
