model_name,weigth
arima,0.9999999999996618
eakf_model1,8.353771539248225e-25
eakf_model2,8.802851531882802e-18
eakf_model3,3.380454755982408e-13
