model_name,weigth
arima,3e-323
eakf_model1,2.6321771062698264e-49
eakf_model2,7.547072760444334e-09
eakf_model3,0.9999999924529273
