model_name,weigth
arima,1.906311193896705e-23
eakf_model1,2.039964888751453e-10
eakf_model2,9.0273073792708e-46
eakf_model3,0.9999999997960036
