model_name,weigth
arima,3e-323
eakf_model1,1.8986874029301337e-15
eakf_model2,2.4554241677352283e-08
eakf_model3,0.9999999754457564
