model_name,weigth
arima,0.999999999962965
eakf_model1,2.904185454393653e-48
eakf_model2,1.2602361951398877e-18
eakf_model3,3.703507983901147e-11
