model_name,weigth
arima,3.342972831116175e-21
eakf_model1,6.930850755228696e-13
eakf_model2,1.2110013460383292e-14
eakf_model3,0.9999999999992949
