model_name,weigth
arima,0.0
eakf_model1,4.936211285301334e-20
eakf_model2,1.0937358451387542e-09
eakf_model3,0.9999999989062642
