model_name,weigth
arima,0.0
eakf_model1,0.5404752890288154
eakf_model2,1.6793187667304172e-49
eakf_model3,0.4595247109711845
