model_name,weigth
arima,1.6239716836561307e-21
eakf_model1,1.5453447775188708e-16
eakf_model2,0.9999999999950799
eakf_model3,4.919944602025765e-12
