model_name,weigth
arima,3.2629666538377385e-59
eakf_model1,5.267551702192918e-23
eakf_model2,1.6722261016986947e-11
eakf_model3,0.9999999999832777
sarima,3.681002167848877e-59
