model_name,weigth
arima,8.703113580424211e-144
eakf_model1,7.343576175911162e-53
eakf_model2,7.603346132994944e-11
eakf_model3,0.9999999999239665
