model_name,weigth
arima,5.1035171269901e-59
eakf_model1,1.8419563250048303e-25
eakf_model2,1.8393268883767515e-11
eakf_model3,0.9999999999816067
sarima,4.7232143437827434e-65
