model_name,weigth
arima,8.65877795998245e-107
eakf_model1,1.2972081716689323e-21
eakf_model2,0.9999999999773305
eakf_model3,2.26694864435965e-11
