model_name,weigth
arima,9.450539658661501e-308
eakf_model1,1.001934384115862e-112
eakf_model2,4.507121728881334e-10
eakf_model3,0.9999999995492879
