model_name,weigth
arima,9.000743933833863e-82
eakf_model1,5.307126686569425e-32
eakf_model2,3.727915922795545e-11
eakf_model3,0.9999999999627209
sarima,1.0683569207839488e-95
