model_name,weigth
arima,1.441127054270722e-09
eakf_model1,4.260006027906053e-121
eakf_model2,0.999999998558873
eakf_model3,3.9765029944604955e-51
