model_name,weigth
arima,2.1593646839803487e-90
eakf_model1,5.1526161770325224e-39
eakf_model2,2.7689760831273703e-11
eakf_model3,0.9999999999723103
