model_name,weigth
arima,4.3566801376002595e-112
eakf_model1,5.084444756075224e-35
eakf_model2,4.656061919837235e-11
eakf_model3,0.9999999999534394
