model_name,weigth
arima,1.5868773106213726e-60
eakf_model1,1.047287482635147e-28
eakf_model2,5.2907311864532945e-12
eakf_model3,0.9999999999947093
