model_name,weigth
arima,5.663723155e-314
eakf_model1,3.9721963274639024e-10
eakf_model2,7.197422410703116e-13
eakf_model3,0.9999999996020608
