model_name,weigth
arima,5.276898911859054e-282
eakf_model1,0.9999999999546166
eakf_model2,9.304609166973535e-77
eakf_model3,4.538327763123248e-11
