model_name,weigth
arima,2.343302560374187e-157
eakf_model1,7.752861843910712e-12
eakf_model2,6.742628373848349e-32
eakf_model3,0.9999999999922472
