model_name,weigth
arima,8.990430146884836e-254
eakf_model1,0.9999999999834916
eakf_model2,1.5983021807551795e-26
eakf_model3,1.6508453112371357e-11
