model_name,weigth
arima,8.936376979198399e-98
eakf_model1,0.9999999999654716
eakf_model2,3.906316113867062e-17
eakf_model3,3.452856239314764e-11
