model_name,weigth
arima,2.779499833727015e-79
eakf_model1,0.9999999998929279
eakf_model2,1.0707224656804483e-10
eakf_model3,2.2165091144148028e-17
