model_name,weigth
arima,1.121042512164038e-106
eakf_model1,5.967483627418619e-12
eakf_model2,9.19751158201885e-20
eakf_model3,0.9999999999940327
