model_name,weigth
arima,2.5e-323
eakf_model1,2.7417505987999774e-09
eakf_model2,0.9999999972582494
eakf_model3,2.886666572094495e-35
sarima,2.5e-323
