model_name,weigth
arima,0.0
eakf_model1,0.9999999998214745
eakf_model2,1.401720132131999e-135
eakf_model3,1.7852564972461972e-10
