model_name,weigth
arima,1.9819884115804283e-57
eakf_model1,1.768924241142796e-11
eakf_model2,1.9441604932896526e-18
eakf_model3,0.9999999999823107
