model_name,weigth
arima,7.403636677471515e-148
eakf_model1,0.9999999980257881
eakf_model2,1.9742120293547773e-09
eakf_model3,4.2418894911392065e-59
