model_name,weigth
arima,3.182921885390606e-67
eakf_model1,9.729969584420456e-12
eakf_model2,5.49542687147736e-17
eakf_model3,0.9999999999902701
