model_name,weigth
arima,3.529254936356491e-99
eakf_model1,2.5096397462489193e-12
eakf_model2,2.939706627205325e-22
eakf_model3,0.9999999999974903
