model_name,weigth
arima,4.206699097814493e-58
eakf_model1,1.3179068214309438e-11
eakf_model2,3.9402709035731243e-19
eakf_model3,0.999999999986821
sarima,2.849507250645085e-59
