model_name,weigth
arima,4.029222389246558e-77
eakf_model1,3.070336187122063e-12
eakf_model2,1.492033508151143e-19
eakf_model3,0.9999999999969297
