model_name,weigth
arima,0.0
eakf_model1,0.9999999998290999
eakf_model2,2.189002463872661e-56
eakf_model3,1.7090005674807276e-10
sarima,0.0
