model_name,weigth
arima,3.027154211882674e-118
eakf_model1,0.9999999999787386
eakf_model2,9.111091009003769e-26
eakf_model3,2.126149223570126e-11
