model_name,weigth
arima,0.0
eakf_model1,0.9999999999774514
eakf_model2,1.7555040522706502e-61
eakf_model3,2.2548640319162927e-11
