model_name,weigth
arima,5e-323
eakf_model1,2.4599148407294183e-08
eakf_model2,0.9999999754008517
eakf_model3,3.7641988344144264e-191
sarima,2.5e-323
