model_name,weigth
arima,2.8348472923805253e-60
eakf_model1,9.229492714014706e-12
eakf_model2,2.8001150294552275e-18
eakf_model3,0.9999999999907706
