model_name,weigth
arima,5.344942408602125e-111
eakf_model1,5.353457507078518e-12
eakf_model2,7.248438119935813e-27
eakf_model3,0.9999999999946466
sarima,1.093265235641243e-25
