model_name,weigth
arima,2.5656095426075407e-109
eakf_model1,0.9999999999390403
eakf_model2,1.110971951966328e-22
eakf_model3,6.095973849623746e-11
