model_name,weigth
arima,6.642079948839177e-185
eakf_model1,0.9999999999760931
eakf_model2,2.0232160628109207e-30
eakf_model3,2.390700559262877e-11
