model_name,weigth
arima,1.9596780263914842e-141
eakf_model1,0.9999999999877439
eakf_model2,5.187200811444159e-20
eakf_model3,1.225612748108677e-11
sarima,1.8146374625854916e-174
