model_name,weigth
arima,0.0
eakf_model1,0.9999999993613896
eakf_model2,5.007304704614394e-38
eakf_model3,6.38610313098663e-10
