model_name,weigth
arima,1.654277363798621e-78
eakf_model1,0.9999999999949355
eakf_model2,5.06460119381848e-12
eakf_model3,4.6969380251665214e-20
