model_name,weigth
arima,6.320259454371295e-66
eakf_model1,0.9999999999947684
eakf_model2,5.2315420874566034e-12
eakf_model3,2.685064623289353e-23
