model_name,weigth
arima,0.0
eakf_model1,0.9999999939385452
eakf_model2,1.4649303963868912e-208
eakf_model3,6.061454812256599e-09
