model_name,weigth
arima,1.3866475014020982e-128
eakf_model1,0.9999999999554555
eakf_model2,2.0801376911324263e-27
eakf_model3,4.4544554410508736e-11
sarima,2.6674166309821835e-225
