model_name,weigth
arima,0.0
eakf_model1,0.9999999998516546
eakf_model2,1.4834547141986417e-10
eakf_model3,9.901498855438758e-25
sarima,0.0
