model_name,weigth
arima,2.5e-323
eakf_model1,2.2728798419879532e-08
eakf_model2,1.4427958919268685e-272
eakf_model3,0.9999999772712016
sarima,2e-323
