model_name,weigth
arima,5.797976672172316e-101
eakf_model1,0.999999999991035
eakf_model2,8.965186302289364e-12
eakf_model3,4.4297471038942056e-26
