model_name,weigth
arima,0.0
eakf_model1,0.9999999998488378
eakf_model2,1.226810268242847e-25
eakf_model3,1.51162241602622e-10
sarima,0.0
