model_name,weigth
arima,1.5239526162395672e-74
eakf_model1,0.9999999999947256
eakf_model2,5.2744304842103524e-12
eakf_model3,4.73548985726525e-22
