model_name,weigth
arima,0.0
eakf_model1,0.9999999999413035
eakf_model2,5.5264601491685734e-70
eakf_model3,5.869659617311588e-11
