model_name,weigth
arima,2.5e-323
eakf_model1,5.844091202205911e-09
eakf_model2,9.309586310850514e-277
eakf_model3,0.9999999941559088
sarima,2.5e-323
