model_name,weigth
arima,4.8400920730009156e-101
eakf_model1,0.9999999999932886
eakf_model2,6.711314696712649e-12
eakf_model3,5.631578071052715e-22
