model_name,weigth
arima,2.1149999348442963e-130
eakf_model1,0.9999999999646414
eakf_model2,8.721847824426477e-17
eakf_model3,3.5358494382830055e-11
sarima,1.3516849110761795e-226
