model_name,weigth
arima,0.0
eakf_model1,0.999999999907554
eakf_model2,3.686238900497131e-14
eakf_model3,9.240926255746694e-11
