model_name,weigth
arima,0.0
eakf_model1,0.9999999998003405
eakf_model2,1.9961793814452737e-10
eakf_model3,4.159932049374307e-14
sarima,0.0
