model_name,weigth
arima,0.0
eakf_model1,0.9999999998853186
eakf_model2,1.1467705933282664e-10
eakf_model3,4.364631609986163e-15
sarima,0.0
