model_name,weigth
arima,0.0
eakf_model1,1.1480175763623781e-10
eakf_model2,1.0709831086509088e-67
eakf_model3,0.9999999998851983
