model_name,weigth
arima,2.5e-323
eakf_model1,8.019952639745128e-09
eakf_model2,4.564032534312703e-21
eakf_model3,0.9999999919800474
sarima,2.5e-323
