model_name,weigth
arima,2.5e-323
eakf_model1,0.9999999972679586
eakf_model2,6.359040737614469e-31
eakf_model3,2.7320414245789573e-09
sarima,2.5e-323
