model_name,weigth
arima,0.0
eakf_model1,1.956626726994444e-11
eakf_model2,3.086381956501453e-09
eakf_model3,0.9999999968940517
