model_name,weigth
arima,5.446333728905351e-128
eakf_model1,0.9999999999896604
eakf_model2,1.1230150480040698e-13
eakf_model3,1.0227368666848904e-11
