model_name,weigth
arima,7.579312445821126e-224
eakf_model1,4.820510666856922e-11
eakf_model2,4.301553988167449e-23
eakf_model3,0.9999999999517949
