model_name,weigth
arima,2.5e-323
eakf_model1,0.9999999788204043
eakf_model2,3.0168977355070266e-91
eakf_model3,2.1179595755759895e-08
sarima,2.5e-323
