model_name,weigth
arima,0.0
eakf_model1,0.9999999962284538
eakf_model2,1.2574070894126102e-44
eakf_model3,3.7715461354690496e-09
