model_name,weigth
arima,2.7796192224038018e-189
eakf_model1,6.41281342346413e-11
eakf_model2,1.6924323040419607e-24
eakf_model3,0.999999999935872
sarima,2.7796192224038018e-189
