model_name,weigth
arima,3.816476084254783e-71
eakf_model1,0.9999999999931706
eakf_model2,6.829469957029553e-12
eakf_model3,3.551930906268295e-18
