model_name,weigth
arima,6.495388034467888e-67
eakf_model1,0.9999999999939854
eakf_model2,6.014451879999931e-12
eakf_model3,2.307623157594179e-16
