model_name,weigth
arima,3.3076615594003507e-210
eakf_model1,0.999999999985681
eakf_model2,1.4318997791124357e-11
eakf_model3,2.3584268286106396e-23
