model_name,weigth
arima,4.647906194613119e-262
eakf_model1,6.261057838758352e-11
eakf_model2,8.090401101864325e-24
eakf_model3,0.9999999999373895
sarima,4.647906194613119e-262
