model_name,weigth
arima,5.001748520925084e-260
eakf_model1,4.8443480529687776e-11
eakf_model2,4.709357819192335e-28
eakf_model3,0.9999999999515566
