model_name,weigth
arima,4.2505565081502054e-241
eakf_model1,1.276402598725892e-10
eakf_model2,5.956988096777263e-22
eakf_model3,0.9999999998723599
sarima,2.1277625826418253e-229
