model_name,weigth
arima,0.0
eakf_model1,2.502925092599314e-10
eakf_model2,0.9999999997497075
eakf_model3,1.1381495451061686e-29
