model_name,weigth
arima,1.1099536365260563e-199
eakf_model1,5.473693524372049e-11
eakf_model2,6.544284006431243e-28
eakf_model3,0.9999999999452631
sarima,1.1099536365260563e-199
