model_name,weigth
arima,0.0
eakf_model1,0.9999999998214327
eakf_model2,7.343140774409727e-33
eakf_model3,1.7856736143056894e-10
