model_name,weigth
arima,0.0
eakf_model1,0.9999999981065153
eakf_model2,1.8934848716270927e-09
eakf_model3,2.365534878261003e-46
