model_name,weigth
arima,2.5e-323
eakf_model1,2.224432693101558e-10
eakf_model2,2.728139983984742e-50
eakf_model3,0.9999999997775569
sarima,2e-323
