model_name,weigth
arima,0.0
eakf_model1,0.9999999998116523
eakf_model2,1.8834753846051752e-10
eakf_model3,3.926434978354516e-24
