model_name,weigth
arima,4.4589996610401457e-181
eakf_model1,0.9999999999893207
eakf_model2,5.5040171434609815e-19
eakf_model3,1.0679308338534846e-11
