model_name,weigth
arima,0.0
eakf_model1,0.9999999988357375
eakf_model2,1.1642625274064347e-09
eakf_model3,5.319741757835777e-26
