model_name,weigth
arima,0.0
eakf_model1,2.9269202717134376e-10
eakf_model2,0.999999999707308
eakf_model3,9.65934857143225e-31
