model_name,weigth
arima,1.6067592957286674e-88
eakf_model1,0.9999999999952031
eakf_model2,3.919915084298858e-19
eakf_model3,4.797044744975394e-12
