model_name,weigth
arima,5.591776646575096e-96
eakf_model1,0.9999999999958706
eakf_model2,8.51253711284944e-20
eakf_model3,4.12941166832556e-12
