model_name,weigth
arima,2.5e-323
eakf_model1,0.9999999978603635
eakf_model2,2.1396364515190113e-09
eakf_model3,2.8463897483341904e-36
sarima,2.5e-323
