model_name,weigth
arima,2.597350233315585e-105
eakf_model1,0.9999999999926894
eakf_model2,2.3090823895833984e-19
eakf_model3,7.310745426653435e-12
