model_name,weigth
arima,1.8785022398811212e-87
eakf_model1,0.9999999999952166
eakf_model2,3.409890161062392e-19
eakf_model3,4.783494397538698e-12
