model_name,weigth
arima,2.5e-323
eakf_model1,4.0771175091141564e-07
eakf_model2,0.9999995922882491
eakf_model3,2.3e-322
sarima,0.0
