model_name,weigth
arima,2.5e-323
eakf_model1,0.9999999998043941
eakf_model2,3.4028386657720863e-15
eakf_model3,1.9560239967498527e-10
sarima,0.0
