model_name,weigth
arima,6.011008813490782e-87
eakf_model1,0.999999999995614
eakf_model2,1.0464824142040205e-18
eakf_model3,4.38616322481481e-12
