model_name,weigth
arima,1.3385647844172036e-297
eakf_model1,4.004644115582673e-11
eakf_model2,9.711718354732553e-36
eakf_model3,0.9999999999599536
