model_name,weigth
arima,2.482137243309501e-207
eakf_model1,4.5758882802686877e-11
eakf_model2,4.12945591042478e-26
eakf_model3,0.9999999999542413
sarima,1.1944263467894993e-187
