model_name,weigth
arima,0.0
eakf_model1,0.9999999999243101
eakf_model2,1.5882226296768005e-18
eakf_model3,7.568993892888652e-11
