model_name,weigth
arima,2.5e-323
eakf_model1,0.9999999965349856
eakf_model2,5.201718821925287e-89
eakf_model3,3.4650144097533945e-09
sarima,2e-323
