model_name,weigth
arima,2.5e-323
eakf_model1,8.765996144138411e-11
eakf_model2,0.9999999999123401
eakf_model3,1.2050713699030586e-24
sarima,2.5e-323
