model_name,weigth
arima,2.5e-323
eakf_model1,0.9999998856239319
eakf_model2,1.1437606805066385e-07
eakf_model3,2.5e-322
sarima,2.5e-323
