model_name,weigth
arima,0.0
eakf_model1,0.9999999953417362
eakf_model2,4.658263765076523e-09
eakf_model3,9.882944788058496e-110
