model_name,weigth
arima,2.5e-323
eakf_model1,1.5183862213415743e-10
eakf_model2,1.6162081598879068e-43
eakf_model3,0.9999999998481615
sarima,2e-323
