model_name,weigth
arima,3.033381227029856e-84
eakf_model1,0.9999999999957253
eakf_model2,4.900877785174575e-19
eakf_model3,4.2748378941643236e-12
