model_name,weigth
arima,2.5e-323
eakf_model1,1.7202130549771144e-10
eakf_model2,0.9999999998279787
eakf_model3,1.1225326096044295e-25
sarima,2.5e-323
