model_name,weigth
arima,6.232121966650628e-178
eakf_model1,0.9999999999853568
eakf_model2,1.4394717655546413e-11
eakf_model3,2.4854906926312335e-13
sarima,3.9771062676379287e-162
