model_name,weigth
arima,4.4912672112604415e-85
eakf_model1,6.816619899139067e-13
eakf_model2,3.940872248712001e-13
eakf_model3,0.9999999999989243
