model_name,weigth
arima,0.0
eakf_model1,0.9999999999761974
eakf_model2,2.380278483441442e-11
eakf_model3,1.4880246385930427e-53
