model_name,weigth
arima,0.0
eakf_model1,0.9999999999689657
eakf_model2,2.3451146310484918e-12
eakf_model3,2.868916963699112e-11
