model_name,weigth
arima,4.718468648837316e-75
eakf_model1,0.9999999999941773
eakf_model2,7.89998665170674e-18
eakf_model3,5.822777469044886e-12
sarima,1.2332449684037713e-45
