model_name,weigth
arima,0.0
eakf_model1,0.9999999999789484
eakf_model2,5.291607652315438e-12
eakf_model3,1.5759957869796305e-11
