model_name,weigth
arima,0.0
eakf_model1,0.9999999998447493
eakf_model2,1.552506214565629e-10
eakf_model3,1.9038946881801655e-38
