model_name,weigth
arima,5.458421201376813e-76
eakf_model1,0.9999999999959207
eakf_model2,1.663401928737412e-13
eakf_model3,3.912952924420147e-12
