model_name,weigth
arima,7.725382197042763e-300
eakf_model1,2.4958108313101003e-11
eakf_model2,3.872455500602735e-21
eakf_model3,0.9999999999750421
