model_name,weigth
arima,2.553750948166891e-215
eakf_model1,3.768748638254161e-11
eakf_model2,7.145640458189417e-42
eakf_model3,0.9999999999623125
