model_name,weigth
arima,1.906446077827186e-110
eakf_model1,0.9999999999953954
eakf_model2,3.992961845845393e-12
eakf_model3,6.118097680564192e-13
