model_name,weigth
arima,9.312363536992416e-87
eakf_model1,0.9999999999942053
eakf_model2,1.3467008122857705e-13
eakf_model3,5.659984189063147e-12
sarima,3.4875759804754916e-62
