model_name,weigth
arima,2.5e-323
eakf_model1,2.9229372518497203e-07
eakf_model2,0.9999997077062748
eakf_model3,1.7e-322
sarima,5e-323
