model_name,weigth
arima,1.2089758468307675e-13
eakf_model1,0.9999999999993503
eakf_model2,9.219490751660348e-15
eakf_model3,5.19631730284472e-13
