model_name,weigth
arima,1.0888782277409535e-84
eakf_model1,0.9999999999815882
eakf_model2,1.841188695122706e-11
eakf_model3,3.756753149500161e-24
