model_name,weigth
arima,2.5e-323
eakf_model1,0.12550148162740593
eakf_model2,9.4e-323
eakf_model3,0.8744985183725941
sarima,5e-323
