model_name,weigth
arima,5.306547733875738e-31
eakf_model1,0.9999999999970277
eakf_model2,2.9718575766461666e-12
eakf_model3,4.710149980146429e-16
