model_name,weigth
arima,3.438955176162254e-100
eakf_model1,3.165857406432854e-18
eakf_model2,3.2179206772818287e-12
eakf_model3,0.999999999996782
