model_name,weigth
arima,2.5e-323
eakf_model1,9.245733312097953e-10
eakf_model2,0.9999999990754267
eakf_model3,6.355866402861055e-76
