model_name,weigth
arima,3.538247706152954e-75
eakf_model1,0.999999999986431
eakf_model2,4.0322540584900856e-17
eakf_model3,1.3569118969752816e-11
sarima,2.473419496794469e-41
