model_name,weigth
arima,1.2450636592292066e-78
eakf_model1,0.9999999999929534
eakf_model2,4.708899806993284e-21
eakf_model3,7.046750761710508e-12
