model_name,weigth
arima,1.2321155407112262e-86
eakf_model1,7.647465371072458e-15
eakf_model2,1.5049624047150039e-12
eakf_model3,0.9999999999984874
