model_name,weigth
arima,6.0009044855500814e-161
eakf_model1,0.9999999998197755
eakf_model2,1.802246359442533e-10
eakf_model3,3.432913723402942e-21
