model_name,weigth
arima,2.5e-323
eakf_model1,0.9999999986646618
eakf_model2,2.267491370930246e-83
eakf_model3,1.3353382922268768e-09
sarima,2.5e-323
