model_name,weigth
arima,3.9828460801806425e-17
eakf_model1,0.9999999999989312
eakf_model2,1.0609242964570121e-12
eakf_model3,7.97331390394337e-15
