model_name,weigth
arima,2.763418056061602e-179
eakf_model1,0.9999999998794369
eakf_model2,1.2056320062413309e-10
eakf_model3,1.6169417005799382e-40
