model_name,weigth
arima,9.808230208586261e-206
eakf_model1,2.86294517295623e-10
eakf_model2,0.9999999997137056
eakf_model3,1.5170613793318785e-34
