model_name,weigth
arima,3.123902399168274e-254
eakf_model1,0.9999999998353111
eakf_model2,1.6223726425413568e-38
eakf_model3,1.6468910596367616e-10
