model_name,weigth
arima,2.5e-323
eakf_model1,7.5791705104402e-09
eakf_model2,0.9999999924208295
eakf_model3,9.657702193272002e-161
sarima,2.5e-323
