model_name,weigth
arima,2.5e-323
eakf_model1,1.2399416295114723e-09
eakf_model2,0.9999999987600583
eakf_model3,1.9761184256112936e-86
sarima,2.5e-323
