model_name,weigth
arima,3.2601030877930772e-301
eakf_model1,5.424714299879201e-11
eakf_model2,1.3125941066998481e-16
eakf_model3,0.9999999999457527
