model_name,weigth
arima,9.617453842915782e-89
eakf_model1,0.9999999999919569
eakf_model2,1.7306524395634617e-18
eakf_model3,8.04315306270077e-12
