model_name,weigth
arima,2.5e-323
eakf_model1,0.9999999997348179
eakf_model2,2.6518220845142647e-10
eakf_model3,3.0535696453008582e-22
sarima,2.5e-323
