model_name,weigth
arima,4.518647674168033e-185
eakf_model1,2.8183473626087798e-11
eakf_model2,3.2071657257507633e-12
eakf_model3,0.9999999999686094
sarima,1.4919131411858547e-151
