model_name,weigth
arima,9.28951851876807e-184
eakf_model1,0.5083527843815597
eakf_model2,4.6462135943208834e-15
eakf_model3,0.4916472156184357
