model_name,weigth
arima,2.5e-323
eakf_model1,0.9999999968835102
eakf_model2,3.116489763581255e-09
eakf_model3,4.759877117710734e-133
sarima,2.5e-323
