model_name,weigth
arima,1.1477657065388468e-258
eakf_model1,0.9999999999446246
eakf_model2,5.537513650973305e-11
eakf_model3,3.2033604022942093e-16
