model_name,weigth
arima,1.7108738952717208e-13
eakf_model1,0.9999999999991488
eakf_model2,5.626916119844956e-16
eakf_model3,6.797067919737407e-13
