model_name,weigth
arima,0.0
eakf_model1,0.9999999983863349
eakf_model2,8.151698996620415e-48
eakf_model3,1.613665223829034e-09
