model_name,weigth
arima,3.7033302795954592e-112
eakf_model1,4.086674875480382e-13
eakf_model2,5.8010803549709834e-12
eakf_model3,0.9999999999937904
