model_name,weigth
arima,0.0
eakf_model1,1.6555279268100636e-09
eakf_model2,0.9999999983444721
eakf_model3,1.745325706087535e-101
