model_name,weigth
arima,1.4929317824769273e-17
eakf_model1,0.9999999999993074
eakf_model2,2.7508184290713138e-15
eakf_model3,6.897381110879486e-13
