model_name,weigth
arima,2.5e-323
eakf_model1,0.999999998961731
eakf_model2,1.0382690231524643e-09
eakf_model3,2.860173218469776e-61
sarima,2.5e-323
