model_name,weigth
arima,5.27962288351072e-156
eakf_model1,6.088809934634538e-16
eakf_model2,2.128732202799704e-11
eakf_model3,0.9999999999787121
sarima,4.827350850539814e-116
