model_name,weigth
arima,3.132614479662204e-168
eakf_model1,3.927898989036007e-12
eakf_model2,1.0530846982384122e-11
eakf_model3,0.9999999999855413
