model_name,weigth
arima,2.7240414434857934e-15
eakf_model1,0.9999999999993534
eakf_model2,1.7409677847661792e-14
eakf_model3,6.264398004219354e-13
