model_name,weigth
arima,0.0
eakf_model1,2.779716966986818e-09
eakf_model2,0.9999999972202831
eakf_model3,1.3323756135357805e-103
