model_name,weigth
arima,6.699860861518039e-103
eakf_model1,4.815739004347907e-12
eakf_model2,2.620922668215677e-13
eakf_model3,0.9999999999949221
