model_name,weigth
arima,2.2054545459839947e-22
eakf_model1,0.9999999999990872
eakf_model2,7.061710124498228e-18
eakf_model3,9.12858454321384e-13
