model_name,weigth
arima,0.0
eakf_model1,5.79238330487062e-10
eakf_model2,0.9999999994207617
eakf_model3,7.132025874671076e-58
