model_name,weigth
arima,2.820486615636679e-191
eakf_model1,0.9999999999742053
eakf_model2,1.9696629465533953e-11
eakf_model3,6.097961109557824e-12
