model_name,weigth
arima,5.24407568707003e-76
eakf_model1,3.9021206227356685e-12
eakf_model2,1.696144187471724e-13
eakf_model3,0.9999999999959284
sarima,1.4283097729749165e-53
