model_name,weigth
arima,3.065017109424096e-73
eakf_model1,5.428995463497658e-12
eakf_model2,2.348774215321606e-21
eakf_model3,0.9999999999945711
sarima,2.2201032032276873e-59
