model_name,weigth
arima,0.0
eakf_model1,2.5e-323
eakf_model2,6.841208007224207e-09
eakf_model3,0.999999993158792
