model_name,weigth
arima,0.0
eakf_model1,4.4e-323
eakf_model2,7.63519080757387e-09
eakf_model3,0.9999999923648091
