model_name,weigth
arima,2.251088458054126e-115
eakf_model1,2.2191383405121686e-11
eakf_model2,1.1865632787407821e-30
eakf_model3,0.9999999999778086
sarima,2.0600334180980737e-101
