model_name,weigth
arima,9.452692487446782e-239
eakf_model1,4.986195997475112e-47
eakf_model2,1.848342406198795e-10
eakf_model3,0.9999999998151659
sarima,7.694874155894898e-28
