model_name,weigth
arima,0.0
eakf_model1,5e-323
eakf_model2,0.9999998698818396
eakf_model3,1.3011816039077952e-07
