model_name,weigth
arima,2.0263686895476656e-85
eakf_model1,3.926695389685306e-12
eakf_model2,1.798208277028864e-11
eakf_model3,0.9999999999780913
sarima,2.8316392102520066e-50
