model_name,weigth
arima,2.5e-323
eakf_model1,1.5515465621494696e-258
eakf_model2,1.967173563298067e-08
eakf_model3,0.9999999803282644
sarima,1.1170563838603646e-298
