model_name,weigth
arima,1.0193527672273332e-270
eakf_model1,7.092690662518536e-54
eakf_model2,1.711154592398598e-10
eakf_model3,0.9999999998288847
