model_name,weigth
arima,2.091387352596749e-158
eakf_model1,1.4259411266625995e-11
eakf_model2,4.505855165334967e-11
eakf_model3,0.999999999940682
