model_name,weigth
arima,1.225455993235709e-57
eakf_model1,2.3851127464200326e-16
eakf_model2,5.349456235289364e-12
eakf_model3,0.9999999999946504
