model_name,weigth
arima,2.5e-323
eakf_model1,8.219633641878221e-10
eakf_model2,2.1283983382147168e-31
eakf_model3,0.9999999991780366
