model_name,weigth
arima,7.506103508268238e-72
eakf_model1,4.268634707971064e-24
eakf_model2,5.924854245920327e-12
eakf_model3,0.9999999999940752
