model_name,weigth
arima,1.354415911670814e-97
eakf_model1,2.6340607220390136e-26
eakf_model2,1.0225406715153077e-11
eakf_model3,0.9999999999897746
