model_name,weigth
arima,7.64852017156556e-104
eakf_model1,9.806315885481812e-24
eakf_model2,9.922515317078169e-12
eakf_model3,0.9999999999900775
