model_name,weigth
arima,1.5253407923901855e-46
eakf_model1,1.4085073908810213e-12
eakf_model2,3.1000151232650997e-12
eakf_model3,0.9999999999954916
sarima,5.167354082563629e-22
