model_name,weigth
arima,0.0
eakf_model1,4.173346824372055e-100
eakf_model2,1.1369281456509395e-10
eakf_model3,0.9999999998863072
