model_name,weigth
arima,1.5536172211732937e-198
eakf_model1,1.1589099696567599e-10
eakf_model2,3.842654297815658e-18
eakf_model3,0.9999999998841089
