model_name,weigth
arima,4.085742030589605e-63
eakf_model1,7.24468424044814e-12
eakf_model2,5.651775022142884e-14
eakf_model3,0.9999999999926988
