model_name,weigth
arima,3.243876027793318e-168
eakf_model1,6.134338860462444e-43
eakf_model2,2.7035705532366896e-11
eakf_model3,0.9999999999729643
