model_name,weigth
arima,1.1136494091434747e-89
eakf_model1,5.839126607581195e-29
eakf_model2,1.0403774726225095e-11
eakf_model3,0.9999999999895964
