model_name,weigth
arima,7.966471956495028e-46
eakf_model1,1.4520615024108286e-12
eakf_model2,1.2593054432174841e-12
eakf_model3,0.9999999999972886
