model_name,weigth
arima,1.5727576370332828e-147
eakf_model1,1.7223766987231417e-38
eakf_model2,3.04762269846868e-11
eakf_model3,0.9999999999695238
