model_name,weigth
arima,0.0
eakf_model1,5e-323
eakf_model2,8.169754696308479e-09
eakf_model3,0.9999999918302453
