model_name,weigth
arima,2.5e-323
eakf_model1,3.1354073468698756e-23
eakf_model2,0.35950610480724277
eakf_model3,0.6404938951927572
sarima,5e-323
