model_name,weigth
arima,9.840042208459571e-69
eakf_model1,2.7328281731403913e-12
eakf_model2,1.1009929509550542e-11
eakf_model3,0.9999999999862572
sarima,1.5336871414926238e-40
