model_name,weigth
arima,5.556468965761083e-81
eakf_model1,6.78776402520997e-15
eakf_model2,8.49277708787477e-12
eakf_model3,0.9999999999915005
