model_name,weigth
arima,1.1441512387406438e-125
eakf_model1,6.63838724773814e-31
eakf_model2,4.9815714057266305e-11
eakf_model3,0.9999999999501843
sarima,6.28556306303655e-41
