model_name,weigth
arima,2.5e-323
eakf_model1,0.9999999983091761
eakf_model2,1.6908239681982793e-09
eakf_model3,5.0899563127467796e-26
sarima,1.466005449857922e-274
