model_name,weigth
arima,1.4495170782118487e-89
eakf_model1,7.589807493791585e-11
eakf_model2,0.999999999924102
eakf_model3,3.9056618529744605e-105
