model_name,weigth
arima,1.809662811269709e-205
eakf_model1,4.1347471753580416e-23
eakf_model2,1.3673071973424926e-10
eakf_model3,0.9999999998632694
