model_name,weigth
arima,2.718840090483e-312
eakf_model1,0.9999999994933185
eakf_model2,5.066815424484965e-10
eakf_model3,8.444850561506342e-18
