model_name,weigth
arima,2.5e-323
eakf_model1,1.2121662735268743e-69
eakf_model2,0.9999999993762788
eakf_model3,6.237212800997999e-10
sarima,1.7831502460874482e-126
