model_name,weigth
arima,1.5956140899696302e-104
eakf_model1,1.1919943020186612e-10
eakf_model2,0.9999999998808006
eakf_model3,7.669958801062451e-152
