model_name,weigth
arima,5.381560891508882e-60
eakf_model1,2.7148584791139838e-11
eakf_model2,0.9999999999728515
eakf_model3,1.1110918585435481e-67
