model_name,weigth
arima,8.256545965621463e-161
eakf_model1,8.944979542274081e-37
eakf_model2,6.507590534332872e-11
eakf_model3,0.9999999999349242
