model_name,weigth
arima,1.780660422304241e-89
eakf_model1,2.6267510541873754e-21
eakf_model2,1.6816194265220904e-11
eakf_model3,0.9999999999831839
sarima,2.9050008388257432e-30
