model_name,weigth
arima,4.9544994579399995e-55
eakf_model1,2.2545410459456284e-11
eakf_model2,0.9999999999774547
eakf_model3,3.884233276581793e-65
