model_name,weigth
arima,8.419281023493863e-71
eakf_model1,2.1132688909558266e-12
eakf_model2,0.9999999999734968
eakf_model3,2.439013580683542e-11
sarima,1.622263229278054e-39
