model_name,weigth
arima,1.8887187949927183e-91
eakf_model1,9.166770983147572e-15
eakf_model2,0.9999999999661833
eakf_model3,3.380773872065893e-11
