model_name,weigth
arima,1.490848776008447e-193
eakf_model1,2.9462281883747376e-10
eakf_model2,0.9999999997053772
eakf_model3,3.570453703027692e-45
