model_name,weigth
arima,2.5e-323
eakf_model1,5e-323
eakf_model2,2.9214358226552247e-08
eakf_model3,0.9999999707856417
