model_name,weigth
arima,3.6362231766794115e-128
eakf_model1,1.6408021460241284e-10
eakf_model2,0.9999999998359198
eakf_model3,7.110278481125462e-39
sarima,3.210667168135177e-109
