model_name,weigth
arima,1.3627528286786088e-216
eakf_model1,8.127142804356161e-56
eakf_model2,7.901970397124008e-11
eakf_model3,0.9999999999209802
