model_name,weigth
arima,2.5402788524245997e-67
eakf_model1,3.0244372356718305e-11
eakf_model2,0.9999999999697557
eakf_model3,3.771011642678124e-20
sarima,6.0027665255095174e-52
