model_name,weigth
arima,2.2734000754141902e-52
eakf_model1,3.2292520552760026e-11
eakf_model2,0.9999999999677074
eakf_model3,2.8383131266925794e-79
