model_name,weigth
arima,1.0009768297956516e-104
eakf_model1,5.230802196526814e-22
eakf_model2,1.8759323563809212e-11
eakf_model3,0.9999999999812408
