model_name,weigth
arima,2.5e-323
eakf_model1,1.3220362121527106e-196
eakf_model2,0.9999999946043552
eakf_model3,5.395644838308284e-09
