model_name,weigth
arima,2.3420737337213392e-132
eakf_model1,2.5935367471723283e-27
eakf_model2,3.892842829179631e-11
eakf_model3,0.9999999999610716
