model_name,weigth
arima,1.662352981548517e-71
eakf_model1,2.343967259968108e-11
eakf_model2,0.9999999999765604
eakf_model3,1.2971088995159978e-20
