model_name,weigth
arima,2.5e-323
eakf_model1,9.541666378574474e-164
eakf_model2,0.9999999987993196
eakf_model3,1.2006805468393307e-09
sarima,9.09241661208256e-134
