model_name,weigth
arima,1.2964969024097061e-110
eakf_model1,5.7338946672789476e-11
eakf_model2,0.9999999999426611
eakf_model3,2.771539885938826e-68
