model_name,weigth
arima,3.6299056445546763e-115
eakf_model1,9.863606176665026e-11
eakf_model2,0.999999999901364
eakf_model3,3.7495981450811196e-43
sarima,5.848310203782865e-81
