model_name,weigth
arima,2.5e-323
eakf_model1,2.5e-323
eakf_model2,1.35268211548e-312
eakf_model3,0.6773237789209245
sarima,0.32267622107907556
