model_name,weigth
arima,5e-323
eakf_model1,4.522316012591941e-09
eakf_model2,0.9999999954776841
eakf_model3,6.57244536389097e-292
sarima,5e-323
