model_name,weigth
arima,8.490125593733086e-79
eakf_model1,0.9999999999457968
eakf_model2,5.420322054782684e-11
eakf_model3,5.174689952554049e-37
sarima,9.56467524772719e-50
