model_name,weigth
arima,6.996748634905154e-48
eakf_model1,2.587619179832844e-11
eakf_model2,3.68548611475679e-14
eakf_model3,0.999999999974087
