model_name,weigth
arima,6.695273083200363e-188
eakf_model1,0.9999999997790264
eakf_model2,2.2097352704204873e-10
eakf_model3,2.9922263720792674e-105
