model_name,weigth
arima,5.843274037827997e-83
eakf_model1,0.9999999999586001
eakf_model2,4.139996875306328e-11
eakf_model3,1.573690852355913e-35
