model_name,weigth
arima,2.902266052586802e-59
eakf_model1,3.281124312527389e-11
eakf_model2,0.9999999999671889
eakf_model3,4.652812105422195e-75
