model_name,weigth
arima,1.1816702271954706e-71
eakf_model1,4.810901156233995e-20
eakf_model2,0.9999999999812669
eakf_model3,1.8733224059806554e-11
sarima,3.1777040692074152e-27
