model_name,weigth
arima,8.726436609280447e-56
eakf_model1,0.9999999999658593
eakf_model2,3.414004820741444e-11
eakf_model3,6.942987806407309e-16
