model_name,weigth
arima,5e-323
eakf_model1,4.156953501532478e-209
eakf_model2,1.5043151668378455e-132
eakf_model3,0.22112172414505135
sarima,0.7788782758549486
