model_name,weigth
arima,2.690303907592482e-178
eakf_model1,0.9999999996827955
eakf_model2,3.172045122644844e-10
eakf_model3,2.638110544325054e-113
sarima,1.2435326035942982e-175
