model_name,weigth
arima,9.004268744073748e-60
eakf_model1,2.598565169854672e-16
eakf_model2,0.9999999999909583
eakf_model3,9.041473635773021e-12
