model_name,weigth
arima,1.4084002346247233e-35
eakf_model1,3.6199120590312175e-11
eakf_model2,0.9999999999638008
eakf_model3,8.018449242438419e-68
