model_name,weigth
arima,6.253928977449324e-46
eakf_model1,4.5852446537490225e-11
eakf_model2,0.9999999999541476
eakf_model3,6.462398969235298e-73
