model_name,weigth
arima,2.706360387950178e-137
eakf_model1,0.9999999995438229
eakf_model2,4.561772887421828e-10
eakf_model3,4.946678947589328e-41
sarima,1.391884889235396e-175
