model_name,weigth
arima,6.171305925480785e-43
eakf_model1,3.3505254599912115e-11
eakf_model2,0.9999999999664949
eakf_model3,4.631909407369963e-59
