model_name,weigth
arima,2.5e-323
eakf_model1,0.12506766723006493
eakf_model2,1.1170870701530558e-33
eakf_model3,0.874932332769935
