model_name,weigth
arima,5e-323
eakf_model1,3.7557062401895864e-175
eakf_model2,1.232552625083628e-07
eakf_model3,0.9999998767447376
sarima,5e-323
