model_name,weigth
arima,1.4159306544711443e-54
eakf_model1,2.083786522474075e-59
eakf_model2,5.9980321694031175e-12
eakf_model3,0.9999999999940007
sarima,1.4214819059865432e-15
