model_name,weigth
arima,7.920044380857535e-278
eakf_model1,0.9999999973732985
eakf_model2,2.6267015170493134e-09
eakf_model3,2.47336669366344e-75
sarima,5e-323
