model_name,weigth
arima,1.3554569827003654e-47
eakf_model1,2.5629642672955736e-14
eakf_model2,3.5608534190753524e-11
eakf_model3,0.9999999999643658
