model_name,weigth
arima,1.3912404433132828e-138
eakf_model1,2.9888422125368537e-10
eakf_model2,0.9999999997011159
eakf_model3,2.2601199909441043e-23
