model_name,weigth
arima,2.000585250545244e-86
eakf_model1,7.95071288427453e-45
eakf_model2,3.0743357318183235e-10
eakf_model3,0.9999999996925665
sarima,1.424566068646319e-89
