model_name,weigth
arima,5e-323
eakf_model1,0.9999999322668552
eakf_model2,6.773314459228598e-08
eakf_model3,2.4974194979013588e-130
sarima,5e-323
