model_name,weigth
arima,2.5e-323
eakf_model1,1.984483812263531e-128
eakf_model2,0.8011013054350455
eakf_model3,0.1988986945649545
