model_name,weigth
arima,6.0642629536168454e-30
eakf_model1,1.6123778184212907e-11
eakf_model2,0.9999999999838763
eakf_model3,2.7234139096657524e-48
