model_name,weigth
arima,1.1085189501311475e-77
eakf_model1,6.72270740635625e-43
eakf_model2,4.112863431596299e-11
eakf_model3,0.9999999999588715
sarima,2.4324848920557077e-70
