model_name,weigth
arima,1.379430321553653e-60
eakf_model1,3.8252622124569965e-47
eakf_model2,1.0748898382634757e-11
eakf_model3,0.9999999999892513
