model_name,weigth
arima,1.1598211756451516e-65
eakf_model1,3.102286831465517e-65
eakf_model2,1.1571541720269289e-11
eakf_model3,0.9999999999884285
sarima,3.868457894614331e-27
