model_name,weigth
arima,1.686970401503482e-39
eakf_model1,1.980368685913099e-11
eakf_model2,0.9999999999801963
eakf_model3,2.5056882451856333e-52
