model_name,weigth
arima,1.3043978673479426e-50
eakf_model1,2.7067230841397435e-49
eakf_model2,4.2894295403366054e-12
eakf_model3,0.9999999999957107
