model_name,weigth
arima,4.466893897654843e-105
eakf_model1,3.2761060380127284e-112
eakf_model2,5.656000780116595e-28
eakf_model3,0.999999999961373
sarima,3.862714397545991e-11
