model_name,weigth
arima,5e-323
eakf_model1,2.44570113965736e-169
eakf_model2,0.9999999955160426
eakf_model3,4.483957429222972e-09
sarima,5e-323
