model_name,weigth
arima,2.7391744756772495e-11
eakf_model1,1.0922689174074072e-72
eakf_model2,1.279732300877622e-25
eakf_model3,0.9999999999726084
