model_name,weigth
arima,5.676875453220061e-25
eakf_model1,3.948594601286796e-205
eakf_model2,1.327829405521637e-37
eakf_model3,0.9999999995866232
sarima,4.1337675710848984e-10
