model_name,weigth
arima,1.0007542157380161e-57
eakf_model1,2.0484424249543286e-11
eakf_model2,0.9999999999795156
eakf_model3,1.3188488096446655e-62
