model_name,weigth
arima,1.0468152612156064e-28
eakf_model1,8.512751484233974e-23
eakf_model2,0.9999999999691724
eakf_model3,3.08275660007061e-11
