model_name,weigth
arima,2.9925380038026858e-89
eakf_model1,4.948462937769713e-11
eakf_model2,0.9999999999505155
eakf_model3,1.7524801435264884e-95
