model_name,weigth
arima,4.929000006718082e-110
eakf_model1,1.4380467932675283e-74
eakf_model2,3.370825694612148e-10
eakf_model3,0.9999999996629176
