model_name,weigth
arima,2.7109543294487402e-102
eakf_model1,4.043171208064642e-11
eakf_model2,0.9999999999595683
eakf_model3,9.424670760643135e-70
