model_name,weigth
arima,3.999474627538416e-66
eakf_model1,2.72485117345579e-30
eakf_model2,1.2502356613273778e-10
eakf_model3,0.9999999998749765
