model_name,weigth
arima,2.458996155735471e-193
eakf_model1,1.035024726546839e-169
eakf_model2,0.9999999976127483
eakf_model3,2.387251813603556e-09
