model_name,weigth
arima,5e-323
eakf_model1,7.4e-323
eakf_model2,0.3511817789237266
eakf_model3,0.6488182210762734
sarima,5e-323
