model_name,weigth
arima,1.4884651183884067e-22
eakf_model1,1.2465910393287406e-11
eakf_model2,0.9999999999873852
eakf_model3,1.4901964436399942e-13
