model_name,weigth
arima,2.6930534542153714e-44
eakf_model1,4.9178446415953903e-11
eakf_model2,0.9999999999508216
eakf_model3,3.006709626402866e-33
sarima,6.103064978080609e-40
