model_name,weigth
arima,1.9977253447532528e-10
eakf_model1,2.799525688000296e-104
eakf_model2,1.8287611896762077e-63
eakf_model3,0.9999999998002275
