model_name,weigth
arima,7.448240597087282e-41
eakf_model1,2.6747359866666815e-32
eakf_model2,0.9999999690127842
eakf_model3,3.098721596315958e-08
sarima,7.187521857520105e-298
