model_name,weigth
arima,1.133524509000126e-51
eakf_model1,0.9999999996544949
eakf_model2,3.4550501391573445e-10
eakf_model3,1.1181665655899032e-32
