model_name,weigth
arima,1.1310981357971134e-108
eakf_model1,6.290430106766534e-11
eakf_model2,0.9999999999370958
eakf_model3,1.454518231572531e-85
