model_name,weigth
arima,2.661777218908301e-43
eakf_model1,1.2876718564524893e-11
eakf_model2,0.9999999999871233
eakf_model3,5.673823781702409e-57
