model_name,weigth
arima,1.0865989077743386e-110
eakf_model1,4.7870538844828923e-11
eakf_model2,0.9999999999521296
eakf_model3,4.322427164778242e-77
