model_name,weigth
arima,6.941933337054753e-35
eakf_model1,1.2657854431573457e-09
eakf_model2,1.9414753467639557e-19
eakf_model3,0.9999999987342146
