model_name,weigth
arima,7.150211530667775e-233
eakf_model1,2.6620604169275377e-09
eakf_model2,0.9999999973379397
eakf_model3,1.3725372374196247e-156
