model_name,weigth
arima,3.909571262295303e-16
eakf_model1,4.459855692062223e-15
eakf_model2,3.5094766564740436e-12
eakf_model3,0.9999999999964857
