model_name,weigth
arima,2.5e-323
eakf_model1,5.4702560096146595e-09
eakf_model2,2.35739924992141e-169
eakf_model3,0.999999994529744
