model_name,weigth
arima,0.0
eakf_model1,0.9999999966052739
eakf_model2,2.2384062751312973e-27
eakf_model3,3.3947261196423457e-09
