model_name,weigth
arima,6.856373333651324e-28
eakf_model1,4.17794989879353e-30
eakf_model2,0.9999999999743665
eakf_model3,2.56334576189293e-11
