model_name,weigth
arima,4.553142826343469e-45
eakf_model1,4.9195961997962445e-37
eakf_model2,0.9999999998746216
eakf_model3,1.2537844855945318e-10
