model_name,weigth
arima,2.4616376478968948e-15
eakf_model1,2.1288660694593097e-23
eakf_model2,5.060166060984094e-25
eakf_model3,4.5772795610897764e-12
sarima,0.9999999999954203
