model_name,weigth
arima,5.1206767277732376e-132
eakf_model1,1.2131420223334728e-63
eakf_model2,5.874387002356714e-148
eakf_model3,0.09396164615015085
sarima,0.9060383538498493
