model_name,weigth
arima,1.3848398765217066e-15
eakf_model1,5.160642794663267e-28
eakf_model2,3.5660803328106665e-21
eakf_model3,2.962947339916771e-12
sarima,0.9999999999970357
