model_name,weigth
arima,4.8376157976268726e-48
eakf_model1,1.8963963181320785e-31
eakf_model2,0.9999999999466312
eakf_model3,5.33687664122952e-11
