model_name,weigth
arima,9.728389651723742e-18
eakf_model1,1.363708821121596e-11
eakf_model2,0.999999999984483
eakf_model3,1.8799033745491583e-12
