model_name,weigth
arima,0.0
eakf_model1,6.959693857068131e-10
eakf_model2,4.77874852293379e-31
eakf_model3,0.9999999993040306
