model_name,weigth
arima,4.7627784490050534e-11
eakf_model1,2.0644781001715618e-53
eakf_model2,7.295354074107739e-31
eakf_model3,0.9999999999523723
