model_name,weigth
arima,1.0580803425434116e-112
eakf_model1,0.9999999999214363
eakf_model2,9.699170116385102e-23
eakf_model3,7.856377576065071e-11
sarima,6.185898404889991e-58
