model_name,weigth
arima,6.2256659457871e-21
eakf_model1,1.6311157278115708e-18
eakf_model2,6.766738953839542e-12
eakf_model3,0.9999999999932333
