model_name,weigth
arima,0.0
eakf_model1,0.7555054720855002
eakf_model2,0.244494527913032
eakf_model3,1.4677996776310946e-12
