model_name,weigth
arima,3.645071450017254e-94
eakf_model1,5.6245365591477325e-11
eakf_model2,3.611279140659235e-43
eakf_model3,0.9999999999437545
