model_name,weigth
arima,3.534896148963574e-13
eakf_model1,8.277488680521323e-13
eakf_model2,4.8910605375823765e-15
eakf_model3,0.9999999999988138
