model_name,weigth
arima,3.1030304057114267e-19
eakf_model1,8.255315835019888e-13
eakf_model2,1.4215562994794507e-12
eakf_model3,0.999999999997753
