model_name,weigth
arima,1.3957749776015811e-73
eakf_model1,1.3264082711842287e-44
eakf_model2,0.9999999998060716
eakf_model3,1.9392841240523763e-10
