model_name,weigth
arima,3.00819555268698e-195
eakf_model1,0.9999999998812747
eakf_model2,8.799024103108118e-11
eakf_model3,3.073502345132032e-11
sarima,2.806610855568363e-100
