model_name,weigth
arima,3.479296716168462e-10
eakf_model1,4.3492785054430144e-164
eakf_model2,2.5674719085576886e-39
eakf_model3,0.9999999996520705
