model_name,weigth
arima,2.8075691221140808e-14
eakf_model1,6.917061492918494e-11
eakf_model2,0.9999999999308014
eakf_model3,1.1336826820027266e-35
