model_name,weigth
arima,1.1487764566650846e-144
eakf_model1,5.5019542369509866e-11
eakf_model2,2.386436867528144e-16
eakf_model3,0.9999999999449802
