model_name,weigth
arima,3.432273079951539e-55
eakf_model1,6.446213332264731e-17
eakf_model2,1.5971803488566023e-11
eakf_model3,0.9999999999840281
sarima,9.199935586718417e-54
