model_name,weigth
arima,8.33244449866885e-77
eakf_model1,3.0769490255684824e-31
eakf_model2,2.4795125537455838e-11
eakf_model3,0.999999999975205
