model_name,weigth
arima,2.5e-323
eakf_model1,9.01670447559123e-10
eakf_model2,6.463191199113502e-13
eakf_model3,0.9999999990976832
