model_name,weigth
arima,7.428298123234627e-56
eakf_model1,7.524073950027372e-10
eakf_model2,0.9999999992475926
eakf_model3,3.3624807745665684e-85
