model_name,weigth
arima,7.479002776101697e-122
eakf_model1,2.174071532446272e-11
eakf_model2,3.127271276536455e-11
eakf_model3,0.9999999999469866
sarima,5.6159739852348675e-87
