model_name,weigth
arima,0.0
eakf_model1,1.1513937665987203e-09
eakf_model2,0.9999999988484852
eakf_model3,1.2106001797692735e-13
