model_name,weigth
arima,0.0
eakf_model1,3.465033589284753e-10
eakf_model2,0.9999999996534474
eakf_model3,4.927177627764092e-14
