model_name,weigth
arima,1.3717077631991642e-55
eakf_model1,1.4984355849656823e-14
eakf_model2,0.999999999981486
eakf_model3,1.8499098753260138e-11
