model_name,weigth
arima,3.255971044290983e-51
eakf_model1,1.6732515888093108e-20
eakf_model2,1.1507508880571257e-11
eakf_model3,0.9999999999884925
sarima,5.266941038640903e-43
