model_name,weigth
arima,2.6839528676102714e-15
eakf_model1,1.760648584143392e-11
eakf_model2,0.9999999999823909
eakf_model3,9.05077395385697e-17
