model_name,weigth
arima,2.576203592215744e-74
eakf_model1,1.5085948185944218e-11
eakf_model2,3.5877925680238676e-12
eakf_model3,0.9999999999813263
sarima,5.765213144673026e-57
