model_name,weigth
arima,2.5e-323
eakf_model1,2.0814644176628103e-12
eakf_model2,6.569049341426579e-10
eakf_model3,0.9999999993410136
sarima,6.068199298770345e-277
