model_name,weigth
arima,1.2934507190624456e-76
eakf_model1,1.4167682416984039e-11
eakf_model2,9.024822235547986e-15
eakf_model3,0.9999999999858233
