model_name,weigth
arima,4.378697512814456e-52
eakf_model1,8.979277545456951e-21
eakf_model2,7.207202973704114e-12
eakf_model3,0.9999999999927929
