model_name,weigth
arima,7.439864438053204e-53
eakf_model1,3.030978100753315e-11
eakf_model2,0.9999999999679288
eakf_model3,1.7615183048719021e-12
