model_name,weigth
arima,3.737246028253535e-210
eakf_model1,0.9999999997807316
eakf_model2,4.17557381926794e-51
eakf_model3,2.1926846773436532e-10
sarima,1.907226193684786e-147
