model_name,weigth
arima,5.288333287970656e-260
eakf_model1,0.9999999997667176
eakf_model2,5.6474025785333264e-93
eakf_model3,2.3328257720897723e-10
sarima,2.5966414515047683e-74
