model_name,weigth
arima,1.5054180824003125e-192
eakf_model1,0.9999999998543044
eakf_model2,2.0128641445160616e-32
eakf_model3,1.4569569538093673e-10
sarima,5.466993895366714e-176
