model_name,weigth
arima,7.441533318411605e-120
eakf_model1,0.9999999998939546
eakf_model2,2.821314523965207e-20
eakf_model3,1.0604565299776475e-10
sarima,6.393359612205906e-74
