model_name,weigth
arima,3.884124790740674e-141
eakf_model1,0.999999999909682
eakf_model2,2.1796981190705333e-24
eakf_model3,9.031795211021734e-11
sarima,1.507755752699301e-98
