model_name,weigth
arima,3.8978862442516514e-176
eakf_model1,0.9999999998272858
eakf_model2,2.2277688428205633e-35
eakf_model3,1.7271423731857804e-10
sarima,7.691687904014334e-151
