model_name,weigth
arima,6.307579079124815e-116
eakf_model1,0.9999999999163193
eakf_model2,5.885051888561682e-20
eakf_model3,8.368104143760522e-11
sarima,2.1839548143127547e-75
