model_name,weigth
arima,4.597509907678064e-107
eakf_model1,0.9999999999366556
eakf_model2,9.949076131653313e-17
eakf_model3,6.334442661885885e-11
sarima,2.7520256688693934e-70
