model_name,weigth
arima,2.0249756093233803e-250
eakf_model1,0.9999999998303883
eakf_model2,2.434010970256375e-28
eakf_model3,1.6961190494350732e-10
sarima,1.5066541102328066e-218
