model_name,weigth
arima,6.16260155633538e-238
eakf_model1,0.9999999998746314
eakf_model2,1.0667629923872888e-23
eakf_model3,1.25368630859477e-10
sarima,3.6642999141424616e-216
