model_name,weigth
arima,0.0
eakf_model1,0.9999999993859073
eakf_model2,2.205098132778644e-55
eakf_model3,6.140928379995823e-10
sarima,0.0
