model_name,weigth
arima,0.0
eakf_model1,0.9999999996386848
eakf_model2,1.2715915312157267e-46
eakf_model3,3.613153627544029e-10
sarima,0.0
