model_name,weigth
arima,0.0
eakf_model1,0.9999999995735295
eakf_model2,8.442252288109129e-51
eakf_model3,4.264705682076383e-10
sarima,0.0
