model_name,weigth
arima,1.4440667142552593e-242
eakf_model1,0.9999999998585689
eakf_model2,4.8868038570533264e-26
eakf_model3,1.414311547924588e-10
sarima,2.3727995813948044e-215
