model_name,weigth
arima,0.0
eakf_model1,0.9999999994665478
eakf_model2,1.681829573141505e-53
eakf_model3,5.334522349378549e-10
sarima,0.0
