model_name,weigth
arima,0.0
eakf_model1,0.9999999934484066
eakf_model2,4.009793952713433e-165
eakf_model3,6.5515933435341955e-09
sarima,0.0
