model_name,weigth
arima,0.0
eakf_model1,0.9999999954596505
eakf_model2,1.4080672676942956e-122
eakf_model3,4.540349262493745e-09
sarima,0.0
