model_name,weigth
arima,0.0
eakf_model1,0.9999999968439468
eakf_model2,2.4037497280778364e-103
eakf_model3,3.1560530246975627e-09
sarima,0.0
