model_name,weigth
arima,0.0
eakf_model1,0.999999997068003
eakf_model2,2.107207407967527e-104
eakf_model3,2.931997002000292e-09
sarima,0.0
