model_name,weigth
arima,0.0
eakf_model1,0.9999996122637238
eakf_model2,7.5e-322
eakf_model3,3.8773627574590626e-07
sarima,0.0
