model_name,weigth
arima,0.0
eakf_model1,0.9999999997503577
eakf_model2,1.939954494543885e-35
eakf_model3,2.49642392201823e-10
sarima,0.0
