model_name,weigth
arima,0.0
eakf_model1,0.9999999811188628
eakf_model2,1.1995764573013734e-241
eakf_model3,1.8881137344325904e-08
sarima,0.0
