model_name,weigth
arima,0.0
eakf_model1,0.99999999971135
eakf_model2,2.9743435631249038e-36
eakf_model3,2.8864990071527497e-10
sarima,0.0
