model_name,weigth
arima,0.0
eakf_model1,0.9999999995608421
eakf_model2,6.117035369762588e-43
eakf_model3,4.3915784231474005e-10
sarima,0.0
