model_name,weigth
arima,0.0
eakf_model1,0.9999999996684543
eakf_model2,3.7583302582187456e-42
eakf_model3,3.31546160710614e-10
sarima,0.0
