model_name,weigth
arima,0.0
eakf_model1,0.9999999996474809
eakf_model2,1.0366277010525612e-42
eakf_model3,3.5251920377823683e-10
sarima,0.0
