model_name,weigth
arima,0.0
eakf_model1,0.9999999997560034
eakf_model2,4.7058811130990416e-36
eakf_model3,2.439965715100419e-10
sarima,0.0
