model_name,weigth
arima,0.0
eakf_model1,0.9999999995840062
eakf_model2,6.829810638058951e-46
eakf_model3,4.1599366827064057e-10
sarima,0.0
