model_name,weigth
arima,0.0
eakf_model1,0.9999999996550977
eakf_model2,1.3493367409474225e-41
eakf_model3,3.4490211263875864e-10
sarima,0.0
