model_name,weigth
arima,0.0
eakf_model1,0.9999999997653181
eakf_model2,8.215327783496375e-36
eakf_model3,2.346821809628252e-10
sarima,0.0
