model_name,weigth
arima,0.0
eakf_model1,0.9999999997524829
eakf_model2,6.34980921158869e-36
eakf_model3,2.4751703286439137e-10
sarima,0.0
