model_name,weigth
arima,0.0
eakf_model1,0.9999999996770287
eakf_model2,1.20011583263132e-39
eakf_model3,3.2297144316290015e-10
sarima,0.0
