model_name,weigth
arima,0.0
eakf_model1,0.9999999997437817
eakf_model2,2.5013672931288235e-36
eakf_model3,2.5621869353013526e-10
sarima,0.0
