model_name,weigth
arima,0.0
eakf_model1,0.9999999995645543
eakf_model2,6.189825688687358e-39
eakf_model3,4.3544571745696084e-10
sarima,0.0
