model_name,weigth
arima,0.0
eakf_model1,0.999999999697815
eakf_model2,6.870986029579162e-34
eakf_model3,3.0218499165346677e-10
sarima,0.0
