model_name,weigth
arima,0.0
eakf_model1,0.999999999738658
eakf_model2,1.5239841966431666e-34
eakf_model3,2.613420104808216e-10
sarima,0.0
