model_name,weigth
arima,0.0
eakf_model1,0.9999999990029966
eakf_model2,2.007355864154074e-58
eakf_model3,9.97003073600771e-10
sarima,0.0
