model_name,weigth
arima,0.0
eakf_model1,0.9999999993201615
eakf_model2,1.7746399188395717e-50
eakf_model3,6.798380997268558e-10
sarima,0.0
