model_name,weigth
arima,0.0
eakf_model1,0.11952957992224666
eakf_model2,7.655113445760187e-223
eakf_model3,0.8804704200777537
sarima,0.0
