model_name,weigth
arima,0.0
eakf_model1,2.3094413940714863e-07
eakf_model2,1.78e-321
eakf_model3,0.9999997690558604
sarima,0.0
