model_name,weigth
arima,0.0
eakf_model1,1.1766890016167926e-09
eakf_model2,3.712592416199236e-43
eakf_model3,0.999999998823311
sarima,0.0
