model_name,weigth
arima,0.0
eakf_model1,8.971001201548037e-10
eakf_model2,1.3038979854973962e-31
eakf_model3,0.9999999991028998
sarima,0.0
