model_name,weigth
arima,0.0
eakf_model1,0.3657028479738017
eakf_model2,7.675850354269182e-54
eakf_model3,0.6342971520261982
sarima,0.0
