model_name,weigth
arima,0.0
eakf_model1,2.1424363644380447e-08
eakf_model2,7.983225331397207e-124
eakf_model3,0.9999999785756362
sarima,0.0
