model_name,weigth
arima,0.0
eakf_model1,5.619680771750923e-09
eakf_model2,8.693104309588091e-73
eakf_model3,0.9999999943803191
sarima,0.0
