model_name,weigth
arima,0.0
eakf_model1,4.381985180431616e-10
eakf_model2,1.9412314699205185e-23
eakf_model3,0.9999999995618014
sarima,1.1675053609713678e-282
