model_name,weigth
arima,7.2547499476e-313
eakf_model1,3.0944976105854713e-10
eakf_model2,4.656370952908709e-22
eakf_model3,0.99999999969055
sarima,3.67545020305306e-253
