model_name,weigth
arima,2.9663694845549255e-294
eakf_model1,3.153602440447139e-10
eakf_model2,2.364155771084964e-20
eakf_model3,0.9999999996846398
sarima,1.5191715977566943e-241
