model_name,weigth
arima,4.952713965379e-311
eakf_model1,3.512266346066189e-10
eakf_model2,2.1922769455601434e-21
eakf_model3,0.9999999996487736
sarima,4.470070450276013e-255
