model_name,weigth
arima,3.5894161413777516e-248
eakf_model1,2.7517590140938865e-10
eakf_model2,5.596535039345646e-16
eakf_model3,0.9999999997248239
sarima,8.851013511073745e-201
