model_name,weigth
arima,0.0
eakf_model1,5.698510408962297e-10
eakf_model2,8.417113975992912e-23
eakf_model3,0.9999999994301491
sarima,3.1373656702552087e-307
