model_name,weigth
arima,7.417544320680163e-249
eakf_model1,2.5848771068671034e-10
eakf_model2,1.931744816291619e-15
eakf_model3,0.9999999997415105
sarima,9.643147308044714e-204
