model_name,weigth
arima,2.420788671519255e-297
eakf_model1,3.783131706219191e-10
eakf_model2,2.1623729258335043e-18
eakf_model3,0.9999999996216868
sarima,4.08404535681535e-246
