model_name,weigth
arima,1.261932445281998e-246
eakf_model1,2.861798487524904e-10
eakf_model2,9.318596461544445e-18
eakf_model3,0.9999999997138203
sarima,1.6155661150582343e-197
