model_name,weigth
arima,1.1002031737462647e-255
eakf_model1,3.187325004781308e-10
eakf_model2,1.7731487144810263e-17
eakf_model3,0.9999999996812676
sarima,1.600548565040889e-203
