model_name,weigth
arima,2.928695077351059e-270
eakf_model1,3.632028073170389e-10
eakf_model2,4.75289642790567e-18
eakf_model3,0.9999999996367972
sarima,4.574647379257046e-215
