model_name,weigth
arima,4.1577402687505895e-253
eakf_model1,2.9970941056219816e-10
eakf_model2,2.9288652478097234e-17
eakf_model3,0.9999999997002904
sarima,5.647647065577097e-203
