model_name,weigth
arima,6.8129119772232205e-270
eakf_model1,3.658022208278727e-10
eakf_model2,4.470060903565232e-18
eakf_model3,0.9999999996341977
sarima,1.734949478019353e-215
