model_name,weigth
arima,2.0906976688900576e-261
eakf_model1,3.3865292893972003e-10
eakf_model2,1.352808590605288e-17
eakf_model3,0.9999999996613469
sarima,4.07126750978708e-208
