model_name,weigth
arima,7.339501542218027e-248
eakf_model1,2.996691416834507e-10
eakf_model2,6.772757204558207e-17
eakf_model3,0.9999999997003308
sarima,9.792632408856179e-198
