model_name,weigth
arima,2.951124904832595e-234
eakf_model1,2.6576747172015254e-10
eakf_model2,5.596083841881845e-16
eakf_model3,0.9999999997342321
sarima,5.896019193148615e-188
