model_name,weigth
arima,3.68000644709708e-265
eakf_model1,3.509393385108752e-10
eakf_model2,8.66438627611411e-18
eakf_model3,0.9999999996490607
sarima,3.108031495455563e-211
