model_name,weigth
arima,1.5552022623912557e-255
eakf_model1,3.2564819213411234e-10
eakf_model2,2.4326774342147432e-17
eakf_model3,0.9999999996743518
sarima,2.9080537832105154e-203
