model_name,weigth
arima,2.8692132564722493e-233
eakf_model1,2.675821781395028e-10
eakf_model2,4.059315844100176e-16
eakf_model3,0.9999999997324175
sarima,5.260513734384781e-187
