model_name,weigth
arima,0.0
eakf_model1,0.9999999998845976
eakf_model2,2.883986784521467e-55
eakf_model3,2.5635694000053743e-21
sarima,1.1540237531205153e-10
