model_name,weigth
arima,5.5055073764450204e-126
eakf_model1,1.9521158058000687e-11
eakf_model2,3.3519867792706275e-71
eakf_model3,4.9825028647557865e-27
sarima,0.9999999999804788
