model_name,weigth
arima,4e-323
eakf_model1,3.641202513647103e-08
eakf_model2,3.781666643493044e-238
eakf_model3,0.9999999635879748
sarima,4e-323
