model_name,weigth
arima,2e-323
eakf_model1,0.9999999996835099
eakf_model2,3.97051070107546e-104
eakf_model3,3.1649003702503633e-10
sarima,0.0
