model_name,weigth
arima,1.440051182951206e-110
eakf_model1,0.999999999989786
eakf_model2,2.7676163298706147e-18
eakf_model3,1.0213986507577105e-11
sarima,7.420891247062386e-120
