model_name,weigth
arima,2.355408137967701e-56
eakf_model1,1.563588427906059e-11
eakf_model2,7.055775300543018e-21
eakf_model3,0.9999999999843641
sarima,3.2818068390882635e-97
