model_name,weigth
arima,3.0583951864469407e-46
eakf_model1,5.697617086552115e-11
eakf_model2,0.9999999999430238
eakf_model3,1.6523236347264493e-26
sarima,3.184800888419562e-156
