model_name,weigth
arima,2e-323
eakf_model1,7.497487474378156e-11
eakf_model2,4.496761495000956e-53
eakf_model3,0.9999999999250251
sarima,0.0
