model_name,weigth
arima,0.0
eakf_model1,2.4514884828507195e-07
eakf_model2,7.4e-323
eakf_model3,0.9999997548511517
sarima,0.0
