model_name,weigth
arima,2.6904673401745348e-136
eakf_model1,4.2304579951406355e-10
eakf_model2,0.9999999995769542
eakf_model3,1.6492758300471535e-35
sarima,9.035028816663228e-116
