model_name,weigth
arima,0.0
eakf_model1,2.084609848113072e-10
eakf_model2,9.117484703294797e-32
eakf_model3,0.999999999791539
sarima,0.0
