model_name,weigth
arima,0.0
eakf_model1,0.9999999970889704
eakf_model2,5.230283369039484e-56
eakf_model3,2.9110296459443003e-09
sarima,0.0
