model_name,weigth
arima,1.1493670375932668e-161
eakf_model1,5.417745752182618e-11
eakf_model2,3.690116166559958e-37
eakf_model3,0.9999999999458224
sarima,1.70863e-319
