model_name,weigth
arima,0.0
eakf_model1,5.181374675620689e-10
eakf_model2,0.9999999994818625
eakf_model3,1.1269965609381338e-56
sarima,0.0
