model_name,weigth
arima,1.0481789208186795e-229
eakf_model1,2.5287686978119385e-10
eakf_model2,1.6505651053997144e-79
eakf_model3,0.9999999997471231
sarima,2e-323
