model_name,weigth
arima,3.031330805981659e-221
eakf_model1,2.3127727235675668e-11
eakf_model2,4.791956532560059e-24
eakf_model3,0.9999999999768723
sarima,2.8200947670560527e-177
