model_name,weigth
arima,4.28217934581517e-107
eakf_model1,3.387657651216209e-11
eakf_model2,9.208094697077309e-38
eakf_model3,0.9999999999661233
sarima,5.402319874796139e-205
