model_name,weigth
arima,2e-323
eakf_model1,0.9999997663263356
eakf_model2,2.3367366435617738e-07
eakf_model3,2e-322
sarima,0.0
