model_name,weigth
arima,2e-323
eakf_model1,0.9999999969075503
eakf_model2,2.772933488495385e-119
eakf_model3,3.0924497406007698e-09
sarima,2e-323
