model_name,weigth
arima,2e-323
eakf_model1,0.999999984068346
eakf_model2,8e-323
eakf_model3,1.5931653833337694e-08
sarima,2e-323
