model_name,weigth
arima,2e-323
eakf_model1,4.0594810181288516e-63
eakf_model2,3.6788958561678277e-09
eakf_model3,0.9999999963211041
sarima,2e-323
