model_name,weigth
arima,0.0
eakf_model1,8.595673545248215e-10
eakf_model2,3.44426294994913e-27
eakf_model3,0.9999999991404327
sarima,0.0
