model_name,weigth
arima,2e-323
eakf_model1,4.956427424493501e-19
eakf_model2,0.9999999997023157
eakf_model3,2.976842644500034e-10
sarima,0.0
