model_name,weigth
arima,0.0
eakf_model1,3.5000077315338884e-10
eakf_model2,6.883002854270701e-107
eakf_model3,0.9999999996499993
sarima,0.0
