model_name,weigth
arima,5.692633084416591e-122
eakf_model1,2.9815670596217014e-11
eakf_model2,8.510828095329032e-34
eakf_model3,0.9999999999701844
sarima,1.8493435793972364e-99
