model_name,weigth
arima,7.237313884520928e-243
eakf_model1,2.984981904960124e-11
eakf_model2,0.9999999999634797
eakf_model3,6.6704546244487766e-12
sarima,7.061529359088661e-252
