model_name,weigth
arima,2e-323
eakf_model1,3.16e-322
eakf_model2,0.7312987332743475
eakf_model3,0.2687012667256524
sarima,2e-323
