model_name,weigth
arima,0.0
eakf_model1,0.9999999997689157
eakf_model2,5.373944272934983e-23
eakf_model3,2.3108429029937096e-10
sarima,0.0
