model_name,weigth
arima,5.933886359657433e-232
eakf_model1,1.4857481199853454e-10
eakf_model2,2.4247369265936545e-63
eakf_model3,0.9999999998514252
sarima,2.5411053337580928e-197
