model_name,weigth
arima,1.5069188692721455e-151
eakf_model1,0.9999999999881491
eakf_model2,3.2571347837269087e-12
eakf_model3,8.59373375413396e-12
sarima,1.6494885787370613e-134
