model_name,weigth
arima,3.063545709678588e-100
eakf_model1,0.9999999999895868
eakf_model2,1.0373231219670671e-11
eakf_model3,4.001975827606779e-14
sarima,8.686932582049575e-63
