model_name,weigth
arima,2.983e-320
eakf_model1,0.9999999999565017
eakf_model2,1.153022064283054e-25
eakf_model3,4.3498243926063107e-11
sarima,0.0
