model_name,weigth
arima,4.490976967337175e-37
eakf_model1,0.9999999999982043
eakf_model2,1.3004277581058084e-12
eakf_model3,4.952067264014287e-13
sarima,6.392848538403947e-18
