model_name,weigth
arima,1.389601124754262e-75
eakf_model1,5.0304133368530183e-11
eakf_model2,2.5156187411529004e-35
eakf_model3,0.9999999999496958
sarima,9.815619479487893e-63
