model_name,weigth
arima,3.7924110600813126e-305
eakf_model1,0.9999999998949533
eakf_model2,1.0504670366661217e-10
eakf_model3,6.776070274127871e-37
sarima,3.037891270740908e-187
