model_name,weigth
arima,2.965486626559147e-51
eakf_model1,0.9999999999955784
eakf_model2,1.3486492072163194e-15
eakf_model3,4.420168822057117e-12
sarima,1.2149313505032904e-23
