model_name,weigth
arima,9.67117983507329e-109
eakf_model1,0.999999999973467
eakf_model2,1.2601859970875908e-27
eakf_model3,2.6533034703191242e-11
sarima,1.2572559934413403e-59
