model_name,weigth
arima,2.264343463252455e-67
eakf_model1,3.622664216535198e-11
eakf_model2,0.9999999999637733
eakf_model3,1.1914112895678461e-29
sarima,7.486201073145753e-55
