model_name,weigth
arima,2.447764031199044e-197
eakf_model1,0.9999999999485067
eakf_model2,5.149221763813315e-11
eakf_model3,9.424633003725578e-16
sarima,2.606282254097029e-125
