model_name,weigth
arima,1.9226490836915163e-235
eakf_model1,7.33179773661691e-11
eakf_model2,1.783988988238545e-21
eakf_model3,0.999999999926682
sarima,3.916981727566256e-204
