model_name,weigth
arima,3.5528756819373755e-164
eakf_model1,2.0327696296680286e-11
eakf_model2,4.880869525188653e-14
eakf_model3,0.9999999999796235
sarima,5.880850505276064e-118
