model_name,weigth
arima,7.309739711073862e-69
eakf_model1,1.955590634317812e-12
eakf_model2,2.010933001394974e-12
eakf_model3,0.9999999999960334
sarima,6.001100801030656e-47
