model_name,weigth
arima,1.5471111869533693e-133
eakf_model1,1.8939452040900422e-11
eakf_model2,1.2136558905333493e-17
eakf_model3,0.9999999999810605
sarima,1.4543061739239088e-104
