model_name,weigth
arima,7.559364930967614e-97
eakf_model1,1.2755324194661126e-11
eakf_model2,0.9999999999872439
eakf_model3,8.031946229341564e-16
sarima,3.045117907403311e-76
