model_name,weigth
arima,5.350387442926885e-187
eakf_model1,5.103036296789963e-49
eakf_model2,4.294408759464547e-11
eakf_model3,0.9999999999570559
sarima,3.249238955059258e-29
