model_name,weigth
arima,3.436114738193444e-49
eakf_model1,1.6574856599119013e-12
eakf_model2,1.4908720891516707e-19
eakf_model3,0.9999999999983424
sarima,3.594891077865418e-40
