model_name,weigth
arima,2e-323
eakf_model1,0.9999999986754361
eakf_model2,1.3245638374152785e-09
eakf_model3,1.6651280349735717e-41
sarima,2e-323
