model_name,weigth
arima,8.902944958559872e-77
eakf_model1,4.395838448083348e-15
eakf_model2,1.3027254313154208e-11
eakf_model3,0.9999999999869684
sarima,2.054685190938445e-26
