model_name,weigth
arima,3.659641190827448e-58
eakf_model1,1.4836633739144218e-11
eakf_model2,2.759881840402869e-16
eakf_model3,0.9999999999851631
sarima,1.6782249073837326e-34
