model_name,weigth
arima,2.5744893467750573e-45
eakf_model1,9.77113617327461e-14
eakf_model2,6.368566203141316e-12
eakf_model3,0.9999999999935336
sarima,2.2559210247297255e-36
