model_name,weigth
arima,1.589377834378388e-137
eakf_model1,1.1091114217856482e-48
eakf_model2,3.3216043190611946e-11
eakf_model3,0.9999999999667839
sarima,2.978602436941008e-19
