model_name,weigth
arima,1.467074153258063e-35
eakf_model1,1.736154376750772e-12
eakf_model2,2.300676599063201e-15
eakf_model3,0.9999999999982608
sarima,7.660495976273387e-16
