model_name,weigth
arima,1.1132805690956838e-118
eakf_model1,6.700376095854869e-42
eakf_model2,1.8414935935258393e-11
eakf_model3,0.999999999981585
sarima,6.037529905351747e-33
