model_name,weigth
arima,3.8101135144387126e-73
eakf_model1,8.859629297940212e-12
eakf_model2,1.1347774524591765e-12
eakf_model3,0.9999999999900056
sarima,3.139509112923507e-28
