model_name,weigth
arima,1.2469097125948677e-136
eakf_model1,4.492716137655897e-11
eakf_model2,2.3535089555554164e-18
eakf_model3,0.9999999999550728
sarima,3.611159621466937e-76
