model_name,weigth
arima,2e-323
eakf_model1,3.341465669312166e-123
eakf_model2,1.3843720790678778e-07
eakf_model3,0.9999998615627921
sarima,2e-323
