model_name,weigth
arima,2e-323
eakf_model1,0.99999999955749
eakf_model2,5.9292214744920646e-24
eakf_model3,4.4251003712320694e-10
sarima,8.431723221963926e-247
