model_name,weigth
arima,2.5916448159701275e-87
eakf_model1,1.3207260470909226e-36
eakf_model2,0.9999999999842875
eakf_model3,1.5712452549221228e-11
sarima,1.5422278560608385e-26
