model_name,weigth
arima,5.435965368799098e-73
eakf_model1,4.0653264205260055e-11
eakf_model2,0.9999999999593467
eakf_model3,5.979674622172031e-23
sarima,3.0789031509816217e-53
