model_name,weigth
arima,3.457418059523357e-81
eakf_model1,1.3123563017924427e-14
eakf_model2,1.1522388939775135e-11
eakf_model3,0.9999999999884643
sarima,3.2120233923516593e-34
