model_name,weigth
arima,2.300141260938603e-60
eakf_model1,1.1567524644546008e-12
eakf_model2,0.9999999999757176
eakf_model3,2.3125668923472787e-11
sarima,7.578998921540206e-29
