model_name,weigth
arima,5.7574560429979e-137
eakf_model1,6.563398382719955e-40
eakf_model2,2.479925135262528e-11
eakf_model3,0.9999999999752007
sarima,2.9828662401416332e-40
