model_name,weigth
arima,4.554911044247254e-278
eakf_model1,6.210150364872109e-10
eakf_model2,0.999999999378985
eakf_model3,7.706564330158335e-150
sarima,1.2880985068266193e-286
