model_name,weigth
arima,4e-323
eakf_model1,0.9999946311512103
eakf_model2,1.8e-322
eakf_model3,5.3688487896132205e-06
sarima,2.57e-322
