model_name,weigth
arima,4.899313761442746e-47
eakf_model1,2.335777600496924e-24
eakf_model2,5.594799358549991e-28
eakf_model3,1.5331491117624303e-11
sarima,0.9999999999846685
