model_name,weigth
arima,9.155525370775894e-57
eakf_model1,4.411723863297753e-14
eakf_model2,0.9999999999862667
eakf_model3,1.368930239242376e-11
sarima,3.134112531800963e-22
