model_name,weigth
arima,4.5452522310326374e-207
eakf_model1,5.727554289437324e-10
eakf_model2,0.9999999994272446
eakf_model3,7.668410104055517e-90
sarima,7.119493568520225e-232
