model_name,weigth
arima,2.4810976277932397e-199
eakf_model1,3.0374079096388506e-10
eakf_model2,0.9999999996962592
eakf_model3,7.730950326628343e-147
sarima,1.965061145218269e-176
