model_name,weigth
arima,5.987786953186019e-124
eakf_model1,3.6809974654163564e-10
eakf_model2,0.9999999996319002
eakf_model3,7.007918652586342e-47
sarima,1.9736396539102013e-203
