model_name,weigth
arima,4.649971999508042e-32
eakf_model1,2.438902795726361e-24
eakf_model2,1.2735338209752902e-12
eakf_model3,0.9999999999987264
sarima,4.501146336084545e-21
