model_name,weigth
arima,2.989319087249152e-162
eakf_model1,8.060517537102638e-10
eakf_model2,0.9999999991939482
eakf_model3,5.417118070299732e-74
sarima,3.161612975579142e-200
