model_name,weigth
arima,6.160382215116696e-39
eakf_model1,5.252439138062699e-40
eakf_model2,6.296489873195799e-11
eakf_model3,0.999999999937035
sarima,7.999764428698983e-38
