model_name,weigth
arima,8.426985431761122e-30
eakf_model1,1.0148508554528703e-23
eakf_model2,2.0597632349432625e-11
eakf_model3,0.9999999999794024
sarima,3.561265697603022e-25
