model_name,weigth
arima,1.0003356779407481e-56
eakf_model1,7.317463165289855e-11
eakf_model2,0.9999999999268254
eakf_model3,1.144524937900093e-24
sarima,4.740202904204573e-48
