model_name,weigth
arima,2.562876851361483e-18
eakf_model1,7.759451312280757e-12
eakf_model2,0.9999999999922152
eakf_model3,2.5460273817088255e-14
sarima,2.4088522739980906e-17
