model_name,weigth
arima,2.333645569369286e-48
eakf_model1,0.9999999998711322
eakf_model2,1.2886772742913182e-10
eakf_model3,1.621389667159088e-22
sarima,3.223036106092964e-66
