model_name,weigth
arima,3.129543917899764e-11
eakf_model1,7.681679024344888e-72
eakf_model2,6.609525913610801e-23
eakf_model3,1.1534433767757471e-14
sarima,0.999999999968693
