model_name,weigth
arima,2.9788599955907397e-15
eakf_model1,2.0205463250807984e-42
eakf_model2,2.7091951029420323e-15
eakf_model3,4.461290704580468e-12
sarima,0.9999999999955329
