model_name,weigth
arima,2.8159808191859325e-32
eakf_model1,3.1162204546194764e-30
eakf_model2,0.9999999999496687
eakf_model3,5.033134349189399e-11
sarima,4.211053936814787e-33
