model_name,weigth
arima,0.9999999996174731
eakf_model1,1.7531070874963669e-22
eakf_model2,2.079812717100923e-61
eakf_model3,3.825267945770886e-10
sarima,1.341210831902284e-58
