model_name,weigth
arima,4.583164574600287e-209
eakf_model1,9.958943497830246e-10
eakf_model2,0.9999999990041055
eakf_model3,3.3798550801483337e-56
sarima,4.606976044073925e-192
