model_name,weigth
arima,8.55813380803331e-128
eakf_model1,5.420527899978261e-11
eakf_model2,3.625557043013926e-42
eakf_model3,0.9999999999457947
sarima,3.1340250231765666e-84
