model_name,weigth
arima,3.1627322546043195e-17
eakf_model1,2.2620069621231e-22
eakf_model2,2.190619868794604e-15
eakf_model3,1.9281457740130063e-12
sarima,0.9999999999980698
