model_name,weigth
arima,4.3719091483557415e-12
eakf_model1,4.3148142258127306e-17
eakf_model2,8.431427523246647e-39
eakf_model3,4.0454443560535124e-15
sarima,0.999999999995624
