model_name,weigth
arima,4.115276302917069e-48
eakf_model1,5.394224970355719e-16
eakf_model2,1.0710677979207605e-11
eakf_model3,0.9999999999892888
sarima,6.515366596359668e-47
