model_name,weigth
arima,1.7159807698432034e-40
eakf_model1,8.888776771563126e-12
eakf_model2,2.734030806630449e-13
eakf_model3,0.9999999999908378
sarima,2.6524889144971653e-41
