model_name,weigth
arima,9.659916740507337e-167
eakf_model1,0.9999999999629545
eakf_model2,8.832827651734822e-40
eakf_model3,3.704549157347012e-11
