model_name,weigth
arima,2.2720374746756707e-24
eakf_model1,5.238734563403451e-13
eakf_model2,3.243869217217929e-27
eakf_model3,7.927213439060294e-15
sarima,0.9999999999994682
