model_name,weigth
arima,2.067676012129037e-124
eakf_model1,4.5417095493171544e-11
eakf_model2,0.9999999999545829
eakf_model3,1.4289246624378835e-17
sarima,1.1068610411004127e-139
