model_name,weigth
arima,1.5e-323
eakf_model1,4.3761032045397666e-10
eakf_model2,0.9999999995623896
eakf_model3,2.944734358768187e-27
