model_name,weigth
arima,1.5e-323
eakf_model1,1.1777505083996837e-98
eakf_model2,0.9999999768321661
eakf_model3,2.316783382098316e-08
