model_name,weigth
arima,5.990703561293677e-122
eakf_model1,0.9999999996133853
eakf_model2,1.6172246342075162e-284
eakf_model3,3.866146220581123e-10
