model_name,weigth
arima,0.0
eakf_model1,1.3379352630026003e-09
eakf_model2,1.0051686320431056e-103
eakf_model3,0.9999999986620647
sarima,7.060003684764666e-297
