model_name,weigth
arima,1.4471008665585357e-37
eakf_model1,7.831142954068835e-16
eakf_model2,3.6412309242652685e-12
eakf_model3,0.9999999999963578
