model_name,weigth
arima,1.0216499430105414e-41
eakf_model1,4.4798407071284765e-12
eakf_model2,0.99999999999552
eakf_model3,1.8296179043164978e-19
