model_name,weigth
arima,4.527050828780552e-292
eakf_model1,6.644124373945787e-11
eakf_model2,3.1233796265371316e-160
eakf_model3,0.9999999999335587
