model_name,weigth
arima,0.0
eakf_model1,1.0741217820147639e-10
eakf_model2,0.9999999998925877
eakf_model3,1.1284842033606049e-23
sarima,0.0
