model_name,weigth
arima,1.0129019454179728e-44
eakf_model1,4.075702927738483e-14
eakf_model2,2.1549451823841193e-11
eakf_model3,0.9999999999784097
