model_name,weigth
arima,1.548546779358544e-221
eakf_model1,3.5466822183218656e-12
eakf_model2,0.9999999999964533
eakf_model3,8.114749999783161e-22
