model_name,weigth
arima,0.0
eakf_model1,0.9999999998204934
eakf_model2,1.7950648742886733e-10
eakf_model3,1.8485210765627046e-58
