model_name,weigth
arima,4.157972799319349e-65
eakf_model1,4.933589618313503e-26
eakf_model2,2.93714968577492e-11
eakf_model3,0.9999999999706285
