model_name,weigth
arima,2.1450131963390742e-48
eakf_model1,0.9999999999451905
eakf_model2,5.4809306361075106e-11
eakf_model3,1.0736477382147731e-23
sarima,1.96758690884308e-16
