model_name,weigth
arima,1.241678233192944e-138
eakf_model1,0.9999999999874448
eakf_model2,8.076384180554908e-38
eakf_model3,1.2555124326401936e-11
