model_name,weigth
arima,1.312643168088321e-121
eakf_model1,2.964790391395875e-11
eakf_model2,2.44009884689381e-39
eakf_model3,0.999999999970352
