model_name,weigth
arima,5.361081110717812e-54
eakf_model1,0.9999999999594569
eakf_model2,1.2122519828488544e-12
eakf_model3,3.933075495950726e-11
