model_name,weigth
arima,4.2578800231285024e-33
eakf_model1,1.1383416945093425e-11
eakf_model2,1.6498782775916641e-19
eakf_model3,0.9999999999886166
