model_name,weigth
arima,0.0
eakf_model1,2.971202598144868e-23
eakf_model2,0.9999999995397376
eakf_model3,4.602623168809414e-10
