model_name,weigth
arima,1.556732188686597e-154
eakf_model1,0.9999999999813405
eakf_model2,2.3015823911057128e-42
eakf_model3,1.8659393627510834e-11
