model_name,weigth
arima,1.703667863009892e-148
eakf_model1,0.9999999999918928
eakf_model2,4.522696752839193e-12
eakf_model3,3.5844568206381074e-12
sarima,5.0469980145493475e-192
