model_name,weigth
arima,1.974873625803755e-242
eakf_model1,3.6560126681918814e-11
eakf_model2,2.024951909312105e-90
eakf_model3,0.9999999999634397
