model_name,weigth
arima,4.3511631416034365e-105
eakf_model1,0.9999999999826857
eakf_model2,4.5341594840763496e-33
eakf_model3,1.731422067904115e-11
sarima,1.851918137491851e-148
