model_name,weigth
arima,0.0
eakf_model1,0.9999999999771729
eakf_model2,3.6691321352303406e-31
eakf_model3,2.2826847803112167e-11
