model_name,weigth
arima,0.0
eakf_model1,0.9999999998107869
eakf_model2,3.2530367847190303e-38
eakf_model3,1.892130617623055e-10
