model_name,weigth
arima,0.0
eakf_model1,0.24351218547724732
eakf_model2,0.0
eakf_model3,0.7564878145227525
