model_name,weigth
arima,0.0
eakf_model1,0.9999999957516588
eakf_model2,4.248341131291548e-09
eakf_model3,1.718374575219523e-81
sarima,0.0
