model_name,weigth
arima,0.0
eakf_model1,4.7729634467617926e-11
eakf_model2,0.9999999999522652
eakf_model3,5.184836390868725e-15
sarima,0.0
