model_name,weigth
arima,0.0
eakf_model1,1.1515526441581498e-10
eakf_model2,1.0488785583082016e-33
eakf_model3,0.9999999998848447
sarima,0.0
