model_name,weigth
arima,1.0733743132510662e-164
eakf_model1,3.0141754378350994e-11
eakf_model2,2.0630555924314115e-46
eakf_model3,0.9999999999698581
