model_name,weigth
arima,3.676364233439416e-133
eakf_model1,0.9999999999917806
eakf_model2,8.21927113565463e-12
eakf_model3,1.7331828159436935e-16
