model_name,weigth
arima,0.0
eakf_model1,0.999999998257731
eakf_model2,2.100371870999173e-54
eakf_model3,1.742269014750984e-09
sarima,0.0
