model_name,weigth
arima,0.0
eakf_model1,0.9999999999162409
eakf_model2,1.4931210692639696e-28
eakf_model3,8.375903873105101e-11
