model_name,weigth
arima,2.421371728931206e-196
eakf_model1,4.3095186959103207e-13
eakf_model2,3.3308681229404345e-11
eakf_model3,0.9999999999662603
