model_name,weigth
arima,3.178382661026274e-36
eakf_model1,0.999999999997627
eakf_model2,2.350514709237996e-12
eakf_model3,2.2457254507169113e-14
