model_name,weigth
arima,0.0
eakf_model1,4.346864899976249e-11
eakf_model2,0.9999999999565313
eakf_model3,3.6504551441746147e-50
