model_name,weigth
arima,1.2237011256602611e-259
eakf_model1,1.929352148209271e-10
eakf_model2,1.860377034859346e-76
eakf_model3,0.9999999998070648
sarima,0.0
