model_name,weigth
arima,1e-323
eakf_model1,0.99999999831896
eakf_model2,2.313441956823159e-213
eakf_model3,1.6810398771871625e-09
