model_name,weigth
arima,0.0
eakf_model1,5.845794564851753e-11
eakf_model2,0.999999999941542
eakf_model3,1.1837237737850964e-18
sarima,0.0
