model_name,weigth
arima,1e-323
eakf_model1,1.472302008106832e-10
eakf_model2,9.121674202994089e-18
eakf_model3,0.9999999998527695
sarima,5e-324
