model_name,weigth
arima,0.0
eakf_model1,6.937501055979368e-10
eakf_model2,5.812773998456804e-72
eakf_model3,0.9999999993062498
