model_name,weigth
arima,2.1820809081991006e-24
eakf_model1,0.9999999999976916
eakf_model2,2.1330821366193354e-12
eakf_model3,1.75351486615923e-13
