model_name,weigth
arima,5e-324
eakf_model1,0.016481179502053526
eakf_model2,4.4e-323
eakf_model3,0.9835188204979464
sarima,0.0
