model_name,weigth
arima,0.0
eakf_model1,0.9999999847484803
eakf_model2,1.4993029685298437e-60
eakf_model3,1.525151960497881e-08
