model_name,weigth
arima,0.0
eakf_model1,4.9183817840919596e-11
eakf_model2,1.3264077405589678e-09
eakf_model3,0.9999999986244084
