model_name,weigth
arima,1.5616753881017776e-159
eakf_model1,0.99999999998806
eakf_model2,1.19401205854644e-11
eakf_model3,4.038312168423371e-18
