model_name,weigth
arima,2.8311434268914133e-66
eakf_model1,0.9999999999966186
eakf_model2,3.156196236167468e-12
eakf_model3,2.2512396806444117e-13
