model_name,weigth
arima,7.389839135179186e-53
eakf_model1,0.9999999999912008
eakf_model2,6.810537346880892e-23
eakf_model3,8.799043827078431e-12
