model_name,weigth
arima,2.0623840523345102e-190
eakf_model1,5.182630133466689e-11
eakf_model2,2.6548046062524576e-52
eakf_model3,0.9999999999481737
