model_name,weigth
arima,2.0123670635210206e-59
eakf_model1,0.9999999999928029
eakf_model2,1.325171929798286e-20
eakf_model3,7.197106736519277e-12
