model_name,weigth
arima,0.0
eakf_model1,1.4882643641474324e-10
eakf_model2,4.710437625624411e-72
eakf_model3,0.9999999998511735
sarima,0.0
