model_name,weigth
arima,2.2791198502076386e-223
eakf_model1,0.9999999999447711
eakf_model2,2.2030930083376094e-28
eakf_model3,5.522891876892625e-11
