model_name,weigth
arima,2.3742354858991075e-174
eakf_model1,7.796137707157436e-11
eakf_model2,5.310533461646434e-54
eakf_model3,0.9999999999220386
sarima,2.3742354858991075e-174
