model_name,weigth
arima,0.0
eakf_model1,8.588112241556606e-11
eakf_model2,1.556964530945534e-83
eakf_model3,0.9999999999141189
