model_name,weigth
arima,3.286717073818111e-76
eakf_model1,0.9999999999931477
eakf_model2,8.334943134221803e-22
eakf_model3,6.852178774431612e-12
