model_name,weigth
arima,1.2426766483261331e-52
eakf_model1,0.9999999999899649
eakf_model2,9.057207399152727e-28
eakf_model3,1.0034872476513963e-11
