model_name,weigth
arima,0.0
eakf_model1,0.999999997841379
eakf_model2,2.1586209376037514e-09
eakf_model3,6.0285320315643366e-46
sarima,0.0
