model_name,weigth
arima,0.0
eakf_model1,3.7423707033756176e-08
eakf_model2,0.9999999625762928
eakf_model3,1.3349440212903064e-286
