model_name,weigth
arima,2.1821918859170296e-85
eakf_model1,3.489396590220825e-11
eakf_model2,3.612551097224789e-27
eakf_model3,0.999999999965106
sarima,2.1821918859170296e-85
