model_name,weigth
arima,1.1266135414866081e-63
eakf_model1,1.2803329479644697e-11
eakf_model2,9.845570565584447e-14
eakf_model3,0.9999999999870981
