model_name,weigth
arima,2.101757209543962e-240
eakf_model1,9.658793469593836e-11
eakf_model2,3.997003637693986e-77
eakf_model3,0.999999999903412
sarima,2.101757209543962e-240
