model_name,weigth
arima,1.5854222229882928e-45
eakf_model1,0.999999999991279
eakf_model2,2.133425329981624e-17
eakf_model3,8.72094127388271e-12
