model_name,weigth
arima,2.3628952352433202e-65
eakf_model1,2.2327820583330227e-11
eakf_model2,2.679783527928294e-15
eakf_model3,0.9999999999776694
sarima,2.438684161114415e-46
