model_name,weigth
arima,0.0
eakf_model1,1.2414765509379677e-09
eakf_model2,0.9999999987585234
eakf_model3,6.738868005589979e-44
