model_name,weigth
arima,0.0
eakf_model1,5.988901271885694e-11
eakf_model2,5.638760165925757e-39
eakf_model3,0.9999999999401109
