model_name,weigth
arima,0.0
eakf_model1,1.003422380643783e-09
eakf_model2,0.9999999989965775
eakf_model3,2.305637688486501e-68
sarima,0.0
