model_name,weigth
arima,1.5e-323
eakf_model1,7.403423538422245e-10
eakf_model2,4.216533088069676e-154
eakf_model3,0.9999999992596577
