model_name,weigth
arima,1.5e-323
eakf_model1,1.2765251053248695e-10
eakf_model2,7.13084302939474e-82
eakf_model3,0.9999999998723474
