model_name,weigth
arima,0.0
eakf_model1,2.623499746623476e-10
eakf_model2,1.1469185140845687e-21
eakf_model3,0.9999999997376499
