model_name,weigth
arima,0.0
eakf_model1,0.9999999986661685
eakf_model2,8.219648824488103e-30
eakf_model3,1.3338312733714436e-09
sarima,0.0
