model_name,weigth
arima,0.0
eakf_model1,0.9999999768510046
eakf_model2,4e-323
eakf_model3,2.3148995241078004e-08
