model_name,weigth
arima,1e-323
eakf_model1,5.627749108170153e-10
eakf_model2,5.265358888679899e-192
eakf_model3,0.999999999437225
