model_name,weigth
arima,1.8604308705225544e-238
eakf_model1,1.820762780610235e-10
eakf_model2,8.720446556001923e-23
eakf_model3,0.9999999998179236
sarima,9.610053131948228e-186
