model_name,weigth
arima,6.908837588419375e-305
eakf_model1,2.9740605846337365e-10
eakf_model2,4.4831687408627985e-48
eakf_model3,0.9999999997025938
