model_name,weigth
arima,1e-323
eakf_model1,2.7798493217426404e-10
eakf_model2,0.999999999722015
eakf_model3,2.2726716072154496e-25
