model_name,weigth
arima,0.0
eakf_model1,3.7039905707259165e-11
eakf_model2,4.2130724577472985e-63
eakf_model3,0.9999999999629601
