model_name,weigth
arima,0.0
eakf_model1,1.9961575354035813e-35
eakf_model2,3.3663014810331756e-11
eakf_model3,0.9999999999663369
