model_name,weigth
arima,0.0
eakf_model1,0.9999999986659521
eakf_model2,6.3362914179243675e-93
eakf_model3,1.3340478211392884e-09
