model_name,weigth
arima,0.0
eakf_model1,0.9999999812184899
eakf_model2,5e-323
eakf_model3,1.8781510010309673e-08
