model_name,weigth
arima,3.5266168368369025e-183
eakf_model1,7.304803046836789e-12
eakf_model2,2.558453835579097e-14
eakf_model3,0.9999999999926696
