model_name,weigth
arima,0.0
eakf_model1,7.005964538549655e-11
eakf_model2,4.640411266066245e-98
eakf_model3,0.9999999999299403
