model_name,weigth
arima,3e-323
eakf_model1,6.0022775724650745e-09
eakf_model2,1.163402231744773e-146
eakf_model3,0.9999999939977224
sarima,3e-323
