model_name,weigth
arima,0.0
eakf_model1,0.9999999999297894
eakf_model2,7.020634641773415e-11
eakf_model3,4.205892392251185e-15
sarima,0.0
