model_name,weigth
arima,0.0
eakf_model1,3.408207241756498e-08
eakf_model2,0.9999999659179275
eakf_model3,4.4e-323
