model_name,weigth
arima,3.1109219204983113e-69
eakf_model1,0.9999999999931228
eakf_model2,1.128064340697987e-19
eakf_model3,6.877004544671534e-12
