model_name,weigth
arima,0.0
eakf_model1,0.9999999980382782
eakf_model2,1.9617217683535474e-09
eakf_model3,8.616757040588175e-20
