model_name,weigth
arima,0.0
eakf_model1,5.157570273625756e-10
eakf_model2,0.9999999994842429
eakf_model3,2.3294603801542347e-55
sarima,0.0
