model_name,weigth
arima,0.0
eakf_model1,0.9999999999658593
eakf_model2,3.414052048830474e-11
eakf_model3,4.489736582520409e-51
