model_name,weigth
arima,1.948132955150742e-126
eakf_model1,0.9999999999911765
eakf_model2,8.82353206222254e-12
eakf_model3,5.1619877742727207e-20
