model_name,weigth
arima,3e-323
eakf_model1,1.6185439297614194e-09
eakf_model2,1.1504337456898162e-170
eakf_model3,0.999999998381456
sarima,2.3303936626809738e-203
