model_name,weigth
arima,0.0
eakf_model1,0.9999999999598931
eakf_model2,4.010694734300334e-11
eakf_model3,2.2289200765668885e-37
