model_name,weigth
arima,1.7068603478062896e-196
eakf_model1,0.99999999999399
eakf_model2,6.0098837207886655e-12
eakf_model3,4.320406508312519e-26
