model_name,weigth
arima,0.0
eakf_model1,0.9999999999297735
eakf_model2,7.022642843387009e-11
eakf_model3,6.074997444401875e-17
sarima,0.0
