model_name,weigth
arima,5.155861732822058e-230
eakf_model1,0.9999999999703779
eakf_model2,2.962189657183673e-11
eakf_model3,1.5004849152298326e-45
sarima,4.517897028220987e-192
