model_name,weigth
arima,5.69878433101364e-194
eakf_model1,4.68060896606476e-28
eakf_model2,1.0624169045195947e-11
eakf_model3,0.9999999999893758
