model_name,weigth
arima,7.867632503102552e-189
eakf_model1,3.9990817165070556e-11
eakf_model2,6.3062121138784236e-30
eakf_model3,0.9999999999600091
