model_name,weigth
arima,1.2610091335448686e-19
eakf_model1,0.9999999999993097
eakf_model2,8.909693161252002e-24
eakf_model3,6.901412092365966e-13
