model_name,weigth
arima,1.1318794879663404e-95
eakf_model1,0.9999999999837696
eakf_model2,2.2533596956916196e-26
eakf_model3,1.6230336799342032e-11
