model_name,weigth
arima,1.314842300099599e-184
eakf_model1,1.9693216000539578e-11
eakf_model2,2.2482595429254644e-31
eakf_model3,0.9999999999803066
