model_name,weigth
arima,1.5e-323
eakf_model1,5.930368765671805e-10
eakf_model2,0.999999999406963
eakf_model3,4.787031087293571e-72
