model_name,weigth
arima,6.710451772061505e-95
eakf_model1,0.99999999997893
eakf_model2,2.3822327682214726e-16
eakf_model3,2.1069687046791712e-11
