model_name,weigth
arima,6.340319161040421e-116
eakf_model1,1.0076850939762676e-22
eakf_model2,1.8988229783245514e-11
eakf_model3,0.9999999999810117
