model_name,weigth
arima,2.142699118608539e-36
eakf_model1,2.0764802986818995e-11
eakf_model2,6.07286555708159e-32
eakf_model3,0.9999999999792352
sarima,3.7716472009438555e-29
