model_name,weigth
arima,2.7374505612187176e-129
eakf_model1,0.999999999966839
eakf_model2,3.314932506135288e-11
eakf_model3,1.1678634376985234e-14
