model_name,weigth
arima,1.423826785207498e-22
eakf_model1,0.9999999999988615
eakf_model2,1.8240115307550727e-28
eakf_model3,1.1384345266924457e-12
