model_name,weigth
arima,6.889734291427999e-19
eakf_model1,0.9999999999993219
eakf_model2,1.2272648814389454e-24
eakf_model3,6.78179964099669e-13
