model_name,weigth
arima,3e-323
eakf_model1,7.418654966057711e-10
eakf_model2,3.4918389283870188e-46
eakf_model3,0.9999999992581344
sarima,1.5283321963151235e-268
