model_name,weigth
arima,1.5e-323
eakf_model1,0.9999999999021557
eakf_model2,8.677901640412538e-11
eakf_model3,1.1065202401879282e-11
