model_name,weigth
arima,1.8817360912432233e-22
eakf_model1,0.9999999999988963
eakf_model2,6.745064228162139e-29
eakf_model3,1.1037128495253772e-12
