model_name,weigth
arima,3.937363257025481e-249
eakf_model1,0.9999999998562921
eakf_model2,2.1105836150873988e-13
eakf_model3,1.4349690518957407e-10
sarima,1.2137565328829934e-133
