model_name,weigth
arima,3.2358463169327304e-223
eakf_model1,0.999999999687335
eakf_model2,3.7558500031156744e-58
eakf_model3,3.1266501325692214e-10
sarima,1.5396934210853872e-184
