model_name,weigth
arima,6.625364937587701e-152
eakf_model1,2.1826391379854367e-11
eakf_model2,1.9007621711953093e-31
eakf_model3,0.9999999999781737
