model_name,weigth
arima,0.0
eakf_model1,0.9999999998338764
eakf_model2,8.628579134964103e-47
eakf_model3,1.6612361738720969e-10
sarima,0.0
