model_name,weigth
arima,4.5011671616873374e-130
eakf_model1,2.4383043526119456e-11
eakf_model2,1.0135192608712462e-23
eakf_model3,0.999999999975617
sarima,5.770520166099136e-87
