model_name,weigth
arima,2.64730760083404e-31
eakf_model1,0.9999999999986035
eakf_model2,5.835563668180761e-33
eakf_model3,1.396432288138935e-12
