model_name,weigth
arima,5.273399721816818e-197
eakf_model1,0.999999999959954
eakf_model2,4.004569178311887e-11
eakf_model3,1.3856432880158533e-16
