model_name,weigth
arima,5.380423231824925e-55
eakf_model1,0.9999999999961167
eakf_model2,1.4635866374745762e-27
eakf_model3,3.883320798671904e-12
