model_name,weigth
arima,1.5e-323
eakf_model1,1.175937371110475e-40
eakf_model2,7.691042625440542e-11
eakf_model3,0.9999999999230895
