model_name,weigth
arima,3e-323
eakf_model1,0.9999999930970427
eakf_model2,6.902957220445293e-09
eakf_model3,5.318121287868103e-80
sarima,3e-323
