model_name,weigth
arima,5.4808164697613855e-115
eakf_model1,1.3041650832670756e-11
eakf_model2,3.3942359118516472e-18
eakf_model3,0.9999999999869582
sarima,1.6303259512574135e-93
