model_name,weigth
arima,9.00694454756567e-26
eakf_model1,0.9999999999990863
eakf_model2,4.573681562619197e-29
eakf_model3,9.137130773461257e-13
