model_name,weigth
arima,0.0
eakf_model1,1.2986774760100347e-72
eakf_model2,0.9999999988868379
eakf_model3,1.1131620064358994e-09
sarima,0.0
