model_name,weigth
arima,0.0
eakf_model1,3.1327581822363974e-24
eakf_model2,0.9999999999319389
eakf_model3,6.806114979664305e-11
