model_name,weigth
arima,7.124492870891776e-122
eakf_model1,8.064912244969827e-12
eakf_model2,1.1387982382632644e-24
eakf_model3,0.999999999991935
