model_name,weigth
arima,1.5e-323
eakf_model1,0.9999999998044632
eakf_model2,8.431148648285747e-34
eakf_model3,1.9553682933224247e-10
