model_name,weigth
arima,0.0
eakf_model1,3.4967258457304084e-142
eakf_model2,1.8004432296159972e-10
eakf_model3,0.9999999998199557
