model_name,weigth
arima,1.7157528606956156e-251
eakf_model1,5.6150508473076487e-11
eakf_model2,4.70221835919714e-53
eakf_model3,0.9999999999438495
