model_name,weigth
arima,1.1208995777451269e-150
eakf_model1,0.9999999999585257
eakf_model2,4.147183569114849e-11
eakf_model3,2.3553754082562183e-15
sarima,9.39935638538177e-143
