model_name,weigth
arima,7.032629297892597e-47
eakf_model1,0.9999999999966143
eakf_model2,3.0629096770289814e-40
eakf_model3,3.3857243468593514e-12
