model_name,weigth
arima,0.0
eakf_model1,5e-324
eakf_model2,0.9999999948373645
eakf_model3,5.162635516241539e-09
