model_name,weigth
arima,2.7880337391358553e-177
eakf_model1,3.8729184600867245e-65
eakf_model2,1.247990488345622e-28
eakf_model3,0.9999999998963761
sarima,1.0362384541304136e-10
