model_name,weigth
arima,6.336773970077903e-119
eakf_model1,1.546172750236384e-11
eakf_model2,1.0242160693829937e-18
eakf_model3,0.9999999999845383
sarima,3.960641248701635e-107
