model_name,weigth
arima,1.5e-323
eakf_model1,2.835209015789912e-09
eakf_model2,1.529113726133715e-72
eakf_model3,0.9999999971647909
