model_name,weigth
arima,6.045641709007723e-60
eakf_model1,3.94091145451174e-18
eakf_model2,0.9999999999960743
eakf_model3,3.925693190540398e-12
