model_name,weigth
arima,1e-323
eakf_model1,2.2682926225363983e-09
eakf_model2,2.6289470536718703e-45
eakf_model3,0.9999999977317072
sarima,1e-323
