model_name,weigth
arima,3e-323
eakf_model1,2.4154504736798954e-06
eakf_model2,1.04e-322
eakf_model3,0.9999975845495261
sarima,3e-323
