model_name,weigth
arima,4.2831300137343046e-63
eakf_model1,4.7199818210274975e-12
eakf_model2,0.9999999999951157
eakf_model3,1.6423800670054542e-13
sarima,2.432877622513371e-21
