model_name,weigth
arima,0.0
eakf_model1,8.503988631935015e-10
eakf_model2,1.9948486843232333e-64
eakf_model3,0.999999999149601
sarima,0.0
