model_name,weigth
arima,5.744015680799629e-245
eakf_model1,2.7491035160413083e-17
eakf_model2,1.634177357341191e-10
eakf_model3,0.9999999998365823
sarima,2.350788532266789e-120
