model_name,weigth
arima,6.908302741405764e-67
eakf_model1,5.073148595707539e-32
eakf_model2,1.034883245152723e-11
eakf_model3,1.9770835238183783e-21
sarima,0.9999999999896511
