model_name,weigth
arima,0.0
eakf_model1,7.38633893395941e-149
eakf_model2,0.9999999998763487
eakf_model3,1.236512149488391e-10
