model_name,weigth
arima,1.5e-323
eakf_model1,0.9999999927401861
eakf_model2,1.1754690369693282e-114
eakf_model3,7.259813782523512e-09
sarima,3e-323
