model_name,weigth
arima,4.9084034712686765e-254
eakf_model1,0.9999999993154749
eakf_model2,3.1435551510738125e-51
eakf_model3,6.845251189240397e-10
