model_name,weigth
arima,0.0
eakf_model1,3.735007303170751e-141
eakf_model2,0.9999999998429361
eakf_model3,1.5706383840183382e-10
