model_name,weigth
arima,9.72651347775449e-40
eakf_model1,5.182051468378237e-14
eakf_model2,2.030038498447812e-12
eakf_model3,0.9999999999979181
