model_name,weigth
arima,5.282565551680009e-76
eakf_model1,1.3494312535181818e-24
eakf_model2,1.483252189681498e-11
eakf_model3,0.9999999999851675
sarima,1.9621269960904396e-22
