model_name,weigth
arima,2.972995381042785e-165
eakf_model1,1.1084499626278893e-40
eakf_model2,0.9999999999248776
eakf_model3,4.086041330979293e-26
sarima,7.51221816972815e-11
