model_name,weigth
arima,0.0
eakf_model1,6.70870146552009e-131
eakf_model2,0.9999999997904827
eakf_model3,2.0951728818841432e-10
