model_name,weigth
arima,1.1550939863378649e-60
eakf_model1,2.015137322574127e-12
eakf_model2,0.9999999999974838
eakf_model3,5.009096817932189e-13
