model_name,weigth
arima,2.7067633038908506e-101
eakf_model1,3.36273272492911e-11
eakf_model2,3.6429099693157355e-12
eakf_model3,0.9999999999627298
sarima,6.734004893288733e-83
