model_name,weigth
arima,1.8196098660233195e-75
eakf_model1,1.5615696275241916e-22
eakf_model2,0.999999999990952
eakf_model3,9.047953505182921e-12
