model_name,weigth
arima,2.0666779487748148e-176
eakf_model1,6.071498568988963e-11
eakf_model2,3.09899971531207e-14
eakf_model3,0.9999999999392539
sarima,4.1246138276896254e-77
