model_name,weigth
arima,1.7213505728600829e-161
eakf_model1,1.0431356674964718e-35
eakf_model2,0.9999999999525486
eakf_model3,4.7451281034805574e-11
