model_name,weigth
arima,8.068988720367048e-71
eakf_model1,6.823070828325872e-12
eakf_model2,2.0819560152691614e-12
eakf_model3,0.9999999999910949
