model_name,weigth
arima,3.464534525220621e-139
eakf_model1,2.0280677501791434e-13
eakf_model2,4.9132265908040747e-11
eakf_model3,0.9999999999506649
