model_name,weigth
arima,7.371344247252685e-118
eakf_model1,0.9999999999739606
eakf_model2,2.8535675315668502e-39
eakf_model3,2.6039258781538844e-11
