model_name,weigth
arima,2.975668864673212e-214
eakf_model1,0.9999999997059154
eakf_model2,5.193655618835307e-37
eakf_model3,2.940845470415062e-10
sarima,7.22949317722013e-165
