model_name,weigth
arima,5.774177555108184e-95
eakf_model1,9.999369806189245e-44
eakf_model2,1.8694127517204255e-11
eakf_model3,0.9999999999813058
