model_name,weigth
arima,5.764080798110818e-152
eakf_model1,9.29184854697531e-26
eakf_model2,0.9999999999700371
eakf_model3,2.9962872242947963e-11
