model_name,weigth
arima,1.5e-323
eakf_model1,1.1126678799514621e-08
eakf_model2,3e-323
eakf_model3,0.9999999888733211
