model_name,weigth
arima,1.5e-323
eakf_model1,1.887751119201474e-34
eakf_model2,1.0732204433918967e-09
eakf_model3,0.9999999989267794
