model_name,weigth
arima,1e-323
eakf_model1,2.0927989342880974e-99
eakf_model2,8.454364061289914e-10
eakf_model3,0.9999999991545636
sarima,2.9163620803943196e-138
