model_name,weigth
arima,4.418012928819298e-171
eakf_model1,1.749795041255863e-26
eakf_model2,0.999999999957121
eakf_model3,4.287891085332239e-11
