model_name,weigth
arima,4.911578580641792e-98
eakf_model1,3.0338705880734727e-38
eakf_model2,1.629748588940282e-11
eakf_model3,0.9999999999837024
