model_name,weigth
arima,4.915125669752193e-141
eakf_model1,7.782425655560999e-51
eakf_model2,5.854837463142775e-11
eakf_model3,0.9999999999414507
sarima,8.572625660091105e-16
