model_name,weigth
arima,1.0990212862690798e-87
eakf_model1,9.917600852291954e-14
eakf_model2,0.9999999999908213
eakf_model3,9.079389482284899e-12
