model_name,weigth
arima,6.680047697804054e-174
eakf_model1,1.3662249902494888e-26
eakf_model2,0.9999999999660474
eakf_model3,3.3952493410902016e-11
