model_name,weigth
arima,1.5e-323
eakf_model1,6.435377858545239e-247
eakf_model2,2.2095564183221197e-09
eakf_model3,0.9999999977904437
