model_name,weigth
arima,1.5e-323
eakf_model1,3e-323
eakf_model2,0.9996635898549773
eakf_model3,0.0003364101450225154
