model_name,weigth
arima,9.108523002453423e-199
eakf_model1,5.570769364871127e-73
eakf_model2,0.9999999999642175
eakf_model3,3.578247649548615e-11
