model_name,weigth
arima,7.873097702907082e-116
eakf_model1,3.3460780895155366e-46
eakf_model2,6.943695265671027e-11
eakf_model3,0.999999999930563
