model_name,weigth
arima,6.518537126402045e-78
eakf_model1,0.9999999999841371
eakf_model2,6.277215122803715e-13
eakf_model3,1.523502995954909e-11
sarima,1.3244505700310333e-48
