model_name,weigth
arima,1.031047993552941e-95
eakf_model1,0.9999999997575431
eakf_model2,2.424569070402295e-10
eakf_model3,1.0098141794566894e-50
sarima,8.257022080896224e-147
