model_name,weigth
arima,1.5e-323
eakf_model1,4.3362534072008896e-47
eakf_model2,2.97925249426565e-10
eakf_model3,0.9999999997020748
