model_name,weigth
arima,5.1269942701727133e-110
eakf_model1,4.835348762775965e-67
eakf_model2,2.2422424682288466e-11
eakf_model3,0.9999999999775776
