model_name,weigth
arima,1.3290894470010367e-221
eakf_model1,3.011734069454262e-95
eakf_model2,3.7390377865802654e-10
eakf_model3,0.9999999996260962
sarima,3.3912946203910545e-144
