model_name,weigth
arima,2.2220346968605906e-202
eakf_model1,0.9999999999154408
eakf_model2,1.3944233879407967e-19
eakf_model3,8.455918784377218e-11
