model_name,weigth
arima,2.880894218218124e-62
eakf_model1,4.372850688517901e-11
eakf_model2,0.9999999999562655
eakf_model3,5.875070200545994e-15
