model_name,weigth
arima,1e-323
eakf_model1,1.1740131057356815e-47
eakf_model2,0.9999999990817681
eakf_model3,9.182319995459991e-10
sarima,1.5356567266732963e-237
