model_name,weigth
arima,3.466671923263817e-92
eakf_model1,2.0896686023865606e-28
eakf_model2,1.366185168335625e-11
eakf_model3,0.9999999999863382
