model_name,weigth
arima,4.6285659708150294e-35
eakf_model1,0.9999999999972361
eakf_model2,9.260150319794658e-17
eakf_model3,2.7636816105160403e-12
