model_name,weigth
arima,4.957137802305278e-273
eakf_model1,5.640479160593992e-143
eakf_model2,1.7624888749691236e-10
eakf_model3,0.999999999823751
