model_name,weigth
arima,2.4294242877396066e-27
eakf_model1,0.9999999999975341
eakf_model2,1.5370298624824429e-12
eakf_model3,9.287661089225665e-13
sarima,3.794937626804874e-23
