model_name,weigth
arima,1.1186938626422038e-175
eakf_model1,1.0785087049257072e-92
eakf_model2,0.9999999999094501
eakf_model3,9.049226423122097e-11
sarima,5.755895924967859e-14
