model_name,weigth
arima,2.265971826091655e-68
eakf_model1,0.9999999999778574
eakf_model2,2.2142581571634094e-11
eakf_model3,1.6148063245466104e-33
