model_name,weigth
arima,4.448164688725926e-267
eakf_model1,6.17437288926573e-10
eakf_model2,0.9999999993825626
eakf_model3,3.1379358139528023e-77
