model_name,weigth
arima,2.0235477195463325e-35
eakf_model1,3.360707645503226e-17
eakf_model2,3.786296091992406e-12
eakf_model3,0.9999999999962137
