model_name,weigth
arima,5.378835040038737e-201
eakf_model1,0.9999999997884728
eakf_model2,2.115272164468427e-10
eakf_model3,4.0049281918940365e-92
