model_name,weigth
arima,7.254721126631625e-103
eakf_model1,4.037020302818779e-62
eakf_model2,3.4469393449035555e-11
eakf_model3,0.9999999999655305
