model_name,weigth
arima,4.26652966711495e-56
eakf_model1,4.679370647859104e-76
eakf_model2,1.0144619656966716e-22
eakf_model3,0.9999999999826177
sarima,1.7382121955404272e-11
