model_name,weigth
arima,1.1617036997737556e-65
eakf_model1,3.030694789250729e-39
eakf_model2,1.169420165256692e-11
eakf_model3,0.9999999999883058
