model_name,weigth
arima,2.2441232701998978e-69
eakf_model1,0.9999999999692512
eakf_model2,3.074883249475881e-11
eakf_model3,2.6205292160991478e-27
sarima,7.438061975711463e-68
