model_name,weigth
arima,1.806257444350474e-37
eakf_model1,0.9999999999948328
eakf_model2,5.167112794573407e-12
eakf_model3,2.6417557595903396e-19
