model_name,weigth
arima,5.187048981730256e-28
eakf_model1,0.9999999999959588
eakf_model2,4.041122156375263e-12
eakf_model3,6.799153400865068e-20
sarima,8.573696332351001e-28
