model_name,weigth
arima,9.370012834508955e-27
eakf_model1,0.9999999999934785
eakf_model2,9.689905750028972e-20
eakf_model3,3.135343309488439e-17
sarima,6.521417906904366e-12
