model_name,weigth
arima,9.282576033597146e-207
eakf_model1,5.1609803500484324e-36
eakf_model2,0.9999999999503977
eakf_model3,4.9602186007416705e-11
