model_name,weigth
arima,5.927135491839909e-214
eakf_model1,0.9999999993500818
eakf_model2,6.49918052717962e-10
eakf_model3,1.4282812618978992e-56
sarima,6.436577077622971e-200
