model_name,weigth
arima,1.5e-323
eakf_model1,1.5e-323
eakf_model2,3.5994159335397964e-09
eakf_model3,0.9999999964005839
