model_name,weigth
arima,3.889937672378979e-65
eakf_model1,8.844395746687831e-87
eakf_model2,1.985387733775696e-13
eakf_model3,8.058468697926165e-12
sarima,0.999999999991743
