model_name,weigth
arima,6.0130791819790895e-53
eakf_model1,4.969422903615665e-18
eakf_model2,5.210264651682731e-12
eakf_model3,0.9999999999947897
