model_name,weigth
arima,8.223760530279528e-145
eakf_model1,1.7851954979917235e-60
eakf_model2,3.6830825900201607e-34
eakf_model3,2.3035880914616033e-10
sarima,0.9999999997696412
