model_name,weigth
arima,3.8673299005417664e-83
eakf_model1,4.294180661296918e-47
eakf_model2,1.5359899510886255e-11
eakf_model3,0.99999999998464
