model_name,weigth
arima,5.27231175460781e-43
eakf_model1,9.550784192043012e-61
eakf_model2,3.9003698477786614e-11
eakf_model3,0.9999999999609961
