model_name,weigth
arima,1.7232181643427803e-29
eakf_model1,0.9999999999824838
eakf_model2,1.7516293866944746e-11
eakf_model3,8.270996814618576e-20
sarima,1.2975754925753913e-24
