model_name,weigth
arima,1.1131039850299277e-48
eakf_model1,2.1480354501111028e-37
eakf_model2,1.8190412179939994e-11
eakf_model3,0.9999999999818096
