model_name,weigth
arima,3.059184202038286e-28
eakf_model1,0.9999999999443312
eakf_model2,5.566866256650842e-11
eakf_model3,1.3333843252102472e-28
sarima,3.8673038466861265e-33
