model_name,weigth
arima,7.769890773212548e-40
eakf_model1,6.799497423152762e-44
eakf_model2,2.310396983492893e-11
eakf_model3,0.9999999999768958
