model_name,weigth
arima,4e-323
eakf_model1,5.093837567248497e-09
eakf_model2,3.2641861178206e-64
eakf_model3,0.9999999949061624
