model_name,weigth
arima,7.500984544440305e-68
eakf_model1,1.4450430450605114e-14
eakf_model2,1.7740351380020962e-11
eakf_model3,0.9999999999822451
