model_name,weigth
arima,1.6269731407193355e-65
eakf_model1,6.219241345942353e-15
eakf_model2,3.1909051950863577e-11
eakf_model3,0.9999999999680846
sarima,2.3879051120945118e-136
