model_name,weigth
arima,8.002995103187245e-63
eakf_model1,0.9999999999520404
eakf_model2,1.9975825117194605e-12
eakf_model3,4.596197834007391e-11
sarima,1.306342321068842e-82
