model_name,weigth
arima,1.3185527481554688e-42
eakf_model1,1.3507393348539373e-28
eakf_model2,1.5046608705970644e-11
eakf_model3,0.9999999999849531
