model_name,weigth
arima,3.958952331637061e-23
eakf_model1,2.573039798957381e-13
eakf_model2,2.301716791128549e-12
eakf_model3,0.9999999999974409
