model_name,weigth
arima,8.918262549729278e-23
eakf_model1,1.0284187348233664e-19
eakf_model2,2.315896368280703e-12
eakf_model3,0.9999999999976841
