model_name,weigth
arima,1.086627702342464e-32
eakf_model1,0.9999999999861136
eakf_model2,1.3585714168553316e-11
eakf_model3,3.0068613799366405e-13
sarima,2.4703684262194305e-33
