model_name,weigth
arima,5.540152415980107e-176
eakf_model1,6.420835219347702e-35
eakf_model2,6.148382245586551e-10
eakf_model3,0.9999999993851617
sarima,8.52440437599495e-224
