model_name,weigth
arima,2.4610907985026964e-15
eakf_model1,8.391663894822722e-13
eakf_model2,4.348633658338683e-17
eakf_model3,0.9999999999991582
