model_name,weigth
arima,1.7303007799358362e-59
eakf_model1,0.9999999999583277
eakf_model2,4.167224421889277e-11
eakf_model3,5.9454437299721254e-55
sarima,9.036465553139076e-62
