model_name,weigth
arima,3.1755432625782156e-23
eakf_model1,8.531113246055267e-25
eakf_model2,1.974298702092264e-11
eakf_model3,0.9999999999802569
