model_name,weigth
arima,0.9999999999879104
eakf_model1,1.7249137243992294e-60
eakf_model2,6.712844233328211e-18
eakf_model3,1.2089551108963211e-11
