model_name,weigth
arima,4.207849551067732e-50
eakf_model1,0.9999999999634255
eakf_model2,3.657443000892578e-11
eakf_model3,5.868917705398668e-43
