model_name,weigth
arima,0.522168503053012
eakf_model1,3e-323
eakf_model2,0.4778314968664469
eakf_model3,8.054102155946826e-11
sarima,3.1220587176425234e-112
