model_name,weigth
arima,6.10845886770687e-15
eakf_model1,1.1617105194636324e-38
eakf_model2,2.9583644576637195e-11
eakf_model3,0.9999999999704102
