model_name,weigth
arima,2.1089694732990334e-245
eakf_model1,5.475123819961377e-105
eakf_model2,5.984403347918555e-10
eakf_model3,0.9999999994015597
