model_name,weigth
arima,4.205875964151388e-175
eakf_model1,4.482588907155111e-114
eakf_model2,3.295077264196958e-09
eakf_model3,0.9999999967049227
