model_name,weigth
arima,0.9999999934555255
eakf_model1,1.5e-323
eakf_model2,3.325460296785694e-86
eakf_model3,6.5444745940562355e-09
