model_name,weigth
arima,1.5e-323
eakf_model1,2.411196648679285e-118
eakf_model2,1.0056873373691026e-09
eakf_model3,0.9999999989943126
