model_name,weigth
arima,0.9999999997974489
eakf_model1,8.801779003593962e-151
eakf_model2,1.3970768604141292e-10
eakf_model3,6.284335044651294e-11
