model_name,weigth
arima,0.9999999994354529
eakf_model1,2.2829761076718256e-269
eakf_model2,5.645470671077467e-10
eakf_model3,4.337442018194255e-18
