model_name,weigth
arima,6.889554171985608e-48
eakf_model1,6.35152007141164e-20
eakf_model2,0.9999999999514615
eakf_model3,4.8538349458550065e-11
