model_name,weigth
arima,1.7062521982394345e-82
eakf_model1,0.9999999999419534
eakf_model2,5.804657446063505e-11
eakf_model3,1.399403785057374e-62
