model_name,weigth
arima,0.9999999999990468
eakf_model1,5.2206773693616146e-27
eakf_model2,7.700346160788693e-15
eakf_model3,9.45501074198919e-13
