model_name,weigth
arima,7.511426721101303e-93
eakf_model1,3.650471911192007e-20
eakf_model2,0.9999999998742288
eakf_model3,1.2577111059747535e-10
sarima,1.1689176140127025e-53
