model_name,weigth
arima,1.1172651805092985e-12
eakf_model1,2.4042647306886652e-21
eakf_model2,8.457437325275485e-21
eakf_model3,1.407621025011895e-15
sarima,0.9999999999988811
