model_name,weigth
arima,5.951636788176998e-221
eakf_model1,3.2645070175074765e-22
eakf_model2,0.9999999997328366
eakf_model3,2.67163425694223e-10
sarima,7.550357179365551e-113
