model_name,weigth
arima,4e-323
eakf_model1,3.233987146362104e-86
eakf_model2,0.9999999656514172
eakf_model3,3.434858265736043e-08
