model_name,weigth
arima,9.018262045533596e-55
eakf_model1,0.9999999999572766
eakf_model2,4.272339244045978e-11
eakf_model3,8.138781620001659e-17
sarima,1.7965054814414618e-30
