model_name,weigth
arima,8.905496517073157e-31
eakf_model1,3.3519200136714255e-13
eakf_model2,1.2826391425431526e-12
eakf_model3,0.9999999999983821
