model_name,weigth
arima,0.9999999999188908
eakf_model1,4.539043384226266e-44
eakf_model2,1.6531965149386724e-38
eakf_model3,8.110913428685216e-11
