model_name,weigth
arima,2.2545258727002952e-30
eakf_model1,0.9999999999446136
eakf_model2,5.228317516104118e-25
eakf_model3,5.538631494497675e-11
