model_name,weigth
arima,4.928879401734338e-166
eakf_model1,0.9999999998086897
eakf_model2,1.8208236834138946e-10
eakf_model3,9.227814053693859e-12
