model_name,weigth
arima,3.269565889527355e-250
eakf_model1,2.5169497944172963e-11
eakf_model2,0.9999999996794711
eakf_model3,2.9535937339130815e-10
sarima,5.220803144608253e-242
