model_name,weigth
arima,2.01563277317405e-81
eakf_model1,1.2442556007078986e-10
eakf_model2,8.688629049702811e-49
eakf_model3,0.9999999998755744
