model_name,weigth
arima,1.8343522410789523e-60
eakf_model1,0.9999999995166741
eakf_model2,6.1974838266296775e-58
eakf_model3,4.833258931898551e-10
sarima,5.006091341025865e-32
