model_name,weigth
arima,2.8316709277003595e-173
eakf_model1,1.0754948030158399e-10
eakf_model2,0.9999999998675969
eakf_model3,2.4853627491498206e-11
sarima,8.370862975003448e-147
