model_name,weigth
arima,1.5e-323
eakf_model1,9.819174408763686e-19
eakf_model2,3.5003805763595964e-10
eakf_model3,0.9999999996499619
