model_name,weigth
arima,0.9999999999983868
eakf_model1,8.586166822787676e-28
eakf_model2,2.2591570063608277e-32
eakf_model3,1.6131834241162003e-12
