model_name,weigth
arima,4.60315343737542e-20
eakf_model1,2.7883706076062606e-15
eakf_model2,3.215133752705036e-13
eakf_model3,0.9999999999996756
