model_name,weigth
arima,2.4277293712711507e-58
eakf_model1,5.600218549615091e-17
eakf_model2,0.9999999999946585
eakf_model3,5.341616930022356e-12
