model_name,weigth
arima,5.815084931779142e-65
eakf_model1,5.1274573697007193e-14
eakf_model2,2.5000524076509285e-11
eakf_model3,0.9999999999749483
