model_name,weigth
arima,1.6190463423202474e-54
eakf_model1,3.795037104601191e-23
eakf_model2,0.5489735008546497
eakf_model3,0.4510264991453502
