model_name,weigth
arima,2.750734397656792e-116
eakf_model1,1.0373237175434792e-16
eakf_model2,1.0478894289976123e-10
eakf_model3,0.9999999998952109
sarima,3.359569337249058e-85
