model_name,weigth
arima,6.709460032699815e-26
eakf_model1,1.143317320683851e-29
eakf_model2,6.182100577024081e-13
eakf_model3,0.9999999999993817
