model_name,weigth
arima,4.202618864655502e-74
eakf_model1,2.0095222614556318e-36
eakf_model2,2.6058811686029835e-11
eakf_model3,0.9999999999739412
sarima,1.0257078194953677e-82
