model_name,weigth
arima,6.661228934470486e-146
eakf_model1,1.1693955598923245e-10
eakf_model2,0.9999999998825468
eakf_model3,5.136132851342232e-13
sarima,2.2047965438614856e-122
