model_name,weigth
arima,9.682599718332907e-82
eakf_model1,7.46113243388504e-38
eakf_model2,3.760542128653733e-11
eakf_model3,0.9999999999623945
sarima,1.1612346620692318e-106
