model_name,weigth
arima,2.914531609713888e-72
eakf_model1,4.9145197169017734e-29
eakf_model2,1.585099154909274e-11
eakf_model3,0.9999999999841489
