model_name,weigth
arima,5.4405771025265384e-39
eakf_model1,6.174955617228249e-20
eakf_model2,1.2310504678259718e-12
eakf_model3,0.9999999999987689
