model_name,weigth
arima,2.6708355146188386e-131
eakf_model1,4.807188437610846e-11
eakf_model2,2.0016076150563186e-35
eakf_model3,0.9999999999519281
sarima,1.0031348826684067e-141
