model_name,weigth
arima,1.08269756841222e-81
eakf_model1,2.5984868287612787e-12
eakf_model2,5.403218010929529e-29
eakf_model3,3.4117763704838856e-16
sarima,0.9999999999974012
