model_name,weigth
arima,5.08568063305047e-181
eakf_model1,0.9999999996536911
eakf_model2,5.872755649742677e-49
eakf_model3,3.463088070220685e-10
sarima,4.714885097017105e-161
