model_name,weigth
arima,0.0
eakf_model1,0.9999999998885287
eakf_model2,1.1129445304961228e-10
eakf_model3,1.7684246712054418e-13
sarima,0.0
