model_name,weigth
arima,0.0
eakf_model1,0.9999999938427753
eakf_model2,6.157224701836881e-09
eakf_model3,2.9690505716658405e-66
sarima,0.0
