model_name,weigth
arima,0.0
eakf_model1,0.9999999997275868
eakf_model2,5.246335638554154e-12
eakf_model3,2.671669424863623e-10
sarima,0.0
