model_name,weigth
arima,0.0
eakf_model1,0.9999999998704537
eakf_model2,9.584817420235604e-11
eakf_model3,3.3698035699060585e-11
sarima,0.0
