model_name,weigth
arima,3.295676011647862e-126
eakf_model1,3.4153600950952944e-11
eakf_model2,2.425229818132983e-35
eakf_model3,0.9999999999658464
sarima,4.095449101373357e-168
