model_name,weigth
arima,0.0
eakf_model1,4.4341898519864256e-08
eakf_model2,0.9999999556581014
eakf_model3,5.374722283358417e-215
sarima,0.0
