model_name,weigth
arima,6.144318823390467e-277
eakf_model1,1.2771133694927618e-10
eakf_model2,5.744214036848053e-50
eakf_model3,0.9999999998722886
sarima,6.144318823390467e-277
