model_name,weigth
arima,2.2541672568854294e-273
eakf_model1,0.9999999997542568
eakf_model2,4.523295441026181e-46
eakf_model3,2.457432161615148e-10
sarima,2.133323658178103e-223
