model_name,weigth
arima,0.0
eakf_model1,0.9999999981901935
eakf_model2,2.5031021566678878e-169
eakf_model3,1.8098065633170463e-09
sarima,0.0
