model_name,weigth
arima,3.5855490457258265e-227
eakf_model1,3.009873114429573e-11
eakf_model2,3.2544574159947532e-12
eakf_model3,0.9999999999666468
sarima,2.455704341473628e-246
