model_name,weigth
arima,1.568401511798959e-53
eakf_model1,0.9999999999955015
eakf_model2,4.498483620263194e-12
eakf_model3,5.583998944822101e-17
sarima,8.953779212835375e-25
