model_name,weigth
arima,8.325719388996839e-258
eakf_model1,0.9999999999702267
eakf_model2,5.353378608184625e-12
eakf_model3,2.4419972944524126e-11
sarima,2.909286162291466e-275
