model_name,weigth
arima,2.3269950347714893e-47
eakf_model1,0.9999999999948721
eakf_model2,1.826463660812157e-18
eakf_model3,5.127941570621974e-12
sarima,2.5407526187948127e-19
