model_name,weigth
arima,2.5823092640161918e-174
eakf_model1,0.9999999999617892
eakf_model2,7.271908545356808e-28
eakf_model3,3.821068080444228e-11
sarima,1.8895065623588487e-172
