model_name,weigth
arima,5.5698883784026554e-192
eakf_model1,0.9999999999760563
eakf_model2,9.507537192909485e-22
eakf_model3,2.39436719785314e-11
sarima,5.212676956711458e-196
