model_name,weigth
arima,1.2764631055998615e-162
eakf_model1,0.9999999999705391
eakf_model2,2.9031943890052248e-11
eakf_model3,4.289204454917874e-13
sarima,3.99054526856167e-93
