model_name,weigth
arima,4.494220890315554e-238
eakf_model1,0.9999999995209834
eakf_model2,3.029806707629668e-23
eakf_model3,4.790165413355915e-10
sarima,7.809232026556777e-188
