model_name,weigth
arima,2e-323
eakf_model1,0.9999999988426231
eakf_model2,1.9249705821833204e-54
eakf_model3,1.1573768082539957e-09
sarima,2.8002758823703e-310
