model_name,weigth
arima,2.901531204750164e-115
eakf_model1,0.9999999998515556
eakf_model2,8.872528265962068e-36
eakf_model3,1.4844435152299768e-10
sarima,4.6950748629995843e-91
