model_name,weigth
arima,0.0
eakf_model1,5.268892247397194e-35
eakf_model2,1.0835545750327943e-09
eakf_model3,0.9999999989164454
sarima,2e-323
