model_name,weigth
arima,7.948879879590969e-84
eakf_model1,7.742281771625691e-12
eakf_model2,3.6519777861963553e-19
eakf_model3,0.9999999999922577
sarima,2.937821632604328e-60
