model_name,weigth
arima,7.441006108714556e-81
eakf_model1,6.498975290967491e-12
eakf_model2,7.297380688074067e-13
eakf_model3,0.9999999999927713
sarima,5.673099774612023e-53
