model_name,weigth
arima,2.7554217205003628e-151
eakf_model1,4.1331051250748216e-11
eakf_model2,0.9999999999577799
eakf_model3,8.890461442638899e-13
sarima,3.3822886426907517e-105
