model_name,weigth
arima,4.992586604286174e-154
eakf_model1,2.2310136598298378e-17
eakf_model2,3.119122131051104e-11
eakf_model3,0.9999999999688087
sarima,1.7013729515343825e-95
