model_name,weigth
arima,2e-323
eakf_model1,3.782902048781771e-09
eakf_model2,7.978568819193735e-65
eakf_model3,0.9999999962170979
sarima,4e-323
