model_name,weigth
arima,0.0
eakf_model1,8e-323
eakf_model2,0.34539701234588766
eakf_model3,0.6546029876541123
sarima,7.4e-323
