model_name,weigth
arima,2.2801707349945835e-180
eakf_model1,1.646023262940079e-10
eakf_model2,4.189824902159849e-24
eakf_model3,0.9999999998353977
sarima,7.568832597537598e-183
