model_name,weigth
arima,7.897438749035706e-146
eakf_model1,5.821679422291558e-11
eakf_model2,5.747584392657331e-28
eakf_model3,0.9999999999417832
sarima,8.078160465596395e-145
