model_name,weigth
arima,4.745598361965923e-53
eakf_model1,2.0383423456627207e-16
eakf_model2,5.101832469775455e-12
eakf_model3,0.9999999999948975
sarima,3.4849823106625824e-16
