model_name,weigth
arima,5.248741662284553e-138
eakf_model1,1.6445141853393064e-18
eakf_model2,3.4364732558269885e-11
eakf_model3,0.9999999999656353
sarima,5.890698386855166e-58
