model_name,weigth
arima,1.2617188657177485e-52
eakf_model1,5.736784161463832e-12
eakf_model2,1.8349072688789795e-13
eakf_model3,0.9999999999940797
sarima,1.06041288972131e-26
