model_name,weigth
arima,1.0946086926872803e-295
eakf_model1,2.5618555887497754e-10
eakf_model2,2.4097500634782576e-38
eakf_model3,0.9999999997438145
sarima,2.2924858002273803e-160
