model_name,weigth
arima,4e-323
eakf_model1,7.943065868779321e-10
eakf_model2,2.366098776072218e-18
eakf_model3,0.9999999992056934
sarima,1.5818832167850993e-291
