model_name,weigth
arima,1.4054114159539359e-165
eakf_model1,4.341529240587216e-14
eakf_model2,1.1536384726648376e-10
eakf_model3,0.9999999998845928
sarima,1.289112308607013e-136
