model_name,weigth
arima,3.4002463018795093e-60
eakf_model1,0.9999999999782105
eakf_model2,2.163800086346129e-11
eakf_model3,1.5155240379422544e-13
sarima,3.354909929444952e-48
