model_name,weigth
arima,9.44043956598008e-254
eakf_model1,5.2579573027007673e-104
eakf_model2,0.9999999998848057
eakf_model3,1.1519426621522574e-10
sarima,3.085467110055475e-66
