model_name,weigth
arima,1.5833976303402638e-260
eakf_model1,5.776305653168141e-115
eakf_model2,0.9999999998024536
eakf_model3,1.9754646090638817e-10
sarima,2.2133707216032535e-47
