model_name,weigth
arima,2e-323
eakf_model1,7.406562864168097e-83
eakf_model2,1.8160384102327087e-09
eakf_model3,0.9999999981839616
sarima,1.8297603108066316e-210
