model_name,weigth
arima,2e-323
eakf_model1,1.2997896802703677e-50
eakf_model2,4.487646224847117e-10
eakf_model3,0.9999999995512354
sarima,1.4537648273163677e-176
