model_name,weigth
arima,5.215181036983432e-54
eakf_model1,0.9999999999835752
eakf_model2,1.6424772109594166e-11
eakf_model3,5.149439063052279e-30
sarima,1.5451309305215657e-50
