model_name,weigth
arima,2.74760947110055e-75
eakf_model1,0.9999999998887905
eakf_model2,7.437254158471571e-24
eakf_model3,9.95682568116474e-24
sarima,1.1120947298620247e-10
