model_name,weigth
arima,6.466269007116625e-130
eakf_model1,2.788015633168692e-169
eakf_model2,9.018084549181426e-30
eakf_model3,5.085356297983294e-11
sarima,0.9999999999491465
