model_name,weigth
arima,4e-323
eakf_model1,2e-323
eakf_model2,6.051528087873882e-118
eakf_model3,0.9999999989297275
sarima,1.0702725207622988e-09
