model_name,weigth
arima,2.1988167679632544e-45
eakf_model1,3.0236933606505763e-27
eakf_model2,1.1079622509751378e-11
eakf_model3,5.5173742081901935e-12
sarima,0.999999999983403
