model_name,weigth
arima,5.27249629103612e-214
eakf_model1,4.941206473839339e-10
eakf_model2,0.9999999995058794
eakf_model3,2.1027534660335343e-41
sarima,1.205506446201724e-151
