model_name,weigth
arima,1.0764049458656155e-60
eakf_model1,1.5549784861352516e-14
eakf_model2,0.9999999999661237
eakf_model3,3.386075799665426e-11
sarima,1.8877245641153384e-35
