model_name,weigth
arima,5.438974746027924e-66
eakf_model1,1.952341565513294e-71
eakf_model2,4.147434599403631e-17
eakf_model3,1.7356758971539328e-11
sarima,0.9999999999826432
