model_name,weigth
arima,2.5344858252599887e-44
eakf_model1,0.9999999999551181
eakf_model2,4.488180493437473e-11
eakf_model3,2.0747343575787267e-22
sarima,8.304358560956527e-50
