model_name,weigth
arima,1.1707389956381632e-49
eakf_model1,0.99999999997056
eakf_model2,2.9426683772890636e-11
eakf_model3,1.3285758012586174e-14
sarima,3.0821697865153062e-59
