model_name,weigth
arima,1.153912922291232e-34
eakf_model1,1.9962539200010167e-36
eakf_model2,2.0138063412031795e-12
eakf_model3,0.9999999999975482
sarima,4.3812473620778456e-13
