model_name,weigth
arima,1.1553718140447558e-151
eakf_model1,5.3416470957800615e-138
eakf_model2,1.1294350255182624e-09
eakf_model3,0.999999998870565
sarima,1.200877554603323e-193
