model_name,weigth
arima,4.4226604403825314e-150
eakf_model1,3.0344459697955476e-12
eakf_model2,0.9999999993867287
eakf_model3,6.102369194853955e-10
sarima,1.5958668487923206e-212
