model_name,weigth
arima,9.359151005782304e-153
eakf_model1,5.793119949262396e-20
eakf_model2,4.2945788616183816e-10
eakf_model3,0.9999999995705421
sarima,2.5709507326294232e-185
