model_name,weigth
arima,3.2078293445326553e-112
eakf_model1,5.968172593899827e-29
eakf_model2,1.563031908079264e-10
eakf_model3,0.9999999998436968
sarima,2.3129388483504664e-185
