model_name,weigth
arima,4.401845765457316e-90
eakf_model1,3.9259679897769856e-50
eakf_model2,2.1171887084224784e-10
eakf_model3,0.9999999997882811
sarima,5.870528209473242e-114
