model_name,weigth
arima,2.6836971594184965e-44
eakf_model1,0.9999999999137134
eakf_model2,8.62866170844416e-11
eakf_model3,1.077420321223521e-27
sarima,3.0670030147826473e-62
