model_name,weigth
arima,1.059984570376757e-33
eakf_model1,9.394683508370603e-25
eakf_model2,2.4230853730187684e-12
eakf_model3,0.9999999999975768
sarima,1.4289102195259795e-22
