model_name,weigth
arima,1.173575428544517e-151
eakf_model1,7.163527859092808e-118
eakf_model2,0.9999999820897444
eakf_model3,1.791025561076895e-08
sarima,8e-323
