model_name,weigth
arima,0.9999999998994195
eakf_model1,1.9009201666656066e-78
eakf_model2,5.970727651057348e-14
eakf_model3,1.0052087497485398e-10
sarima,1.1861662524176043e-19
