model_name,weigth
arima,3.586946758918358e-114
eakf_model1,9.565460420423589e-160
eakf_model2,9.805641936838685e-10
eakf_model3,0.9999999990194358
sarima,3.693775573245155e-125
