model_name,weigth
arima,1.660079137158753e-119
eakf_model1,0.9999999996948552
eakf_model2,3.0514467032291416e-10
eakf_model3,1.2540050815239162e-62
sarima,8.173150523808564e-124
