model_name,weigth
arima,1.58726535193484e-38
eakf_model1,7.658136280495607e-11
eakf_model2,5.050295470500532e-70
eakf_model3,1.301145651392376e-16
sarima,0.9999999999234186
