model_name,weigth
arima,2e-323
eakf_model1,1.4980876741075195e-09
eakf_model2,0.9999999985019122
eakf_model3,4.576267604217725e-36
sarima,4e-323
