model_name,weigth
arima,9.698032632642933e-13
eakf_model1,2.7620025719334344e-21
eakf_model2,1.5579983823465671e-15
eakf_model3,1.0098059127816985e-13
sarima,0.9999999999989276
