model_name,weigth
arima,3.3879046157729897e-12
eakf_model1,1.4221999995697201e-18
eakf_model2,1.3989332727827498e-29
eakf_model3,9.888701527454542e-19
sarima,0.999999999996612
