model_name,weigth
arima,2e-323
eakf_model1,0.9999999991264215
eakf_model2,8.51022568465681e-10
eakf_model3,2.255584923189604e-11
sarima,3.667424114178512e-213
