model_name,weigth
arima,4.4780122815657703e-13
eakf_model1,1.3002322364841227e-15
eakf_model2,1.4201332342758008e-16
eakf_model3,5.189955334737868e-13
sarima,0.9999999999990318
