model_name,weigth
arima,5.457986007347745e-180
eakf_model1,4.558167538466383e-52
eakf_model2,2.1110623987175377e-10
eakf_model3,0.9999999997888938
sarima,1.9748182648787687e-185
