model_name,weigth
arima,2e-323
eakf_model1,0.999999994329495
eakf_model2,1.1891599099290456e-18
eakf_model3,5.670504904924884e-09
sarima,4e-323
