model_name,weigth
arima,1.6111366049532524e-242
eakf_model1,0.9999999999938395
eakf_model2,1.4627722242011575e-12
eakf_model3,4.697745050346576e-12
