model_name,weigth
arima,7.467487980603365e-75
eakf_model1,7.669687363444667e-12
eakf_model2,2.075478729340019e-19
eakf_model3,0.9999999999923304
sarima,4.71858832802614e-61
