model_name,weigth
arima,1.1179128600541944e-54
eakf_model1,1.635492692401169e-12
eakf_model2,6.979647097527566e-22
eakf_model3,0.9999999999983646
