model_name,weigth
arima,5.81522799289037e-144
eakf_model1,0.9999999999785976
eakf_model2,7.858235962002861e-56
eakf_model3,2.1402397616651048e-11
