model_name,weigth
arima,1.3500307332633776e-55
eakf_model1,2.768791263465178e-12
eakf_model2,2.051191967803197e-24
eakf_model3,0.9999999999972311
sarima,5.26413770468392e-24
