model_name,weigth
arima,3.749656166743672e-161
eakf_model1,9.804130537619119e-11
eakf_model2,1.0985799537672981e-172
eakf_model3,0.9999999999019586
