model_name,weigth
arima,3.0216080254796684e-150
eakf_model1,1.6962418066550266e-11
eakf_model2,2.7236263535360135e-38
eakf_model3,7.10182671109338e-21
sarima,0.9999999999830376
