model_name,weigth
arima,5.663300300346373e-158
eakf_model1,0.9999999999248432
eakf_model2,2.0157662177330633e-120
eakf_model3,7.515680504013368e-11
