model_name,weigth
arima,0.0
eakf_model1,0.9999999999309735
eakf_model2,3.4428956775308653e-28
eakf_model3,6.902647304036723e-11
