model_name,weigth
arima,2.138142199774598e-64
eakf_model1,2.4099158801467767e-12
eakf_model2,1.723990553038913e-21
eakf_model3,0.9999999999975901
