model_name,weigth
arima,1.5283856319815934e-182
eakf_model1,0.9999999997039339
eakf_model2,7.403122368866204e-170
eakf_model3,2.9606609572305643e-10
sarima,5e-324
