model_name,weigth
arima,8.322482543436616e-168
eakf_model1,3.741869431707301e-12
eakf_model2,1.7156212866579823e-21
eakf_model3,0.9999999999962581
