model_name,weigth
arima,1.4359870348082216e-132
eakf_model1,4.5906968804162225e-11
eakf_model2,1.8385743034233965e-43
eakf_model3,0.9999999999540932
