model_name,weigth
arima,8.442990531235287e-192
eakf_model1,0.9999999999763256
eakf_model2,2.1130440514046214e-34
eakf_model3,2.3674355651840774e-11
