model_name,weigth
arima,0.0
eakf_model1,0.9999999971477825
eakf_model2,1.3390126999000046e-89
eakf_model3,2.8522174410179157e-09
sarima,0.0
