model_name,weigth
arima,4.76255653894276e-51
eakf_model1,2.791885691860998e-10
eakf_model2,1.3310607888317869e-37
eakf_model3,0.9999999997208114
