model_name,weigth
arima,1.2e-322
eakf_model1,1.3379795578774457e-06
eakf_model2,2.27e-322
eakf_model3,0.9999986620204421
sarima,2.27e-322
