model_name,weigth
arima,1.6267147320467524e-216
eakf_model1,0.999999999980014
eakf_model2,3.5698106650577843e-22
eakf_model3,1.9986009318793764e-11
sarima,2.507317696038783e-259
