model_name,weigth
arima,5.306096033951241e-39
eakf_model1,1.1221622523459431e-11
eakf_model2,0.9999999999887783
eakf_model3,6.047001055915214e-25
