model_name,weigth
arima,0.0
eakf_model1,0.9999999999391802
eakf_model2,4.182323369699822e-35
eakf_model3,6.081976749711761e-11
