model_name,weigth
arima,9.8124092763e-312
eakf_model1,5.038044955627517e-11
eakf_model2,7.3744300217760895e-78
eakf_model3,0.9999999999496195
