model_name,weigth
arima,5.1809155798033717e-107
eakf_model1,2.511385949409465e-12
eakf_model2,6.175763060656365e-11
eakf_model3,0.999999999935731
sarima,3.264369882369932e-209
