model_name,weigth
arima,0.0
eakf_model1,0.9999999974134953
eakf_model2,2e-323
eakf_model3,2.58650463631267e-09
