model_name,weigth
arima,1.2849055058714663e-74
eakf_model1,0.9999999999940676
eakf_model2,3.891063413715038e-14
eakf_model3,5.89337338782018e-12
sarima,8.821090458269771e-78
