model_name,weigth
arima,2.1650068519344176e-210
eakf_model1,2.2493557057637623e-09
eakf_model2,0.9999999977506443
eakf_model3,1.0562199666463683e-65
sarima,1.5239655903707737e-43
