model_name,weigth
arima,0.0
eakf_model1,0.9999999999336784
eakf_model2,3.4310600145822223e-13
eakf_model3,6.597836950223769e-11
sarima,0.0
