model_name,weigth
arima,9.885658512761089e-88
eakf_model1,2.0680256973444485e-10
eakf_model2,1.1254745327597751e-12
eakf_model3,0.9999999997920719
