model_name,weigth
arima,0.0
eakf_model1,1.342633996353821e-10
eakf_model2,0.9999999998657365
eakf_model3,3.108542545641638e-21
sarima,0.0
