model_name,weigth
arima,3.36868974885797e-92
eakf_model1,2.9041969998032787e-11
eakf_model2,0.999999999970958
eakf_model3,1.819187885882601e-18
sarima,0.0
