model_name,weigth
arima,2e-323
eakf_model1,2.469405353607106e-10
eakf_model2,6.386582361592556e-73
eakf_model3,0.9999999997530594
sarima,0.0
