model_name,weigth
arima,0.0
eakf_model1,4.702153968756925e-11
eakf_model2,0.9999999999529785
eakf_model3,1.303392191557605e-44
