model_name,weigth
arima,1.301641818316322e-67
eakf_model1,0.9999999999959752
eakf_model2,4.024728762651393e-12
eakf_model3,1.654220305056331e-18
