model_name,weigth
arima,1e-323
eakf_model1,8.092618750700235e-10
eakf_model2,1.2604633344701763e-207
eakf_model3,0.999999999190738
