model_name,weigth
arima,0.0
eakf_model1,0.9999999993286004
eakf_model2,8.73488172875118e-62
eakf_model3,6.713996663582282e-10
