model_name,weigth
arima,2.960720424975087e-253
eakf_model1,6.718746369367495e-11
eakf_model2,5.1450558857094775e-56
eakf_model3,0.9999999999328124
