model_name,weigth
arima,0.0
eakf_model1,9.228804492520749e-11
eakf_model2,1.1076785916137816e-45
eakf_model3,0.9999999999077118
