model_name,weigth
arima,0.0
eakf_model1,1.8725114760681724e-10
eakf_model2,2.327197562304891e-43
eakf_model3,0.9999999998127489
sarima,2e-323
