model_name,weigth
arima,0.0
eakf_model1,1.5130783232850272e-10
eakf_model2,5.98280673115656e-34
eakf_model3,0.9999999998486921
sarima,0.0
