model_name,weigth
arima,1.983162419449919e-113
eakf_model1,0.9999999999957156
eakf_model2,4.284377098791312e-12
eakf_model3,3.181579484089262e-18
