model_name,weigth
arima,0.0
eakf_model1,0.9999999995142024
eakf_model2,4.857976108424439e-10
eakf_model3,6.95591344016189e-31
sarima,0.0
