model_name,weigth
arima,0.0
eakf_model1,2.722162859534538e-10
eakf_model2,0.9999999997276732
eakf_model3,1.1044049174043552e-13
