model_name,weigth
arima,1.7543958546833451e-140
eakf_model1,0.9999999999921343
eakf_model2,7.865741899121152e-12
eakf_model3,3.8261701835200285e-22
