model_name,weigth
arima,0.0
eakf_model1,0.9999999998761879
eakf_model2,3.0849857449995853e-11
eakf_model3,9.296225680917615e-11
sarima,0.0
