model_name,weigth
arima,0.0
eakf_model1,1.046501741191157e-08
eakf_model2,0.9999999895349826
eakf_model3,9.166324590641007e-40
