model_name,weigth
arima,0.0
eakf_model1,0.9999999892347222
eakf_model2,1.0765277749984706e-08
eakf_model3,1.2583223234190327e-179
