model_name,weigth
arima,9.88487832916121e-233
eakf_model1,0.9999999998406757
eakf_model2,1.1951959203849702e-38
eakf_model3,1.5932429888480637e-10
sarima,0.0
