model_name,weigth
arima,0.0
eakf_model1,1.3535856785321204e-11
eakf_model2,0.9999999999864642
eakf_model3,4.886862611927774e-21
