model_name,weigth
arima,1e-323
eakf_model1,0.9999999999404201
eakf_model2,5.957991831353244e-11
eakf_model3,2.6822359548283988e-64
