model_name,weigth
arima,5.46935349398785e-309
eakf_model1,0.9999999992936934
eakf_model2,7.143119076090393e-151
eakf_model3,7.063066159089802e-10
sarima,2e-323
