model_name,weigth
arima,1.368870025831824e-189
eakf_model1,0.9999999999361832
eakf_model2,1.5520068857081325e-13
eakf_model3,6.366161649819865e-11
sarima,0.0
