model_name,weigth
arima,6.746270332371445e-82
eakf_model1,2.3786269013635715e-11
eakf_model2,8.469507709883526e-17
eakf_model3,0.9999999999762137
sarima,6.746270332371445e-82
