model_name,weigth
arima,0.0
eakf_model1,3.6462572706144718e-09
eakf_model2,0.9999999963537427
eakf_model3,1.4797597471082513e-80
