model_name,weigth
arima,1.3657181822404376e-300
eakf_model1,5.999526667511258e-11
eakf_model2,1.3668390371934759e-41
eakf_model3,0.9999999999400048
