model_name,weigth
arima,9.36883885887451e-194
eakf_model1,3.9860631410369085e-11
eakf_model2,2.6597373038656364e-31
eakf_model3,0.9999999999601394
sarima,9.36883885887451e-194
