model_name,weigth
arima,0.0
eakf_model1,7.922423821685995e-11
eakf_model2,1.889904335069792e-09
eakf_model3,0.9999999980308714
