model_name,weigth
arima,5.400900615578546e-94
eakf_model1,0.99999999999498
eakf_model2,1.153172221206729e-12
eakf_model3,3.8668501577995614e-12
