model_name,weigth
arima,1.249522318167174e-40
eakf_model1,0.9999999999971199
eakf_model2,1.6477101931915923e-12
eakf_model3,1.232441606400703e-12
