model_name,weigth
arima,1e-323
eakf_model1,5.21479362240348e-10
eakf_model2,2.333893220415706e-74
eakf_model3,0.9999999994785206
