model_name,weigth
arima,7.924449733203211e-305
eakf_model1,1.289633155875541e-10
eakf_model2,5.441778280363521e-50
eakf_model3,0.9999999998710366
sarima,7.924449733203211e-305
