model_name,weigth
arima,1e-323
eakf_model1,1.4724704739399224e-10
eakf_model2,2.334532239405953e-61
eakf_model3,0.999999999852753
