model_name,weigth
arima,3.1699194206365693e-249
eakf_model1,2.9481812413383603e-21
eakf_model2,1.2227468274309373e-10
eakf_model3,0.9999999998777254
sarima,4.835236744898157e-217
