model_name,weigth
arima,1.314617340768013e-120
eakf_model1,0.9999999999936486
eakf_model2,6.351267928019053e-12
eakf_model3,7.006793238934551e-23
