model_name,weigth
arima,0.0
eakf_model1,6.764889158393046e-10
eakf_model2,3.196905423215063e-50
eakf_model3,0.9999999993235111
