model_name,weigth
arima,0.0
eakf_model1,0.9999999996485471
eakf_model2,3.8655066266049495e-12
eakf_model3,3.475874385232102e-10
