model_name,weigth
arima,1.3335148088231366e-114
eakf_model1,2.8714607512020334e-11
eakf_model2,2.5803446513121748e-25
eakf_model3,0.9999999999712854
