model_name,weigth
arima,1.384190913287572e-157
eakf_model1,1.1070110077919326e-10
eakf_model2,1.3222764262989735e-35
eakf_model3,0.9999999998892989
sarima,1.384190913287572e-157
