model_name,weigth
arima,0.0
eakf_model1,0.9999999999694988
eakf_model2,2.9438111389079076e-11
eakf_model3,1.0630399331350562e-12
