model_name,weigth
arima,4.350967779472294e-80
eakf_model1,1.2660931060099453e-11
eakf_model2,3.441570245667248e-15
eakf_model3,0.9999999999873357
