model_name,weigth
arima,1.6002804756125342e-174
eakf_model1,8.120787221535196e-11
eakf_model2,1.4348721561326215e-33
eakf_model3,0.9999999999187921
sarima,3.2852793075122793e-140
