model_name,weigth
arima,1.2493771300851387e-127
eakf_model1,0.9999999999899881
eakf_model2,2.6580467677898138e-16
eakf_model3,1.001154511795035e-11
