model_name,weigth
arima,1.0986139011645373e-271
eakf_model1,4.5183484477250986e-11
eakf_model2,7.493490624377907e-29
eakf_model3,0.9999999999548166
