model_name,weigth
arima,2e-323
eakf_model1,6.909086856850734e-09
eakf_model2,7.474036133528925e-80
eakf_model3,0.999999993090913
sarima,2e-323
