model_name,weigth
arima,1.3164795665116249e-166
eakf_model1,0.9999999999832412
eakf_model2,4.6776903078584694e-26
eakf_model3,1.675871099077684e-11
