model_name,weigth
arima,0.0
eakf_model1,0.999999989126071
eakf_model2,1.6095302824875616e-76
eakf_model3,1.0873928946702342e-08
