model_name,weigth
arima,1e-323
eakf_model1,0.999999999668675
eakf_model2,2.5830115394380954e-29
eakf_model3,3.3132501674203064e-10
