model_name,weigth
arima,0.0
eakf_model1,0.999999996446028
eakf_model2,1.5544184850987863e-135
eakf_model3,3.5539719608284594e-09
sarima,0.0
