model_name,weigth
arima,2e-323
eakf_model1,4.0482392174784865e-10
eakf_model2,2.029526571732245e-63
eakf_model3,0.999999999595176
sarima,0.0
