model_name,weigth
arima,0.0
eakf_model1,3.3640420744211997e-10
eakf_model2,2.635922524089706e-78
eakf_model3,0.9999999996635958
sarima,0.0
