model_name,weigth
arima,2e-323
eakf_model1,2.5075059249107973e-10
eakf_model2,2.690088233553309e-13
eakf_model3,0.9999999997489804
sarima,1.453625402e-314
