model_name,weigth
arima,2.0988477965103704e-306
eakf_model1,0.9999999999396747
eakf_model2,7.693842068746586e-39
eakf_model3,6.032522844319781e-11
