model_name,weigth
arima,0.0
eakf_model1,5.882056811145272e-10
eakf_model2,6.121553713142935e-116
eakf_model3,0.9999999994117943
