model_name,weigth
arima,1.0545604602851188e-231
eakf_model1,1.2539059857372875e-11
eakf_model2,0.9999999999854325
eakf_model3,2.0284184069959316e-12
