model_name,weigth
arima,1.6852117019837196e-115
eakf_model1,4.1459192905540004e-11
eakf_model2,7.005087380193416e-36
eakf_model3,0.9999999999585409
sarima,4.535867870687954e-96
