model_name,weigth
arima,1e-323
eakf_model1,0.9999999999137096
eakf_model2,5.3539637172695e-55
eakf_model3,8.629046560815743e-11
