model_name,weigth
arima,1e-323
eakf_model1,0.9999999963980923
eakf_model2,9.578606246037951e-249
eakf_model3,3.6019075887796698e-09
