model_name,weigth
arima,8.913843898132032e-204
eakf_model1,3.289359319670893e-11
eakf_model2,0.9999999999671059
eakf_model3,4.411055461289928e-16
sarima,2.233547084630711e-226
