model_name,weigth
arima,1.1481561101367689e-58
eakf_model1,0.9999999999961676
eakf_model2,3.7750322028772706e-12
eakf_model3,5.739501264256351e-14
sarima,4.8452458259201496e-32
