model_name,weigth
arima,0.0
eakf_model1,2.8134396550782773e-09
eakf_model2,0.9999999971865603
eakf_model3,1.6866476088427e-45
sarima,0.0
