model_name,weigth
arima,1.4449994161972531e-204
eakf_model1,0.9999999999815001
eakf_model2,1.8499936468467642e-11
eakf_model3,1.707456941721191e-35
