model_name,weigth
arima,1.0988389469797295e-170
eakf_model1,0.9999999999853523
eakf_model2,1.464775239432788e-11
eakf_model3,1.0472127444439133e-29
sarima,7.663974883402649e-148
