model_name,weigth
arima,1.7279841631082845e-98
eakf_model1,0.9999999999690106
eakf_model2,4.5718692806915554e-60
eakf_model3,3.098936188362804e-11
sarima,8.696147609808018e-33
