model_name,weigth
arima,0.0
eakf_model1,0.9999999999761898
eakf_model2,2.3810212223913403e-11
eakf_model3,1.2342209680425786e-64
