model_name,weigth
arima,1.2396661383640657e-67
eakf_model1,3.9143656082774234e-19
eakf_model2,1.1869298275018182e-12
eakf_model3,0.9999999999988132
