model_name,weigth
arima,1.8663862533272396e-140
eakf_model1,2.43847596687474e-12
eakf_model2,6.358715072230877e-16
eakf_model3,0.9999999999975608
