model_name,weigth
arima,0.0
eakf_model1,0.9999999755679799
eakf_model2,2.443202010529444e-08
eakf_model3,5.350238325923344e-99
sarima,0.0
