model_name,weigth
arima,8.242218041964458e-116
eakf_model1,3.178025046213015e-13
eakf_model2,1.6062201325287563e-12
eakf_model3,0.999999999998076
