model_name,weigth
arima,8.968967382598983e-71
eakf_model1,0.999999999991648
eakf_model2,1.8089287253861346e-23
eakf_model3,8.351885988264694e-12
