model_name,weigth
arima,0.0
eakf_model1,0.9999999999321889
eakf_model2,9.013514996889862e-20
eakf_model3,6.781103056913915e-11
