model_name,weigth
arima,0.0
eakf_model1,0.9999999999843697
eakf_model2,1.562874119328585e-11
eakf_model3,1.5294713477618321e-15
