model_name,weigth
arima,0.0
eakf_model1,6.855299872381746e-10
eakf_model2,1.1376101311522435e-143
eakf_model3,0.9999999993144699
