model_name,weigth
arima,4e-323
eakf_model1,0.9999999984068801
eakf_model2,1.5931197780855428e-09
eakf_model3,1.0616626883060049e-115
sarima,5.454282945853202e-252
