model_name,weigth
arima,1.2222887348532496e-82
eakf_model1,2.0005602445257325e-11
eakf_model2,0.9999999999799944
eakf_model3,3.571855708324045e-20
sarima,6.0444141455817e-68
