model_name,weigth
arima,8.745984422887512e-181
eakf_model1,0.9999999996946873
eakf_model2,1.2804907331600153e-52
eakf_model3,3.0531268088969804e-10
