model_name,weigth
arima,3.540857770075667e-151
eakf_model1,1.9753804788828676e-10
eakf_model2,0.999999999802462
eakf_model3,2.0438190893673732e-42
