model_name,weigth
arima,2e-323
eakf_model1,1.8130425743591602e-09
eakf_model2,0.9999999981869574
eakf_model3,5.133842471043792e-31
sarima,2e-323
