model_name,weigth
arima,0.0
eakf_model1,0.9999999997807814
eakf_model2,7.294248403410036e-31
eakf_model3,2.1921857034210674e-10
sarima,4.140348037862589e-239
