model_name,weigth
arima,1.9303600515819965e-12
eakf_model1,0.9999999999980695
eakf_model2,7.58373574968662e-24
eakf_model3,1.2489168035782557e-17
