model_name,weigth
arima,8.426640987268664e-164
eakf_model1,0.99999999956219
eakf_model2,8.948476077316815e-66
eakf_model3,4.3781001582946986e-10
sarima,7.851805681049138e-130
