model_name,weigth
arima,2e-323
eakf_model1,0.9999999970445999
eakf_model2,2.6914532340076357e-162
eakf_model3,2.9554001371376e-09
sarima,2e-323
