model_name,weigth
arima,7.855369100435747e-14
eakf_model1,0.9999999999994169
eakf_model2,3.08724179836122e-13
eakf_model3,1.9585851877791905e-13
