model_name,weigth
arima,1.7565019055950015e-12
eakf_model1,0.9999999999982434
eakf_model2,3.017288023969766e-27
eakf_model3,2.5705669052112775e-19
