model_name,weigth
arima,1.3377828287903198e-194
eakf_model1,0.9999999999391765
eakf_model2,2.97886971350504e-16
eakf_model3,6.082310984052441e-11
sarima,1.2388272817023184e-112
