model_name,weigth
arima,4.0705386445784225e-89
eakf_model1,1.338962395946486e-25
eakf_model2,4.267587155997754e-12
eakf_model3,0.9999999999957324
