model_name,weigth
arima,1e-323
eakf_model1,5.461485507343999e-10
eakf_model2,3.208562016958955e-18
eakf_model3,0.9999999994538514
