model_name,weigth
arima,2.504932597231446e-170
eakf_model1,2.84706435380236e-10
eakf_model2,2.0384135415511667e-19
eakf_model3,0.9999999997152935
