model_name,weigth
arima,1.1913159724381405e-104
eakf_model1,0.9999999999595306
eakf_model2,1.489323463225337e-17
eakf_model3,4.046936358984559e-11
sarima,7.982545858591806e-77
