model_name,weigth
arima,1.123249791474644e-73
eakf_model1,0.9999999999884583
eakf_model2,1.1541671233496861e-11
eakf_model3,7.161996540321096e-33
