model_name,weigth
arima,1.9155917186874295e-165
eakf_model1,3.0659930156605906e-10
eakf_model2,9.496663169573673e-57
eakf_model3,0.9999999996934007
sarima,5.1349376449703793e-132
