model_name,weigth
arima,2.2651486347931148e-12
eakf_model1,0.9999999999977349
eakf_model2,2.0396143548887e-30
eakf_model3,8.567124473536147e-20
