model_name,weigth
arima,1.1468436823151421e-91
eakf_model1,1.6244641878842334e-11
eakf_model2,0.9999999999837554
eakf_model3,7.357170356086661e-21
