model_name,weigth
arima,3.0178992324081783e-16
eakf_model1,0.9999999999995834
eakf_model2,1.1013059878093326e-18
eakf_model3,4.1619876651267635e-13
