model_name,weigth
arima,1e-323
eakf_model1,1.1526903254441139e-09
eakf_model2,7.421553288809046e-70
eakf_model3,0.9999999988473096
