model_name,weigth
arima,1.424193959274465e-12
eakf_model1,0.9999999999985758
eakf_model2,2.3398348230789033e-23
eakf_model3,1.0381685507896494e-19
