model_name,weigth
arima,0.0
eakf_model1,2e-323
eakf_model2,8.387875121913624e-09
eakf_model3,0.9999999916121248
