model_name,weigth
arima,2.314606684460735e-155
eakf_model1,0.9999999999696348
eakf_model2,1.6773611407805449e-22
eakf_model3,3.036522358163127e-11
