model_name,weigth
arima,1e-323
eakf_model1,4.6440070490000116e-10
eakf_model2,0.9999999995355993
eakf_model3,3.545990924622447e-20
