model_name,weigth
arima,1.8454399075784573e-102
eakf_model1,3.023375328699426e-19
eakf_model2,6.188281019501845e-12
eakf_model3,0.9999999999938117
