model_name,weigth
arima,3.6725935447799358e-16
eakf_model1,0.9999999999996455
eakf_model2,2.87990855177677e-18
eakf_model3,3.5416536159317583e-13
