model_name,weigth
arima,0.0
eakf_model1,2.509126778589808e-36
eakf_model2,1.3920527292950178e-10
eakf_model3,0.9999999998607947
sarima,4.105688263051019e-272
