model_name,weigth
arima,8.36002816362281e-139
eakf_model1,1.286446436508316e-26
eakf_model2,2.1370319214233784e-11
eakf_model3,0.9999999999786298
sarima,8.043400471512291e-82
