model_name,weigth
arima,2e-323
eakf_model1,1.9785910499742258e-10
eakf_model2,0.9999999998021409
eakf_model3,1.0713455829396297e-52
sarima,2.0293420577e-313
