model_name,weigth
arima,2.624823472266111e-22
eakf_model1,0.9999999999981337
eakf_model2,1.7130908946965762e-18
eakf_model3,1.8663510142863662e-12
