model_name,weigth
arima,1e-323
eakf_model1,0.9999999997506634
eakf_model2,3.9826120287616083e-14
eakf_model3,2.4929673467925854e-10
