model_name,weigth
arima,2e-323
eakf_model1,0.999999999690568
eakf_model2,8.306070523039635e-13
eakf_model3,3.0860147223934344e-10
sarima,2e-323
