model_name,weigth
arima,7.914071405329974e-187
eakf_model1,4.489035363023845e-11
eakf_model2,0.9999999999551097
eakf_model3,5.4313920306755634e-30
