model_name,weigth
arima,0.0
eakf_model1,2.0146614953943418e-105
eakf_model2,0.9999999995189991
eakf_model3,4.810008712611671e-10
sarima,2e-323
