model_name,weigth
arima,1.5123265922175515e-30
eakf_model1,0.9999999999986382
eakf_model2,1.0912729456158626e-21
eakf_model3,1.36179050158253e-12
