model_name,weigth
arima,1e-323
eakf_model1,0.9999999994767883
eakf_model2,2.723835813534191e-22
eakf_model3,5.232117025861705e-10
