model_name,weigth
arima,6.212314481623762e-90
eakf_model1,4.549324395940492e-12
eakf_model2,6.694653409593008e-19
eakf_model3,0.9999999999954508
