model_name,weigth
arima,1.0170858105961557e-167
eakf_model1,0.9999999998703651
eakf_model2,1.2963486349356835e-10
eakf_model3,5.1308315460801345e-20
sarima,1.0039113091404606e-166
