model_name,weigth
arima,3.015325419646935e-172
eakf_model1,6.159340570896272e-37
eakf_model2,0.9999999999878773
eakf_model3,1.2122692144528763e-11
