model_name,weigth
arima,3.5152150501663466e-257
eakf_model1,1.7282896901731778e-10
eakf_model2,0.9999999998271709
eakf_model3,1.5104347117417827e-18
