model_name,weigth
arima,1.7126409257275393e-50
eakf_model1,1.9011698429118166e-12
eakf_model2,5.1836231346629405e-17
eakf_model3,0.9999999999980987
sarima,2.2626083220357648e-45
