model_name,weigth
arima,1e-323
eakf_model1,2.5972907157116587e-123
eakf_model2,1.5106212704104954e-09
eakf_model3,0.9999999984893787
sarima,5.731365841812602e-128
