model_name,weigth
arima,1.817665265492029e-265
eakf_model1,4.3927319922642236e-10
eakf_model2,2.172579333601977e-26
eakf_model3,0.9999999995607267
sarima,3.7146272548613285e-241
