model_name,weigth
arima,3.0472980280953884e-112
eakf_model1,6.445783225396634e-12
eakf_model2,1.125002031629841e-38
eakf_model3,0.9999999999935543
