model_name,weigth
arima,5.779372609782579e-214
eakf_model1,4.687489651130643e-36
eakf_model2,0.9999999999414362
eakf_model3,5.856391607825332e-11
