model_name,weigth
arima,1.0692207967262544e-139
eakf_model1,5.239007249546227e-11
eakf_model2,2.6261540404558612e-12
eakf_model3,0.9999999999449838
