model_name,weigth
arima,5.2913970297459874e-86
eakf_model1,3.215739684478853e-29
eakf_model2,8.16908298904842e-14
eakf_model3,0.9999999999827323
sarima,1.7186127558469286e-11
