model_name,weigth
arima,0.0
eakf_model1,1.8120067025942344e-44
eakf_model2,0.9999999999240908
eakf_model3,7.590917124554907e-11
