model_name,weigth
arima,2.4243559437380752e-88
eakf_model1,2.8989113789552664e-11
eakf_model2,3.0560852903334406e-19
eakf_model3,0.999999999971011
