model_name,weigth
arima,0.0
eakf_model1,2.30775681511955e-47
eakf_model2,0.9999999999525824
eakf_model3,4.741764103617615e-11
