model_name,weigth
arima,1.2132628757361428e-50
eakf_model1,3.085496921708871e-20
eakf_model2,2.6709753254254064e-12
eakf_model3,0.999999999997329
