model_name,weigth
arima,1.6340393413292835e-53
eakf_model1,4.933919488293211e-16
eakf_model2,0.9999999999973086
eakf_model3,2.690877368315871e-12
