model_name,weigth
arima,1.0090074e-316
eakf_model1,2.570563115826624e-50
eakf_model2,0.9999999999579826
eakf_model3,4.201739188807362e-11
