model_name,weigth
arima,0.0
eakf_model1,1.1009497646700557e-39
eakf_model2,0.9999999999661329
eakf_model3,3.38671947838366e-11
