model_name,weigth
arima,2.5441164452531165e-128
eakf_model1,7.066332064404005e-39
eakf_model2,0.9999999999741479
eakf_model3,2.5852144601965905e-11
