model_name,weigth
arima,1.9625798170967686e-252
eakf_model1,6.708300642634862e-55
eakf_model2,1.2199752732346259e-10
eakf_model3,0.9999999998780025
