model_name,weigth
arima,1e-323
eakf_model1,0.9999999994842703
eakf_model2,5.157297844650294e-10
eakf_model3,4.072790481884896e-28
