model_name,weigth
arima,1.4733e-320
eakf_model1,2.8309323360364835e-63
eakf_model2,1.602277332698935e-10
eakf_model3,0.9999999998397722
