model_name,weigth
arima,1.885051892235672e-40
eakf_model1,2.6599099473483313e-12
eakf_model2,2.5120794655507238e-14
eakf_model3,0.999999999997315
sarima,7.137718914960758e-25
