model_name,weigth
arima,2e-323
eakf_model1,0.9999999993915234
eakf_model2,3.0605700932431932e-87
eakf_model3,6.084764960859537e-10
sarima,1.0234243003450633e-298
