model_name,weigth
arima,4.19816003e-316
eakf_model1,0.9999999997477911
eakf_model2,4.99579209071006e-49
eakf_model3,2.522089690289873e-10
