model_name,weigth
arima,1.543834437550746e-30
eakf_model1,7.848736621264078e-13
eakf_model2,1.2442754551781558e-13
eakf_model3,0.9999999999990907
