model_name,weigth
arima,1.972961181307958e-106
eakf_model1,2.1153987895455752e-11
eakf_model2,6.070191322542803e-20
eakf_model3,0.999999999978846
sarima,2.4469995689929272e-58
