model_name,weigth
arima,1e-323
eakf_model1,7.936786257690635e-48
eakf_model2,2.7898912698285157e-10
eakf_model3,0.999999999721011
