model_name,weigth
arima,1.707426755532384e-293
eakf_model1,4.6142809553604713e-10
eakf_model2,4.415831692212224e-15
eakf_model3,0.9999999995385676
sarima,3.9441742146037736e-230
