model_name,weigth
arima,1.6027631421932786e-131
eakf_model1,1.6559126357585964e-36
eakf_model2,3.5937249801162864e-11
eakf_model3,0.9999999999640627
