model_name,weigth
arima,6.841462224988804e-85
eakf_model1,3.371969721215589e-11
eakf_model2,0.9999999999662803
eakf_model3,1.5012493473580252e-58
