model_name,weigth
arima,6.965074570938889e-282
eakf_model1,4.3959199958532404e-122
eakf_model2,0.9999999998821163
eakf_model3,1.1788361305299606e-10
