model_name,weigth
arima,3.5707731261912834e-166
eakf_model1,7.579308726010658e-54
eakf_model2,9.190705624553006e-11
eakf_model3,0.999999999908093
