model_name,weigth
arima,1.1526946338649067e-60
eakf_model1,0.9999999999788671
eakf_model2,2.1132782227577955e-11
eakf_model3,1.3553631930825102e-23
