model_name,weigth
arima,2.9966740884329116e-82
eakf_model1,2.935961004935333e-29
eakf_model2,0.9999999999818404
eakf_model3,1.8159587309477295e-11
sarima,2.5027747190637793e-20
