model_name,weigth
arima,9.385942880958752e-103
eakf_model1,1.370625609171112e-10
eakf_model2,0.9999999998629374
eakf_model3,4.045176597966653e-83
