model_name,weigth
arima,6.5326407456969045e-87
eakf_model1,5.6588848399700563e-11
eakf_model2,0.9999999999434112
eakf_model3,3.233152452634388e-44
