model_name,weigth
arima,1.9665975385908963e-53
eakf_model1,1.5649941815346854e-11
eakf_model2,0.9999999999843501
eakf_model3,7.846329231660281e-28
