model_name,weigth
arima,2.7599656690765855e-102
eakf_model1,0.9999999998949126
eakf_model2,1.050874129110811e-10
eakf_model3,8.96496351678645e-51
sarima,1.2444433941944731e-105
