model_name,weigth
arima,2.4028461408861164e-255
eakf_model1,1.7865307083441588e-49
eakf_model2,1.0661600413702614e-10
eakf_model3,0.999999999893384
