model_name,weigth
arima,2e-323
eakf_model1,2.200182690271363e-223
eakf_model2,0.9999999995079896
eakf_model3,4.920105075602264e-10
sarima,2.2090644072101153e-76
