model_name,weigth
arima,2.2592163799352682e-72
eakf_model1,3.8578891305176044e-11
eakf_model2,0.9999999999614211
eakf_model3,1.3183516586358034e-31
sarima,1.3695890038589729e-75
