model_name,weigth
arima,2e-323
eakf_model1,2e-323
eakf_model2,1.6415426752007453e-09
eakf_model3,0.9999999983584573
sarima,3.614724465178556e-189
