model_name,weigth
arima,3.218152994295594e-111
eakf_model1,7.804189819690641e-11
eakf_model2,0.9999999999219581
eakf_model3,2.89380392643505e-44
