model_name,weigth
arima,1.1731666003295845e-55
eakf_model1,3.551833113637282e-11
eakf_model2,0.9999999999644816
eakf_model3,7.71206995169997e-86
