model_name,weigth
arima,3.235398517061e-62
eakf_model1,3.01874658877149e-19
eakf_model2,0.9999999999648455
eakf_model3,3.5154483049273714e-11
sarima,1.7514819487537488e-49
