model_name,weigth
arima,5.867741016388427e-69
eakf_model1,1.8684012738272442e-11
eakf_model2,0.999999999981316
eakf_model3,3.3992965288102246e-33
