model_name,weigth
arima,7.074986638099495e-61
eakf_model1,1.917510631387525e-11
eakf_model2,0.9999999999808249
eakf_model3,1.3034718230737972e-17
