model_name,weigth
arima,1.0282608642011377e-64
eakf_model1,5.870527877547952e-80
eakf_model2,9.41518660171186e-12
eakf_model3,0.9999999999905849
