model_name,weigth
arima,1.8558077037238542e-131
eakf_model1,2.69421339013919e-10
eakf_model2,0.9999999997305786
eakf_model3,1.6414979257724247e-59
