model_name,weigth
arima,2.424872608264933e-44
eakf_model1,3.7655014834316034e-11
eakf_model2,0.999999999962345
eakf_model3,1.0205401103437797e-59
