model_name,weigth
arima,1e-323
eakf_model1,3.984535577610889e-09
eakf_model2,0.9999999960154644
eakf_model3,7.78131200117e-311
