model_name,weigth
arima,7.718118710040504e-34
eakf_model1,1.976878572184705e-11
eakf_model2,0.9999999999802311
eakf_model3,2.9234767781180934e-25
