model_name,weigth
arima,2e-323
eakf_model1,2e-323
eakf_model2,7.4e-323
eakf_model3,0.5223310769734193
sarima,0.4776689230265807
