model_name,weigth
arima,1.6397484043625878e-48
eakf_model1,0.9999999999841895
eakf_model2,1.5810476216595662e-11
eakf_model3,1.3108615620157952e-35
sarima,1.34606470341641e-43
