model_name,weigth
arima,1.5542714752088754e-30
eakf_model1,2.6612397662955605e-11
eakf_model2,0.9999999999733875
eakf_model3,9.728806057064438e-38
