model_name,weigth
arima,3.213870080568333e-42
eakf_model1,1.0912844685369058e-32
eakf_model2,4.813537270272139e-24
eakf_model3,8.707705863806042e-12
sarima,0.9999999999912924
