model_name,weigth
arima,3.1581944707561353e-133
eakf_model1,1.7995159810998042e-10
eakf_model2,0.9999999998200484
eakf_model3,3.163692977902283e-93
