model_name,weigth
arima,5.004802547321916e-31
eakf_model1,0.9999999999960167
eakf_model2,3.983181771624779e-12
eakf_model3,5.5393548971885773e-17
