model_name,weigth
arima,2.034191211863039e-64
eakf_model1,3.773868612833831e-78
eakf_model2,1.3123169405870858e-11
eakf_model3,0.9999999999868769
