model_name,weigth
arima,3.07671047323376e-83
eakf_model1,6.341010324433719e-11
eakf_model2,0.9999999999365898
eakf_model3,4.9309224715633323e-57
