model_name,weigth
arima,3.798579621013605e-248
eakf_model1,7.496375519966123e-10
eakf_model2,0.9999999992503625
eakf_model3,1.3640900014990972e-129
