model_name,weigth
arima,5.6519294948309175e-46
eakf_model1,1.8925000936828032e-11
eakf_model2,0.9999999999810749
eakf_model3,1.0022406290510619e-19
