model_name,weigth
arima,1.1406087581948298e-115
eakf_model1,2.0924421247787397e-10
eakf_model2,0.9999999997907557
eakf_model3,2.5523235890347694e-48
