model_name,weigth
arima,7.663625716679756e-100
eakf_model1,0.9999999997276652
eakf_model2,2.7233482408463937e-10
eakf_model3,1.8163504463176854e-52
sarima,9.7695550725219e-121
