model_name,weigth
arima,4.4730298932538276e-51
eakf_model1,5.013196130505959e-101
eakf_model2,1.1837444421812847e-10
eakf_model3,0.9999999998816256
