model_name,weigth
arima,8.11368190746979e-65
eakf_model1,0.9999999999189003
eakf_model2,4.747801236612177e-15
eakf_model3,8.10949952207724e-11
sarima,9.571003960705857e-69
