model_name,weigth
arima,3.857974653991369e-79
eakf_model1,5.127574890022294e-11
eakf_model2,0.9999999999487242
eakf_model3,6.054648151999717e-78
