model_name,weigth
arima,6.563977264085725e-27
eakf_model1,9.71164988253977e-41
eakf_model2,1.4152105121388966e-11
eakf_model3,0.9999999999858479
