model_name,weigth
arima,1.8240795636333783e-42
eakf_model1,1.6282953391917256e-31
eakf_model2,3.368990295448361e-12
eakf_model3,0.9999999999966309
sarima,1.1205575715526444e-41
