model_name,weigth
arima,6.308407043903849e-41
eakf_model1,0.999999999969671
eakf_model2,6.059831295071055e-18
eakf_model3,3.032900119354108e-11
