model_name,weigth
arima,2.406371769785026e-31
eakf_model1,3.205081771894845e-23
eakf_model2,8.454789490503696e-13
eakf_model3,0.9999999999991545
