model_name,weigth
arima,4e-323
eakf_model1,3.867925510237976e-185
eakf_model2,2.6022839096151083e-08
eakf_model3,0.999999973977161
sarima,4e-323
