model_name,weigth
arima,2.0203778728319866e-17
eakf_model1,2.2350623037555754e-11
eakf_model2,0.9999999999776493
eakf_model3,5.472095666990644e-33
