model_name,weigth
arima,2e-323
eakf_model1,0.9999998932754868
eakf_model2,2.47e-322
eakf_model3,1.0672451323813372e-07
