model_name,weigth
arima,1.0606650787454973e-138
eakf_model1,1.586374343649777e-10
eakf_model2,0.9999999998413626
eakf_model3,3.167833978770666e-91
