model_name,weigth
arima,5.881194721857197e-28
eakf_model1,1.2063611819251667e-11
eakf_model2,0.9999999999879363
eakf_model3,1.5276053638593667e-20
