model_name,weigth
arima,2.9356971928914465e-21
eakf_model1,3.178570786457388e-11
eakf_model2,0.9999999999682143
eakf_model3,7.285142183283979e-37
