model_name,weigth
arima,1.2606122097603306e-36
eakf_model1,6.918182827815216e-16
eakf_model2,5.936042155436519e-12
eakf_model3,0.9999999999940633
sarima,1.8139011284134937e-42
