model_name,weigth
arima,4.5846582282769754e-11
eakf_model1,1.2034908510365982e-83
eakf_model2,2.160826266533262e-27
eakf_model3,0.9999999999541533
