model_name,weigth
arima,2.9176661298087214e-51
eakf_model1,2.2100310301795642e-11
eakf_model2,0.9999999999778997
eakf_model3,1.3975007023034577e-46
