model_name,weigth
arima,9.483434648691652e-38
eakf_model1,1.5473555896971492e-11
eakf_model2,0.9999999999845264
eakf_model3,3.2516265972474413e-55
