model_name,weigth
arima,1.6859613365238733e-131
eakf_model1,0.9999999998408038
eakf_model2,1.5919631215770087e-10
eakf_model3,7.799809336361364e-89
