model_name,weigth
arima,4.455646807955968e-63
eakf_model1,3.065448517754587e-11
eakf_model2,0.9999999999693455
eakf_model3,1.3061188662630691e-28
