model_name,weigth
arima,2.888604650881364e-31
eakf_model1,8.456369809111416e-93
eakf_model2,6.526235491466148e-11
eakf_model3,0.9999999999347378
