model_name,weigth
arima,0.9999999998277846
eakf_model1,2.981972670509076e-68
eakf_model2,4.896895643327154e-59
eakf_model3,1.722153674325662e-10
