model_name,weigth
arima,1.7676628445772376e-82
eakf_model1,0.9999999999028251
eakf_model2,9.7174843045223e-11
eakf_model3,1.0507945978379913e-44
