model_name,weigth
arima,5.725912511495308e-76
eakf_model1,1.5240476409154777e-11
eakf_model2,0.9999999999847595
eakf_model3,7.329806927380754e-27
