model_name,weigth
arima,6.178470167023899e-23
eakf_model1,9.498936954143223e-13
eakf_model2,1.2643799459188287e-12
eakf_model3,0.9999999999977858
