model_name,weigth
arima,3.7688433431531095e-09
eakf_model1,2e-323
eakf_model2,1.692929999634674e-120
eakf_model3,0.9999999962311567
