model_name,weigth
arima,0.9999999999718774
eakf_model1,8.493070182931659e-27
eakf_model2,9.763429629379518e-19
eakf_model3,2.812269276320826e-11
sarima,5.822344855150635e-22
