model_name,weigth
arima,8.097146152948242e-21
eakf_model1,1.3436332586269073e-11
eakf_model2,0.9999999999865007
eakf_model3,6.285582417014361e-14
sarima,5.7755037534289094e-18
