model_name,weigth
arima,1.6234263149976103e-22
eakf_model1,1.3637355309812474e-18
eakf_model2,1.464520624803166e-11
eakf_model3,0.9999999999853548
