model_name,weigth
arima,7.590741906707836e-22
eakf_model1,7.762067060433689e-19
eakf_model2,0.9999999999772196
eakf_model3,2.2780505999280077e-11
sarima,5.235618485229541e-23
