model_name,weigth
arima,0.02129340647174329
eakf_model1,2e-323
eakf_model2,1.5383948512624112e-42
eakf_model3,2.37e-322
sarima,0.9787065935282566
