model_name,weigth
arima,4.080619544402079e-12
eakf_model1,8.105368017327855e-93
eakf_model2,3.7582350558870287e-11
eakf_model3,0.999999999958337
