model_name,weigth
arima,1.5265135301533069e-40
eakf_model1,8.497711164282054e-34
eakf_model2,0.9999999999076403
eakf_model3,9.235970692099472e-11
