model_name,weigth
arima,4.231715847837194e-11
eakf_model1,2.6104261671320795e-66
eakf_model2,1.672124105044338e-27
eakf_model3,0.999999999957683
sarima,2.276858502373529e-34
