model_name,weigth
arima,5.796939456563548e-20
eakf_model1,4.551156244036942e-34
eakf_model2,2.2779224716633354e-12
eakf_model3,2.9521269331800433e-14
sarima,0.9999999999976925
