model_name,weigth
arima,1.8976521094781716e-12
eakf_model1,8.67634935590179e-12
eakf_model2,3.4514268559056715e-40
eakf_model3,1.6953141012341762e-18
sarima,0.999999999989426
