model_name,weigth
arima,1e-323
eakf_model1,3.5113189588983817e-10
eakf_model2,0.9999999996488682
eakf_model3,9.719039657044607e-32
