model_name,weigth
arima,3.539128519366635e-169
eakf_model1,7.679673409949817e-11
eakf_model2,1.8303172903695332e-22
eakf_model3,0.9999999999232033
