model_name,weigth
arima,2.2100238120244807e-38
eakf_model1,0.9999999999644495
eakf_model2,5.7737276370217016e-33
eakf_model3,3.555052154868227e-11
sarima,5.5568032292921095e-27
