model_name,weigth
arima,1e-322
eakf_model1,3e-323
eakf_model2,8.563760333370221e-08
eakf_model3,0.9999999143623967
