model_name,weigth
arima,0.3569477681791175
eakf_model1,4.791823231077204e-33
eakf_model2,4.537154818308326e-76
eakf_model3,0.6430522318208826
