model_name,weigth
arima,1.825818955605364e-115
eakf_model1,0.9999999999383355
eakf_model2,6.166450052697196e-11
eakf_model3,2.367514648950911e-26
sarima,1.0079356941894092e-39
