model_name,weigth
arima,1.1617184722095892e-282
eakf_model1,3.0462333062616745e-11
eakf_model2,1.297323162688065e-10
eakf_model3,0.9999999998398053
