model_name,weigth
arima,2e-323
eakf_model1,8.711001657628357e-10
eakf_model2,0.9999999991288998
eakf_model3,5.112324814951026e-31
sarima,2e-323
