model_name,weigth
arima,2e-323
eakf_model1,5.899362586561938e-114
eakf_model2,1.1119959722682982e-07
eakf_model3,0.9999998888004028
sarima,2e-323
