model_name,weigth
arima,1e-323
eakf_model1,1.3256846651018652e-11
eakf_model2,3.6901136364379694e-10
eakf_model3,0.9999999996177318
