model_name,weigth
arima,2.361157157727428e-13
eakf_model1,1.9785287113089486e-27
eakf_model2,0.9999999999155142
eakf_model3,8.424953996372243e-11
