model_name,weigth
arima,3.44744212046478e-222
eakf_model1,1.0963135223222914e-10
eakf_model2,0.9999999998903686
eakf_model3,8.970052529103551e-17
sarima,1.4999553712786057e-134
