model_name,weigth
arima,3.682429141244641e-161
eakf_model1,1.1381001038558225e-76
eakf_model2,2.0950077856158214e-10
eakf_model3,0.9999999997904992
