model_name,weigth
arima,2e-323
eakf_model1,0.9999999984715925
eakf_model2,1.528404324277785e-09
eakf_model3,3.19987634728032e-15
sarima,1.744575518061885e-212
