model_name,weigth
arima,5.609587550859092e-13
eakf_model1,0.9999999999170768
eakf_model2,8.236237339021109e-11
eakf_model3,2.983453313938846e-31
