model_name,weigth
arima,2.47100168680358e-12
eakf_model1,1.3727646670906472e-28
eakf_model2,8.181325078276676e-25
eakf_model3,1.933577381702753e-14
sarima,0.9999999999975097
