model_name,weigth
arima,1e-323
eakf_model1,8.612031467258207e-10
eakf_model2,2.906278691094017e-32
eakf_model3,0.9999999991387969
