model_name,weigth
arima,1.1922489587944019e-11
eakf_model1,4.071565815411552e-34
eakf_model2,0.9999999999879141
eakf_model3,1.632942346575729e-13
