model_name,weigth
arima,1e-323
eakf_model1,0.9999999630208768
eakf_model2,4.971272747639229e-130
eakf_model3,3.697912314197464e-08
