model_name,weigth
arima,1.0592158537099644e-41
eakf_model1,3.3865767074995812e-15
eakf_model2,4.076311570504045e-12
eakf_model3,0.9999999999719722
sarima,2.3948231684813625e-11
