model_name,weigth
arima,1.2433986369620502e-120
eakf_model1,8.513511921033107e-54
eakf_model2,3.6563038787383483e-11
eakf_model3,0.9999999999634369
