model_name,weigth
arima,4.89917186643086e-15
eakf_model1,5.2463172762571366e-14
eakf_model2,0.9999999999841636
eakf_model3,1.5779109670655405e-11
