model_name,weigth
arima,7.20739962534434e-34
eakf_model1,2.815560357803973e-12
eakf_model2,1.7122180515127122e-12
eakf_model3,0.9999999999954723
sarima,2.2425274316621533e-29
