model_name,weigth
arima,3.996823841283541e-61
eakf_model1,2.167606048706809e-11
eakf_model2,9.804957293702971e-16
eakf_model3,0.9999999999783229
