model_name,weigth
arima,0.9999999999621578
eakf_model1,5.251633274706443e-19
eakf_model2,3.784226503490533e-11
eakf_model3,5.453744186046825e-34
