model_name,weigth
arima,1.1649802042444388e-93
eakf_model1,8.902432612515535e-55
eakf_model2,0.9999999999314214
eakf_model3,6.857863073010411e-11
