model_name,weigth
arima,1.216021912301459e-38
eakf_model1,3.7126850406209205e-12
eakf_model2,2.9427220661371283e-12
eakf_model3,0.9999999999933447
sarima,4.556361376819074e-39
