model_name,weigth
arima,2.033221529448371e-140
eakf_model1,0.9999999992217481
eakf_model2,3.470266438411316e-46
eakf_model3,7.782518156785363e-10
sarima,2.971052246359894e-89
