model_name,weigth
arima,2.8140605481806846e-257
eakf_model1,1.6563628010961727e-60
eakf_model2,4.780850977338751e-10
eakf_model3,0.9999999995219149
sarima,2.8398622873907137e-280
