model_name,weigth
arima,1.4510389808082576e-209
eakf_model1,5.812094693002732e-10
eakf_model2,0.9999999994187905
eakf_model3,2.1969628730990924e-136
