model_name,weigth
arima,2.4500536460456123e-86
eakf_model1,1.2980856570864948e-50
eakf_model2,2.4490071294214146e-11
eakf_model3,0.9999999999755099
