model_name,weigth
arima,4.1430707925864177e-104
eakf_model1,5.948036215517084e-11
eakf_model2,0.9999999999405139
eakf_model3,5.705927739968859e-15
