model_name,weigth
arima,5.0223685887303355e-73
eakf_model1,2.6778488113438874e-15
eakf_model2,4.323214950199662e-11
eakf_model3,0.9999999999567653
sarima,2.4639037713182646e-71
