model_name,weigth
arima,2e-323
eakf_model1,0.1987297211933396
eakf_model2,4.543421492555047e-71
eakf_model3,0.8012702788066604
sarima,2e-323
