model_name,weigth
arima,5.271756912367196e-27
eakf_model1,2.4020709668452066e-23
eakf_model2,0.9999999999912065
eakf_model3,1.3796086811770024e-18
sarima,8.793463891115246e-12
