model_name,weigth
arima,2.2959347659671608e-104
eakf_model1,1.7357070418257534e-44
eakf_model2,2.1317222390961695e-53
eakf_model3,0.9999999999257314
sarima,7.426857487464534e-11
