model_name,weigth
arima,2.737184677783515e-27
eakf_model1,9.540380717367815e-13
eakf_model2,0.999999999999046
eakf_model3,4.1476109834952134e-22
sarima,3.312125520674008e-45
