model_name,weigth
arima,9.159724821079904e-49
eakf_model1,1.4108025747735097e-17
eakf_model2,1.0258773882321616e-11
eakf_model3,0.9999999999897413
sarima,6.0128893429357886e-21
