model_name,weigth
arima,1.0855292255606408e-100
eakf_model1,5.081549786565407e-25
eakf_model2,1.9807838892836616e-24
eakf_model3,1.9668737777288978e-12
sarima,0.9999999999980331
