model_name,weigth
arima,6.3120585383164136e-205
eakf_model1,6.091960053501214e-12
eakf_model2,0.9999999999919685
eakf_model3,1.939510217944859e-12
sarima,2.258758393874136e-145
