model_name,weigth
arima,0.0
eakf_model1,4.119561005911474e-24
eakf_model2,4.31342135734032e-10
eakf_model3,0.9999999995686578
sarima,0.0
