model_name,weigth
arima,2.4820207695942994e-141
eakf_model1,0.9999999998859173
eakf_model2,5.3263988941720746e-45
eakf_model3,1.1408266780237841e-10
sarima,1.7971881387961851e-237
