model_name,weigth
arima,2.1222464790739604e-114
eakf_model1,0.9999999999853564
eakf_model2,4.7436063414668025e-23
eakf_model3,1.4643570753731385e-11
sarima,6.6580315745902545e-108
