model_name,weigth
arima,1.7269423878894062e-221
eakf_model1,5.120161340745685e-10
eakf_model2,2.222270290329253e-151
eakf_model3,0.9999999994879838
sarima,5e-324
