model_name,weigth
arima,3e-323
eakf_model1,0.9999999778529349
eakf_model2,2e-323
eakf_model3,2.214706504327832e-08
sarima,5e-324
