model_name,weigth
arima,0.0
eakf_model1,0.9999999996213369
eakf_model2,3.7537475220843656e-10
eakf_model3,3.288307648642266e-12
sarima,0.0
