model_name,weigth
arima,0.4999999999675516
eakf_model1,6.488103234827293e-11
eakf_model2,8.769801416496697e-68
eakf_model3,1.5665140954483403e-14
sarima,0.4999999999675516
