model_name,weigth
arima,4.898947186834002e-194
eakf_model1,0.9999999999346046
eakf_model2,2.1640233047103346e-20
eakf_model3,6.539537745257826e-11
sarima,5.367994107864902e-187
