model_name,weigth
arima,1.3246483493714424e-230
eakf_model1,1.448578490242705e-10
eakf_model2,1.538786809423804e-63
eakf_model3,0.9999999998551422
sarima,1.3246483493714424e-230
