model_name,weigth
arima,0.0
eakf_model1,0.9999999998821689
eakf_model2,7.81532587868643e-33
eakf_model3,1.1783102514407083e-10
sarima,0.0
