model_name,weigth
arima,0.0
eakf_model1,3.630916743405294e-10
eakf_model2,4.130594003673301e-37
eakf_model3,0.9999999996369082
sarima,2e-323
