model_name,weigth
arima,3.363109318069055e-217
eakf_model1,1.905577821623537e-11
eakf_model2,5.235245396460072e-13
eakf_model3,0.9999999999804208
sarima,4.1470098671071183e-227
