model_name,weigth
arima,7.313065117349196e-243
eakf_model1,0.9999999998604024
eakf_model2,3.097859279568614e-99
eakf_model3,1.3959755198674551e-10
sarima,7.313065117349196e-243
