model_name,weigth
arima,3e-323
eakf_model1,6.121932012458083e-10
eakf_model2,1.5707711432440178e-57
eakf_model3,0.9999999993878068
sarima,3e-323
