model_name,weigth
arima,0.0
eakf_model1,0.9999999959814573
eakf_model2,3.5309485391407906e-158
eakf_model3,4.018542662138705e-09
sarima,0.0
