model_name,weigth
arima,1.6917870870228517e-106
eakf_model1,0.9999999999406375
eakf_model2,4.233642832722835e-104
eakf_model3,5.93625265194357e-11
sarima,0.0
