model_name,weigth
arima,1.606720360795179e-153
eakf_model1,0.9999999999668538
eakf_model2,1.3852473670837177e-24
eakf_model3,3.314606207084526e-11
sarima,9.981644395550541e-174
