model_name,weigth
arima,2e-323
eakf_model1,2.1717729085189022e-10
eakf_model2,3.3652538273300904e-42
eakf_model3,0.9999999997828226
sarima,0.0
