model_name,weigth
arima,4.048880462498111e-98
eakf_model1,5.7722265927763944e-11
eakf_model2,3.8738657653853183e-23
eakf_model3,0.9999999999422777
sarima,1.3208645107959145e-72
