model_name,weigth
arima,8.662556070512739e-265
eakf_model1,0.9999999999528524
eakf_model2,7.973042937536298e-61
eakf_model3,4.7147557732087495e-11
sarima,3.560519238483436e-291
