model_name,weigth
arima,6.963270948062448e-200
eakf_model1,0.9999999999775542
eakf_model2,2.2445840933252328e-11
eakf_model3,1.3948572901876902e-29
sarima,1.1807466866957994e-182
