model_name,weigth
arima,1.4447422774410047e-179
eakf_model1,2.3151102869685873e-16
eakf_model2,1.3750397112861582e-11
eakf_model3,0.9999999999862494
sarima,2.3385848241844865e-181
