model_name,weigth
arima,2e-323
eakf_model1,0.9999999974248435
eakf_model2,3.788236860917581e-150
eakf_model3,2.5751565497916723e-09
sarima,3e-323
