model_name,weigth
arima,1.6503918405895033e-48
eakf_model1,4.8191589701273586e-12
eakf_model2,3.114409873179517e-17
eakf_model3,0.9999999999951807
sarima,1.8460116472393048e-36
