model_name,weigth
arima,7.4e-323
eakf_model1,0.9999999999626848
eakf_model2,3.7315173338485155e-11
eakf_model3,5.221405714065964e-35
sarima,2.7901312430681723e-299
