model_name,weigth
arima,0.0
eakf_model1,4.396823629015933e-11
eakf_model2,0.9999999999560317
eakf_model3,1.5898942981610166e-19
sarima,0.0
