model_name,weigth
arima,7.927575952577001e-97
eakf_model1,0.999999996817832
eakf_model2,1.0220901777137973e-281
eakf_model3,3.1821679142998705e-09
sarima,4.206140195976271e-42
