model_name,weigth
arima,6.487825432835769e-154
eakf_model1,0.999999999952606
eakf_model2,3.210444152027987e-30
eakf_model3,4.739398059164852e-11
sarima,3.7097603568637896e-126
