model_name,weigth
arima,2.2721310025016132e-135
eakf_model1,5.695073099703765e-11
eakf_model2,0.9999999999430492
eakf_model3,2.415986921995759e-38
sarima,1.6646137753304025e-122
