model_name,weigth
arima,4.528878900469306e-140
eakf_model1,2.805919537456908e-11
eakf_model2,2.258915020355671e-36
eakf_model3,0.9999999999719409
sarima,9.581639407779136e-112
