model_name,weigth
arima,1.7751884072085835e-141
eakf_model1,0.999999999904313
eakf_model2,2.113441723858888e-71
eakf_model3,9.568697206214736e-11
sarima,4.5011945393012815e-125
