model_name,weigth
arima,0.0
eakf_model1,0.9999999998659452
eakf_model2,6.3823677766496956e-52
eakf_model3,1.340548399813474e-10
sarima,2.8960258870807137e-245
