model_name,weigth
arima,2.206039158103226e-151
eakf_model1,1.8786576342670757e-11
eakf_model2,0.9999999999811392
eakf_model3,7.427223276299929e-14
sarima,3.0170221239627395e-117
