model_name,weigth
arima,1.247966352551009e-97
eakf_model1,1.9238547254611015e-12
eakf_model2,9.942855521544942e-12
eakf_model3,0.9999999999881333
sarima,4.920888385740209e-69
