model_name,weigth
arima,0.0
eakf_model1,2.8001700301582065e-142
eakf_model2,0.9999999974922705
eakf_model3,2.5077294166016057e-09
sarima,0.0
