model_name,weigth
arima,2.1328173598407415e-70
eakf_model1,4.88863677403861e-12
eakf_model2,1.5471882082712216e-19
eakf_model3,0.9999999999951114
sarima,8.620888796521044e-53
