model_name,weigth
arima,1.986173742805284e-52
eakf_model1,0.9999999999963585
eakf_model2,2.891646288658798e-13
eakf_model3,3.352413104259516e-12
sarima,4.137159762010696e-53
