model_name,weigth
arima,8.124816072773912e-167
eakf_model1,3.286485446002988e-11
eakf_model2,6.004622793859811e-17
eakf_model3,0.9999999999671351
sarima,9.682238044828736e-156
