model_name,weigth
arima,9.455922985203017e-88
eakf_model1,1.0080259975351435e-11
eakf_model2,2.7378700356133148e-27
eakf_model3,0.9999999999899198
sarima,1.7575709016673233e-87
