model_name,weigth
arima,2e-323
eakf_model1,2e-323
eakf_model2,3.5e-323
eakf_model3,4.470106244760135e-09
sarima,0.9999999955298938
