model_name,weigth
arima,1.1524110191482922e-25
eakf_model1,0.9999999999939964
eakf_model2,3.099331660673041e-22
eakf_model3,6.00354955442125e-12
sarima,6.651424297139671e-18
