model_name,weigth
arima,6.988291722310146e-47
eakf_model1,1.2384135342166467e-20
eakf_model2,4.652129081543209e-11
eakf_model3,0.9999999999534788
sarima,4.218607975847394e-65
