model_name,weigth
arima,2.361533531787219e-22
eakf_model1,3.0488486442947556e-14
eakf_model2,1.951091625317721e-12
eakf_model3,0.9999999999980184
sarima,3.988463714543462e-18
