model_name,weigth
arima,2.3507579580214978e-272
eakf_model1,0.9999999992722108
eakf_model2,3.5375134881297534e-44
eakf_model3,7.277891262677016e-10
sarima,5.2838019729018364e-179
