model_name,weigth
arima,2.793655300348665e-122
eakf_model1,2.901810579663288e-35
eakf_model2,4.887152162561139e-11
eakf_model3,0.9999999999511285
sarima,4.439224693935156e-118
