model_name,weigth
arima,8.329652198524863e-62
eakf_model1,0.999999999993588
eakf_model2,5.919028617626116e-20
eakf_model3,6.412044963846583e-12
sarima,3.4902990199468724e-44
