model_name,weigth
arima,1.891040398942738e-144
eakf_model1,3.0840356950419424e-79
eakf_model2,0.9999999999608005
eakf_model3,3.919952362383716e-11
sarima,1.128592853890297e-38
