model_name,weigth
arima,3.354573253344801e-62
eakf_model1,0.9999999999951753
eakf_model2,4.446584586628445e-12
eakf_model3,3.782184014143554e-13
sarima,1.8306150598361448e-54
