model_name,weigth
arima,0.0
eakf_model1,0.9999999998162784
eakf_model2,1.8372162447981394e-10
eakf_model3,7.526725736507624e-41
sarima,4.620680219623537e-202
