model_name,weigth
arima,1.3977601998953552e-20
eakf_model1,0.9999999999989968
eakf_model2,7.007377632679695e-14
eakf_model3,9.301853242573609e-13
sarima,2.8944146247015427e-15
