model_name,weigth
arima,4.817913647917638e-24
eakf_model1,0.9999999999985911
eakf_model2,6.344970640041025e-14
eakf_model3,1.3454375849300694e-12
sarima,4.245189444044085e-21
