model_name,weigth
arima,6.652356096162773e-38
eakf_model1,0.999999999990869
eakf_model2,6.605602735324549e-14
eakf_model3,9.065046860057916e-12
sarima,8.477769310347496e-42
