model_name,weigth
arima,1.5211210454720409e-77
eakf_model1,1.7136440869710508e-108
eakf_model2,3.579532601794155e-25
eakf_model3,7.365372733336103e-12
sarima,0.9999999999926347
