model_name,weigth
arima,1.7339714571600527e-14
eakf_model1,2.024407782544409e-23
eakf_model2,1.974261957186913e-14
eakf_model3,0.9999999999977074
sarima,2.25562208208834e-12
