model_name,weigth
arima,2.360384735963633e-30
eakf_model1,0.999999999992538
eakf_model2,7.462025205124323e-12
eakf_model3,7.620883175315634e-20
sarima,6.585403939560106e-41
