model_name,weigth
arima,1.5464814074657215e-55
eakf_model1,0.9999999999946547
eakf_model2,5.345177358362375e-12
eakf_model3,8.218885897019325e-22
sarima,1.2475094046127819e-51
