model_name,weigth
arima,2.365148965839257e-22
eakf_model1,0.9999999999956684
eakf_model2,4.3316838227623825e-12
eakf_model3,4.486223235102474e-19
sarima,1.2677994289770354e-22
