model_name,weigth
arima,3.7348648773002026e-99
eakf_model1,3.1422599945321436e-56
eakf_model2,6.503512868472801e-11
eakf_model3,0.9999999999349648
sarima,3.081515352557705e-87
