model_name,weigth
arima,9.40602822428236e-65
eakf_model1,2.2441954674971745e-12
eakf_model2,8.130989811573754e-12
eakf_model3,0.9999999999896249
sarima,2.6665953131460526e-125
