model_name,weigth
arima,0.9999999973613285
eakf_model1,6.671874149417143e-42
eakf_model2,1.1031487816513758e-32
eakf_model3,2.6386714532409664e-09
sarima,2.312232134963609e-125
