model_name,weigth
arima,2.2183063192983497e-302
eakf_model1,0.9999999993095988
eakf_model2,1.2451382257131634e-25
eakf_model3,6.904011562725246e-10
sarima,1.7328202687407477e-186
