model_name,weigth
arima,2.053433584493791e-35
eakf_model1,2.6882203698383435e-11
eakf_model2,0.999999999609364
eakf_model3,3.63753733993768e-10
sarima,2.4538088841284825e-61
