model_name,weigth
arima,1.033437283323526e-12
eakf_model1,1.7057125226841627e-20
eakf_model2,1.6682814665807102e-32
eakf_model3,2.866062036428958e-23
sarima,0.9999999999989666
