model_name,weigth
arima,2.3468945190616446e-12
eakf_model1,6.279404935616656e-33
eakf_model2,1.611789412969341e-21
eakf_model3,3.0892960552009213e-22
sarima,0.9999999999976532
