model_name,weigth
arima,2.9950881467984068e-12
eakf_model1,0.999999999997004
eakf_model2,6.360942371833462e-20
eakf_model3,7.487406246762466e-26
sarima,9.66166216634732e-16
