model_name,weigth
arima,5.020216096645902e-12
eakf_model1,2.0718202503187228e-23
eakf_model2,9.268832366059188e-41
eakf_model3,1.4963580340651006e-25
sarima,0.9999999999949798
