model_name,weigth
arima,1.9176510651382337e-70
eakf_model1,1.780133178409457e-11
eakf_model2,1.294801406078972e-14
eakf_model3,0.9999999999821858
sarima,4.546518664574867e-44
