model_name,weigth
arima,0.9999999997822215
eakf_model1,7.072153932135e-278
eakf_model2,1.2763663621724561e-189
eakf_model3,4.91361912834066e-224
sarima,2.177783785198253e-10
