model_name,weigth
arima,1.1399948267085491e-33
eakf_model1,0.9999999999891291
eakf_model2,3.365638356754095e-12
eakf_model3,7.505371665824641e-12
sarima,1.4578765666292646e-75
