model_name,weigth
arima,0.537036572741583
eakf_model1,0.4629634271656755
eakf_model2,8.901906729781799e-22
eakf_model3,8.910126103388601e-11
sarima,3.6401390243256104e-12
