model_name,weigth
arima,0.9999999999128089
eakf_model1,2.0329952216821435e-45
eakf_model2,8.719109486727895e-11
eakf_model3,4.864482232915852e-31
sarima,2.707732830788583e-18
