model_name,weigth
arima,3.337848898804118e-59
eakf_model1,1.0156971927793981e-10
eakf_model2,2.9849026029648254e-32
eakf_model3,0.9999999998984304
sarima,4.535518638627494e-18
