model_name,weigth
arima,0.9999999999581453
eakf_model1,3.5329905416239256e-18
eakf_model2,5.174166139587247e-57
eakf_model3,3.2358600148959304e-22
sarima,4.185484803862566e-11
