model_name,weigth
arima,2.6540397830225728e-45
eakf_model1,1.8300718892584824e-19
eakf_model2,1.2805561675937115e-11
eakf_model3,0.9999999999871944
sarima,4.113381743507877e-33
