model_name,weigth
arima,2.756117897137175e-102
eakf_model1,4.050344250640661e-18
eakf_model2,0.9999999999646706
eakf_model3,3.53293380263463e-11
sarima,1.12432351874721e-78
