model_name,weigth
arima,8.669381128609086e-114
eakf_model1,2.953877368035903e-44
eakf_model2,1.0917316808092894e-10
eakf_model3,0.9999999998908269
sarima,2.640139877540053e-41
