model_name,weigth
arima,2e-323
eakf_model1,8.854361713990706e-260
eakf_model2,2.9694559489566475e-09
eakf_model3,0.9999999970305441
sarima,2e-323
