model_name,weigth
arima,2.0687089500768794e-248
eakf_model1,5.44846790148517e-11
eakf_model2,2.608772936280445e-79
eakf_model3,0.9999999999455155
