model_name,weigth
arima,0.0
eakf_model1,0.9999999983353827
eakf_model2,5.970556656157309e-281
eakf_model3,1.664617443303738e-09
