model_name,weigth
arima,0.0
eakf_model1,2.371629614523991e-10
eakf_model2,1.3902202617590362e-116
eakf_model3,0.9999999997628373
sarima,1.879717337432635e-127
