model_name,weigth
arima,1.9149025642730206e-150
eakf_model1,0.999999999945303
eakf_model2,3.904023601474777e-59
eakf_model3,5.469711054615673e-11
sarima,2.072445690725642e-84
