model_name,weigth
arima,3.722753030455281e-214
eakf_model1,0.9999999999582183
eakf_model2,1.3897044169940793e-59
eakf_model3,4.1781629896798246e-11
