model_name,weigth
arima,1.90037096403e-313
eakf_model1,0.999999999900889
eakf_model2,6.325402401905251e-116
eakf_model3,9.9111183547213e-11
