model_name,weigth
arima,1.9808536745943112e-221
eakf_model1,5.70618057598046e-11
eakf_model2,4.328889767116278e-65
eakf_model3,0.9999999999429381
