model_name,weigth
arima,1.9963977232618184e-243
eakf_model1,9.677532189811275e-11
eakf_model2,8.951257798496663e-64
eakf_model3,0.9999999999032247
