model_name,weigth
arima,0.0
eakf_model1,0.5130141258910151
eakf_model2,1.6401232469225647e-164
eakf_model3,0.4869858741089848
