model_name,weigth
arima,0.0
eakf_model1,0.999999998797827
eakf_model2,8.889658250219921e-102
eakf_model3,1.2021731385502265e-09
sarima,3.66673578517e-312
