model_name,weigth
arima,2.5727194371931576e-173
eakf_model1,6.661791988293726e-11
eakf_model2,1.3692925939754287e-50
eakf_model3,0.9999999999333823
