model_name,weigth
arima,1.3019194966175947e-209
eakf_model1,7.248950682759728e-11
eakf_model2,1.844693680946034e-56
eakf_model3,0.9999999999275104
