model_name,weigth
arima,0.0
eakf_model1,0.618820128185939
eakf_model2,7.537716160541615e-242
eakf_model3,0.3811798718140607
