model_name,weigth
arima,2.556353897299754e-199
eakf_model1,5.932795569563309e-11
eakf_model2,8.877835921223257e-58
eakf_model3,0.9999999999406722
