model_name,weigth
arima,2.619287248560025e-282
eakf_model1,1.457495770065358e-10
eakf_model2,2.4068451868468246e-74
eakf_model3,0.9999999998542505
sarima,3.9980870902655115e-143
