model_name,weigth
arima,5.6216606087365634e-219
eakf_model1,8.723601336917561e-11
eakf_model2,1.2675654443910098e-64
eakf_model3,0.9999999999127639
