model_name,weigth
arima,0.0
eakf_model1,0.9999999996375193
eakf_model2,2.5033649018508577e-66
eakf_model3,3.624808808651738e-10
sarima,9.43494808036164e-310
