model_name,weigth
arima,2.7933672771771278e-173
eakf_model1,3.2456808576649715e-11
eakf_model2,9.955164596707969e-53
eakf_model3,0.9999999999675432
