model_name,weigth
arima,8.787118673058669e-308
eakf_model1,0.9999999996788351
eakf_model2,8.519716101102026e-66
eakf_model3,3.211647920919533e-10
sarima,8.096875548371246e-249
