model_name,weigth
arima,0.0
eakf_model1,0.6822650922892566
eakf_model2,2.3218090698095997e-263
eakf_model3,0.3177349077107435
