model_name,weigth
arima,0.0
eakf_model1,0.22598130483090156
eakf_model2,1.1e-322
eakf_model3,0.7740186951690983
sarima,5e-323
