model_name,weigth
arima,0.0
eakf_model1,0.9999999996730241
eakf_model2,1.969843383756948e-62
eakf_model3,3.269756663290931e-10
sarima,1.4262222183e-314
