model_name,weigth
arima,0.0
eakf_model1,3.657425701965207e-10
eakf_model2,6.53765423645843e-84
eakf_model3,0.9999999996342573
