model_name,weigth
arima,6.772379039427444e-192
eakf_model1,7.683953290402444e-11
eakf_model2,3.150934186229621e-55
eakf_model3,0.9999999999231607
