model_name,weigth
arima,8.562056682704074e-176
eakf_model1,8.238703297946289e-11
eakf_model2,1.493932993250275e-51
eakf_model3,0.9999999999176133
