model_name,weigth
arima,0.0
eakf_model1,0.999999999598869
eakf_model2,1.1217254712568463e-63
eakf_model3,4.0113131078365983e-10
sarima,0.0
