model_name,weigth
arima,0.0
eakf_model1,0.8048896727944813
eakf_model2,2e-322
eakf_model3,0.1951103272055182
