model_name,weigth
arima,0.0
eakf_model1,0.40069884262584954
eakf_model2,2.0208059801964423e-281
eakf_model3,0.5993011573741504
