model_name,weigth
arima,5.610255309234199e-297
eakf_model1,0.9999999999019543
eakf_model2,1.3008023049548229e-49
eakf_model3,9.804595506136452e-11
