model_name,weigth
arima,0.0
eakf_model1,0.999999999725842
eakf_model2,4.254726572790703e-78
eakf_model3,2.7415811917944625e-10
