model_name,weigth
arima,1.3808234288001166e-202
eakf_model1,0.9999999999612464
eakf_model2,4.768927711308318e-31
eakf_model3,3.875344002569258e-11
