model_name,weigth
arima,1.0274280190752602e-254
eakf_model1,0.9999999999315843
eakf_model2,1.5581978811962636e-41
eakf_model3,6.841565750644206e-11
