model_name,weigth
arima,0.0
eakf_model1,0.999999992583432
eakf_model2,2.1e-322
eakf_model3,7.416568071501009e-09
