model_name,weigth
arima,0.0
eakf_model1,0.9999999997016342
eakf_model2,4.2736604389025384e-54
eakf_model3,2.983660275698602e-10
sarima,0.0
