model_name,weigth
arima,0.0
eakf_model1,0.9999996803261196
eakf_model2,3.06e-322
eakf_model3,3.1967388046238655e-07
