model_name,weigth
arima,0.0
eakf_model1,0.9999999995744171
eakf_model2,9.233869965215466e-60
eakf_model3,4.2558285355714156e-10
sarima,0.0
