model_name,weigth
arima,0.0
eakf_model1,0.9999999998645336
eakf_model2,2.278774555722183e-57
eakf_model3,1.3546636138105456e-10
