model_name,weigth
arima,3.7595105362521445e-225
eakf_model1,0.9999999999494006
eakf_model2,3.835009220683399e-35
eakf_model3,5.0599671848560125e-11
