model_name,weigth
arima,0.0
eakf_model1,5.360593226546282e-10
eakf_model2,8.39313311701083e-117
eakf_model3,0.9999999994639408
