model_name,weigth
arima,0.0
eakf_model1,0.9999999997539479
eakf_model2,1.0528159974253187e-48
eakf_model3,2.4605206578254537e-10
sarima,0.0
