model_name,weigth
arima,0.0
eakf_model1,0.6804954012177407
eakf_model2,1.4494653532508483e-260
eakf_model3,0.31950459878225956
