model_name,weigth
arima,0.0
eakf_model1,1.0380724444161656e-07
eakf_model2,2.47e-322
eakf_model3,0.9999998961927556
