model_name,weigth
arima,0.0
eakf_model1,0.9999999997368997
eakf_model2,1.0188279106517299e-53
eakf_model3,2.6310054556554054e-10
sarima,0.0
