model_name,weigth
arima,0.0
eakf_model1,0.6503998576318811
eakf_model2,1.9372009698224302e-299
eakf_model3,0.34960014236811887
