model_name,weigth
arima,0.0
eakf_model1,0.9999999945916092
eakf_model2,1.860052197208357e-160
eakf_model3,5.408390838456045e-09
sarima,0.0
