model_name,weigth
arima,0.0
eakf_model1,0.9999999987173782
eakf_model2,9.636572652224091e-88
eakf_model3,1.282621712980146e-09
sarima,0.0
