model_name,weigth
arima,0.0
eakf_model1,9.579471740445362e-09
eakf_model2,5.2434479617656424e-260
eakf_model3,0.9999999904205279
