model_name,weigth
arima,1.1875774083460754e-146
eakf_model1,0.9999999999790223
eakf_model2,8.212941858448945e-24
eakf_model3,2.0977691355724618e-11
