model_name,weigth
arima,3.5464280277183357e-171
eakf_model1,0.99999999997231
eakf_model2,1.5034980464921219e-25
eakf_model3,2.7690090798947514e-11
