model_name,weigth
arima,2.3299079643981249e-156
eakf_model1,0.9999999999760225
eakf_model2,9.536632078432956e-25
eakf_model3,2.3977630383699465e-11
