model_name,weigth
arima,0.0
eakf_model1,0.999999998391652
eakf_model2,1.3825555267763564e-96
eakf_model3,1.6083479026979733e-09
sarima,0.0
