model_name,weigth
arima,0.0
eakf_model1,0.897530543528684
eakf_model2,3.16e-322
eakf_model3,0.10246945647131582
