model_name,weigth
arima,0.0
eakf_model1,3.135253272569893e-08
eakf_model2,3.16e-322
eakf_model3,0.999999968647467
