model_name,weigth
arima,4.235449185052279e-179
eakf_model1,0.9999999999715957
eakf_model2,2.449958284479817e-26
eakf_model3,2.8404192117875008e-11
