model_name,weigth
arima,0.0
eakf_model1,0.9999999972284069
eakf_model2,9.146836197204376e-119
eakf_model3,2.7715930853305107e-09
sarima,0.0
