model_name,weigth
arima,0.0
eakf_model1,0.9999999978439897
eakf_model2,2.015735683429501e-111
eakf_model3,2.1560106036663714e-09
sarima,0.0
