model_name,weigth
arima,0.0
eakf_model1,0.999999993532207
eakf_model2,2.3316084526150913e-180
eakf_model3,6.467792734872917e-09
sarima,0.0
