model_name,weigth
arima,0.0
eakf_model1,0.9999999990854584
eakf_model2,1.728165084884906e-76
eakf_model3,9.145414865121522e-10
sarima,0.0
