model_name,weigth
arima,0.0
eakf_model1,2.791660438671555e-07
eakf_model2,3.26e-322
eakf_model3,0.9999997208339558
