model_name,weigth
arima,1.0675832382913852e-152
eakf_model1,0.9999999999765787
eakf_model2,4.664290019634621e-25
eakf_model3,2.3421000637189398e-11
