model_name,weigth
arima,1.2249629927378567e-164
eakf_model1,0.9999999999732873
eakf_model2,9.751641153797755e-26
eakf_model3,2.671253826474757e-11
