model_name,weigth
arima,9.317626744188878e-149
eakf_model1,0.9999999999775282
eakf_model2,2.2758480482763148e-24
eakf_model3,2.247199820967202e-11
