model_name,weigth
arima,0.0
eakf_model1,0.9999999982497121
eakf_model2,1.4401825513577632e-83
eakf_model3,1.7502877531328472e-09
sarima,0.0
