model_name,weigth
arima,2.5916459993475743e-195
eakf_model1,0.9999999999684732
eakf_model2,3.339400921161906e-29
eakf_model3,3.152664208351714e-11
