model_name,weigth
arima,2.1952604788881123e-198
eakf_model1,0.9999999999672482
eakf_model2,1.2088523250714301e-29
eakf_model3,3.275213503345636e-11
