model_name,weigth
arima,4.0793913250520985e-187
eakf_model1,0.9999999999703941
eakf_model2,4.177212613533097e-28
eakf_model3,2.9605916325056606e-11
