model_name,weigth
arima,0.0
eakf_model1,0.9999999964524813
eakf_model2,1.816684836805022e-114
eakf_model3,3.5475187284847558e-09
sarima,0.0
