model_name,weigth
arima,0.0
eakf_model1,0.9999999968480314
eakf_model2,1.9456546574953688e-111
eakf_model3,3.151968385846657e-09
sarima,0.0
