model_name,weigth
arima,1.4280189233735923e-187
eakf_model1,0.9999999999697716
eakf_model2,2.028878390010029e-28
eakf_model3,3.0228547522456435e-11
