model_name,weigth
arima,0.0
eakf_model1,0.10136318796008267
eakf_model2,4.55e-322
eakf_model3,0.8986368120399173
