model_name,weigth
arima,5.432169261770464e-192
eakf_model1,0.9999999999684832
eakf_model2,7.192672660117065e-29
eakf_model3,3.151640978589493e-11
