model_name,weigth
arima,0.0
eakf_model1,7.54421309361449e-09
eakf_model2,5.228765029133388e-208
eakf_model3,0.9999999924557869
