model_name,weigth
arima,0.0
eakf_model1,0.999999997339776
eakf_model2,3.0703299348335486e-98
eakf_model3,2.6602240674559906e-09
sarima,0.0
