model_name,weigth
arima,0.0
eakf_model1,4.973567316979702e-06
eakf_model2,4.25e-322
eakf_model3,0.9999950264326828
