model_name,weigth
arima,0.0
eakf_model1,0.10736702510302716
eakf_model2,4.84e-322
eakf_model3,0.8926329748969727
