model_name,weigth
arima,0.0
eakf_model1,0.9999999952596429
eakf_model2,5.339061577859955e-128
eakf_model3,4.74035714431513e-09
sarima,0.0
