model_name,weigth
arima,0.0
eakf_model1,5.051415641695457e-07
eakf_model2,4.35e-322
eakf_model3,0.9999994948584358
