model_name,weigth
arima,0.0
eakf_model1,1.3891761313847782e-07
eakf_model2,5.24e-322
eakf_model3,0.9999998610823865
