model_name,weigth
arima,3.534345522511619e-185
eakf_model1,0.9999999999711021
eakf_model2,6.301003298082943e-28
eakf_model3,2.8897982207449127e-11
