model_name,weigth
arima,0.0
eakf_model1,0.9999999926277952
eakf_model2,1.0809476154660653e-157
eakf_model3,7.372204701757404e-09
sarima,0.0
