model_name,weigth
arima,0.0
eakf_model1,0.9999999987845716
eakf_model2,3.683634030461246e-71
eakf_model3,1.2154287152875945e-09
sarima,0.0
