model_name,weigth
arima,4.1312530733129795e-218
eakf_model1,0.9999999999604461
eakf_model2,2.354511843963663e-30
eakf_model3,3.955354659839246e-11
