model_name,weigth
arima,9.001736514318703e-188
eakf_model1,0.9999999999763566
eakf_model2,7.592635837618622e-23
eakf_model3,2.3643717194250412e-11
