model_name,weigth
arima,0.0
eakf_model1,0.9999999987005822
eakf_model2,1.5934712447281348e-99
eakf_model3,1.2994177899723876e-09
