model_name,weigth
arima,0.0
eakf_model1,0.4932269722061357
eakf_model2,7.085102431088498e-124
eakf_model3,0.5067730277938646
