model_name,weigth
arima,0.0
eakf_model1,6.898211504072762e-07
eakf_model2,5.93e-322
eakf_model3,0.9999993101788492
