model_name,weigth
arima,0.0
eakf_model1,0.9999999966008479
eakf_model2,1.0631697810301606e-114
eakf_model3,3.399152238721226e-09
sarima,0.0
