model_name,weigth
arima,0.0
eakf_model1,0.9999999944310831
eakf_model2,6.229202726696029e-173
eakf_model3,5.568917002334051e-09
