model_name,weigth
arima,0.0
eakf_model1,0.9999999983071854
eakf_model2,6.2676568359182824e-105
eakf_model3,1.6928142279282371e-09
