model_name,weigth
arima,0.0
eakf_model1,0.99999999652248
eakf_model2,1.2462655177293692e-114
eakf_model3,3.4775200719008585e-09
sarima,0.0
