model_name,weigth
arima,0.0
eakf_model1,5.091676745662827e-09
eakf_model2,2.385102624092917e-180
eakf_model3,0.999999994908323
