model_name,weigth
arima,0.0
eakf_model1,0.9999998909934814
eakf_model2,8.9e-322
eakf_model3,1.0900651848552154e-07
