model_name,weigth
arima,0.0
eakf_model1,0.9999999955639953
eakf_model2,2.2291385624690246e-131
eakf_model3,4.436004473864724e-09
sarima,0.0
