model_name,weigth
arima,0.0
eakf_model1,6.505955669368982e-09
eakf_model2,1.97870333458857e-201
eakf_model3,0.999999993494044
