model_name,weigth
arima,0.0
eakf_model1,0.9999999996942237
eakf_model2,3.440099609862484e-40
eakf_model3,3.057763838086023e-10
sarima,0.0
