model_name,weigth
arima,5.644188344816816e-279
eakf_model1,0.9999999999451091
eakf_model2,1.401688028442243e-30
eakf_model3,5.4890978416055795e-11
