model_name,weigth
arima,3.706301931186553e-187
eakf_model1,0.9999999999764619
eakf_model2,4.8818295522246986e-23
eakf_model3,2.3538078232520928e-11
