model_name,weigth
arima,1.595511827806344e-213
eakf_model1,0.9999999999700842
eakf_model2,4.832572886921483e-25
eakf_model3,2.991598959982992e-11
