model_name,weigth
arima,2.832434760861305e-227
eakf_model1,0.9999999999596613
eakf_model2,3.2603654053127814e-30
eakf_model3,4.033834066555688e-11
