model_name,weigth
arima,0.0
eakf_model1,0.9999999997311447
eakf_model2,1.5948741684086893e-41
eakf_model3,2.6885538621679386e-10
sarima,0.0
