model_name,weigth
arima,7.093596466252897e-225
eakf_model1,0.9999999999585882
eakf_model2,2.2395191410397874e-27
eakf_model3,4.14117288730078e-11
