model_name,weigth
arima,1.0880071053836445e-304
eakf_model1,0.9999999999276712
eakf_model2,1.714951206946152e-31
eakf_model3,7.232922915939006e-11
