model_name,weigth
arima,4.256784135612382e-181
eakf_model1,0.9999999999717846
eakf_model2,1.5668159904345396e-25
eakf_model3,2.8215212701463764e-11
