model_name,weigth
arima,0.0
eakf_model1,0.9999999995950979
eakf_model2,3.653782532331897e-55
eakf_model3,4.049020559859482e-10
