model_name,weigth
arima,0.0
eakf_model1,0.9999999997680517
eakf_model2,1.4473193441524788e-36
eakf_model3,2.31948498002313e-10
sarima,0.0
