model_name,weigth
arima,0.0
eakf_model1,0.9999999995632337
eakf_model2,4.055311369255525e-55
eakf_model3,4.3676649782674306e-10
