model_name,weigth
arima,1.2768391834881794e-144
eakf_model1,0.9999999999817962
eakf_model2,3.7529744139690404e-23
eakf_model3,1.8203934717088445e-11
