model_name,weigth
arima,0.0
eakf_model1,0.9999999997328871
eakf_model2,3.754293955819092e-40
eakf_model3,2.671129548697002e-10
sarima,0.0
