model_name,weigth
arima,0.0
eakf_model1,0.9999999998926515
eakf_model2,1.4628560331248954e-37
eakf_model3,1.073489971742409e-10
