model_name,weigth
arima,1.457809351884923e-268
eakf_model1,0.999999999944179
eakf_model2,1.3589483199007813e-29
eakf_model3,5.5820647681070466e-11
