model_name,weigth
arima,0.0
eakf_model1,0.9999999991649654
eakf_model2,2.0749394874284096e-78
eakf_model3,8.350348582970771e-10
