model_name,weigth
arima,0.0
eakf_model1,0.9999999988479387
eakf_model2,2.364118706180658e-93
eakf_model3,1.1520615215304514e-09
