model_name,weigth
arima,0.0
eakf_model1,0.9999999995863049
eakf_model2,4.584486208518436e-55
eakf_model3,4.136953525713499e-10
