model_name,weigth
arima,3.4548829339704693e-248
eakf_model1,0.9999999999520252
eakf_model2,7.851949676602594e-29
eakf_model3,4.7975038382561324e-11
