model_name,weigth
arima,0.0
eakf_model1,0.9999999997529094
eakf_model2,8.17354951959476e-38
eakf_model3,2.47090539228286e-10
sarima,0.0
