model_name,weigth
arima,0.0
eakf_model1,0.9999999997694062
eakf_model2,2.6006217931189054e-36
eakf_model3,2.3059364322528232e-10
sarima,0.0
