model_name,weigth
arima,1.9208484501888265e-155
eakf_model1,0.9999999999785704
eakf_model2,6.460419343749685e-24
eakf_model3,2.1429607456949682e-11
