model_name,weigth
arima,0.0
eakf_model1,0.9999999996736625
eakf_model2,5.156216188819801e-36
eakf_model3,3.263374083566996e-10
sarima,0.0
