model_name,weigth
arima,0.0
eakf_model1,0.9999999997666419
eakf_model2,3.072377062864369e-36
eakf_model3,2.3335803440020854e-10
sarima,0.0
