model_name,weigth
arima,0.0
eakf_model1,0.9999999996425133
eakf_model2,1.67303628786582e-47
eakf_model3,3.5748699187303015e-10
