model_name,weigth
arima,0.0
eakf_model1,0.9999999996263891
eakf_model2,6.754865169584982e-48
eakf_model3,3.7361044071784405e-10
