model_name,weigth
arima,1.7687835208429534e-123
eakf_model1,0.9999999999860459
eakf_model2,4.799749139595741e-23
eakf_model3,1.3954110413937824e-11
