model_name,weigth
arima,1.801431329143178e-117
eakf_model1,0.9999999999877013
eakf_model2,1.3784294388487954e-22
eakf_model3,1.2298947073277543e-11
