model_name,weigth
arima,8.983164349121885e-129
eakf_model1,0.9999999999846381
eakf_model2,3.6951029116422736e-23
eakf_model3,1.536187753378605e-11
