model_name,weigth
arima,0.0
eakf_model1,0.9999999984594884
eakf_model2,3.957799339104287e-86
eakf_model3,1.540511391975903e-09
