model_name,weigth
arima,0.0
eakf_model1,0.9999999998027461
eakf_model2,3.5854302275667504e-32
eakf_model3,1.9725389411523955e-10
sarima,1.68586604e-314
