model_name,weigth
arima,0.0
eakf_model1,0.9999999995517722
eakf_model2,8.187475690647999e-41
eakf_model3,4.482277581710712e-10
sarima,0.0
