model_name,weigth
arima,2.1124652726799847e-113
eakf_model1,0.9999999999886242
eakf_model2,2.110651317901929e-22
eakf_model3,1.1375581885007558e-11
