model_name,weigth
arima,0.0
eakf_model1,0.9999999997995879
eakf_model2,5.345714654977586e-32
eakf_model3,2.0041222076036112e-10
sarima,4.3955e-319
