model_name,weigth
arima,0.0
eakf_model1,0.9999999997331751
eakf_model2,2.205398279725839e-34
eakf_model3,2.6682466117586903e-10
sarima,0.0
