model_name,weigth
arima,0.0
eakf_model1,0.9999999988545643
eakf_model2,2.621089618303181e-72
eakf_model3,1.145435642354628e-09
