model_name,weigth
arima,5.6566957170100424e-108
eakf_model1,0.9999999999893597
eakf_model2,4.749802744034081e-22
eakf_model3,1.0640203642431232e-11
