model_name,weigth
arima,0.0
eakf_model1,0.9999999996369001
eakf_model2,1.9025268577668068e-48
eakf_model3,3.6309996935401246e-10
