model_name,weigth
arima,7.64874456847909e-123
eakf_model1,0.9999999999867022
eakf_model2,6.441369018624571e-23
eakf_model3,1.3297966514987076e-11
