model_name,weigth
arima,0.0
eakf_model1,0.9999999895946078
eakf_model2,2.0565313978668573e-195
eakf_model3,1.0405392056249917e-08
