model_name,weigth
arima,7.179294641756639e-158
eakf_model1,0.9999999999768572
eakf_model2,3.1603069345010796e-24
eakf_model3,2.3142799298132104e-11
