model_name,weigth
arima,9.970705622571848e-219
eakf_model1,0.9999999999511836
eakf_model2,8.578991717924192e-27
eakf_model3,4.8816614563392304e-11
