model_name,weigth
arima,2.620079981942482e-193
eakf_model1,0.9999999999639778
eakf_model2,2.486838441110336e-25
eakf_model3,3.602282603907813e-11
