model_name,weigth
arima,0.0
eakf_model1,0.999999998817201
eakf_model2,6.45743503585694e-63
eakf_model3,1.182798690663056e-09
sarima,0.0
