model_name,weigth
arima,0.0
eakf_model1,0.9980750331351947
eakf_model2,1.38e-321
eakf_model3,0.001924966864804917
