model_name,weigth
arima,0.0
eakf_model1,0.49694558852229453
eakf_model2,5.5968893367610075e-30
eakf_model3,0.5030544114777058
