model_name,weigth
arima,0.0
eakf_model1,0.99999999829592
eakf_model2,1.6863556013489132e-71
eakf_model3,1.7040800513106933e-09
sarima,0.0
