model_name,weigth
arima,2.4949066019139593e-203
eakf_model1,0.9999999999583888
eakf_model2,1.6386633519722713e-25
eakf_model3,4.1610955625020444e-11
