model_name,weigth
arima,3.622838530897678e-134
eakf_model1,0.9999999999834617
eakf_model2,2.5867625216806853e-23
eakf_model3,1.653853405462843e-11
