model_name,weigth
arima,0.0
eakf_model1,0.9999999945779305
eakf_model2,8.196945970626655e-105
eakf_model3,5.422069479659278e-09
sarima,0.0
