model_name,weigth
arima,0.0
eakf_model1,0.9999999666293273
eakf_model2,1.2513506756505833e-215
eakf_model3,3.3370672936238734e-08
sarima,0.0
