model_name,weigth
arima,0.0
eakf_model1,0.9999999771146132
eakf_model2,9.150113125226915e-261
eakf_model3,2.2885387029080355e-08
