model_name,weigth
arima,0.0
eakf_model1,0.9999999984839985
eakf_model2,6.746631029760425e-70
eakf_model3,1.5160018019613438e-09
sarima,0.0
