model_name,weigth
arima,0.0
eakf_model1,0.6409182290725246
eakf_model2,3.4917806649069686e-131
eakf_model3,0.3590817709274753
sarima,0.0
