model_name,weigth
arima,6.319066183069388e-244
eakf_model1,0.9999999999345948
eakf_model2,3.7905691932657252e-28
eakf_model3,6.540532458545234e-11
