model_name,weigth
arima,0.0
eakf_model1,0.6088672818164709
eakf_model2,8.748021980415727e-123
eakf_model3,0.39113271818352924
sarima,0.0
