model_name,weigth
arima,0.0
eakf_model1,4.273507182535936e-09
eakf_model2,9.46430612747072e-112
eakf_model3,0.9999999957264926
