model_name,weigth
arima,0.0
eakf_model1,1.0564312510361471e-08
eakf_model2,2.010798127287475e-166
eakf_model3,0.9999999894356876
