model_name,weigth
arima,2.0139033022696748e-238
eakf_model1,0.9999999999378202
eakf_model2,5.513227702921445e-28
eakf_model3,6.217982476202205e-11
