model_name,weigth
arima,0.0
eakf_model1,0.6095300443487279
eakf_model2,5.234588959170123e-124
eakf_model3,0.39046995565127207
sarima,0.0
