model_name,weigth
arima,0.0
eakf_model1,1.1388189958956413e-08
eakf_model2,2.061456305955897e-167
eakf_model3,0.9999999886118099
