model_name,weigth
arima,0.0
eakf_model1,0.45152754024990577
eakf_model2,1.886660512844374e-108
eakf_model3,0.5484724597500943
sarima,0.0
