model_name,weigth
arima,0.0
eakf_model1,0.0738216781239045
eakf_model2,1.67e-321
eakf_model3,0.9261783218760954
sarima,0.0
