model_name,weigth
arima,0.0
eakf_model1,0.9999999998049787
eakf_model2,4.638874299301508e-37
eakf_model3,1.9502101567992273e-10
