model_name,weigth
arima,0.0
eakf_model1,0.6285201135878025
eakf_model2,6.05912930632587e-132
eakf_model3,0.37147988641219776
sarima,0.0
