model_name,weigth
arima,0.0
eakf_model1,1.6099443674439734e-08
eakf_model2,2.0467207042966445e-194
eakf_model3,0.9999999839005557
