model_name,weigth
arima,4.4753960288092243e-302
eakf_model1,0.9999999998883099
eakf_model2,6.028462887852992e-32
eakf_model3,1.1168967920697316e-10
