model_name,weigth
arima,0.0
eakf_model1,0.699361834648103
eakf_model2,2.6833035685226305e-149
eakf_model3,0.3006381653518967
sarima,0.0
