model_name,weigth
arima,0.0
eakf_model1,5.000276704710793e-10
eakf_model2,5.164733267550652e-38
eakf_model3,0.9999999994999728
