model_name,weigth
arima,0.0
eakf_model1,1.3719747873352468e-08
eakf_model2,3.5650337468142887e-132
eakf_model3,0.9999999862802526
sarima,0.0
