model_name,weigth
arima,0.0
eakf_model1,0.9999999998382036
eakf_model2,1.4427832909190882e-31
eakf_model3,1.6179636828463546e-10
