model_name,weigth
arima,4.394593925463208e-236
eakf_model1,0.9999999999190041
eakf_model2,1.6467087910695794e-20
eakf_model3,8.09958138368639e-11
