model_name,weigth
arima,0.0
eakf_model1,3.292687452044945e-08
eakf_model2,2.6244644261657292e-182
eakf_model3,0.9999999670731256
sarima,0.0
