model_name,weigth
arima,0.0
eakf_model1,0.07047570252335097
eakf_model2,1.0987817815154912e-303
eakf_model3,0.9295242974766492
sarima,0.0
