model_name,weigth
arima,9.220252862517293e-304
eakf_model1,0.9999999998669342
eakf_model2,1.0482071075238024e-27
eakf_model3,1.3306591670654556e-10
