model_name,weigth
arima,0.0
eakf_model1,0.9999999998525301
eakf_model2,3.112852507131795e-30
eakf_model3,1.4746967232864473e-10
