model_name,weigth
arima,0.0
eakf_model1,8.2036998813351e-10
eakf_model2,5.994630265356774e-49
eakf_model3,0.9999999991796296
