model_name,weigth
arima,0.0
eakf_model1,1.015827931096412e-09
eakf_model2,3.969340388440135e-59
eakf_model3,0.9999999989841718
