model_name,weigth
arima,0.0
eakf_model1,7.46054828365227e-09
eakf_model2,2.1193607514357425e-106
eakf_model3,0.9999999925394515
sarima,0.0
