model_name,weigth
arima,0.0
eakf_model1,0.05850066194732576
eakf_model2,1.78e-321
eakf_model3,0.9414993380526742
sarima,0.0
