model_name,weigth
arima,1.1458944303e-313
eakf_model1,0.9999999998593221
eakf_model2,8.719946785834199e-29
eakf_model3,1.4067812286411988e-10
