model_name,weigth
arima,0.0
eakf_model1,3.100012989721219e-09
eakf_model2,6.03254465919132e-88
eakf_model3,0.9999999968999861
