model_name,weigth
arima,0.0
eakf_model1,6.369256244333703e-10
eakf_model2,1.8897451090838903e-43
eakf_model3,0.9999999993630746
