model_name,weigth
arima,0.0
eakf_model1,4.465481908413718e-09
eakf_model2,8.405091787942465e-76
eakf_model3,0.9999999955345176
sarima,0.0
