model_name,weigth
arima,0.0
eakf_model1,7.550963034364491e-09
eakf_model2,1.865968584534612e-109
eakf_model3,0.9999999924490373
sarima,0.0
