model_name,weigth
arima,0.0
eakf_model1,2.282508182452009e-09
eakf_model2,3.9261825693831284e-54
eakf_model3,0.9999999977174918
sarima,0.0
