model_name,weigth
arima,0.0
eakf_model1,1.0469119675662644e-09
eakf_model2,8.044696696416434e-61
eakf_model3,0.9999999989530881
