model_name,weigth
arima,0.0
eakf_model1,1.9487385969571147e-08
eakf_model2,8.5550973855351485e-137
eakf_model3,0.999999980512614
