model_name,weigth
arima,0.0
eakf_model1,6.08336178991658e-08
eakf_model2,1.90542155365081e-214
eakf_model3,0.9999999391663816
