model_name,weigth
arima,0.0
eakf_model1,0.39616514504666367
eakf_model2,2.197835217844004e-55
eakf_model3,0.6038348549533363
sarima,0.0
