model_name,weigth
arima,4.794130040725816e-200
eakf_model1,0.9999999999397051
eakf_model2,9.249218683265269e-17
eakf_model3,6.029424442639447e-11
