model_name,weigth
arima,0.0
eakf_model1,4.175156810788257e-10
eakf_model2,2.931338927420951e-28
eakf_model3,0.9999999995824845
