model_name,weigth
arima,0.0
eakf_model1,9.544282041271492e-10
eakf_model2,1.585197955563471e-45
eakf_model3,0.9999999990455717
