model_name,weigth
arima,0.0
eakf_model1,9.857082886132959e-09
eakf_model2,2.9469835261117183e-106
eakf_model3,0.9999999901429169
