model_name,weigth
arima,0.0
eakf_model1,2.1245910198634846e-09
eakf_model2,7.380360662278578e-51
eakf_model3,0.9999999978754089
sarima,0.0
