model_name,weigth
arima,0.0
eakf_model1,1.216474008144108e-09
eakf_model2,3.834432949780074e-49
eakf_model3,0.9999999987835261
