model_name,weigth
arima,0.0
eakf_model1,1.6481287447765853e-07
eakf_model2,1.877e-321
eakf_model3,0.9999998351871251
