model_name,weigth
arima,0.0
eakf_model1,7.273904911079126e-09
eakf_model2,6.278472158582324e-68
eakf_model3,0.9999999927260951
sarima,0.0
