model_name,weigth
arima,0.0
eakf_model1,3.5188453091325554e-07
eakf_model2,1.877e-321
eakf_model3,0.9999996481154689
