model_name,weigth
arima,0.0
eakf_model1,6.485080601465375e-10
eakf_model2,1.5953473870412342e-40
eakf_model3,0.9999999993514916
