model_name,weigth
arima,0.0
eakf_model1,3.836237343505442e-09
eakf_model2,2.4032693255155874e-62
eakf_model3,0.9999999961637627
sarima,0.0
