model_name,weigth
arima,0.0
eakf_model1,2.6545366121214625e-08
eakf_model2,3.2449065631243566e-128
eakf_model3,0.9999999734546339
sarima,0.0
