model_name,weigth
arima,6.558975800219662e-169
eakf_model1,0.9999999999535117
eakf_model2,1.3137601746584346e-13
eakf_model3,4.635709967529515e-11
