model_name,weigth
arima,1.304378773416899e-148
eakf_model1,0.999999999959746
eakf_model2,3.6181860928860477e-11
eakf_model3,4.071812051047803e-12
