model_name,weigth
arima,3.224938806019102e-166
eakf_model1,0.9999999999538911
eakf_model2,2.5863648945659475e-13
eakf_model3,4.5850298103870116e-11
