model_name,weigth
arima,0.0
eakf_model1,3.432237473156359e-10
eakf_model2,3.8976393842756754e-20
eakf_model3,0.9999999996567763
sarima,1.0370186778200416e-265
