model_name,weigth
arima,0.0
eakf_model1,2.770013141272213e-10
eakf_model2,2.588377324694045e-23
eakf_model3,0.9999999997229988
