model_name,weigth
arima,8.256526719469846e-152
eakf_model1,0.9999999999606718
eakf_model2,1.3378580203766805e-11
eakf_model3,2.594943619789968e-11
