model_name,weigth
arima,0.0
eakf_model1,2.1324511983495292e-10
eakf_model2,3.4140174845602323e-22
eakf_model3,0.9999999997867555
