model_name,weigth
arima,1.1486442239830099e-148
eakf_model1,0.9999999999607139
eakf_model2,2.6088734433529757e-11
eakf_model3,1.319739612931819e-11
