model_name,weigth
arima,0.0
eakf_model1,4.327122469762244e-10
eakf_model2,2.5182258406951503e-21
eakf_model3,0.9999999995672878
sarima,7.850699819364159e-293
