model_name,weigth
arima,0.0
eakf_model1,2.764228663008494e-10
eakf_model2,3.7277443466090485e-24
eakf_model3,0.9999999997235774
