model_name,weigth
arima,1.564509768902184e-148
eakf_model1,0.9999999999611879
eakf_model2,3.3041738998197624e-11
eakf_model3,5.770092012866335e-12
