model_name,weigth
arima,0.0
eakf_model1,4.724174278520896e-10
eakf_model2,9.781674878485928e-21
eakf_model3,0.9999999995275825
sarima,3.4507957355448096e-294
