model_name,weigth
arima,0.0
eakf_model1,3.3490122325775454e-10
eakf_model2,8.881592471553216e-20
eakf_model3,0.9999999996650987
sarima,4.8565702280048035e-261
