model_name,weigth
arima,1.1749563497548219e-162
eakf_model1,0.9999999999549775
eakf_model2,5.543753019575233e-13
eakf_model3,4.446806719523223e-11
