model_name,weigth
arima,0.0
eakf_model1,2.5109968703389794e-10
eakf_model2,1.9567226307602615e-22
eakf_model3,0.9999999997489
