model_name,weigth
arima,0.0
eakf_model1,2.535856781894395e-10
eakf_model2,1.270540697575508e-22
eakf_model3,0.9999999997464137
