model_name,weigth
arima,1.9439891252967964e-153
eakf_model1,0.9999999999594325
eakf_model2,7.735393973382943e-12
eakf_model3,3.2832727773143916e-11
