model_name,weigth
arima,0.0
eakf_model1,4.5201914956520936e-10
eakf_model2,7.420008184868153e-21
eakf_model3,0.9999999995479809
sarima,8.341608992508433e-295
