model_name,weigth
arima,0.0
eakf_model1,5.03380284973962e-10
eakf_model2,1.198808749181635e-21
eakf_model3,0.9999999994966199
sarima,4.2561773884944603e-306
