model_name,weigth
arima,0.0
eakf_model1,2.148696865441364e-10
eakf_model2,1.483845159855711e-22
eakf_model3,0.9999999997851307
