model_name,weigth
arima,0.0
eakf_model1,5.100124084167742e-10
eakf_model2,1.5754590079459275e-21
eakf_model3,0.9999999994899879
sarima,2.1759547449893686e-306
