model_name,weigth
arima,1.9598464669303014e-156
eakf_model1,0.9999999999574404
eakf_model2,4.136731196132579e-12
eakf_model3,3.8422749335626005e-11
