model_name,weigth
arima,0.0
eakf_model1,2.334205466297091e-10
eakf_model2,1.2463504818929107e-19
eakf_model3,0.999999999766579
