model_name,weigth
arima,8.632250839957321e-156
eakf_model1,0.9999999999499497
eakf_model2,5.003462506055634e-11
eakf_model3,1.5399058562521734e-14
