model_name,weigth
arima,3.7180711097453452e-230
eakf_model1,1.1191007339493227e-10
eakf_model2,4.2256596569036265e-14
eakf_model3,0.9999999998880472
