model_name,weigth
arima,8.904941889086894e-152
eakf_model1,0.9999999999548439
eakf_model2,4.494968735518231e-11
eakf_model3,2.0655105556551167e-13
