model_name,weigth
arima,3.308827090374089e-161
eakf_model1,0.9999999999462355
eakf_model2,5.376318298692061e-11
eakf_model3,1.8744206372817542e-15
