model_name,weigth
arima,0.0
eakf_model1,2.532850308668484e-10
eakf_model2,9.776367503581467e-20
eakf_model3,0.9999999997467153
