model_name,weigth
arima,2.287005e-318
eakf_model1,1.9161868288509182e-10
eakf_model2,5.486818218544667e-19
eakf_model3,0.9999999998083812
