model_name,weigth
arima,1.3268375238382597e-163
eakf_model1,0.9999999999446637
eakf_model2,5.533545481054932e-11
eakf_model3,1.0499896348316216e-15
