model_name,weigth
arima,1.1017481744193255e-152
eakf_model1,0.9999999999541508
eakf_model2,4.574390150549895e-11
eakf_model3,1.052349197470882e-13
