model_name,weigth
arima,0.0
eakf_model1,5.954995878223651e-10
eakf_model2,1.8379576299341056e-18
eakf_model3,0.9999999994045001
sarima,2.389450118393455e-308
