model_name,weigth
arima,6.447842329300132e-220
eakf_model1,1.3048909214778238e-10
eakf_model2,4.3674202681040105e-11
eakf_model3,0.9999999998258369
sarima,1.5647316342618326e-173
