model_name,weigth
arima,7.668752295390355e-155
eakf_model1,0.9999999999524458
eakf_model2,4.748476580205761e-11
eakf_model3,6.880338490084523e-14
