model_name,weigth
arima,0.0
eakf_model1,2.92014943431941e-10
eakf_model2,1.1282607159650715e-20
eakf_model3,0.9999999997079851
