model_name,weigth
arima,2.0760069953786797e-164
eakf_model1,0.9999999999373277
eakf_model2,6.265209227736446e-11
eakf_model3,2.0659045149988357e-14
