model_name,weigth
arima,3.65457991975e-313
eakf_model1,3.3408684380589043e-10
eakf_model2,3.4368062124556766e-17
eakf_model3,0.9999999996659135
sarima,3.3935412085196175e-248
