model_name,weigth
arima,1.461355669553e-312
eakf_model1,3.4112043109874867e-10
eakf_model2,8.729422820369424e-17
eakf_model3,0.9999999996588795
sarima,1.1431211695748452e-247
