model_name,weigth
arima,9.572882731419115e-175
eakf_model1,0.9999999999171708
eakf_model2,8.155989499036143e-11
eakf_model3,1.26877460246125e-12
