model_name,weigth
arima,3.197151550580168e-215
eakf_model1,1.8830637578105452e-10
eakf_model2,3.8370715294518756e-12
eakf_model3,0.9999999998078566
sarima,1.4487312607447265e-165
