model_name,weigth
arima,1.1585074856399364e-213
eakf_model1,1.022501680769796e-10
eakf_model2,1.8642271327573022e-14
eakf_model3,0.9999999998977313
