model_name,weigth
arima,1.422686088560041e-174
eakf_model1,0.9999999999192926
eakf_model2,7.893766989320686e-11
eakf_model3,1.7696856330759653e-12
