model_name,weigth
arima,2.232872394300767e-213
eakf_model1,1.8325060399989107e-10
eakf_model2,2.9726679474471487e-12
eakf_model3,0.999999999813777
sarima,1.1466622053243519e-164
