model_name,weigth
arima,1.083256307084324e-157
eakf_model1,0.9999999999418238
eakf_model2,5.6043325217960076e-11
eakf_model3,2.132848019823631e-12
