model_name,weigth
arima,2.3132795751926914e-215
eakf_model1,1.0365283743571828e-10
eakf_model2,1.4698329458438684e-14
eakf_model3,0.9999999998963323
