model_name,weigth
arima,2.5213311255898187e-212
eakf_model1,8.389582804930827e-11
eakf_model2,7.77744967904446e-11
eakf_model3,0.9999999998383299
sarima,1.3398558278978269e-166
