model_name,weigth
arima,7.294685787306991e-218
eakf_model1,1.9296023687230616e-10
eakf_model2,4.311412929586081e-12
eakf_model3,0.9999999998027278
sarima,1.5286518854899234e-167
