model_name,weigth
arima,1.3052776149522638e-211
eakf_model1,1.7700120750295775e-10
eakf_model2,4.038140887263304e-12
eakf_model3,0.9999999998189608
sarima,5.2907170276539624e-164
