model_name,weigth
arima,6.059556096837587e-201
eakf_model1,1.5330545158621047e-10
eakf_model2,7.424375500088314e-12
eakf_model3,0.9999999998392703
sarima,1.0748983758160227e-156
