model_name,weigth
arima,2.602887622976884e-173
eakf_model1,0.999999999923312
eakf_model2,7.506632549845973e-11
eakf_model3,1.621742164999672e-12
