model_name,weigth
arima,8.297862839817385e-215
eakf_model1,1.0409629278807602e-10
eakf_model2,1.3356167600039719e-14
eakf_model3,0.9999999998958903
