model_name,weigth
arima,1.1285481121422672e-220
eakf_model1,1.0110247618507515e-10
eakf_model2,1.3058209844549888e-13
eakf_model3,0.9999999998987672
