model_name,weigth
arima,4.10232692131123e-215
eakf_model1,1.0384059932750409e-10
eakf_model2,1.5580143025111277e-14
eakf_model3,0.999999999896144
