model_name,weigth
arima,3.316158128007131e-219
eakf_model1,1.0628872145907698e-10
eakf_model2,1.7833445856472087e-14
eakf_model3,0.9999999998936938
