model_name,weigth
arima,1.1568762386968672e-203
eakf_model1,1.604990222321091e-10
eakf_model2,4.788026172617355e-12
eakf_model3,0.9999999998347128
sarima,1.4538038637262004e-158
