model_name,weigth
arima,3.2068840550425827e-224
eakf_model1,0.9999999998209107
eakf_model2,1.790874591655008e-10
eakf_model3,1.833983042459728e-15
