model_name,weigth
arima,7.082603044546472e-198
eakf_model1,1.2967330560847728e-10
eakf_model2,2.296215283550502e-11
eakf_model3,0.9999999998473645
sarima,6.858148455630418e-153
