model_name,weigth
arima,3.218806761696123e-210
eakf_model1,9.815659910607839e-11
eakf_model2,1.729048734895161e-14
eakf_model3,0.9999999999018255
