model_name,weigth
arima,4.236220372002745e-220
eakf_model1,0.9999999998303598
eakf_model2,1.6962759607284648e-10
eakf_model3,1.2167249866128258e-14
