model_name,weigth
arima,2.2252540327438525e-189
eakf_model1,0.9999999998873971
eakf_model2,1.1250267821517773e-10
eakf_model3,1.0018963450986793e-13
