model_name,weigth
arima,1.8953902379291096e-190
eakf_model1,7.860757933296086e-11
eakf_model2,3.620058571752346e-13
eakf_model3,0.9999999999210306
