model_name,weigth
arima,5.380316680251769e-200
eakf_model1,0.99999999986814
eakf_model2,1.3182180033618266e-10
eakf_model3,3.850415259019271e-14
