model_name,weigth
arima,1.005041627001947e-220
eakf_model1,1.9782532402963425e-10
eakf_model2,4.7386504320107096e-12
eakf_model3,0.9999999997974359
sarima,1.659028875720138e-169
