model_name,weigth
arima,1.2687928059908124e-218
eakf_model1,1.070374900202677e-10
eakf_model2,1.3189321349783007e-14
eakf_model3,0.9999999998929494
