model_name,weigth
arima,1.5301070128072568e-203
eakf_model1,1.5352283374370793e-10
eakf_model2,1.1145558802641716e-11
eakf_model3,0.9999999998353316
sarima,4.288797540986886e-157
