model_name,weigth
arima,7.720929883961928e-209
eakf_model1,1.7203161500395124e-10
eakf_model2,5.697873148329533e-12
eakf_model3,0.9999999998222706
sarima,7.020530587505786e-161
