model_name,weigth
arima,8.23951921111589e-237
eakf_model1,0.9999999997962077
eakf_model2,2.0379164396731925e-10
eakf_model3,7.718842647813295e-16
