model_name,weigth
arima,1.0875801027609626e-221
eakf_model1,0.9999999998278033
eakf_model2,1.7218306678992424e-10
eakf_model3,1.3578370794417475e-14
