model_name,weigth
arima,0.0
eakf_model1,0.9999999875590018
eakf_model2,7e-323
eakf_model3,1.24409980867002e-08
