model_name,weigth
arima,3.861883868549269e-198
eakf_model1,0.9999999998811933
eakf_model2,1.50958337935792e-148
eakf_model3,1.1880684208171102e-10
