model_name,weigth
arima,5.52673882242019e-85
eakf_model1,0.9999999999833047
eakf_model2,1.2121348048439126e-35
eakf_model3,1.669535387504488e-11
