model_name,weigth
arima,7.09369810122804e-94
eakf_model1,0.9999999999879079
eakf_model2,1.9165708622066488e-20
eakf_model3,1.2092219804885712e-11
