model_name,weigth
arima,0.0
eakf_model1,0.3517522015410418
eakf_model2,2.5e-323
eakf_model3,0.6482477984589582
