model_name,weigth
arima,0.0
eakf_model1,2.748357829742661e-11
eakf_model2,0.11051615392080802
eakf_model3,0.8894838460517085
