model_name,weigth
arima,2.666542110352568e-175
eakf_model1,0.999999999936553
eakf_model2,5.088967370198868e-98
eakf_model3,6.344712747851985e-11
