model_name,weigth
arima,0.0
eakf_model1,0.9999999972909244
eakf_model2,1.2755141976107825e-21
eakf_model3,2.7090756199653207e-09
sarima,4e-323
