model_name,weigth
arima,1.696094248556157e-96
eakf_model1,2.182589738385847e-11
eakf_model2,0.9999999999781723
eakf_model3,1.8733119150289647e-15
