model_name,weigth
arima,2e-323
eakf_model1,0.7939438098308188
eakf_model2,3.6393489321634766e-75
eakf_model3,2.7693008954225803e-10
sarima,0.20605618989225122
