model_name,weigth
arima,1.5914136171643376e-58
eakf_model1,2.1222669314601015e-12
eakf_model2,1.5133273919402105e-29
eakf_model3,2.781971647692248e-13
sarima,0.9999999999975997
