model_name,weigth
arima,0.0
eakf_model1,6.030870223588338e-39
eakf_model2,0.9473214277099351
eakf_model3,0.052678572290064944
