model_name,weigth
arima,0.0
eakf_model1,5.74560726185309e-10
eakf_model2,0.9999999994254394
eakf_model3,8.274861101978937e-38
sarima,0.0
