model_name,weigth
arima,1.473686690048077e-58
eakf_model1,8.394165011845879e-12
eakf_model2,0.9999999999916058
eakf_model3,1.5497767165859193e-19
sarima,9.075621024741336e-90
