model_name,weigth
arima,1.5131873526019553e-98
eakf_model1,0.9999999999622305
eakf_model2,7.437200588436659e-30
eakf_model3,3.776952609714528e-11
