model_name,weigth
arima,9.218380446604998e-39
eakf_model1,5.015654787734857e-12
eakf_model2,0.9999999999949845
eakf_model3,2.0192361131855687e-21
