model_name,weigth
arima,8.504596583575905e-36
eakf_model1,3.1304005693732706e-15
eakf_model2,1.1332664266043148e-11
eakf_model3,0.9999999999886642
