model_name,weigth
arima,7.225931372929278e-38
eakf_model1,6.912698303176692e-12
eakf_model2,0.9999999999930873
eakf_model3,3.636863961479099e-22
sarima,4.402569635190645e-55
