model_name,weigth
arima,5.6718912741481465e-292
eakf_model1,0.9999999999855697
eakf_model2,3.786361359160053e-28
eakf_model3,1.4430412229248143e-11
