model_name,weigth
arima,3.335820948095037e-66
eakf_model1,2.3246330254000755e-13
eakf_model2,5.57772640380767e-12
eakf_model3,0.9999999999941899
