model_name,weigth
arima,4.556253120799196e-96
eakf_model1,0.999999999990211
eakf_model2,3.263105557728072e-22
eakf_model3,9.789007338842083e-12
sarima,1.1163169100746257e-134
