model_name,weigth
arima,1.452634285315895e-267
eakf_model1,0.9999999999755557
eakf_model2,2.444127826971005e-11
eakf_model3,3.1455862733844292e-15
sarima,3.9034246058061626e-280
