model_name,weigth
arima,6.3495176419631604e-77
eakf_model1,3.865260041559083e-11
eakf_model2,0.9999999999613474
eakf_model3,1.0071218080334261e-32
