model_name,weigth
arima,0.0
eakf_model1,3.766797023726114e-09
eakf_model2,2.5531221448130078e-33
eakf_model3,0.9999999962332029
