model_name,weigth
arima,9.768512952555557e-58
eakf_model1,0.9999999999766193
eakf_model2,1.5543759832952918e-19
eakf_model3,2.338068097815009e-11
sarima,3.188486360128854e-63
