model_name,weigth
arima,0.0
eakf_model1,1.0617220361014307e-10
eakf_model2,8.456363441628476e-48
eakf_model3,0.9999999998938278
