model_name,weigth
arima,3.1829985928687616e-61
eakf_model1,0.9999999999961732
eakf_model2,3.796239398773851e-12
eakf_model3,3.063872164558764e-14
