model_name,weigth
arima,6.492179140045249e-47
eakf_model1,0.9999999999972641
eakf_model2,2.290211001402161e-12
eakf_model3,4.458239454245914e-13
