model_name,weigth
arima,0.0
eakf_model1,0.9999999994658034
eakf_model2,5.600800151130187e-51
eakf_model3,5.341966432151137e-10
sarima,0.0
