model_name,weigth
arima,1.5e-323
eakf_model1,0.9999999970180042
eakf_model2,2.6595415748502117e-213
eakf_model3,2.981995890823483e-09
sarima,0.0
