model_name,weigth
arima,0.0
eakf_model1,1.1280546788486268e-10
eakf_model2,2.7828175242804265e-33
eakf_model3,0.9999999998871945
sarima,0.0
