model_name,weigth
arima,0.0
eakf_model1,1.5634994342641994e-11
eakf_model2,0.9999999999843651
eakf_model3,1.6668042056909822e-28
