model_name,weigth
arima,2.1767391157699897e-132
eakf_model1,0.9999999999924454
eakf_model2,7.554170681368753e-12
eakf_model3,4.312576425428077e-16
