model_name,weigth
arima,2.5e-323
eakf_model1,4.76234531067231e-10
eakf_model2,1.175551930885837e-109
eakf_model3,0.9999999995237655
sarima,2.5e-323
