model_name,weigth
arima,0.0
eakf_model1,1.1062828089264146e-09
eakf_model2,0.9999999988937173
eakf_model3,1.624295412164015e-30
