model_name,weigth
arima,2.5e-323
eakf_model1,1.1998438988877242e-09
eakf_model2,6.323663091148705e-191
eakf_model3,0.9999999988001561
sarima,2.5e-323
