model_name,weigth
arima,1.1179061998907874e-195
eakf_model1,7.050034367060933e-11
eakf_model2,4.0155316411549295e-73
eakf_model3,0.9999999999294997
