model_name,weigth
arima,0.0
eakf_model1,2.3493308218197257e-12
eakf_model2,1.1033838162254408e-10
eakf_model3,0.9999999998873124
