model_name,weigth
arima,0.0
eakf_model1,0.9999999994829143
eakf_model2,1.0051503733618188e-64
eakf_model3,5.170857854433524e-10
