model_name,weigth
arima,1.1284901326922087e-112
eakf_model1,0.9999999999894842
eakf_model2,1.0515237545996221e-11
eakf_model3,6.226057137510051e-16
