model_name,weigth
arima,0.0
eakf_model1,3.9105923674739996e-10
eakf_model2,0.9999999996089407
eakf_model3,6.118467049992375e-36
sarima,0.0
