model_name,weigth
arima,0.0
eakf_model1,0.9999999930534854
eakf_model2,6.94651463353389e-09
eakf_model3,6.0020615582975896e-21
sarima,0.0
