model_name,weigth
arima,0.0
eakf_model1,1.2848524812187515e-10
eakf_model2,0.9999999998715148
eakf_model3,4.603699990582796e-22
sarima,0.0
