model_name,weigth
arima,2.5e-323
eakf_model1,5.357194028962414e-10
eakf_model2,6.510009688672554e-112
eakf_model3,0.9999999994642806
sarima,2.5e-323
