model_name,weigth
arima,1.2812920940900642e-105
eakf_model1,0.9999999999832293
eakf_model2,6.961282167552392e-24
eakf_model3,1.6770791122908885e-11
