model_name,weigth
arima,3.4420380916815267e-43
eakf_model1,0.9999999999943867
eakf_model2,3.5393595292165205e-21
eakf_model3,5.613321482175602e-12
