model_name,weigth
arima,0.0
eakf_model1,1.8765443254281774e-08
eakf_model2,7.4e-323
eakf_model3,0.9999999812345567
