model_name,weigth
arima,2.449956829200334e-128
eakf_model1,2.7632584027745242e-11
eakf_model2,2.3667353938219227e-26
eakf_model3,0.9999999999723675
