model_name,weigth
arima,1.487742534152173e-107
eakf_model1,3.271847164473276e-11
eakf_model2,5.4602425703860184e-18
eakf_model3,0.9999999999672817
sarima,4.100169036919133e-152
