model_name,weigth
arima,3.12111378847598e-292
eakf_model1,1.2132661695678849e-10
eakf_model2,1.141044899413312e-71
eakf_model3,0.9999999998786734
