model_name,weigth
arima,8.139372715119433e-117
eakf_model1,3.8465902187350906e-11
eakf_model2,2.718300656466283e-27
eakf_model3,0.9999999999615342
sarima,1.048532676716155e-99
