model_name,weigth
arima,3.4001157806155787e-44
eakf_model1,0.9999999999936799
eakf_model2,1.850438534844066e-15
eakf_model3,6.318169904905741e-12
