model_name,weigth
arima,2.4890490467214433e-43
eakf_model1,0.9999999999916538
eakf_model2,5.832756818655144e-20
eakf_model3,8.346276286186465e-12
