model_name,weigth
arima,1.789122434169e-311
eakf_model1,0.9999999998965213
eakf_model2,4.359936812746444e-26
eakf_model3,1.0347860958408806e-10
sarima,4.735949760073722e-305
