model_name,weigth
arima,2.5e-323
eakf_model1,0.9999999862593628
eakf_model2,1.3740637123869632e-08
eakf_model3,3.466686273570104e-82
sarima,2.5e-323
