model_name,weigth
arima,2.20201400724468e-54
eakf_model1,0.9999999999934419
eakf_model2,3.427664627423097e-21
eakf_model3,6.558153733841269e-12
