model_name,weigth
arima,0.0
eakf_model1,0.9999999896414309
eakf_model2,7.4e-323
eakf_model3,1.0358569136755635e-08
