model_name,weigth
arima,1.053702201938086e-43
eakf_model1,0.9999999999925602
eakf_model2,2.2163058176893472e-18
eakf_model3,7.439832218904592e-12
