model_name,weigth
arima,1.1578048426618873e-187
eakf_model1,3.600199624417553e-11
eakf_model2,6.830172106738491e-16
eakf_model3,0.9999999999639974
