model_name,weigth
arima,0.0
eakf_model1,7.554336722388877e-09
eakf_model2,1.9538923508216824e-300
eakf_model3,0.9999999924456633
