model_name,weigth
arima,2.5e-323
eakf_model1,1.58869785268831e-10
eakf_model2,2.312890736798547e-61
eakf_model3,0.9999999998411302
sarima,0.0
