model_name,weigth
arima,2.5e-323
eakf_model1,6.699803157308788e-10
eakf_model2,5.427885490135933e-22
eakf_model3,0.9999999993300197
sarima,2.5e-323
