model_name,weigth
arima,2e-323
eakf_model1,3.8801795419979135e-09
eakf_model2,3.1953805789809586e-78
eakf_model3,0.9999999961198205
sarima,2e-323
