model_name,weigth
arima,2e-323
eakf_model1,0.9999999982450074
eakf_model2,1.0704517291700697e-171
eakf_model3,1.7549925621887935e-09
sarima,0.0
