model_name,weigth
arima,0.0
eakf_model1,1.225498622427711e-10
eakf_model2,1.9860018612861248e-115
eakf_model3,0.9999999998774503
