model_name,weigth
arima,0.0
eakf_model1,4.1404505121324703e-11
eakf_model2,2.0475307793050274e-62
eakf_model3,0.9999999999585955
