model_name,weigth
arima,2e-323
eakf_model1,1.9748405507572027e-09
eakf_model2,7.150726732209465e-51
eakf_model3,0.9999999980251595
sarima,2e-323
