model_name,weigth
arima,0.0
eakf_model1,2.4819604457351764e-09
eakf_model2,1.1520990423452342e-35
eakf_model3,0.9999999975180395
