model_name,weigth
arima,0.0
eakf_model1,1.6443911316697108e-09
eakf_model2,1.543490011408115e-59
eakf_model3,0.9999999983556089
