model_name,weigth
arima,0.0
eakf_model1,0.9999999872061017
eakf_model2,2.2697134495019187e-305
eakf_model3,1.2793898301677313e-08
