model_name,weigth
arima,2.5e-323
eakf_model1,2.676418239745187e-10
eakf_model2,4.306015970338254e-92
eakf_model3,0.9999999997323581
sarima,2e-323
