model_name,weigth
arima,0.0
eakf_model1,5.117174586629558e-11
eakf_model2,1.9509251597281777e-79
eakf_model3,0.9999999999488285
