model_name,weigth
arima,0.0
eakf_model1,0.9999999996075928
eakf_model2,1.0188286801184042e-145
eakf_model3,3.9240724039105005e-10
