model_name,weigth
arima,0.0
eakf_model1,0.9999999926311642
eakf_model2,5e-323
eakf_model3,7.368835708232358e-09
