model_name,weigth
arima,0.0
eakf_model1,0.9999999981681575
eakf_model2,3.554186135231489e-184
eakf_model3,1.8318424365546634e-09
