model_name,weigth
arima,2.5e-323
eakf_model1,8.17947201683062e-10
eakf_model2,2.951315225784791e-50
eakf_model3,0.999999999182053
sarima,0.0
