model_name,weigth
arima,0.0
eakf_model1,0.928490498312329
eakf_model2,2.4e-322
eakf_model3,0.07150950168767098
