model_name,weigth
arima,2.5e-323
eakf_model1,0.2396405231764602
eakf_model2,1.1927786735011153e-55
eakf_model3,0.7603594768235398
sarima,2.5e-323
