model_name,weigth
arima,1.3795786255448812e-216
eakf_model1,0.9999999998953649
eakf_model2,7.05496327180342e-15
eakf_model3,1.046281019858294e-10
sarima,1.2955584309753379e-200
