model_name,weigth
arima,1.9533842675619792e-188
eakf_model1,0.9999999999881408
eakf_model2,1.1859199475585588e-11
eakf_model3,4.254294984214042e-20
