model_name,weigth
arima,2.5e-323
eakf_model1,0.9999999998480349
eakf_model2,1.5196509959679395e-10
eakf_model3,1.1469871858430411e-36
sarima,2.5e-323
