model_name,weigth
arima,3.788058693124214e-294
eakf_model1,0.99999999998722
eakf_model2,1.2780015327429919e-11
eakf_model3,1.6597018694988147e-28
