model_name,weigth
arima,0.0
eakf_model1,0.9999999999371374
eakf_model2,5.0339234791008335e-12
eakf_model3,5.7828925336282176e-11
