model_name,weigth
arima,2.5e-323
eakf_model1,0.9999999997980915
eakf_model2,2.0190853169359295e-10
eakf_model3,3.636322975285736e-32
sarima,2.5e-323
