model_name,weigth
arima,1.0360355464036927e-288
eakf_model1,0.9999999999816365
eakf_model2,1.8363606331239994e-11
eakf_model3,6.403624588772194e-26
