model_name,weigth
arima,1.5014098634270205e-243
eakf_model1,0.9999999999695884
eakf_model2,3.0411655591165596e-11
eakf_model3,1.4672666883243882e-31
sarima,5.655425210701676e-221
