model_name,weigth
arima,1.7333865591875165e-100
eakf_model1,0.9999999999946335
eakf_model2,5.347660800648088e-12
eakf_model3,1.8888697183504227e-14
