model_name,weigth
arima,6.99169405678793e-102
eakf_model1,0.9999999999695404
eakf_model2,2.4125209965834823e-30
eakf_model3,3.045984254323107e-11
sarima,6.827287188068376e-44
