model_name,weigth
arima,0.0
eakf_model1,1.7065706104486856e-170
eakf_model2,0.13835921580506966
eakf_model3,0.8616407841949304
