model_name,weigth
arima,2.4549086818875124e-66
eakf_model1,0.9999999999927291
eakf_model2,1.9545322234460418e-16
eakf_model3,7.270625814349457e-12
sarima,5.197153070022741e-34
