model_name,weigth
arima,0.0
eakf_model1,0.9999999999393894
eakf_model2,9.923982559540597e-16
eakf_model3,6.06096682389655e-11
