model_name,weigth
arima,0.0
eakf_model1,0.9999999999802193
eakf_model2,1.978087097163556e-11
eakf_model3,3.1529984887721752e-21
