model_name,weigth
arima,0.0
eakf_model1,1.7066309938687464e-19
eakf_model2,2.532965032893055e-11
eakf_model3,0.9999999999746705
