model_name,weigth
arima,2.352017658705485e-125
eakf_model1,0.9999999999666804
eakf_model2,2.6277366103815185e-41
eakf_model3,3.331968176196716e-11
