model_name,weigth
arima,6.193022938272154e-70
eakf_model1,0.9999999999954925
eakf_model2,4.3738755814105486e-12
eakf_model3,1.3353623251600606e-13
sarima,9.224461114297431e-45
