model_name,weigth
arima,5.095445779990967e-83
eakf_model1,0.9999999999927202
eakf_model2,5.0127856104524944e-20
eakf_model3,7.279855786452774e-12
