model_name,weigth
arima,9.437866610465315e-294
eakf_model1,4.323864703880163e-14
eakf_model2,0.9999999999908191
eakf_model3,9.137662292490345e-12
