model_name,weigth
arima,6.812816582189924e-42
eakf_model1,0.9999999999967584
eakf_model2,5.693262041363422e-24
eakf_model3,3.2416808491239528e-12
