model_name,weigth
arima,7.928959001566544e-134
eakf_model1,0.9999999999753105
eakf_model2,9.934136505318194e-14
eakf_model3,2.4590204699584104e-11
sarima,6.5459823291492465e-84
