model_name,weigth
arima,1.358256691206191e-118
eakf_model1,0.9999999998702424
eakf_model2,1.2645514517219032e-24
eakf_model3,1.2975763543888809e-10
