model_name,weigth
arima,1.9010246770615462e-195
eakf_model1,0.9999999998563379
eakf_model2,4.521249271168051e-30
eakf_model3,1.4366196118028842e-10
