model_name,weigth
arima,1.7133582496314427e-183
eakf_model1,0.9999999999558784
eakf_model2,5.753489321478927e-18
eakf_model3,4.412168118229393e-11
sarima,1.5351370754779988e-109
