model_name,weigth
arima,0.0
eakf_model1,0.41450575926727873
eakf_model2,1.7710922034844277e-144
eakf_model3,0.5854942407327214
