model_name,weigth
arima,1.9351125634824317e-276
eakf_model1,9.97450625266092e-10
eakf_model2,4.019564056998043e-108
eakf_model3,0.9999999990025495
sarima,2.0033604545113923e-224
