model_name,weigth
arima,2.5e-323
eakf_model1,0.3406849382079496
eakf_model2,4.2488519219657927e-187
eakf_model3,0.6593150617920505
sarima,5e-323
