model_name,weigth
arima,9.596001421446728e-250
eakf_model1,5.6250301714024e-11
eakf_model2,1.4726352016349434e-23
eakf_model3,0.9999999999437497
