model_name,weigth
arima,3.2878285690756257e-216
eakf_model1,0.9999999996760187
eakf_model2,1.9035908521776087e-35
eakf_model3,3.23981297452676e-10
