model_name,weigth
arima,1.131053575729622e-18
eakf_model1,0.9999999999993515
eakf_model2,5.386636116591084e-23
eakf_model3,6.484294415948117e-13
