model_name,weigth
arima,2.5e-323
eakf_model1,0.9999999997462061
eakf_model2,2.1311776972826728e-32
eakf_model3,2.537938483625935e-10
sarima,3.111962118676879e-206
