model_name,weigth
arima,1.3837269675718779e-21
eakf_model1,0.9999999999991063
eakf_model2,2.4966677054404526e-22
eakf_model3,8.937511646927391e-13
