model_name,weigth
arima,5e-323
eakf_model1,0.4501379744280084
eakf_model2,1.937224468433237e-218
eakf_model3,0.5498620255719915
sarima,5e-323
