model_name,weigth
arima,2.5e-323
eakf_model1,0.9999999995003059
eakf_model2,2.166318685806825e-112
eakf_model3,4.996940343241798e-10
