model_name,weigth
arima,4.72384803691679e-19
eakf_model1,0.9999999999993933
eakf_model2,2.7047390625267063e-23
eakf_model3,6.068691107984013e-13
