model_name,weigth
arima,6.933642598182255e-115
eakf_model1,0.9999999999645349
eakf_model2,2.4480619562541517e-32
eakf_model3,3.54652363558967e-11
