model_name,weigth
arima,5.762414749173112e-21
eakf_model1,0.999999999999016
eakf_model2,8.517227596820105e-27
eakf_model3,9.84176201450935e-13
