model_name,weigth
arima,2.9645294234673e-20
eakf_model1,0.9999999999992352
eakf_model2,1.447874443646292e-25
eakf_model3,7.64939535399803e-13
