model_name,weigth
arima,3.157246612106353e-120
eakf_model1,1.8899641343174066e-11
eakf_model2,3.9911473014026027e-13
eakf_model3,0.9999999999807012
sarima,1.775126080933279e-80
