model_name,weigth
arima,0.0
eakf_model1,1.921567516881246e-125
eakf_model2,2.791496191674542e-10
eakf_model3,0.9999999997208505
