model_name,weigth
arima,0.0
eakf_model1,0.2908300878310047
eakf_model2,1.0519297299497191e-243
eakf_model3,0.7091699121689953
