model_name,weigth
arima,2.3067463954915395e-177
eakf_model1,0.9999999999435649
eakf_model2,1.665596817390667e-17
eakf_model3,5.643521190042773e-11
sarima,7.522430003145855e-113
