model_name,weigth
arima,3.0860690051218186e-102
eakf_model1,1.1942436732529673e-11
eakf_model2,3.716343709191116e-16
eakf_model3,0.9999999999880572
sarima,2.824996097862213e-75
