model_name,weigth
arima,1.2584406320248654e-36
eakf_model1,0.9999999999979262
eakf_model2,3.6409213951143254e-34
eakf_model3,2.073791163103518e-12
