model_name,weigth
arima,1.6613903816144366e-23
eakf_model1,0.9999999999989615
eakf_model2,7.100087611659677e-24
eakf_model3,1.0385048782873941e-12
