model_name,weigth
arima,0.0
eakf_model1,6.806684275052583e-123
eakf_model2,2.427580823074499e-10
eakf_model3,0.999999999757242
