model_name,weigth
arima,0.0
eakf_model1,1.573996812615426e-10
eakf_model2,9.74637810556317e-38
eakf_model3,0.9999999998426004
