model_name,weigth
arima,1.918715157147131e-117
eakf_model1,9.493603581339297e-12
eakf_model2,1.5743106891389787e-20
eakf_model3,0.9999999999905065
