model_name,weigth
arima,3.839679590550861e-240
eakf_model1,4.3893255534123645e-21
eakf_model2,6.292673003894556e-11
eakf_model3,0.9999999999370733
sarima,5.272202519997016e-174
