model_name,weigth
arima,0.0
eakf_model1,2.616463397473128e-32
eakf_model2,2.571396674913166e-10
eakf_model3,0.9999999997428604
