model_name,weigth
arima,8.403160848480666e-161
eakf_model1,1.1172790962061307e-11
eakf_model2,9.938777821399751e-12
eakf_model3,0.9999999999788886
