model_name,weigth
arima,4.073715383213392e-165
eakf_model1,1.9804955056312058e-11
eakf_model2,6.079638432601262e-14
eakf_model3,0.9999999999801343
