model_name,weigth
arima,9.258047499259716e-169
eakf_model1,0.9999999999413871
eakf_model2,3.5684598398968775e-11
eakf_model3,2.2928306582786174e-11
sarima,8.145487682193323e-154
