model_name,weigth
arima,2.5e-323
eakf_model1,4.705051069065204e-25
eakf_model2,1.5985876528074025e-10
eakf_model3,0.9999999998401413
sarima,3.441022446737974e-281
