model_name,weigth
arima,0.0
eakf_model1,7.696977844143104e-34
eakf_model2,2.425993319871542e-10
eakf_model3,0.9999999997574006
