model_name,weigth
arima,2.7022364037047482e-40
eakf_model1,0.9999999999979017
eakf_model2,6.864645658084309e-28
eakf_model3,2.0984201345478085e-12
