model_name,weigth
arima,2.2815727970265753e-148
eakf_model1,9.917697678496952e-11
eakf_model2,0.999999999900817
eakf_model3,6.2018295400927654e-15
sarima,2.757478958880544e-61
