model_name,weigth
arima,6.902564247382295e-182
eakf_model1,1.1192970730808093e-10
eakf_model2,1.941829324043517e-26
eakf_model3,0.9999999998880703
sarima,2.95031343057627e-184
