model_name,weigth
arima,0.0
eakf_model1,1.014054856201473e-126
eakf_model2,0.9999999998275999
eakf_model3,1.7240016665454882e-10
