model_name,weigth
arima,4.903202374638102e-116
eakf_model1,1.8913545698771024e-11
eakf_model2,3.839520349957239e-17
eakf_model3,0.9999999999810865
