model_name,weigth
arima,0.0
eakf_model1,2.441919783991204e-107
eakf_model2,0.9999999999115183
eakf_model3,8.848180616266694e-11
