model_name,weigth
arima,8.300884636664424e-227
eakf_model1,2.064845926834088e-56
eakf_model2,0.9999999999019681
eakf_model3,9.803193120580956e-11
