model_name,weigth
arima,9.33902006129173e-201
eakf_model1,1.9593030003485843e-10
eakf_model2,1.0695288653788979e-12
eakf_model3,0.9999999998030001
sarima,4.559778461452269e-127
