model_name,weigth
arima,0.0
eakf_model1,2.907112389731956e-87
eakf_model2,0.9999999999524051
eakf_model3,4.759495111710327e-11
