model_name,weigth
arima,2.5e-323
eakf_model1,2.2031418839949867e-08
eakf_model2,1.3717500732070663e-291
eakf_model3,0.9999999779685811
sarima,2.5e-323
