model_name,weigth
arima,1.8261805687625703e-98
eakf_model1,6.76257891330518e-17
eakf_model2,0.99999999998134
eakf_model3,1.865998520701511e-11
