model_name,weigth
arima,0.0
eakf_model1,1.2733316704795836e-09
eakf_model2,8.483828730018354e-39
eakf_model3,0.9999999987266683
