model_name,weigth
arima,3.847187363555257e-164
eakf_model1,3.546624345969386e-11
eakf_model2,2.9341187326131937e-25
eakf_model3,0.9999999999645337
sarima,1.0185606396100536e-147
