model_name,weigth
arima,1.834770868764604e-240
eakf_model1,1.0867302488031533e-59
eakf_model2,0.9999999997892142
eakf_model3,2.104037194989156e-10
sarima,3.821163224048614e-13
