model_name,weigth
arima,2.5e-323
eakf_model1,3.2350882495690892e-137
eakf_model2,0.8427217379440403
eakf_model3,0.15727826201142142
sarima,4.453823255231556e-11
