model_name,weigth
arima,0.0
eakf_model1,1.692785276615253e-09
eakf_model2,0.9999999983072148
eakf_model3,7.225329529421486e-23
