model_name,weigth
arima,4.020917838864966e-157
eakf_model1,3.209686117322818e-11
eakf_model2,6.134499331235061e-29
eakf_model3,0.9999999999679031
sarima,1.8976011788517518e-129
