model_name,weigth
arima,5.742956292708571e-206
eakf_model1,2.836744909660067e-52
eakf_model2,0.999999999961031
eakf_model3,3.8969131381519375e-11
