model_name,weigth
arima,2.401701320568663e-128
eakf_model1,2.746772362558557e-21
eakf_model2,0.9999999999811492
eakf_model3,1.8850957893585917e-11
