model_name,weigth
arima,3.533969029849464e-139
eakf_model1,4.348680009907823e-25
eakf_model2,0.9999999999718263
eakf_model3,2.817370694447638e-11
