model_name,weigth
arima,1.5450714976010916e-140
eakf_model1,1.1494650447566098e-42
eakf_model2,2.8392864391183286e-11
eakf_model3,0.9999999999716073
