model_name,weigth
arima,8.782870187568722e-112
eakf_model1,1.343849063566922e-11
eakf_model2,2.255832648247577e-12
eakf_model3,0.9999999999843057
