model_name,weigth
arima,1.0284863689776583e-96
eakf_model1,6.948665052044052e-13
eakf_model2,1.881112366378767e-11
eakf_model3,0.999999999980494
