model_name,weigth
arima,6.503103446800427e-108
eakf_model1,2.7496532547843416e-21
eakf_model2,2.462763251992838e-11
eakf_model3,0.9999999999753723
sarima,2.510156980065493e-34
