model_name,weigth
arima,5.228417283364687e-273
eakf_model1,0.999999999659346
eakf_model2,4.927363071561384e-63
eakf_model3,3.4065400746087035e-10
sarima,2.615245111722989e-206
