model_name,weigth
arima,2.334057544045437e-76
eakf_model1,2.2335436895583237e-12
eakf_model2,1.4076374291847381e-11
eakf_model3,0.99999999998369
sarima,9.232627114495434e-51
