model_name,weigth
arima,2.5e-323
eakf_model1,4.13016199194193e-08
eakf_model2,7.4e-323
eakf_model3,0.9999999586983801
sarima,2.5e-323
