model_name,weigth
arima,3.1894722702192757e-109
eakf_model1,2.0697144393172167e-11
eakf_model2,2.056571917217739e-12
eakf_model3,0.9999999999772463
sarima,2.3090193079610523e-45
