model_name,weigth
arima,5.534875007075153e-240
eakf_model1,5.681119207878291e-44
eakf_model2,0.9999999999364921
eakf_model3,6.350803723716506e-11
