model_name,weigth
arima,9.09938120767285e-243
eakf_model1,6.780865062983191e-34
eakf_model2,0.9999999999181942
eakf_model3,8.180584479255701e-11
