model_name,weigth
arima,1.776715636703652e-72
eakf_model1,8.218412839619896e-18
eakf_model2,1.3861983851412144e-11
eakf_model3,0.999999999986138
sarima,1.7315818620157224e-34
