model_name,weigth
arima,5.397198717846019e-210
eakf_model1,4.354495653082982e-61
eakf_model2,1.1351743373214021e-10
eakf_model3,0.9999999998864826
sarima,5.9757794110042565e-65
