model_name,weigth
arima,3.43625619913074e-249
eakf_model1,9.031580362000127e-41
eakf_model2,0.9999999999027649
eakf_model3,9.723513343938434e-11
