model_name,weigth
arima,7.423163912719183e-113
eakf_model1,4.164630828338707e-45
eakf_model2,0.9999999999337286
eakf_model3,6.627136526491829e-11
sarima,2.071214059510302e-34
