model_name,weigth
arima,1.63415248392283e-61
eakf_model1,0.9999999999810399
eakf_model2,1.8959892859851908e-11
eakf_model3,1.1112555418545142e-16
sarima,8.71216312047741e-50
