model_name,weigth
arima,8.39937615644509e-94
eakf_model1,2.1468722184323665e-26
eakf_model2,0.9999999999871299
eakf_model3,1.287020954320658e-11
