model_name,weigth
arima,2.428889638942494e-168
eakf_model1,4.519063697328034e-19
eakf_model2,2.2495741412655214e-11
eakf_model3,0.9999999999775043
