model_name,weigth
arima,3.828726588005282e-252
eakf_model1,1.1638055275286962e-28
eakf_model2,9.969299132389731e-10
eakf_model3,0.99999999900307
