model_name,weigth
arima,2.5e-323
eakf_model1,0.9316442086962454
eakf_model2,0.06835577399621312
eakf_model3,1.730754143519063e-08
