model_name,weigth
arima,1.0063932298605818e-153
eakf_model1,3.6119891314728234e-58
eakf_model2,0.9999999998995861
eakf_model3,1.0041387021426567e-10
