model_name,weigth
arima,1.5175917643370212e-189
eakf_model1,4.9148527637903995e-76
eakf_model2,5.820912316643567e-11
eakf_model3,0.999999999941791
