model_name,weigth
arima,1.243526530744073e-71
eakf_model1,0.9999999999839414
eakf_model2,2.242005189954482e-12
eakf_model3,1.381662992313867e-11
