model_name,weigth
arima,1.601208280745864e-37
eakf_model1,0.999999999993617
eakf_model2,1.0320300264175438e-12
eakf_model3,5.351049655852405e-12
