model_name,weigth
arima,2.5e-323
eakf_model1,8e-323
eakf_model2,6.679791384374407e-08
eakf_model3,0.9999999332020861
