model_name,weigth
arima,2.9718312075576224e-267
eakf_model1,2.5535360529107027e-52
eakf_model2,8.9881439089422e-11
eakf_model3,0.9999999999101188
