model_name,weigth
arima,0.0
eakf_model1,3.981815998109143e-96
eakf_model2,0.31023008562676824
eakf_model3,0.6897699143732319
