model_name,weigth
arima,2.7606726892300726e-267
eakf_model1,3.53560947919661e-95
eakf_model2,3.92131309530203e-10
eakf_model3,0.9999999996078687
sarima,7.670897871290597e-94
