model_name,weigth
arima,5.333391091299656e-169
eakf_model1,2.4113629431462594e-50
eakf_model2,0.9999999999370331
eakf_model3,6.296691418160282e-11
sarima,3.812495687623611e-52
