model_name,weigth
arima,2.5e-323
eakf_model1,0.999999994810364
eakf_model2,5.189636146278492e-09
eakf_model3,6.609004840594362e-43
sarima,5e-323
