model_name,weigth
arima,3.6926399331239934e-173
eakf_model1,8.541932851258407e-58
eakf_model2,0.9999999999346456
eakf_model3,6.535449042922312e-11
