model_name,weigth
arima,1.1350629130079773e-124
eakf_model1,0.9999999998409953
eakf_model2,1.5900438039227108e-10
eakf_model3,3.879026575769796e-16
