model_name,weigth
arima,2.5e-323
eakf_model1,1.9328378820663974e-187
eakf_model2,0.9999999994581027
eakf_model3,5.418972876950284e-10
