model_name,weigth
arima,3.4457699994433193e-40
eakf_model1,0.9999999999883648
eakf_model2,1.1635103133575339e-11
eakf_model3,1.336182710401324e-16
sarima,2.4816228184483765e-42
