model_name,weigth
arima,8.554758122040169e-48
eakf_model1,9.72037471467224e-25
eakf_model2,7.606624091959247e-12
eakf_model3,8.031149242904419e-12
sarima,0.9999999999843622
