model_name,weigth
arima,1.2472712852857847e-33
eakf_model1,2.2885959364472484e-18
eakf_model2,3.6270855088741845e-12
eakf_model3,0.999999999996373
