model_name,weigth
arima,6.583187554205745e-84
eakf_model1,3.8858289399850916e-22
eakf_model2,0.9999999999619016
eakf_model3,3.8098446331856206e-11
