model_name,weigth
arima,1.6055566982955452e-37
eakf_model1,0.9999999999926299
eakf_model2,7.370190655456329e-12
eakf_model3,7.579696707687149e-21
sarima,3.7490218277211546e-35
