model_name,weigth
arima,1.2829591072146697e-250
eakf_model1,8.095147991485599e-51
eakf_model2,9.637573008357017e-11
eakf_model3,0.9999999999036243
