model_name,weigth
arima,1.9149833677602982e-123
eakf_model1,0.6806422100991567
eakf_model2,2.24367279633579e-10
eakf_model3,0.31935778967647604
