model_name,weigth
arima,5.875120450331558e-87
eakf_model1,5.257837107590174e-116
eakf_model2,3.864166517040394e-11
eakf_model3,0.9999999999613584
