model_name,weigth
arima,1.4008530126036705e-21
eakf_model1,0.9999999999984704
eakf_model2,1.522184015516964e-12
eakf_model3,7.466488593361502e-15
