model_name,weigth
arima,3.2890513774776977e-22
eakf_model1,0.9999999999975401
eakf_model2,2.4497479997547234e-12
eakf_model3,1.0179837120404381e-14
sarima,3.5480575534463554e-21
