model_name,weigth
arima,8.855654592152334e-57
eakf_model1,9.461726451606867e-16
eakf_model2,3.631177255991612e-11
eakf_model3,0.9999999999636874
sarima,2.950185529826574e-83
