model_name,weigth
arima,1.451099422810886e-96
eakf_model1,1.1744706605603703e-10
eakf_model2,3.2686479654198606e-24
eakf_model3,0.999999999882553
