model_name,weigth
arima,1.1286283212964654e-40
eakf_model1,7.64611580646284e-48
eakf_model2,6.207779056802848e-12
eakf_model3,0.99999999999371
sarima,8.216426606773812e-14
