model_name,weigth
arima,3.013369505621953e-160
eakf_model1,0.9999999996117109
eakf_model2,1.0685574817930136e-42
eakf_model3,3.882890176447776e-10
