model_name,weigth
arima,8.885406583337715e-199
eakf_model1,1.8775703493717604e-40
eakf_model2,9.669456123165116e-10
eakf_model3,0.9999999990330545
sarima,4.2311888737604873e-249
