model_name,weigth
arima,4.137923263909599e-70
eakf_model1,4.5395302955644336e-11
eakf_model2,5.575687914511517e-16
eakf_model3,0.9999999999546043
