model_name,weigth
arima,9.520363632435964e-50
eakf_model1,1.7541821066357926e-49
eakf_model2,2.755656358777723e-10
eakf_model3,0.9999999997244344
