model_name,weigth
arima,2.7082453886222385e-16
eakf_model1,3.714314855766938e-21
eakf_model2,2.9242190903386544e-11
eakf_model3,0.9999999999707575
