model_name,weigth
arima,2.7743799728929643e-37
eakf_model1,0.9999999999681157
eakf_model2,3.188437205207493e-11
eakf_model3,7.107133261667574e-20
sarima,4.2556461098319635e-43
