model_name,weigth
arima,1.0851298930661958e-49
eakf_model1,0.9999999999608609
eakf_model2,1.4398223982733966e-17
eakf_model3,3.913918072138833e-11
