model_name,weigth
arima,3.3203736731899605e-35
eakf_model1,4.9045570202528896e-27
eakf_model2,2.5008470806183405e-12
eakf_model3,0.9999999999974991
