model_name,weigth
arima,1.2834136560432307e-35
eakf_model1,9.074302016214806e-21
eakf_model2,3.6191670972010984e-12
eakf_model3,0.999999999996381
