model_name,weigth
arima,7.562144556549278e-33
eakf_model1,2.7170561785915743e-32
eakf_model2,1.8243443376181596e-11
eakf_model3,0.9999999999817567
