model_name,weigth
arima,8.123380717631507e-28
eakf_model1,6.491755963803849e-16
eakf_model2,3.914638458252935e-12
eakf_model3,0.9999999999960848
