model_name,weigth
arima,3.398646443126408e-103
eakf_model1,0.9999999998181924
eakf_model2,9.13925644357016e-38
eakf_model3,1.8180757321135295e-10
