model_name,weigth
arima,5e-323
eakf_model1,0.999999993053832
eakf_model2,1.3937920300914397e-24
eakf_model3,6.946167924865542e-09
sarima,2.5e-323
