model_name,weigth
arima,3.881257558512198e-233
eakf_model1,3.7160382435582475e-121
eakf_model2,1.3256225181681031e-09
eakf_model3,0.9999999986743775
