model_name,weigth
arima,2.492382663575159e-84
eakf_model1,7.833492134787592e-51
eakf_model2,2.0263058248460864e-10
eakf_model3,0.9999999997973694
sarima,3.366195268790273e-108
