model_name,weigth
arima,1.3073646724060294e-23
eakf_model1,4.142882112344512e-16
eakf_model2,2.8568235108265562e-12
eakf_model3,0.999999999997143
