model_name,weigth
arima,1.4487402007663101e-35
eakf_model1,1.3523058953689491e-39
eakf_model2,3.4908007476856836e-12
eakf_model3,0.9999999999965091
