model_name,weigth
arima,2.0853819698409324e-40
eakf_model1,0.9999999999664704
eakf_model2,3.3529557010113125e-11
eakf_model3,2.4322957217546907e-16
sarima,4.611020666581348e-43
