model_name,weigth
arima,7.27215417084965e-45
eakf_model1,1.1608133626254493e-28
eakf_model2,2.3034184654073652e-11
eakf_model3,0.9999999999769659
