model_name,weigth
arima,7.501665951695233e-12
eakf_model1,7.30434044230973e-52
eakf_model2,1.7069567429808788e-15
eakf_model3,2.5311989889221655e-21
sarima,0.9999999999924966
