model_name,weigth
arima,7.415463317174032e-24
eakf_model1,1.4083623555192057e-32
eakf_model2,2.5239486523252246e-11
eakf_model3,0.9999999999747605
