model_name,weigth
arima,3.1352537365094316e-82
eakf_model1,0.9999999998072774
eakf_model2,1.9272260658917552e-10
eakf_model3,1.6068594340534402e-71
sarima,4.3593827364784605e-87
