model_name,weigth
arima,0.9999999999908921
eakf_model1,1.730613401239246e-43
eakf_model2,7.171620410640704e-12
eakf_model3,1.9363529330318543e-12
