model_name,weigth
arima,5.054565784846769e-12
eakf_model1,2.7106605533930263e-97
eakf_model2,3.0374075802610956e-10
eakf_model3,0.9999999996912047
