model_name,weigth
arima,4.952068679560975e-13
eakf_model1,9.974965766286406e-23
eakf_model2,1.3457221717470431e-11
eakf_model3,0.9999999999860477
