model_name,weigth
arima,2.736906930873277e-40
eakf_model1,0.9999999996935295
eakf_model2,1.8148543556668773e-10
eakf_model3,1.2498513444705252e-10
