model_name,weigth
arima,7.2428988497264725e-31
eakf_model1,1.4557161934775787e-20
eakf_model2,0.9999999999541166
eakf_model3,4.5883407807703646e-11
sarima,3.562832837036397e-36
