model_name,weigth
arima,6.142379704900188e-10
eakf_model1,3.346892044278038e-196
eakf_model2,1.326425211446946e-28
eakf_model3,0.9999999993857621
