model_name,weigth
arima,5e-323
eakf_model1,0.05321806519741036
eakf_model2,0.9467819348025898
eakf_model3,5e-323
sarima,5e-323
