model_name,weigth
arima,4.357604123774353e-222
eakf_model1,2.0886406550250913e-09
eakf_model2,0.9999999979113594
eakf_model3,4.434870709714489e-139
