model_name,weigth
arima,2.0278659793709436e-18
eakf_model1,5.2568927958449524e-21
eakf_model2,0.9999999999390615
eakf_model3,6.093857996773571e-11
sarima,5.393588994737746e-29
