model_name,weigth
arima,2.1833963830093287e-11
eakf_model1,2.369440032781301e-30
eakf_model2,1.4665043104724375e-17
eakf_model3,0.9999999999781661
