model_name,weigth
arima,6.073344291551181e-25
eakf_model1,1.204541617023889e-18
eakf_model2,4.248155300015795e-11
eakf_model3,0.9999999999575185
