model_name,weigth
arima,2.3938703092740393e-17
eakf_model1,6.268209838308764e-19
eakf_model2,1.011286678025806e-12
eakf_model3,0.9999999999989887
