model_name,weigth
arima,0.0
eakf_model1,4.4753599210301646e-200
eakf_model2,0.9999997162429953
eakf_model3,2.837570046469761e-07
