model_name,weigth
arima,0.0
eakf_model1,2.3568791195346535e-09
eakf_model2,1.2084395515096755e-37
eakf_model3,0.999999997643121
