model_name,weigth
arima,0.9999999994034515
eakf_model1,6.193806481668532e-149
eakf_model2,1.8846159424990845e-48
eakf_model3,5.965485375673324e-10
