model_name,weigth
arima,8.250465141494728e-118
eakf_model1,9.9410828862917e-15
eakf_model2,0.9999999998298981
eakf_model3,1.7009196413493384e-10
sarima,5.007636987301585e-115
