model_name,weigth
arima,2.877112711614485e-16
eakf_model1,7.097447803598247e-16
eakf_model2,6.635224420519623e-19
eakf_model3,4.546337846392454e-12
sarima,0.9999999999954526
