model_name,weigth
arima,2.225320960298517e-58
eakf_model1,0.999999999846905
eakf_model2,1.6220691123942755e-30
eakf_model3,3.295085861157953e-26
sarima,1.5309502456417475e-10
