model_name,weigth
arima,4.91737705294486e-236
eakf_model1,2.7549744325979265e-25
eakf_model2,0.9999999996203985
eakf_model3,3.796016329607196e-10
sarima,4.85433227438313e-153
