model_name,weigth
arima,0.9999999999995529
eakf_model1,2.2293128842554224e-24
eakf_model2,7.297059342127501e-18
eakf_model3,4.471456181284295e-13
