model_name,weigth
arima,0.9999999999946322
eakf_model1,2.0425871448122053e-35
eakf_model2,3.0938476286276453e-17
eakf_model3,5.367983904471334e-12
