model_name,weigth
arima,0.99999999994704
eakf_model1,4.151472071922855e-38
eakf_model2,1.8028571094193885e-24
eakf_model3,5.295994169947692e-11
