model_name,weigth
arima,1.1079831816862094e-20
eakf_model1,8.7575049264574e-13
eakf_model2,6.999154806073642e-14
eakf_model3,0.9999999999990542
