model_name,weigth
arima,6.583050639245983e-202
eakf_model1,0.9999999997474021
eakf_model2,2.525980197002286e-10
eakf_model3,1.0166251870728618e-18
sarima,2.145075461318436e-103
