model_name,weigth
arima,0.0
eakf_model1,1.3131659191202902e-10
eakf_model2,6.601491720797823e-10
eakf_model3,0.9999999992085342
