model_name,weigth
arima,1.5964238705097089e-131
eakf_model1,1.3379764870077967e-10
eakf_model2,0.9999999998662024
eakf_model3,1.32680655071912e-22
sarima,1.911397740554718e-76
