model_name,weigth
arima,5.930445260106865e-48
eakf_model1,0.9999999999708568
eakf_model2,5.1071243212727514e-12
eakf_model3,2.4036166551988562e-11
sarima,1.907519350982561e-28
