model_name,weigth
arima,0.9999999999995115
eakf_model1,3.5683216788237805e-22
eakf_model2,2.24377798445661e-14
eakf_model3,4.661583636130822e-13
