model_name,weigth
arima,1.7225471370469954e-21
eakf_model1,2.694206918573408e-27
eakf_model2,3.444932543235668e-12
eakf_model3,0.9999999999965551
