model_name,weigth
arima,1.5766991117179047e-19
eakf_model1,8.004569737614631e-15
eakf_model2,8.858143468990441e-13
eakf_model3,0.9999999999991062
