model_name,weigth
arima,4.956138102101165e-105
eakf_model1,7.700403825343533e-34
eakf_model2,0.6570626118055044
eakf_model3,0.34293738819449565
