model_name,weigth
arima,5.266329961519028e-193
eakf_model1,6.788486866608178e-58
eakf_model2,1.646975362693598e-10
eakf_model3,0.9999999998353024
