model_name,weigth
arima,5.4209540717611885e-149
eakf_model1,1.986706394800579e-13
eakf_model2,0.9999999998543809
eakf_model3,1.4542045560067784e-10
sarima,4.69455512507386e-129
