model_name,weigth
arima,1.1936715041687675e-62
eakf_model1,7.15167908555653e-24
eakf_model2,2.0665263967717594e-11
eakf_model3,0.9999999999793348
sarima,3.857857810109817e-65
