model_name,weigth
arima,6.194912973095914e-15
eakf_model1,2.791667941812486e-23
eakf_model2,0.999999999983548
eakf_model3,1.6445890329320145e-11
