model_name,weigth
arima,2.1019872833885033e-132
eakf_model1,9.123824221526517e-47
eakf_model2,6.857271705881191e-11
eakf_model3,0.9999999999314272
