model_name,weigth
arima,1.1944298184430006e-110
eakf_model1,2.2166393114095445e-41
eakf_model2,4.473325062249984e-11
eakf_model3,0.9999999999552668
