model_name,weigth
arima,2.5e-323
eakf_model1,2.5e-323
eakf_model2,0.9999999950651459
eakf_model3,4.934854056067755e-09
