model_name,weigth
arima,8.486495014464434e-152
eakf_model1,6.001172386946423e-14
eakf_model2,1.0721945920409278e-10
eakf_model3,0.9999999998927205
