model_name,weigth
arima,6.238445793804026e-244
eakf_model1,2.849592955781255e-11
eakf_model2,1.821626372105072e-43
eakf_model3,0.999999999971504
sarima,1.793190752081607e-30
