model_name,weigth
arima,1.1264023631732887e-159
eakf_model1,0.9999999999894833
eakf_model2,1.0788218162366895e-19
eakf_model3,1.051667709206648e-11
