model_name,weigth
arima,6.631173500114419e-177
eakf_model1,1.4061436752180346e-11
eakf_model2,8.098294212813513e-49
eakf_model3,1.805490300732802e-18
sarima,0.9999999999859386
