model_name,weigth
arima,3.991056518896458e-125
eakf_model1,1.213094289259323e-09
eakf_model2,0.9999999987869058
eakf_model3,2.0118336169706657e-48
sarima,3.1030827034529083e-187
