model_name,weigth
arima,0.0
eakf_model1,0.9999999997940132
eakf_model2,5.865208995342126e-185
eakf_model3,2.0598685444506219e-10
