model_name,weigth
arima,1.4630599276739088e-59
eakf_model1,0.9999999999506963
eakf_model2,4.930224067992018e-11
eakf_model3,1.4013426778602613e-15
sarima,7.45194144914815e-42
