model_name,weigth
arima,5.186126317482226e-52
eakf_model1,4.5897673366620974e-11
eakf_model2,0.9999999999541023
eakf_model3,4.52998739118393e-22
