model_name,weigth
arima,6.147036155996644e-179
eakf_model1,0.9999999999889164
eakf_model2,2.1604075931812127e-28
eakf_model3,1.1083614707946966e-11
