model_name,weigth
arima,2.6022171104371055e-182
eakf_model1,1.8012038862041888e-13
eakf_model2,2.8812822092164386e-10
eakf_model3,0.9999999997116917
sarima,0.0
