model_name,weigth
arima,2.2599823636826154e-81
eakf_model1,6.199447178052372e-11
eakf_model2,0.9999999999380054
eakf_model3,1.6604903946437785e-16
sarima,1.0504378342036022e-150
