model_name,weigth
arima,3.225531567507116e-125
eakf_model1,1.6677067756522574e-11
eakf_model2,0.9999999998920202
eakf_model3,9.130278735855926e-11
