model_name,weigth
arima,4.397828954870506e-71
eakf_model1,1.7276450530530188e-10
eakf_model2,1.83930997506898e-11
eakf_model3,0.9999999998088424
