model_name,weigth
arima,1.0310762704562332e-46
eakf_model1,5.8971751736563095e-12
eakf_model2,3.521175959746286e-15
eakf_model3,0.9999999999940994
