model_name,weigth
arima,0.0
eakf_model1,0.9999999998530458
eakf_model2,1.3536550672759845e-44
eakf_model3,1.469542263721072e-10
