model_name,weigth
arima,8.719671912443333e-40
eakf_model1,2.1265416787547467e-11
eakf_model2,4.172463945637881e-15
eakf_model3,0.9999999999787306
