model_name,weigth
arima,0.0
eakf_model1,0.999999999976417
eakf_model2,9.434329386064238e-30
eakf_model3,2.3583036638685963e-11
