model_name,weigth
arima,0.0
eakf_model1,1.6741184790470744e-07
eakf_model2,4e-323
eakf_model3,0.9999998325881521
