model_name,weigth
arima,2.014133157653069e-189
eakf_model1,0.9999999999520328
eakf_model2,1.1925252037677607e-44
eakf_model3,4.7967141956257896e-11
