model_name,weigth
arima,2.9488460111346914e-107
eakf_model1,0.9999999999699705
eakf_model2,4.929043673484729e-30
eakf_model3,3.002954626414177e-11
sarima,1.453595150537914e-140
