model_name,weigth
arima,0.0
eakf_model1,0.9999999999613421
eakf_model2,5.594764587208786e-42
eakf_model3,3.8657841148121894e-11
