model_name,weigth
arima,0.0
eakf_model1,0.9999999994650878
eakf_model2,5.349122314154943e-10
eakf_model3,6.937560720168068e-24
sarima,0.0
