model_name,weigth
arima,0.0
eakf_model1,2.13767719125934e-10
eakf_model2,1.0192965684466577e-57
eakf_model3,0.9999999997862322
sarima,0.0
