model_name,weigth
arima,0.0
eakf_model1,0.9999999996546255
eakf_model2,4.2409227020999233e-26
eakf_model3,3.453744331237623e-10
sarima,0.0
