model_name,weigth
arima,0.0
eakf_model1,0.999999998410493
eakf_model2,3.911820468542537e-38
eakf_model3,1.5895068820045545e-09
