model_name,weigth
arima,0.0
eakf_model1,0.9999999992400481
eakf_model2,4.8009776101758485e-27
eakf_model3,7.599518621061098e-10
