model_name,weigth
arima,0.0
eakf_model1,4.2589531765280575e-08
eakf_model2,4e-323
eakf_model3,0.9999999574104682
