model_name,weigth
arima,0.0
eakf_model1,9.941883739946744e-11
eakf_model2,7.135183401829932e-33
eakf_model3,0.9999999999005811
sarima,0.0
