model_name,weigth
arima,0.0
eakf_model1,1.6300870045027058e-10
eakf_model2,3.561465107461752e-77
eakf_model3,0.9999999998369914
