model_name,weigth
arima,0.0
eakf_model1,1.4944645207806522e-09
eakf_model2,4.988066815172824e-141
eakf_model3,0.9999999985055353
