model_name,weigth
arima,0.0
eakf_model1,0.999999996310679
eakf_model2,1.8617512409148688e-23
eakf_model3,3.6893209208402362e-09
sarima,0.0
