model_name,weigth
arima,0.0
eakf_model1,3.3124300598272994e-10
eakf_model2,0.999999999668757
eakf_model3,1.1342916140166455e-75
