model_name,weigth
arima,5.661232561863712e-214
eakf_model1,0.9999999998612028
eakf_model2,1.669546299836809e-46
eakf_model3,1.3879718376220755e-10
sarima,0.0
