model_name,weigth
arima,7.546997729254601e-149
eakf_model1,0.9999999999864888
eakf_model2,1.3511095824815176e-11
eakf_model3,1.422413486158579e-23
