model_name,weigth
arima,1.8850444705533338e-263
eakf_model1,1.3021987409923397e-10
eakf_model2,3.903354562272945e-80
eakf_model3,0.9999999998697802
