model_name,weigth
arima,5.818441587443461e-51
eakf_model1,0.9999999999959059
eakf_model2,4.09388277342864e-12
eakf_model3,1.6284588240390294e-16
