model_name,weigth
arima,9.379331923615675e-258
eakf_model1,0.9999999996962928
eakf_model2,9.676556643598224e-78
eakf_model3,3.037071974565185e-10
sarima,0.0
