model_name,weigth
arima,2.794075185677427e-274
eakf_model1,1.1727969287694254e-10
eakf_model2,7.524873402993906e-86
eakf_model3,0.9999999998827203
