model_name,weigth
arima,6.910018259422482e-63
eakf_model1,0.9999999999952921
eakf_model2,4.707897683404444e-12
eakf_model3,1.5342340192516658e-17
