model_name,weigth
arima,0.0
eakf_model1,0.9999999977277995
eakf_model2,7.695001053524379e-34
eakf_model3,2.2722005535474024e-09
