model_name,weigth
arima,3.5e-323
eakf_model1,2.466206010229236e-08
eakf_model2,8e-323
eakf_model3,0.9999999753379398
sarima,0.0
