model_name,weigth
arima,3.406366433552502e-67
eakf_model1,0.9999999999960181
eakf_model2,3.981956590261831e-12
eakf_model3,5.0026495705171304e-17
