model_name,weigth
arima,0.0
eakf_model1,1.922050504146001e-08
eakf_model2,2.63986063e-316
eakf_model3,0.9999999807794949
