model_name,weigth
arima,1.2762346798336138e-234
eakf_model1,6.754180622822854e-11
eakf_model2,3.427994572825703e-38
eakf_model3,0.9999999999324583
sarima,1.2762346798336138e-234
