model_name,weigth
arima,6.622007983337298e-78
eakf_model1,0.9999999999930755
eakf_model2,4.1611005475669647e-14
eakf_model3,6.8827712625459324e-12
