model_name,weigth
arima,0.0
eakf_model1,8.854253797659419e-09
eakf_model2,0.9999999911457461
eakf_model3,2.8470192666242668e-92
sarima,0.0
