model_name,weigth
arima,0.0
eakf_model1,0.9999998237638923
eakf_model2,1.63e-322
eakf_model3,1.7623610759019525e-07
