model_name,weigth
arima,0.0
eakf_model1,1.3672754739390983e-10
eakf_model2,3.4179159024758977e-50
eakf_model3,0.9999999998632724
