model_name,weigth
arima,0.0
eakf_model1,0.9999999998973442
eakf_model2,7.642004838640032e-11
eakf_model3,2.6235676768120408e-11
sarima,0.0
