model_name,weigth
arima,3.0127654374598227e-146
eakf_model1,4.6027534660044614e-11
eakf_model2,1.3799977468044612e-26
eakf_model3,0.9999999999539724
sarima,3.0127654374598227e-146
