model_name,weigth
arima,0.0
eakf_model1,0.9999999998586022
eakf_model2,6.387057052643691e-11
eakf_model3,7.752722326958642e-11
