model_name,weigth
arima,2.7919509450828776e-199
eakf_model1,7.657033702818135e-11
eakf_model2,6.044110416176987e-38
eakf_model3,0.9999999999234296
sarima,2.7919509450828776e-199
