model_name,weigth
arima,0.0
eakf_model1,1.2149848375705672e-10
eakf_model2,6.538648824008755e-33
eakf_model3,0.9999999998785015
sarima,0.0
