model_name,weigth
arima,8.648717161663096e-146
eakf_model1,2.3451309315368887e-11
eakf_model2,1.960463256635638e-23
eakf_model3,0.9999999999765488
