model_name,weigth
arima,1.5448090672791472e-41
eakf_model1,0.9999999999960563
eakf_model2,3.8834806970808295e-12
eakf_model3,6.030699604769497e-14
