model_name,weigth
arima,0.0
eakf_model1,0.9999999325798674
eakf_model2,1.1e-322
eakf_model3,6.742013254029887e-08
