model_name,weigth
arima,1.196031371232879e-137
eakf_model1,5.0754313031471024e-11
eakf_model2,2.298420744529458e-16
eakf_model3,0.9999999999492454
sarima,1.1333632932730838e-127
