model_name,weigth
arima,0.0
eakf_model1,3.4319827679331643e-10
eakf_model2,8.276959237999426e-46
eakf_model3,0.9999999996568016
