model_name,weigth
arima,2e-323
eakf_model1,9.354629528481942e-62
eakf_model2,1.2106341443523427e-08
eakf_model3,0.9999999878936585
sarima,2e-323
