model_name,weigth
arima,0.0
eakf_model1,0.9999999965398154
eakf_model2,3.46018457664219e-09
eakf_model3,2.6010352373628414e-25
sarima,0.0
