model_name,weigth
arima,2e-323
eakf_model1,0.9999999939284216
eakf_model2,6.959924459322673e-30
eakf_model3,6.071578272641366e-09
sarima,0.0
