model_name,weigth
arima,0.0
eakf_model1,1.5865224801891618e-09
eakf_model2,4.2524253038774604e-57
eakf_model3,0.9999999984134775
sarima,0.0
