model_name,weigth
arima,0.0
eakf_model1,9.039418973622884e-10
eakf_model2,1.9241573639619983e-65
eakf_model3,0.9999999990960581
