model_name,weigth
arima,0.0
eakf_model1,2.341985973982206e-10
eakf_model2,0.9999999997658013
eakf_model3,2.6041433028021444e-19
sarima,0.0
