model_name,weigth
arima,0.0
eakf_model1,8.514667477134228e-07
eakf_model2,1.14e-322
eakf_model3,0.9999991485332522
sarima,0.0
