model_name,weigth
arima,0.0
eakf_model1,0.9999999998579592
eakf_model2,4.159961796832085e-76
eakf_model3,1.4204098253093127e-10
