model_name,weigth
arima,2.0199727774620705e-184
eakf_model1,8.343018384348777e-11
eakf_model2,1.64555544531881e-28
eakf_model3,0.9999999999165697
sarima,7.348052232298676e-160
