model_name,weigth
arima,0.0
eakf_model1,0.9999999996618507
eakf_model2,2.132000160982901e-105
eakf_model3,3.3814925814925635e-10
