model_name,weigth
arima,1.303424170901031e-285
eakf_model1,0.9999999999553513
eakf_model2,1.2366793007069003e-49
eakf_model3,4.4648657899857395e-11
