model_name,weigth
arima,0.0
eakf_model1,9.977179988738587e-10
eakf_model2,9.813285659969694e-77
eakf_model3,0.9999999990022821
sarima,0.0
