model_name,weigth
arima,1.8792713506596993e-216
eakf_model1,0.9999999999709696
eakf_model2,1.3780344859679074e-30
eakf_model3,2.903053347908505e-11
