model_name,weigth
arima,0.0
eakf_model1,0.9999999998099935
eakf_model2,6.464878864757034e-66
eakf_model3,1.9000648732905655e-10
