model_name,weigth
arima,3.4917382621577823e-227
eakf_model1,0.9999999999730502
eakf_model2,6.38906146530887e-45
eakf_model3,2.6949813501640425e-11
