model_name,weigth
arima,4.192676056080277e-174
eakf_model1,4.000190679037948e-11
eakf_model2,3.8721384600829e-26
eakf_model3,0.9999999999599981
