model_name,weigth
arima,0.0
eakf_model1,3.714042802812068e-10
eakf_model2,7.138156055863539e-71
eakf_model3,0.9999999996285958
sarima,0.0
