model_name,weigth
arima,1.18686628095e-312
eakf_model1,5.958468003396347e-11
eakf_model2,0.9999999999160897
eakf_model3,2.43255658907546e-11
sarima,0.0
