model_name,weigth
arima,2e-323
eakf_model1,5.451095014449936e-10
eakf_model2,9.532338575515704e-63
eakf_model3,0.9999999994548905
sarima,0.0
