model_name,weigth
arima,0.0
eakf_model1,0.9999999997136289
eakf_model2,6.8806027004566195e-84
eakf_model3,2.863710826349603e-10
