model_name,weigth
arima,0.0
eakf_model1,0.9999999999474182
eakf_model2,5.2581840986795015e-11
eakf_model3,3.8711635227951566e-18
sarima,0.0
