model_name,weigth
arima,3.354652929496419e-255
eakf_model1,0.9999999999870303
eakf_model2,1.2969766382975338e-11
eakf_model3,2.379011480700376e-25
