model_name,weigth
arima,0.0
eakf_model1,3.4357282717616407e-23
eakf_model2,0.9999999998539393
eakf_model3,1.46060688330591e-10
