model_name,weigth
arima,8.184913420009827e-95
eakf_model1,7.346646727578772e-14
eakf_model2,1.1345014702548004e-12
eakf_model3,0.9999999999987921
