model_name,weigth
arima,2e-323
eakf_model1,0.9999999977800419
eakf_model2,3.584294695861763e-164
eakf_model3,2.2199581589455332e-09
sarima,0.0
