model_name,weigth
arima,0.0
eakf_model1,8.827299814493428e-09
eakf_model2,3.209232083411257e-207
eakf_model3,0.9999999911727001
