model_name,weigth
arima,0.0
eakf_model1,2.0338329577250378e-11
eakf_model2,3.3022415174251257e-10
eakf_model3,0.9999999996494374
