model_name,weigth
arima,2.7251138337592333e-256
eakf_model1,1.8645902452488053e-10
eakf_model2,1.9256294750232188e-56
eakf_model3,0.9999999998135409
sarima,4.820839828553167e-218
