model_name,weigth
arima,2.7704809412003905e-87
eakf_model1,2.283729722649822e-16
eakf_model2,1.540894510140061e-12
eakf_model3,0.9999999999984589
