model_name,weigth
arima,0.0
eakf_model1,7.687682533203188e-11
eakf_model2,8.363878592223359e-49
eakf_model3,0.9999999999231232
