model_name,weigth
arima,0.0
eakf_model1,9.413562479096538e-10
eakf_model2,0.9999999990586437
eakf_model3,2.32916101321431e-187
