model_name,weigth
arima,4.213916339713173e-242
eakf_model1,0.9999999999606806
eakf_model2,7.88023822089313e-16
eakf_model3,3.9318700599110205e-11
sarima,1.1176302426069578e-250
