model_name,weigth
arima,4.454546022856215e-155
eakf_model1,0.9999999999863373
eakf_model2,1.3662636894209498e-11
eakf_model3,9.437813909756456e-23
sarima,1.0602070438042115e-128
