model_name,weigth
arima,3.499367173224529e-298
eakf_model1,9.368198302554807e-12
eakf_model2,0.9999999999906312
eakf_model3,5.714996087639847e-16
