model_name,weigth
arima,1.2384255966186294e-54
eakf_model1,0.9999999999969387
eakf_model2,9.563031299604901e-13
eakf_model3,2.1050079751849267e-12
sarima,3.473114334709585e-31
