model_name,weigth
arima,0.0
eakf_model1,0.9999999999725473
eakf_model2,2.7451880898982755e-11
eakf_model3,8.052855334468622e-16
