model_name,weigth
arima,1.1303256908497234e-195
eakf_model1,6.448766300785069e-12
eakf_model2,2.1807273339002284e-15
eakf_model3,0.9999999999935489
