model_name,weigth
arima,0.0
eakf_model1,0.999999999787283
eakf_model2,2.127169871706213e-10
eakf_model3,2.5370062534940006e-25
sarima,0.0
