model_name,weigth
arima,0.0
eakf_model1,0.8484398589995933
eakf_model2,1.0050890438969758e-72
eakf_model3,0.1515601410004068
