model_name,weigth
arima,8.687837284354482e-94
eakf_model1,0.9999999999935727
eakf_model2,6.427295737907243e-12
eakf_model3,5.258483040415138e-19
sarima,5.970298484476046e-67
