model_name,weigth
arima,1.1419216637546891e-65
eakf_model1,0.999999999994933
eakf_model2,1.3107803268337065e-18
eakf_model3,5.066977562053647e-12
