model_name,weigth
arima,7.558383809313264e-227
eakf_model1,0.9999999999907997
eakf_model2,9.200284970585399e-12
eakf_model3,6.839528960480081e-38
