model_name,weigth
arima,8.69010609763826e-126
eakf_model1,0.9999999999931126
eakf_model2,6.887398833883326e-12
eakf_model3,1.8410983550147837e-21
