model_name,weigth
arima,2.8296935931629635e-153
eakf_model1,0.9999999999262885
eakf_model2,1.0480842318794238e-40
eakf_model3,7.371148590505828e-11
sarima,2.516262992107005e-80
