model_name,weigth
arima,2.7801010808884944e-142
eakf_model1,0.9999999998996906
eakf_model2,7.095837053447784e-14
eakf_model3,1.0023849166406985e-10
