model_name,weigth
arima,3e-323
eakf_model1,2.082009827122642e-09
eakf_model2,0.9999999979179902
eakf_model3,1.0482618513936995e-77
