model_name,weigth
arima,1.8389168651579605e-12
eakf_model1,0.9999999999981611
eakf_model2,1.554962206856352e-25
eakf_model3,1.7925685734190668e-18
