model_name,weigth
arima,7.075356923804406e-104
eakf_model1,0.9999999999782558
eakf_model2,5.835160206097207e-17
eakf_model3,2.1744136522301023e-11
