model_name,weigth
arima,2e-323
eakf_model1,3.443803603505064e-09
eakf_model2,4.142670487919759e-153
eakf_model3,0.9999999965561963
sarima,4e-323
