model_name,weigth
arima,0.0
eakf_model1,0.999999999100174
eakf_model2,8.998258905197796e-10
eakf_model3,2.2430634466336214e-70
