model_name,weigth
arima,4.964059417317872e-19
eakf_model1,0.9999999999989666
eakf_model2,8.466487864141717e-13
eakf_model3,1.86723884200744e-13
