model_name,weigth
arima,1.1767605430209875e-212
eakf_model1,0.9999999999642375
eakf_model2,3.281454526098824e-12
eakf_model3,3.248113599595972e-11
