model_name,weigth
arima,4e-323
eakf_model1,0.32227388608790325
eakf_model2,8e-323
eakf_model3,0.6777261139120967
sarima,4e-323
