model_name,weigth
arima,1.7193159966573803e-104
eakf_model1,4.0714971846773304e-11
eakf_model2,0.999999999959285
eakf_model3,4.065574226725798e-26
