model_name,weigth
arima,0.0
eakf_model1,0.9999999999072262
eakf_model2,8.416491696736318e-19
eakf_model3,9.277382267561556e-11
