model_name,weigth
arima,1.1879057699081097e-12
eakf_model1,0.9999999999988121
eakf_model2,2.0872783924843738e-23
eakf_model3,4.3769388938334045e-17
