model_name,weigth
arima,1.1143968573006872e-193
eakf_model1,0.9999999999190743
eakf_model2,5.575055158648353e-52
eakf_model3,8.092570539962421e-11
