model_name,weigth
arima,2.0263274773844587e-274
eakf_model1,0.9999999998964221
eakf_model2,2.4481926831107125e-21
eakf_model3,1.0357794967988357e-10
sarima,1.3688579769012326e-156
