model_name,weigth
arima,5.320074527156011e-94
eakf_model1,0.9999999999237095
eakf_model2,7.596482694161022e-11
eakf_model3,3.258064307833345e-13
