model_name,weigth
arima,1.0312520666961466e-124
eakf_model1,0.9999999999833815
eakf_model2,6.156112409611977e-12
eakf_model3,1.0462489884763974e-11
