model_name,weigth
arima,2.023925306666835e-103
eakf_model1,5.967570924048162e-12
eakf_model2,4.628309809356112e-20
eakf_model3,0.9999999999940324
