model_name,weigth
arima,4.7746091270394073e-163
eakf_model1,5.267677362167964e-19
eakf_model2,1.6716555160428497e-11
eakf_model3,0.9999999999832834
