model_name,weigth
arima,1.5111503774037532e-12
eakf_model1,0.9999999999984888
eakf_model2,1.66906301784516e-24
eakf_model3,5.7404492041946395e-21
