model_name,weigth
arima,3.6316529738934657e-13
eakf_model1,0.9999999999993772
eakf_model2,1.0624890593598204e-15
eakf_model3,2.586788966833873e-13
