model_name,weigth
arima,0.0
eakf_model1,0.9999999995948772
eakf_model2,4.0512269637630447e-10
eakf_model3,2.3624728964194425e-25
