model_name,weigth
arima,1.0305464719265329e-119
eakf_model1,1.6827190866947968e-14
eakf_model2,9.072561103766007e-12
eakf_model3,0.9999999999909106
