model_name,weigth
arima,0.0
eakf_model1,1.276344023955732e-09
eakf_model2,0.999999998723656
eakf_model3,1.0494800373438443e-60
