model_name,weigth
arima,0.0
eakf_model1,0.9997219405644973
eakf_model2,3.95e-322
eakf_model3,0.0002780594355025772
