model_name,weigth
arima,2.457515517723448e-22
eakf_model1,0.9999999999993264
eakf_model2,1.1906706401733655e-23
eakf_model3,6.735498218513155e-13
