model_name,weigth
arima,0.0
eakf_model1,1.8767582184602327e-10
eakf_model2,9.885048733452337e-25
eakf_model3,0.9999999998123241
