model_name,weigth
arima,0.0
eakf_model1,0.9999999978167888
eakf_model2,2.1827986144310905e-09
eakf_model3,4.124956879772541e-13
