model_name,weigth
arima,2e-323
eakf_model1,2.2778348602358108e-10
eakf_model2,0.9999999997722164
eakf_model3,4.1478876502808484e-38
sarima,3.2806382965076346e-246
