model_name,weigth
arima,9.205123030716782e-24
eakf_model1,0.9999999999988616
eakf_model2,9.587340317228262e-23
eakf_model3,1.1385037342565798e-12
