model_name,weigth
arima,5.992178827885545e-287
eakf_model1,0.9999999998732081
eakf_model2,1.267920402619813e-10
eakf_model3,1.775389829976352e-17
sarima,7.812096779064209e-271
