model_name,weigth
arima,1.6969726475286808e-116
eakf_model1,1.1735475529767938e-17
eakf_model2,1.3132937431267282e-11
eakf_model3,0.9999999999868671
sarima,4.1592767128108865e-74
