model_name,weigth
arima,5.5231797458200417e-36
eakf_model1,0.9999999999984982
eakf_model2,1.3991006087401878e-18
eakf_model3,1.5018979250729988e-12
