model_name,weigth
arima,1.4952697419095868e-206
eakf_model1,4.032067344369214e-11
eakf_model2,1.4693260525291442e-12
eakf_model3,0.99999999995821
sarima,1.3301305549038724e-170
