model_name,weigth
arima,1.7081415979703882e-94
eakf_model1,8.78409383825006e-12
eakf_model2,7.436075880270485e-16
eakf_model3,0.9999999999912151
sarima,1.0131264768599721e-64
