model_name,weigth
arima,8.68683454897851e-21
eakf_model1,0.9999999999994478
eakf_model2,9.169942073530557e-23
eakf_model3,5.521920030040107e-13
