model_name,weigth
arima,1.6608751568276538e-223
eakf_model1,0.9999999997160323
eakf_model2,2.1132577460609313e-14
eakf_model3,2.8394664244922406e-10
sarima,1.3962137502262484e-212
