model_name,weigth
arima,1.357391935555643e-166
eakf_model1,1.0197265073375296e-10
eakf_model2,9.671577882276478e-21
eakf_model3,0.9999999998980272
sarima,7.207245192575139e-161
