model_name,weigth
arima,8.233062984655979e-98
eakf_model1,7.0548037338379506e-12
eakf_model2,1.5032581671223213e-11
eakf_model3,0.9999999999779126
