model_name,weigth
arima,3.1385787e-317
eakf_model1,1.1923324377120326e-57
eakf_model2,0.9999999999546034
eakf_model3,4.53966307925074e-11
