model_name,weigth
arima,0.0
eakf_model1,7.03686224923621e-09
eakf_model2,2.0239516710023545e-29
eakf_model3,0.9999999929631378
