model_name,weigth
arima,1.0000635732448765e-146
eakf_model1,1.5396406897673346e-24
eakf_model2,0.9999999999315913
eakf_model3,6.840870859352832e-11
sarima,5.1036671634024916e-18
