model_name,weigth
arima,1.2360329419760137e-125
eakf_model1,4.1875387142545055e-18
eakf_model2,5.032015522030461e-11
eakf_model3,0.9999999999496798
sarima,5.798075087371164e-45
