model_name,weigth
arima,7.337887244721704e-148
eakf_model1,9.113732541165201e-11
eakf_model2,1.004915843826553e-11
eakf_model3,0.9999999998988135
sarima,5.2997206680003595e-83
