model_name,weigth
arima,0.0
eakf_model1,2.034394922568714e-49
eakf_model2,0.9999999999529019
eakf_model3,4.709806186573064e-11
