model_name,weigth
arima,1.4828114614736093e-245
eakf_model1,2.4223738403849007e-40
eakf_model2,0.9999999999778271
eakf_model3,2.217298136176947e-11
