model_name,weigth
arima,2.2531736418979298e-92
eakf_model1,6.6974488503135306e-12
eakf_model2,3.0087253302741e-26
eakf_model3,0.9999999999933027
