model_name,weigth
arima,5.794339700935842e-90
eakf_model1,7.461289611688436e-12
eakf_model2,4.96555050250388e-22
eakf_model3,0.9999999999925386
sarima,8.656164590858811e-67
