model_name,weigth
arima,2.726026669920681e-103
eakf_model1,2.3747621707694895e-11
eakf_model2,9.908428890107199e-20
eakf_model3,0.9999999999762524
sarima,9.309963638516407e-97
