model_name,weigth
arima,0.0
eakf_model1,1.5103290245572054e-97
eakf_model2,0.9999999998089119
eakf_model3,1.9108811845807708e-10
