model_name,weigth
arima,2.4234918673450203e-90
eakf_model1,1.1543500934908441e-11
eakf_model2,4.1244865831265244e-24
eakf_model3,0.9999999999884565
sarima,1.2873411616763587e-83
