model_name,weigth
arima,1.4049828608964871e-279
eakf_model1,3.176306691467471e-10
eakf_model2,8.327644395632884e-15
eakf_model3,0.9999999996823611
