model_name,weigth
arima,0.0
eakf_model1,4e-323
eakf_model2,0.999999996860369
eakf_model3,3.13963103904914e-09
