model_name,weigth
arima,7.527531660414024e-163
eakf_model1,1.4966903511318147e-37
eakf_model2,0.999999999961867
eakf_model3,3.8133023324171315e-11
