model_name,weigth
arima,0.0
eakf_model1,8.658384695480452e-101
eakf_model2,0.9999999998382278
eakf_model3,1.617721913615326e-10
