model_name,weigth
arima,3.8192356031747713e-81
eakf_model1,5.871970132882352e-12
eakf_model2,8.491234958019444e-24
eakf_model3,0.999999999994128
sarima,3.929136120585908e-68
