model_name,weigth
arima,0.0
eakf_model1,6.701673882219014e-74
eakf_model2,0.9999999998811818
eakf_model3,1.188182100825914e-10
