model_name,weigth
arima,0.0
eakf_model1,7.180393231372767e-09
eakf_model2,3.250079501363682e-190
eakf_model3,0.9999999928196067
