model_name,weigth
arima,2.2229378883940948e-223
eakf_model1,6.36916615903082e-61
eakf_model2,9.779580391866178e-11
eakf_model3,0.9999999999022042
