model_name,weigth
arima,0.0
eakf_model1,1.9626296579783244e-08
eakf_model2,8.035753168872729e-20
eakf_model3,0.9999999803737034
