model_name,weigth
arima,1.5732386519840722e-78
eakf_model1,3.2070378952402146e-21
eakf_model2,1.1455134777162607e-11
eakf_model3,0.9999999999885448
sarima,2.99642844969068e-20
