model_name,weigth
arima,4.962112885349707e-89
eakf_model1,1.227405085429414e-15
eakf_model2,9.187243232665473e-12
eakf_model3,0.9999999999908115
