model_name,weigth
arima,0.0
eakf_model1,6.117487835749268e-91
eakf_model2,4.27186148536414e-10
eakf_model3,0.9999999995728138
