model_name,weigth
arima,4.291466274816517e-88
eakf_model1,4.0819815858227336e-17
eakf_model2,1.31629607798083e-11
eakf_model3,0.999999999986837
sarima,7.743278111438862e-32
