model_name,weigth
arima,1.7973759742139805e-284
eakf_model1,9.156279636042525e-55
eakf_model2,1.5701372586206645e-10
eakf_model3,0.9999999998429863
