model_name,weigth
arima,0.0
eakf_model1,1.0259966866630693e-103
eakf_model2,1.151998388750003e-09
eakf_model3,0.9999999988480016
