model_name,weigth
arima,6.067481091037962e-209
eakf_model1,1.3185540726427185e-42
eakf_model2,8.772609473435478e-11
eakf_model3,0.9999999999122738
