model_name,weigth
arima,1.812692746067028e-200
eakf_model1,3.6899777716107783e-37
eakf_model2,6.473489393479701e-11
eakf_model3,0.9999999999352651
