model_name,weigth
arima,1.165251805195236e-250
eakf_model1,0.999999999866605
eakf_model2,7.021833243013169e-23
eakf_model3,1.3339493263040757e-10
