model_name,weigth
arima,2.4243614931457943e-278
eakf_model1,2.499579324421264e-10
eakf_model2,2.455004247530824e-46
eakf_model3,0.9999999997500422
sarima,4.618528756218346e-173
