model_name,weigth
arima,2.953035373880354e-44
eakf_model1,3.245908583992951e-12
eakf_model2,4.151708981317499e-14
eakf_model3,0.9999999999967126
