model_name,weigth
arima,3.893149583659352e-131
eakf_model1,6.149302558322355e-11
eakf_model2,3.273942476483053e-12
eakf_model3,0.999999999935233
sarima,4.104346431720661e-101
