model_name,weigth
arima,4.868927073486988e-141
eakf_model1,3.12689122613411e-11
eakf_model2,9.65674047768367e-17
eakf_model3,0.999999999968731
