model_name,weigth
arima,1.5152046559141663e-63
eakf_model1,1.0579608607387979e-11
eakf_model2,6.602282139555119e-14
eakf_model3,0.9999999999893543
sarima,7.593951534162622e-44
