model_name,weigth
arima,6.155754778547396e-40
eakf_model1,2.366091916127107e-13
eakf_model2,1.4069589697940176e-12
eakf_model3,0.9999999999983564
