model_name,weigth
arima,1.1126719979759897e-112
eakf_model1,3.409135982740807e-26
eakf_model2,0.9999999999371708
eakf_model3,6.28292249769479e-11
