model_name,weigth
arima,2.346995262454771e-59
eakf_model1,3.2659130899091865e-11
eakf_model2,0.9999999999673409
eakf_model3,2.2175558210240975e-42
