model_name,weigth
arima,2.6487312099255203e-156
eakf_model1,3.948694724827682e-46
eakf_model2,8.389086714647444e-11
eakf_model3,0.9999999999161091
