model_name,weigth
arima,2.440767908681236e-205
eakf_model1,1.618148014958072e-80
eakf_model2,0.9999999999080839
eakf_model3,9.19161931800905e-11
sarima,2.5965960378473328e-45
