model_name,weigth
arima,0.0
eakf_model1,7.012235906498025e-175
eakf_model2,0.999999999616462
eakf_model3,3.8353800654284405e-10
