model_name,weigth
arima,1.8848474603049694e-110
eakf_model1,2.006579672214391e-34
eakf_model2,2.1350887877681812e-11
eakf_model3,0.9999999999786492
