model_name,weigth
arima,1.3177420132221072e-63
eakf_model1,1.3438711523720913e-11
eakf_model2,0.9999999999865612
eakf_model3,3.880455319580365e-24
