model_name,weigth
arima,9.899903302508756e-300
eakf_model1,2.6267600326083785e-113
eakf_model2,0.9999999997068711
eakf_model3,2.931288798272579e-10
sarima,1.891177776066165e-61
