model_name,weigth
arima,3.874078594732072e-226
eakf_model1,1.5714639765207958e-10
eakf_model2,2.828623200256359e-16
eakf_model3,0.9999999998428533
