model_name,weigth
arima,2.2703402780019646e-91
eakf_model1,0.9999999999723834
eakf_model2,2.3803874005519354e-11
eakf_model3,3.8127016920539615e-12
