model_name,weigth
arima,3.024977038905271e-87
eakf_model1,1.8537018858742305e-11
eakf_model2,0.9999999999814545
eakf_model3,8.410785953065515e-15
