model_name,weigth
arima,2.7914900606423156e-123
eakf_model1,1.793929299174464e-36
eakf_model2,4.0890052861679955e-11
eakf_model3,0.9999999999591098
sarima,8.424446947962341e-31
