model_name,weigth
arima,5.1313855938994035e-213
eakf_model1,1.4083692548055566e-78
eakf_model2,0.9999999999003317
eakf_model3,9.966833586492047e-11
