model_name,weigth
arima,7.188461573183766e-253
eakf_model1,4.7124662688433954e-67
eakf_model2,4.045175061818145e-10
eakf_model3,0.9999999995954825
sarima,1.0230589439970674e-95
