model_name,weigth
arima,1.4269164126004925e-49
eakf_model1,1.915281698064874e-11
eakf_model2,0.9999999999808458
eakf_model3,1.4368826438618501e-15
sarima,9.85196399956997e-46
