model_name,weigth
arima,1.2470767414008676e-130
eakf_model1,1.6608158814807325e-29
eakf_model2,0.9999999998646398
eakf_model3,1.3536029342968566e-10
sarima,1.316484880896437e-78
