model_name,weigth
arima,2e-323
eakf_model1,0.628275756612258
eakf_model2,4.784023114820724e-09
eakf_model3,0.37172423860371884
sarima,4e-323
