model_name,weigth
arima,4.122678783091023e-76
eakf_model1,3.5547419589844554e-11
eakf_model2,0.9999999999644525
eakf_model3,1.7986047474004643e-49
