model_name,weigth
arima,3.5939635886033784e-57
eakf_model1,1.9056660045572696e-11
eakf_model2,0.9999999999809414
eakf_model3,2.0429712674296126e-15
