model_name,weigth
arima,7.866794786224918e-114
eakf_model1,0.9999999999349933
eakf_model2,6.500662884872192e-11
eakf_model3,3.5516822384412107e-29
