model_name,weigth
arima,3.5e-323
eakf_model1,0.9999999374989517
eakf_model2,6.250104829919881e-08
eakf_model3,8e-323
