model_name,weigth
arima,1.713873005448146e-64
eakf_model1,5.689292240874394e-79
eakf_model2,1.1148260860889591e-11
eakf_model3,0.9999999999888517
