model_name,weigth
arima,1.4679369984088975e-226
eakf_model1,2.9980518747590747e-10
eakf_model2,0.9999999997001948
eakf_model3,2.340568967205407e-131
