model_name,weigth
arima,5.3156952472942975e-55
eakf_model1,1.400804306217789e-11
eakf_model2,0.9999999999859919
eakf_model3,6.926155997156364e-17
