model_name,weigth
arima,1.7338205214277082e-144
eakf_model1,0.9999999998895505
eakf_model2,1.1044952777312088e-10
eakf_model3,3.5655521127625036e-91
