model_name,weigth
arima,8.074889315869436e-34
eakf_model1,1.3432440500228104e-11
eakf_model2,0.9999999999865675
eakf_model3,6.1007158532778705e-24
