model_name,weigth
arima,6.983375727734416e-35
eakf_model1,0.9999999999872359
eakf_model2,1.276363721004025e-11
eakf_model3,7.715265828624868e-18
sarima,5.271740565575821e-16
