model_name,weigth
arima,1.1787830911115105e-37
eakf_model1,0.9999999999933857
eakf_model2,6.61435338428219e-12
eakf_model3,1.9285994232559833e-22
