model_name,weigth
arima,1.693954383671517e-201
eakf_model1,4.0008303461310054e-10
eakf_model2,0.9999999995999169
eakf_model3,4.045562638371536e-53
sarima,8.588459563688716e-160
