model_name,weigth
arima,1.1858384577389046e-77
eakf_model1,0.9999999999652562
eakf_model2,3.474369569250343e-11
eakf_model3,1.87297944716762e-43
sarima,7.524578115882162e-72
