model_name,weigth
arima,9.81873651119934e-48
eakf_model1,3.1267536798818514e-54
eakf_model2,9.963369155197354e-12
eakf_model3,0.9999999999900366
