model_name,weigth
arima,2.954644905001946e-74
eakf_model1,0.9999999999789775
eakf_model2,2.1022601963245074e-11
eakf_model3,2.635946840272526e-38
