model_name,weigth
arima,4.6280391981670767e-38
eakf_model1,2.0391948976480348e-11
eakf_model2,0.9999999999796081
eakf_model3,3.664390982599021e-33
