model_name,weigth
arima,7.844852122538395e-38
eakf_model1,6.488676284100265e-27
eakf_model2,9.769015021527746e-12
eakf_model3,0.9999999999902309
