model_name,weigth
arima,4.528960303037643e-56
eakf_model1,2.1396304409204986e-11
eakf_model2,0.9999999999786037
eakf_model3,1.6903329183785642e-42
