model_name,weigth
arima,2.3248245608276173e-56
eakf_model1,6.16248670993824e-11
eakf_model2,0.9999999999383751
eakf_model3,5.751985346384664e-43
