model_name,weigth
arima,2.5358640031966477e-49
eakf_model1,0.9999999999821994
eakf_model2,1.7800707168028087e-11
eakf_model3,3.886037466334338e-30
sarima,4.034650614679461e-39
