model_name,weigth
arima,2.166566992156262e-65
eakf_model1,1.573171828289135e-50
eakf_model2,4.093269900080995e-22
eakf_model3,2.7670903313952667e-11
sarima,0.9999999999723291
