model_name,weigth
arima,5.240857460414711e-95
eakf_model1,0.9999999999325665
eakf_model2,6.74334465621534e-11
eakf_model3,1.917870637340949e-60
sarima,1.815286552459243e-98
