model_name,weigth
arima,2.2517021038100358e-132
eakf_model1,3.1434809909472146e-15
eakf_model2,2.0616173801120332e-24
eakf_model3,3.384814314531088e-10
sarima,0.9999999996615154
