model_name,weigth
arima,2.4900665809806646e-48
eakf_model1,3.8731271339151956e-11
eakf_model2,0.9999999999612686
eakf_model3,4.9748743569542714e-46
