model_name,weigth
arima,2.1843258880774133e-52
eakf_model1,2.4847866412993088e-11
eakf_model2,0.9999999999751521
eakf_model3,1.146970750873459e-40
