model_name,weigth
arima,1.348567818351149e-76
eakf_model1,4.130743012650642e-11
eakf_model2,0.9999999999586926
eakf_model3,2.416309180637907e-62
