model_name,weigth
arima,1.9798509197079363e-90
eakf_model1,1.4586831364128015e-25
eakf_model2,0.9999999999618064
eakf_model3,3.819363295172272e-11
sarima,3.7211805111863884e-33
