model_name,weigth
arima,3.727291693732504e-308
eakf_model1,2.3198690502913544e-09
eakf_model2,0.9999999976801308
eakf_model3,3.1850608013992832e-86
