model_name,weigth
arima,2.59636815935966e-198
eakf_model1,9.037412292628858e-183
eakf_model2,2.126912280692971e-09
eakf_model3,0.9999999978730878
sarima,2.3970366970327404e-219
