model_name,weigth
arima,2.1559153687575186e-40
eakf_model1,1.571492386350024e-38
eakf_model2,2.09999835524678e-12
eakf_model3,0.9999999999978999
