model_name,weigth
arima,1.975075326964159e-45
eakf_model1,4.333010923591553e-32
eakf_model2,4.033480477204415e-12
eakf_model3,0.9999999999959666
