model_name,weigth
arima,4.0036740554016724e-61
eakf_model1,5.150910954189705e-35
eakf_model2,4.0226266751826574e-11
eakf_model3,0.9999999999597737
