model_name,weigth
arima,1.7215198842592658e-62
eakf_model1,0.9999999999159694
eakf_model2,8.403054593445061e-11
eakf_model3,5.74693724733876e-21
sarima,1.1886013387040821e-70
