model_name,weigth
arima,3.375126170377337e-82
eakf_model1,0.9999999998011438
eakf_model2,1.988560850054702e-10
eakf_model3,6.222789153890644e-37
sarima,9.458542977970004e-108
