model_name,weigth
arima,5.274019686661351e-47
eakf_model1,8.421951518991476e-46
eakf_model2,4.44791148136758e-12
eakf_model3,0.9999999999955522
sarima,3.711977580269934e-21
