model_name,weigth
arima,4.941352930065327e-60
eakf_model1,9.899131505378886e-12
eakf_model2,2.945324592363339e-11
eakf_model3,0.9999999999606476
