model_name,weigth
arima,2.8587982292434713e-100
eakf_model1,0.999999999794946
eakf_model2,2.0505400601690972e-10
eakf_model3,7.133184490764149e-23
sarima,6.105949411722624e-102
