model_name,weigth
arima,3.5089430533729294e-19
eakf_model1,2.634606853503876e-11
eakf_model2,0.999999999973654
eakf_model3,9.142666501711676e-35
