model_name,weigth
arima,1.0461833487674994e-79
eakf_model1,0.9999999999042002
eakf_model2,1.1970154594648315e-16
eakf_model3,9.579954983309092e-11
