model_name,weigth
arima,2.6838410272456106e-45
eakf_model1,2.3140516927583887e-11
eakf_model2,0.9999999999768595
eakf_model3,4.953202666109572e-32
