model_name,weigth
arima,6.826696965948281e-104
eakf_model1,7.922370609910949e-57
eakf_model2,2.7314025145626204e-10
eakf_model3,0.9999999997268597
sarima,1.3191658310846128e-113
