model_name,weigth
arima,6.111651108676503e-94
eakf_model1,7.395190053715168e-11
eakf_model2,0.9999999999260482
eakf_model3,1.8453817401748457e-84
