model_name,weigth
arima,4.717411837910537e-60
eakf_model1,3.3992444301297216e-11
eakf_model2,0.9999999999660075
eakf_model3,2.077158638964741e-50
