model_name,weigth
arima,2.240777553456092e-101
eakf_model1,8.384793955074665e-11
eakf_model2,0.9999999999161521
eakf_model3,1.5388610816669332e-82
