model_name,weigth
arima,3.5e-323
eakf_model1,6.645278997988473e-106
eakf_model2,9.562235841042252e-09
eakf_model3,0.9999999904377641
