model_name,weigth
arima,9.544532240600287e-10
eakf_model1,5.925704558726354e-220
eakf_model2,3.6117060569080665e-105
eakf_model3,0.9999999990455467
