model_name,weigth
arima,2.106245441708865e-217
eakf_model1,2e-323
eakf_model2,2.5545966772526403e-138
eakf_model3,7.15001910083598e-08
sarima,0.999999928499809
