model_name,weigth
arima,1.6326175439439367e-122
eakf_model1,1.7716383023253724e-73
eakf_model2,1.0099552179235172e-09
eakf_model3,0.9999999989900448
