model_name,weigth
arima,2.7981417732772925e-07
eakf_model1,2e-323
eakf_model2,3.06e-322
eakf_model3,0.9999997201858226
sarima,1.63e-322
