model_name,weigth
arima,2.515034274720046e-10
eakf_model1,1.8944423553689336e-49
eakf_model2,2.5171678819967788e-15
eakf_model3,0.9999999997484941
sarima,1.7448841702701955e-54
