model_name,weigth
arima,2.929931422123924e-93
eakf_model1,1.7901336780275363e-10
eakf_model2,0.9999999998209866
eakf_model3,7.281914229369419e-57
