model_name,weigth
arima,1.3133608084812187e-48
eakf_model1,2.1492587863646135e-11
eakf_model2,0.9999999999785074
eakf_model3,8.2699713903258e-43
