model_name,weigth
arima,6.290530237795864e-28
eakf_model1,1.718060660880306e-11
eakf_model2,0.9999999999828187
eakf_model3,7.051512749660311e-16
