model_name,weigth
arima,8.26843326173873e-59
eakf_model1,3.424400682793583e-11
eakf_model2,0.999999999965756
eakf_model3,1.1350305936062095e-48
