model_name,weigth
arima,3.494476208150982e-99
eakf_model1,0.9999999995788001
eakf_model2,4.21199821895307e-10
eakf_model3,1.9596811158004964e-74
sarima,6.395679547870449e-109
