model_name,weigth
arima,2.1117315377403357e-25
eakf_model1,4.366306539577049e-10
eakf_model2,0.9999999995633693
eakf_model3,7.441842977482229e-35
sarima,2.46576451356915e-68
