model_name,weigth
arima,3.5e-323
eakf_model1,4.3975021750988725e-09
eakf_model2,0.9999999956024979
eakf_model3,2.6414456279054775e-253
