model_name,weigth
arima,3.63555297792637e-18
eakf_model1,1.2298210165979806e-53
eakf_model2,1.1022671593525533e-11
eakf_model3,7.253947867310787e-16
sarima,0.9999999999889767
