model_name,weigth
arima,1.9251876164491164e-74
eakf_model1,3.3104757651521824e-11
eakf_model2,0.9999999999668951
eakf_model3,1.5754631046774694e-49
