model_name,weigth
arima,1.2068432153317164e-179
eakf_model1,8.594989934829242e-10
eakf_model2,0.9999999991405011
eakf_model3,1.747883933112824e-114
sarima,2.3622267676998746e-156
