model_name,weigth
arima,8.232049340397929e-70
eakf_model1,3.3977818787636826e-11
eakf_model2,0.9999999999660221
eakf_model3,5.472786180717681e-43
