model_name,weigth
arima,3.3923460449477354e-32
eakf_model1,3.002933686655283e-38
eakf_model2,0.999999999947269
eakf_model3,5.273104964587391e-11
sarima,2.3695562295532644e-32
