model_name,weigth
arima,7.412151354400794e-53
eakf_model1,6.658027975838098e-64
eakf_model2,0.9999999998466215
eakf_model3,1.5337848420772368e-10
