model_name,weigth
arima,8.761730867335282e-65
eakf_model1,9.41579801349873e-11
eakf_model2,0.999999999905842
eakf_model3,1.0308415888444567e-41
sarima,4.4745669001946914e-52
