model_name,weigth
arima,6.726873141185097e-252
eakf_model1,3.418158662293602e-166
eakf_model2,0.9999999970022433
eakf_model3,2.9977566960406417e-09
