model_name,weigth
arima,7.025229558331165e-11
eakf_model1,3.0217333854961194e-33
eakf_model2,0.9999999999297476
eakf_model3,2.1468098942821004e-23
