model_name,weigth
arima,1.5028177841445657e-18
eakf_model1,1.5983071520641503e-12
eakf_model2,6.434932128429416e-17
eakf_model3,0.9999999999984017
