model_name,weigth
arima,6.301259407059932e-261
eakf_model1,1.860942177081882e-10
eakf_model2,1.1880653035454911e-24
eakf_model3,0.9999999998139057
