model_name,weigth
arima,4.646413283358016e-14
eakf_model1,5.693589728148276e-22
eakf_model2,4.854705778069674e-19
eakf_model3,1.844158135566658e-12
sarima,0.9999999999981093
