model_name,weigth
arima,6.623210538225506e-13
eakf_model1,1.4484257213405363e-13
eakf_model2,1.4369752416664128e-14
eakf_model3,0.9999999999991784
