model_name,weigth
arima,0.0
eakf_model1,1.3494931214686824e-09
eakf_model2,0.9999999986505015
eakf_model3,5.405076751495812e-15
