model_name,weigth
arima,9.089927197423916e-271
eakf_model1,1.2528817764384377e-10
eakf_model2,0.9999999998060543
eakf_model3,6.865764978583243e-11
sarima,4.9073502598234624e-172
