model_name,weigth
arima,5.905884594898147e-24
eakf_model1,4.718733949602272e-11
eakf_model2,1.9487189613963875e-40
eakf_model3,0.9999999999528127
