model_name,weigth
arima,9.851047268307503e-42
eakf_model1,3.166047480918997e-13
eakf_model2,7.718559447608936e-64
eakf_model3,1.2659387357312827e-10
sarima,0.9999999998730895
