model_name,weigth
arima,4.316109398659518e-14
eakf_model1,3.088792821930474e-27
eakf_model2,6.899676042050905e-16
eakf_model3,1.6043045571006706e-12
sarima,0.9999999999983519
