model_name,weigth
arima,1.0767831124099128e-09
eakf_model1,4.291143428530413e-22
eakf_model2,0.999999998923217
eakf_model3,2.4378720911732046e-91
