model_name,weigth
arima,1.6574188660766044e-122
eakf_model1,0.9999999996880723
eakf_model2,1.0020743170869151e-71
eakf_model3,3.119276289507783e-10
sarima,3.2827046274379135e-47
