model_name,weigth
arima,1.8218663697969492e-19
eakf_model1,6.122896698131185e-48
eakf_model2,0.9999999999248443
eakf_model3,7.515560769763376e-11
