model_name,weigth
arima,0.0
eakf_model1,7.490457319869788e-10
eakf_model2,1.3869966177544422e-12
eakf_model3,0.9999999992495672
