model_name,weigth
arima,5.470564122172651e-19
eakf_model1,3.88453708052722e-19
eakf_model2,0.999999999915532
eakf_model3,8.446793096106316e-11
