model_name,weigth
arima,2e-323
eakf_model1,0.9999999963898096
eakf_model2,3.6101902862122835e-09
eakf_model3,1.196567738147803e-94
sarima,4e-323
