model_name,weigth
arima,2.5e-323
eakf_model1,2.2225962453649616e-08
eakf_model2,8e-323
eakf_model3,0.9999999777740374
