model_name,weigth
arima,4.7109618116965884e-57
eakf_model1,2.898390920920485e-17
eakf_model2,9.265582695314193e-12
eakf_model3,0.9999999999907344
