model_name,weigth
arima,1.5000391119224517e-79
eakf_model1,1.1230886899950576e-31
eakf_model2,5.75483282605297e-11
eakf_model3,0.9999999999424516
sarima,1.0785696533586943e-56
