model_name,weigth
arima,2e-323
eakf_model1,4.2377681711905536e-11
eakf_model2,1.901068720318635e-09
eakf_model3,0.9999999980565536
sarima,4e-323
