model_name,weigth
arima,0.0
eakf_model1,0.9999999887038676
eakf_model2,1.1296132265818291e-08
eakf_model3,4.834180196263289e-33
