model_name,weigth
arima,4.675735241511746e-48
eakf_model1,7.628346460891205e-12
eakf_model2,1.4258265273467653e-12
eakf_model3,0.9999999999909458
