model_name,weigth
arima,2.1237810542856485e-61
eakf_model1,2.5526228987922443e-25
eakf_model2,4.2349456814239977e-11
eakf_model3,0.9999999999576504
sarima,2.7524039971021943e-34
