model_name,weigth
arima,8.414212052360084e-180
eakf_model1,1.4457656318948943e-71
eakf_model2,1.267597361606153e-10
eakf_model3,0.9999999998732403
