model_name,weigth
arima,2.2122254294336897e-48
eakf_model1,7.584254298046825e-13
eakf_model2,1.3725213251374757e-11
eakf_model3,0.9999999999855163
sarima,3.942620830551155e-48
