model_name,weigth
arima,2.7186821516514033e-66
eakf_model1,1.2712365685672044e-11
eakf_model2,3.398439721747741e-15
eakf_model3,0.9999999999872843
