model_name,weigth
arima,0.9999999998938753
eakf_model1,1.0565611928221323e-10
eakf_model2,4.686245116047728e-13
eakf_model3,6.821726733519503e-37
