model_name,weigth
arima,1.1400582967492928e-162
eakf_model1,1.84060834696278e-12
eakf_model2,1.2186273904005448e-10
eakf_model3,0.9999999998762967
sarima,6.305291338775029e-124
