model_name,weigth
arima,1.2381006047548588e-19
eakf_model1,1.2487863769288225e-10
eakf_model2,0.9999999998751213
eakf_model3,2.754718215720514e-26
