model_name,weigth
arima,5.308183061229863e-40
eakf_model1,6.15432498192748e-11
eakf_model2,0.9999999999384568
eakf_model3,6.480780069308593e-22
