model_name,weigth
arima,3.2926260187879793e-35
eakf_model1,8.020851566266501e-12
eakf_model2,0.999999999991382
eakf_model3,5.972332905230763e-13
