model_name,weigth
arima,9.01977716353561e-65
eakf_model1,1.0063133459474851e-23
eakf_model2,2.079870220100269e-11
eakf_model3,0.9999999999792013
sarima,1.6525947646071085e-65
