model_name,weigth
arima,2.3704422953125034e-85
eakf_model1,9.666514348911968e-29
eakf_model2,0.9999999999577334
eakf_model3,4.2266570160531785e-11
