model_name,weigth
arima,0.0
eakf_model1,4.723170294990958e-10
eakf_model2,8.729146830716223e-85
eakf_model3,0.999999999527683
sarima,4.927194391412501e-98
