model_name,weigth
arima,2.313667853826496e-115
eakf_model1,8.43459997677097e-11
eakf_model2,0.9999999999136308
eakf_model3,2.0233806679169685e-12
sarima,1.3188574605277259e-197
