model_name,weigth
arima,1.998887865297252e-225
eakf_model1,8.37115825798427e-11
eakf_model2,7.325642034199695e-43
eakf_model3,0.9999999999162884
sarima,6.340570451417147e-257
