model_name,weigth
arima,0.0
eakf_model1,0.9999999965175796
eakf_model2,1.0151089604010706e-88
eakf_model3,3.4824203289312732e-09
sarima,0.0
