model_name,weigth
arima,2.8463983369546623e-116
eakf_model1,2.9310206465400424e-11
eakf_model2,2.633451426978241e-35
eakf_model3,0.9999999999706899
sarima,3.4600294235140985e-173
