model_name,weigth
arima,5.396879187664107e-175
eakf_model1,7.301297795205148e-11
eakf_model2,3.4789963311635376e-47
eakf_model3,0.9999999999269871
sarima,9.610749273220826e-306
