model_name,weigth
arima,2.5e-323
eakf_model1,0.9998370584999747
eakf_model2,2.4e-322
eakf_model3,0.00016294150002517618
sarima,0.0
