model_name,weigth
arima,1.1996174271214934e-178
eakf_model1,1.273632456871625e-10
eakf_model2,3.368000228907942e-13
eakf_model3,0.9999999998723
sarima,2.8141895776676e-296
