model_name,weigth
arima,3.797580305286963e-245
eakf_model1,1.2786124956680264e-10
eakf_model2,8.906613055029332e-48
eakf_model3,0.9999999998721388
sarima,3.797580305286963e-245
