model_name,weigth
arima,2.5e-323
eakf_model1,2.794747124490375e-09
eakf_model2,0.9999999972052529
eakf_model3,1.4026508152159338e-47
sarima,2.5e-323
