model_name,weigth
arima,2.5e-323
eakf_model1,0.9999999979716153
eakf_model2,4.979253087397778e-12
eakf_model3,2.0234054051369425e-09
sarima,2.5e-323
