model_name,weigth
arima,2.5e-323
eakf_model1,1.5776530631702595e-10
eakf_model2,4.698768916998473e-10
eakf_model3,0.9999999993723578
sarima,2e-323
