model_name,weigth
arima,1.3066238795401183e-199
eakf_model1,1.2661150880704123e-10
eakf_model2,2.3448764422643476e-24
eakf_model3,0.9999999998733886
sarima,4.1825404861899083e-154
