model_name,weigth
arima,2.7147383440321575e-184
eakf_model1,3.027740711247476e-11
eakf_model2,2.339213717524199e-31
eakf_model3,0.9999999999697227
sarima,8.289390918232269e-248
