model_name,weigth
arima,8.436156344813835e-174
eakf_model1,2.5158976939634108e-11
eakf_model2,1.4378751253024988e-16
eakf_model3,0.999999999974841
sarima,2.8426128636734424e-235
