model_name,weigth
arima,1.2937401926275135e-194
eakf_model1,3.94195794157202e-11
eakf_model2,2.374683989888444e-29
eakf_model3,0.9999999999605804
sarima,3.834871462505939e-267
