model_name,weigth
arima,2.7223637172708914e-308
eakf_model1,0.999999999933858
eakf_model2,6.614194327795835e-11
eakf_model3,5.833123925734671e-53
sarima,5.909906491767962e-256
