model_name,weigth
arima,1.5016461265214102e-51
eakf_model1,0.9999999999951266
eakf_model2,2.879057773545563e-14
eakf_model3,4.8446761721281696e-12
sarima,2.122659689879918e-24
