model_name,weigth
arima,5.741193486815021e-296
eakf_model1,0.9999999999604486
eakf_model2,3.6357645655753514e-11
eakf_model3,3.1938826909862626e-12
sarima,1.39712101846e-313
