model_name,weigth
arima,2.5e-323
eakf_model1,0.9999999600065411
eakf_model2,3.999345879909415e-08
eakf_model3,1e-322
sarima,2.5e-323
