model_name,weigth
arima,3.0509050441347576e-216
eakf_model1,0.9999999999537591
eakf_model2,5.877592973162689e-26
eakf_model3,4.624089743490594e-11
sarima,1.5216339304484454e-215
