model_name,weigth
arima,2.413762875597814e-74
eakf_model1,0.9999999999722853
eakf_model2,6.161238116347543e-14
eakf_model3,2.7653212391304034e-11
sarima,2.036571806312505e-55
