model_name,weigth
arima,6.58142001900048e-157
eakf_model1,0.9999999996499134
eakf_model2,2.4355724170080517e-38
eakf_model3,3.500867018077752e-10
sarima,3.4385394046697814e-124
