model_name,weigth
arima,1.2364679491212878e-166
eakf_model1,0.9999999998660454
eakf_model2,2.3745042464121053e-36
eakf_model3,1.3395477521113047e-10
sarima,1.9643972356930892e-101
