model_name,weigth
arima,1.3855255187987532e-173
eakf_model1,0.9999999999599036
eakf_model2,4.00963551357501e-11
eakf_model3,1.766179079553217e-17
sarima,1.4802357529476763e-105
