model_name,weigth
arima,1.2522469808024613e-77
eakf_model1,0.9999999999829449
eakf_model2,1.6551645756594588e-16
eakf_model3,1.7055076179697025e-11
sarima,1.5855676871229103e-42
