model_name,weigth
arima,1.3675235456622245e-129
eakf_model1,0.9999999999502125
eakf_model2,4.978757897086937e-11
eakf_model3,6.142696879752826e-20
sarima,9.119080603659387e-92
