model_name,weigth
arima,1.2703728135782432e-55
eakf_model1,0.9999999999926983
eakf_model2,7.45599166872044e-17
eakf_model3,7.301776142116679e-12
sarima,7.811670406676806e-27
