model_name,weigth
arima,1.4541502214026607e-207
eakf_model1,0.9999999995882392
eakf_model2,7.443694893015463e-33
eakf_model3,4.1176083365078506e-10
sarima,3.2549308402533432e-165
