model_name,weigth
arima,2.5e-323
eakf_model1,2.7139014347906685e-11
eakf_model2,0.9999999986656516
eakf_model3,1.3072093876456329e-09
sarima,2.5e-323
