model_name,weigth
arima,2.5e-323
eakf_model1,0.9999996765960519
eakf_model2,6.475285731539e-311
eakf_model3,3.234039480681015e-07
sarima,2.5e-323
