model_name,weigth
arima,3.2855260826313852e-99
eakf_model1,7.447847390146787e-12
eakf_model2,3.220489139409223e-12
eakf_model3,0.9999999999893316
sarima,3.971365734195992e-66
