model_name,weigth
arima,9.360993226188845e-244
eakf_model1,1.141131541951513e-10
eakf_model2,0.9999999998856383
eakf_model3,2.487452175256059e-13
sarima,2.452987565698912e-224
