model_name,weigth
arima,6.645413020115091e-94
eakf_model1,1.0117139227177745e-11
eakf_model2,5.181288527476251e-18
eakf_model3,0.999999999989883
sarima,1.43140635186327e-64
