model_name,weigth
arima,2.5e-323
eakf_model1,0.9999999987098376
eakf_model2,8.773928672554164e-20
eakf_model3,1.2901624759763808e-09
sarima,2.5e-323
