model_name,weigth
arima,1.4259284642121107e-90
eakf_model1,8.731727133448039e-12
eakf_model2,9.391141236081407e-21
eakf_model3,0.9999999999912684
sarima,1.871062979116325e-68
