model_name,weigth
arima,4.100214751524179e-145
eakf_model1,3.1013893481741016e-11
eakf_model2,2.1643273195528283e-39
eakf_model3,0.9999999999689861
sarima,1.528628800999383e-134
