model_name,weigth
arima,3.7244535612001956e-208
eakf_model1,1.2680691661850887e-64
eakf_model2,8.106270700058163e-11
eakf_model3,0.9999999999189374
sarima,9.941508352708498e-34
