model_name,weigth
arima,2.5e-323
eakf_model1,2.6851604546794364e-57
eakf_model2,1.0094091322835855e-09
eakf_model3,0.9999999989905909
sarima,4.773668638894952e-252
