model_name,weigth
arima,2.5e-323
eakf_model1,2.7451736845795545e-86
eakf_model2,3.3711049871138427e-10
eakf_model3,0.9999999996628895
sarima,2.2756270588028987e-70
