model_name,weigth
arima,7.79747196550547e-52
eakf_model1,6.4921162483845235e-15
eakf_model2,5.7436751764321845e-12
eakf_model3,0.9999999999942498
sarima,1.8442258396908978e-20
