model_name,weigth
arima,5.4832453176033245e-114
eakf_model1,2.6939517299803378e-12
eakf_model2,2.395841276132457e-11
eakf_model3,0.9999999999733475
sarima,9.597977082558894e-52
