model_name,weigth
arima,2.5e-323
eakf_model1,6.169674618761963e-09
eakf_model2,7.557531634715861e-120
eakf_model3,0.9999999938303255
sarima,5e-323
