model_name,weigth
arima,2.5e-323
eakf_model1,1.0762111805110153e-09
eakf_model2,2.6184038548570557e-36
eakf_model3,0.9999999989237889
sarima,5e-323
