model_name,weigth
arima,8.362697138856269e-147
eakf_model1,4.1299431047772735e-24
eakf_model2,4.6037166265571876e-11
eakf_model3,0.9999999999539629
sarima,8.083824440780243e-53
