model_name,weigth
arima,6.41390628711828e-130
eakf_model1,3.431884002759101e-11
eakf_model2,2.3204565123502492e-11
eakf_model3,0.9999999999424766
sarima,3.411550083590035e-101
