model_name,weigth
arima,2.5e-323
eakf_model1,9.679373455710592e-07
eakf_model2,1.7e-322
eakf_model3,0.9999990320626545
sarima,5e-323
