model_name,weigth
arima,2.5e-323
eakf_model1,1.4779613284044015e-125
eakf_model2,0.9999999997233638
eakf_model3,2.766362503398181e-10
sarima,1.9800541408273526e-82
