model_name,weigth
arima,7.322749360851905e-78
eakf_model1,0.9999999999326478
eakf_model2,6.735234407952056e-11
eakf_model3,1.9884899680711635e-18
sarima,1.1463324983560938e-82
