model_name,weigth
arima,2.5e-323
eakf_model1,1.994279025496836e-49
eakf_model2,2.4998281341460536e-09
eakf_model3,0.9999999975001719
sarima,2.5e-323
