model_name,weigth
arima,2.5e-323
eakf_model1,2.9079185016762034e-214
eakf_model2,6.306512144606504e-09
eakf_model3,0.9999999936934879
sarima,5e-323
