model_name,weigth
arima,1.6881658129027953e-75
eakf_model1,0.9999999999566322
eakf_model2,4.3366864009981834e-11
eakf_model3,9.053370523447914e-16
sarima,4.3095581397353385e-67
