model_name,weigth
arima,1.8586872777104776e-150
eakf_model1,0.9999999997410248
eakf_model2,2.589752064564805e-10
eakf_model3,1.5717892030023403e-66
sarima,2.301130958651812e-154
