model_name,weigth
arima,1.1829678073250338e-91
eakf_model1,6.205409623002707e-34
eakf_model2,0.9999999999544433
eakf_model3,4.5556663585156556e-11
sarima,2.447449467910987e-35
