model_name,weigth
arima,1.1111516302976096e-70
eakf_model1,3.976543939729035e-11
eakf_model2,0.9999999999602215
eakf_model3,1.3182116702869658e-14
sarima,1.690947119353351e-43
