model_name,weigth
arima,2.5e-323
eakf_model1,2.5e-323
eakf_model2,3.959503834259151e-159
eakf_model3,2.3887984127232804e-09
sarima,0.9999999976112016
