model_name,weigth
arima,3.47794227686302e-108
eakf_model1,1.4202331850251371e-25
eakf_model2,1.9443095578847048e-10
eakf_model3,1.1524555888481492e-18
sarima,0.9999999998055691
