model_name,weigth
arima,1.5061653663365434e-37
eakf_model1,2.52622655952336e-33
eakf_model2,2.772413757682874e-12
eakf_model3,0.9999999999972277
sarima,9.343318871841997e-20
