model_name,weigth
arima,2.8861246362459137e-48
eakf_model1,7.389048310945212e-54
eakf_model2,2.920265798609787e-12
eakf_model3,0.999999999994754
sarima,2.3257866167417955e-12
