model_name,weigth
arima,1.3595995771205159e-148
eakf_model1,3.256735552035965e-30
eakf_model2,4.3362650189563125e-10
eakf_model3,0.9999999995663736
sarima,2.480575737177366e-218
