model_name,weigth
arima,9.893626593803662e-51
eakf_model1,0.9999999999593533
eakf_model2,4.0642495528072e-11
eakf_model3,4.245042385346295e-15
sarima,4.991758267190733e-54
