model_name,weigth
arima,8.397609889459926e-189
eakf_model1,2.489562138296666e-09
eakf_model2,0.999999997510438
eakf_model3,3.1219811052893676e-89
sarima,9.84756503598259e-241
