model_name,weigth
arima,1.588206689030268e-39
eakf_model1,3.403610352734633e-11
eakf_model2,0.9999999999659639
eakf_model3,2.224525936255484e-18
sarima,3.93082993071879e-40
