model_name,weigth
arima,3.1702659909961282e-12
eakf_model1,4.304334815956738e-32
eakf_model2,1.7652708555615716e-13
eakf_model3,2.248557362398564e-14
sarima,0.9999999999966308
