model_name,weigth
arima,1.0533503433502008e-13
eakf_model1,4.866618715347462e-47
eakf_model2,3.4203634797393618e-12
eakf_model3,1.0235661364259309e-11
sarima,0.9999999999862388
