model_name,weigth
arima,4.37322592415911e-32
eakf_model1,3.3873232709802734e-13
eakf_model2,0.9999999998727154
eakf_model3,1.269460150337415e-10
sarima,2.634960874500493e-47
