model_name,weigth
arima,5.4e-323
eakf_model1,1.6165924925893808e-09
eakf_model2,7.099609749588057e-152
eakf_model3,0.9999999983834076
sarima,2.8523547986793943e-193
