model_name,weigth
arima,2.6968162309344145e-17
eakf_model1,5.452393591875433e-12
eakf_model2,6.154646000212979e-28
eakf_model3,1.6220888489246563e-12
sarima,0.9999999999929254
