model_name,weigth
arima,5.4e-323
eakf_model1,3.105976573311253e-09
eakf_model2,2.147474108629903e-232
eakf_model3,0.9999999968940236
sarima,3.5281519389220243e-103
