model_name,weigth
arima,8.399967814815531e-73
eakf_model1,3.475174691342027e-10
eakf_model2,5.36265179098517e-113
eakf_model3,4.57169213280001e-13
sarima,0.9999999996520254
