model_name,weigth
arima,2.5e-323
eakf_model1,0.9999999958155296
eakf_model2,6.146583852659069e-144
eakf_model3,4.1844704845639055e-09
sarima,5e-323
