model_name,weigth
arima,4.606279999259831e-13
eakf_model1,1.021299353644251e-18
eakf_model2,1.4124927876476037e-15
eakf_model3,5.363156620885154e-13
sarima,0.9999999999990017
