model_name,weigth
arima,1.3782218779233519e-66
eakf_model1,4.511048015172492e-20
eakf_model2,2.2368790489753887e-11
eakf_model3,0.9999999999776311
sarima,3.456537596128718e-66
