model_name,weigth
arima,8.936107328593308e-62
eakf_model1,7.39870557935742e-12
eakf_model2,1.2077955430882217e-11
eakf_model3,0.9999999999805235
sarima,8.501609844395546e-56
