model_name,weigth
arima,1.5761224129949527e-60
eakf_model1,3.5133413395004317e-16
eakf_model2,2.1992163930156344e-11
eakf_model3,0.9999999999780076
sarima,4.366468928405792e-61
