model_name,weigth
arima,4e-323
eakf_model1,1.4265544789758657e-175
eakf_model2,4.409669566992932e-09
eakf_model3,0.9999999955903304
sarima,4e-323
