model_name,weigth
arima,1.3453032728643054e-31
eakf_model1,1.8788735864815345e-22
eakf_model2,4.853490418355092e-12
eakf_model3,0.9999999999951465
