model_name,weigth
arima,3.5796462308916495e-49
eakf_model1,1.1283915820861541e-11
eakf_model2,2.1309507594453714e-13
eakf_model3,0.9999999999884526
sarima,5.036586002855177e-14
