model_name,weigth
arima,1.4258673451382745e-21
eakf_model1,5.695161303605176e-13
eakf_model2,0.9999999999994305
eakf_model3,2.561230118601994e-18
