model_name,weigth
arima,1e-323
eakf_model1,1.0987354676745632e-10
eakf_model2,0.9999999998901264
eakf_model3,2.5373854481712332e-36
