model_name,weigth
arima,3.3745526776760493e-22
eakf_model1,5.869781799330059e-13
eakf_model2,0.9999999999991591
eakf_model3,2.538515291323284e-13
sarima,7.234539471124423e-24
