model_name,weigth
arima,1.8796752435745338e-19
eakf_model1,9.985076413069176e-13
eakf_model2,0.9999999999990015
eakf_model3,2.796223547906765e-21
sarima,7.884224292282841e-30
