model_name,weigth
arima,1.2878812894156709e-28
eakf_model1,7.072060554009687e-13
eakf_model2,0.9999999999967067
eakf_model3,2.5859609586157927e-12
