model_name,weigth
arima,9.306841137045002e-162
eakf_model1,0.9999999999095788
eakf_model2,9.042109344742777e-11
eakf_model3,7.187748935606457e-19
