model_name,weigth
arima,9.559412053719954e-26
eakf_model1,9.572982476055411e-13
eakf_model2,0.9999999999990424
eakf_model3,2.6001450142106753e-16
