model_name,weigth
arima,2.9969378642572416e-130
eakf_model1,1.4510853433477418e-10
eakf_model2,2.9176552733763294e-28
eakf_model3,0.9999999998548914
