model_name,weigth
arima,3.312079293738931e-24
eakf_model1,1.9225032662693455e-12
eakf_model2,0.9999999999980773
eakf_model3,7.626408530910604e-22
sarima,8.949018959073713e-24
