model_name,weigth
arima,0.0
eakf_model1,0.9999999998685734
eakf_model2,2.8332496669863853e-26
eakf_model3,1.3142646583901687e-10
sarima,0.0
