model_name,weigth
arima,1.193693438965999e-251
eakf_model1,0.9999999998109014
eakf_model2,1.8909855746067109e-10
eakf_model3,1.6663790966744427e-23
