model_name,weigth
arima,0.0
eakf_model1,0.9999999999435782
eakf_model2,5.642172954043967e-11
eakf_model3,5.406215767443595e-18
