model_name,weigth
arima,0.0
eakf_model1,0.9999999925994286
eakf_model2,1.5e-323
eakf_model3,7.40057124210939e-09
