model_name,weigth
arima,8.326968021251617e-77
eakf_model1,0.9999999999948253
eakf_model2,5.044957440830318e-12
eakf_model3,1.2974599000941284e-13
sarima,7.225361310527187e-111
