model_name,weigth
arima,0.0
eakf_model1,0.9999999999469902
eakf_model2,1.5720574874369802e-27
eakf_model3,5.3009657952448446e-11
