model_name,weigth
arima,0.0
eakf_model1,3.949303138493447e-10
eakf_model2,0.6877550644553971
eakf_model3,0.3122449351496725
sarima,0.0
