model_name,weigth
arima,2.7448148958046996e-92
eakf_model1,0.9999999999959522
eakf_model2,5.663321717903687e-29
eakf_model3,4.047736728639139e-12
