model_name,weigth
arima,0.0
eakf_model1,9.317195642224144e-25
eakf_model2,0.9999999999111606
eakf_model3,8.88393987302853e-11
