model_name,weigth
arima,1.1093895282088091e-241
eakf_model1,0.999999999977599
eakf_model2,2.2400846538051496e-11
eakf_model3,4.233623678776014e-25
