model_name,weigth
arima,4.6872492626146214e-150
eakf_model1,0.9999999999920739
eakf_model2,9.765019819783243e-33
eakf_model3,7.926015169669766e-12
