model_name,weigth
arima,0.0
eakf_model1,0.9487529858736741
eakf_model2,0.0
eakf_model3,0.05124701412632577
