model_name,weigth
arima,0.0
eakf_model1,1.5109508984958762e-11
eakf_model2,5.240606353016916e-23
eakf_model3,0.9999999999848904
