model_name,weigth
arima,9.313853841655997e-129
eakf_model1,0.9999999999942102
eakf_model2,8.740817583226044e-19
eakf_model3,5.789824346148832e-12
