model_name,weigth
arima,8.845883450520069e-186
eakf_model1,0.9999999999737705
eakf_model2,2.0502312106708214e-137
eakf_model3,2.6229435343991374e-11
