model_name,weigth
arima,5.957293341256796e-84
eakf_model1,0.9999999999924689
eakf_model2,6.5064239199231315e-21
eakf_model3,7.531040527370549e-12
sarima,2.6983710773915515e-135
