model_name,weigth
arima,1.783402606027374e-249
eakf_model1,0.9999999999918039
eakf_model2,3.2244525621647865e-21
eakf_model3,8.195951105190442e-12
