model_name,weigth
arima,0.0
eakf_model1,0.5225817965925279
eakf_model2,0.47741820340747204
eakf_model3,7.868568465888958e-32
