model_name,weigth
arima,0.0
eakf_model1,4.101129986039057e-11
eakf_model2,0.28508574695096783
eakf_model3,0.7149142530080208
