model_name,weigth
arima,0.0
eakf_model1,6.237877374743332e-11
eakf_model2,1.2360596652998535e-17
eakf_model3,0.9999999999376211
sarima,0.0
