model_name,weigth
arima,0.0
eakf_model1,0.9999999999227027
eakf_model2,1.292303178968687e-47
eakf_model3,7.7297249340544e-11
