model_name,weigth
arima,5e-324
eakf_model1,1.3424881280102034e-54
eakf_model2,0.9999999995468718
eakf_model3,4.531280691813764e-10
