model_name,weigth
arima,2.4393244050168166e-219
eakf_model1,3.967878274402499e-11
eakf_model2,1.0971483986189135e-40
eakf_model3,0.9999999999603211
sarima,4.1150363776041485e-269
