model_name,weigth
arima,5e-324
eakf_model1,0.9999999979095462
eakf_model2,5.724605423389261e-301
eakf_model3,2.090453732891259e-09
