model_name,weigth
arima,1.46937836571012e-162
eakf_model1,0.9999999999963154
eakf_model2,1.8499889784969352e-17
eakf_model3,3.6845331701324614e-12
