model_name,weigth
arima,0.0
eakf_model1,0.9999999998737652
eakf_model2,1.262346078520441e-10
eakf_model3,2.9806394277453818e-31
