model_name,weigth
arima,5.919693164729241e-234
eakf_model1,0.9999999999931262
eakf_model2,5.342528285023234e-12
eakf_model3,1.5312693903616348e-12
