model_name,weigth
arima,1.2157906043078566e-55
eakf_model1,0.9999999999993349
eakf_model2,6.651185621694243e-13
eakf_model3,2.2311433553572747e-18
