model_name,weigth
arima,0.0
eakf_model1,1.864795705311518e-20
eakf_model2,0.9999999999466158
eakf_model3,5.3384121632669526e-11
sarima,6.335328087304277e-305
