model_name,weigth
arima,3.647162878048327e-64
eakf_model1,2.7448961142901316e-11
eakf_model2,7.435415038744153e-19
eakf_model3,0.9999999999725511
