model_name,weigth
arima,0.0
eakf_model1,0.9999999985977486
eakf_model2,1.53582972215236e-34
eakf_model3,1.4022513933541202e-09
