model_name,weigth
arima,8.812739440936033e-124
eakf_model1,0.9999999999981396
eakf_model2,1.860326862721017e-12
eakf_model3,1.3823441877816718e-24
