model_name,weigth
arima,1.7060329471234277e-142
eakf_model1,0.9999999999970887
eakf_model2,2.9111807316067858e-12
eakf_model3,8.263373973173973e-33
