model_name,weigth
arima,0.0
eakf_model1,1.0837072496157979e-25
eakf_model2,0.9999999999829937
eakf_model3,1.7006206710386127e-11
