model_name,weigth
arima,4.176699947818315e-142
eakf_model1,5.400027796751228e-11
eakf_model2,1.3806510713980845e-78
eakf_model3,0.9999999999459996
