model_name,weigth
arima,5e-324
eakf_model1,0.11205628791272958
eakf_model2,0.0
eakf_model3,0.8879437120872703
