model_name,weigth
arima,0.0
eakf_model1,7.745191555889037e-11
eakf_model2,0.9999999999225131
eakf_model3,3.5015996496632564e-14
