model_name,weigth
arima,2.0034268431308956e-177
eakf_model1,0.9999999999653297
eakf_model2,3.467018695998001e-11
eakf_model3,3.799858717254779e-17
