model_name,weigth
arima,2.6300841209979354e-224
eakf_model1,0.9999999999279945
eakf_model2,1.0678490140902964e-19
eakf_model3,7.20053610782607e-11
