model_name,weigth
arima,0.999999999987434
eakf_model1,1.2565968649298082e-11
eakf_model2,8.899430350905413e-47
eakf_model3,1.5407016445215194e-30
