model_name,weigth
arima,4.353138121944432e-21
eakf_model1,0.9999999999971325
eakf_model2,1.0518958520983778e-16
eakf_model3,2.8673082417053863e-12
