model_name,weigth
arima,0.0
eakf_model1,5.3251131760553856e-49
eakf_model2,5.897186630276331e-10
eakf_model3,0.9999999994102813
sarima,0.0
