model_name,weigth
arima,3.1131022407456525e-270
eakf_model1,4.3115744846820064e-20
eakf_model2,0.9999999999980701
eakf_model3,1.9297700516944898e-12
