model_name,weigth
arima,0.0
eakf_model1,0.7693671583071083
eakf_model2,1.7866234140310303e-32
eakf_model3,0.23063284169289158
