model_name,weigth
arima,0.0
eakf_model1,9.482163340898138e-11
eakf_model2,0.9999999999051783
eakf_model3,2.376311649707951e-27
sarima,0.0
