model_name,weigth
arima,0.0
eakf_model1,0.9999999992552777
eakf_model2,7.426454580609366e-10
eakf_model3,2.076778866152847e-12
sarima,0.0
