model_name,weigth
arima,5e-324
eakf_model1,6.541662924722659e-10
eakf_model2,5.203195316448195e-183
eakf_model3,0.9999999993458336
