model_name,weigth
arima,5e-324
eakf_model1,0.9999999997934153
eakf_model2,2.1795652986562746e-52
eakf_model3,2.065846116221019e-10
sarima,5e-324
