model_name,weigth
arima,0.0
eakf_model1,1.1831059506214911e-23
eakf_model2,1.6177502980377334e-10
eakf_model3,0.999999999838225
