model_name,weigth
arima,8.937403936430529e-241
eakf_model1,5.99390693564118e-12
eakf_model2,6.495246792866249e-16
eakf_model3,0.9999999999940055
