model_name,weigth
arima,0.0
eakf_model1,4.293068561146964e-11
eakf_model2,0.9999999999570626
eakf_model3,6.72942158581796e-15
