model_name,weigth
arima,2.916711982306383e-89
eakf_model1,0.999999999996968
eakf_model2,5.951482474328923e-21
eakf_model3,3.0319124233312026e-12
