model_name,weigth
arima,0.0
eakf_model1,6.348231581167682e-20
eakf_model2,3.648176284053264e-11
eakf_model3,0.9999999999635182
