model_name,weigth
arima,7.453911746818011e-80
eakf_model1,0.999999999996815
eakf_model2,8.083633325867701e-17
eakf_model3,3.184882988907482e-12
