model_name,weigth
arima,8.739293897055468e-224
eakf_model1,6.535612707578355e-10
eakf_model2,6.851673321313036e-156
eakf_model3,0.9999999993464387
sarima,8.739293897055468e-224
