model_name,weigth
arima,2.0528497e-316
eakf_model1,1.0748770904099277e-23
eakf_model2,0.9999999999971412
eakf_model3,2.8586918344237242e-12
