model_name,weigth
arima,0.0
eakf_model1,2.979107441328475e-11
eakf_model2,1.262956322783153e-21
eakf_model3,0.9999999999702089
