model_name,weigth
arima,0.0
eakf_model1,0.6221534309799467
eakf_model2,8.733477483052011e-45
eakf_model3,0.3778465690200532
sarima,0.0
