model_name,weigth
arima,5e-324
eakf_model1,0.9999999996946636
eakf_model2,1.930152389611692e-145
eakf_model3,3.0533644528310865e-10
sarima,5e-324
