model_name,weigth
arima,3.9931959143549636e-292
eakf_model1,0.9999999999750675
eakf_model2,3.373679914262721e-23
eakf_model3,2.4932409415863143e-11
