model_name,weigth
arima,1.3531322969092457e-306
eakf_model1,3.8593143040529274e-24
eakf_model2,0.9999999999971135
eakf_model3,2.8863157122223695e-12
