model_name,weigth
arima,0.0
eakf_model1,2.3151278415792932e-07
eakf_model2,1.5e-323
eakf_model3,0.9999997684872157
sarima,0.0
