model_name,weigth
arima,0.0
eakf_model1,1.1033016033472827e-10
eakf_model2,0.9999999998896696
eakf_model3,2.1372054667915912e-16
