model_name,weigth
arima,1.7501631064777948e-79
eakf_model1,5.736610217069921e-12
eakf_model2,1.165780975568092e-15
eakf_model3,0.9999999999942621
