model_name,weigth
arima,0.0
eakf_model1,0.99999999976407
eakf_model2,2.3588874459696224e-10
eakf_model3,4.128613021857133e-14
sarima,0.0
