model_name,weigth
arima,0.0
eakf_model1,9.599294354253608e-21
eakf_model2,5.909038502671631e-11
eakf_model3,0.9999999999409095
