model_name,weigth
arima,8.658859384268566e-164
eakf_model1,0.9999999999931672
eakf_model2,5.291724304581422e-14
eakf_model3,6.779867179607315e-12
