model_name,weigth
arima,0.0
eakf_model1,5.12598272269569e-10
eakf_model2,0.9999999994874017
eakf_model3,1.2081582291220721e-29
sarima,5e-324
