model_name,weigth
arima,0.0
eakf_model1,1.3160485026199311e-44
eakf_model2,0.999999999989944
eakf_model3,1.005605682624303e-11
