model_name,weigth
arima,1.6537154418943758e-257
eakf_model1,1.0514326601570885e-22
eakf_model2,0.9999999999978846
eakf_model3,2.1152347146138447e-12
