model_name,weigth
arima,0.0
eakf_model1,0.9999999981505291
eakf_model2,6.614580209407605e-13
eakf_model3,1.8488093167037794e-09
sarima,0.0
