model_name,weigth
arima,0.0
eakf_model1,6.367909410983561e-33
eakf_model2,0.27584467474287255
eakf_model3,0.7241553252571273
