model_name,weigth
arima,0.0
eakf_model1,0.9999999986625474
eakf_model2,1.3374525166292705e-09
eakf_model3,2.8911232404307958e-46
