model_name,weigth
arima,1.5e-323
eakf_model1,0.8596675805473977
eakf_model2,4.320931544596582e-81
eakf_model3,0.14033241945260222
