model_name,weigth
arima,1.2736081950846331e-192
eakf_model1,0.9999999999950514
eakf_model2,4.948655194889995e-12
eakf_model3,1.2602956739526817e-29
