model_name,weigth
arima,0.0
eakf_model1,0.9999999999505307
eakf_model2,4.782618017731938e-27
eakf_model3,4.946932655769575e-11
