model_name,weigth
arima,3.2955219454619902e-105
eakf_model1,1.4017457618661605e-51
eakf_model2,5.494367454202549e-12
eakf_model3,0.9999999999945055
