model_name,weigth
arima,0.0
eakf_model1,0.9999999999550883
eakf_model2,4.491162516823656e-11
eakf_model3,3.7732563012039364e-23
