model_name,weigth
arima,1.0914319201783367e-280
eakf_model1,0.9999999999638696
eakf_model2,2.876854705854739e-16
eakf_model3,3.613010153909877e-11
sarima,6.365481118169422e-261
