model_name,weigth
arima,0.0
eakf_model1,0.9999999994691936
eakf_model2,7.913846294802014e-15
eakf_model3,5.307983475627453e-10
sarima,0.0
