model_name,weigth
arima,4.043044323151505e-44
eakf_model1,5.0055987759199295e-12
eakf_model2,3.5409795392181486e-32
eakf_model3,0.9999999999949942
