model_name,weigth
arima,0.0
eakf_model1,0.9999999993617104
eakf_model2,6.38289376958652e-10
eakf_model3,1.5516583389240044e-16
sarima,0.0
