model_name,weigth
arima,0.0
eakf_model1,0.9999999995138097
eakf_model2,4.861901519130917e-10
eakf_model3,4.8468399274092205e-95
