model_name,weigth
arima,0.0
eakf_model1,0.9999999998592181
eakf_model2,8.068269598434404e-50
eakf_model3,1.407819070464018e-10
