model_name,weigth
arima,4.7933533935026095e-68
eakf_model1,1.8043496252719192e-36
eakf_model2,2.5040333065182318e-12
eakf_model3,0.9999999999974959
