model_name,weigth
arima,0.0
eakf_model1,7.591358610336301e-10
eakf_model2,1.2005087087189217e-111
eakf_model3,0.9999999992408639
