model_name,weigth
arima,0.0
eakf_model1,0.9999999975338446
eakf_model2,2.4661553552762446e-09
eakf_model3,2.913553794100493e-138
