model_name,weigth
arima,5.002590433436207e-54
eakf_model1,3.660021092720286e-12
eakf_model2,2.1619600173404917e-22
eakf_model3,0.9999999999963398
