model_name,weigth
arima,3.0587438511645163e-22
eakf_model1,0.9999999999995255
eakf_model2,1.1348479129759916e-22
eakf_model3,4.744461239527052e-13
