model_name,weigth
arima,4.737648358133144e-166
eakf_model1,2.1707663975751023e-09
eakf_model2,2.8824526544798455e-179
eakf_model3,0.9999999978292335
sarima,6.920482093552382e-120
