model_name,weigth
arima,9.245013906289481e-113
eakf_model1,1.2118143975344775e-10
eakf_model2,5.871322115166335e-65
eakf_model3,0.9999999998788185
