model_name,weigth
arima,2.0044227685862413e-285
eakf_model1,0.9999999999029707
eakf_model2,2.5779557059442095e-49
eakf_model3,9.702912451053781e-11
sarima,4.925176521775158e-231
