model_name,weigth
arima,5.997721783581242e-92
eakf_model1,0.9999999999749694
eakf_model2,2.0887987463733256e-20
eakf_model3,2.503061679449072e-11
sarima,4.6417283429136244e-57
