model_name,weigth
arima,6.205623532832609e-262
eakf_model1,9.912877598391924e-13
eakf_model2,1.2994819387647162e-10
eakf_model3,0.9999999998690604
