model_name,weigth
arima,7.796920891294963e-41
eakf_model1,3.259721710420802e-11
eakf_model2,2.4885893035297452e-60
eakf_model3,0.9999999999674027
