model_name,weigth
arima,1.7380041599227148e-290
eakf_model1,0.9999999997832003
eakf_model2,1.2979574710564454e-62
eakf_model3,2.1679984052253715e-10
sarima,1.7809608567358243e-180
