model_name,weigth
arima,2.0608250229568687e-25
eakf_model1,0.9999999999993854
eakf_model2,1.1540988473363196e-26
eakf_model3,6.145763756671125e-13
