model_name,weigth
arima,1e-323
eakf_model1,0.9999999798904546
eakf_model2,9.4e-323
eakf_model3,2.0109545203504453e-08
sarima,1e-323
