model_name,weigth
arima,2.527976344192579e-95
eakf_model1,0.9999999999670984
eakf_model2,5.109581825008302e-16
eakf_model3,3.2901050659224493e-11
