model_name,weigth
arima,1.5e-323
eakf_model1,0.999999999415842
eakf_model2,5.841581074191549e-10
eakf_model3,2.4454932777917152e-54
