model_name,weigth
arima,5.774392509196168e-158
eakf_model1,0.9999999999291355
eakf_model2,7.086440096217539e-11
eakf_model3,2.2100791107208337e-26
