model_name,weigth
arima,1e-323
eakf_model1,0.9999999981567359
eakf_model2,7.766976193692331e-84
eakf_model3,1.843263942315323e-09
