model_name,weigth
arima,7.463761626539683e-25
eakf_model1,0.9999999999993101
eakf_model2,1.471946878579379e-26
eakf_model3,6.899100427007458e-13
