model_name,weigth
arima,5.090589877641615e-108
eakf_model1,5.004789445324313e-11
eakf_model2,3.41432082866353e-45
eakf_model3,0.999999999949952
