model_name,weigth
arima,0.0
eakf_model1,1.6017883806980147e-13
eakf_model2,5.228109415950503e-10
eakf_model3,0.9999999994770288
sarima,5e-324
