model_name,weigth
arima,5.125340125348561e-12
eakf_model1,0.9999999999948745
eakf_model2,9.163804985564468e-57
eakf_model3,7.312826670723791e-28
