model_name,weigth
arima,3.148157223274794e-120
eakf_model1,6.70630322646798e-15
eakf_model2,1.891520127607813e-11
eakf_model3,0.999999999981078
sarima,1.8023859662897566e-107
