model_name,weigth
arima,1.5242931192195078e-28
eakf_model1,0.9999999999980905
eakf_model2,7.390275363258942e-23
eakf_model3,1.9094100207799104e-12
