model_name,weigth
arima,0.0
eakf_model1,3.7544627659462807e-10
eakf_model2,8.594517686033124e-14
eakf_model3,0.9999999996244677
sarima,0.0
