model_name,weigth
arima,0.0
eakf_model1,1.5965690421193677e-39
eakf_model2,6.339450300108023e-11
eakf_model3,0.9999999999366056
