model_name,weigth
arima,0.0
eakf_model1,1.1602512284451545e-16
eakf_model2,1.44212538164049e-10
eakf_model3,0.9999999998557872
