model_name,weigth
arima,2.002517907270088e-59
eakf_model1,2.335604689208425e-12
eakf_model2,5.561557750702929e-19
eakf_model3,0.9999999999976643
