model_name,weigth
arima,3.6757564227957076e-241
eakf_model1,1.3938572296807934e-14
eakf_model2,2.2482584443518885e-11
eakf_model3,0.9999999999775033
