model_name,weigth
arima,0.0
eakf_model1,7.264558848121743e-191
eakf_model2,2.017762238956978e-09
eakf_model3,0.9999999979822376
