model_name,weigth
arima,0.0
eakf_model1,2.806595926600733e-21
eakf_model2,2.411842086550826e-11
eakf_model3,0.9999999999758815
