model_name,weigth
arima,2.9776118100506936e-208
eakf_model1,4.203117083398956e-15
eakf_model2,5.617839268387764e-11
eakf_model3,0.9999999999438174
sarima,1.39659134697951e-200
