model_name,weigth
arima,1.3397782948386955e-173
eakf_model1,6.028674831508122e-12
eakf_model2,9.656588087070474e-12
eakf_model3,0.9999999999843147
