model_name,weigth
arima,1.5e-323
eakf_model1,0.9999999998549152
eakf_model2,1.7196357496290434e-44
eakf_model3,1.450847306991617e-10
