model_name,weigth
arima,1.1434791140439955e-136
eakf_model1,0.9999999999616038
eakf_model2,1.2840724882125549e-27
eakf_model3,3.839613604148561e-11
sarima,1.9174708232595528e-150
