model_name,weigth
arima,5.84214818984023e-91
eakf_model1,0.9999999999856832
eakf_model2,1.1868080351182077e-11
eakf_model3,2.4486646216434005e-12
sarima,5.513721166150728e-88
