model_name,weigth
arima,1.5e-323
eakf_model1,0.9999999995158331
eakf_model2,3.6846685077083944e-58
eakf_model3,4.841669016614824e-10
