model_name,weigth
arima,3.903093606349373e-12
eakf_model1,0.9999999999960969
eakf_model2,1.568912476338677e-51
eakf_model3,2.119731494735939e-30
