model_name,weigth
arima,4.1574685132925125e-76
eakf_model1,6.660583999840635e-12
eakf_model2,1.5672909952600614e-21
eakf_model3,0.9999999999933393
