model_name,weigth
arima,1.1758701879620372e-72
eakf_model1,9.47189906538689e-12
eakf_model2,1.6414561394766104e-13
eakf_model3,0.9999999999903639
sarima,1.0006821535482587e-63
