model_name,weigth
arima,8.428840891498223e-67
eakf_model1,1.4968877431713126e-12
eakf_model2,6.925496051808585e-12
eakf_model3,0.9999999999915776
sarima,1.465271740875948e-33
