model_name,weigth
arima,1.7281572142866257e-69
eakf_model1,1.785858091090501e-32
eakf_model2,4.142271502071704e-12
eakf_model3,0.9999999999958578
