model_name,weigth
arima,1.5e-323
eakf_model1,2.942715637947627e-20
eakf_model2,5.342625701754811e-09
eakf_model3,0.9999999946573742
