model_name,weigth
arima,1.8893103496454185e-27
eakf_model1,5.323080929415098e-18
eakf_model2,1.4960899007589187e-12
eakf_model3,0.9999999999985039
