model_name,weigth
arima,4.0922549561637066e-138
eakf_model1,7.917554135666537e-26
eakf_model2,1.6487302717096786e-11
eakf_model3,0.9999999999835126
