model_name,weigth
arima,8.43948420692688e-141
eakf_model1,7.343085210691498e-31
eakf_model2,0.9999999999815441
eakf_model3,1.8455921202431515e-11
