model_name,weigth
arima,1.0973942859930656e-288
eakf_model1,2.7138740941277695e-25
eakf_model2,3.4034142952948744e-11
eakf_model3,0.9999999999659658
