model_name,weigth
arima,9.062382529301371e-95
eakf_model1,4.305003049992677e-34
eakf_model2,9.345059590038097e-12
eakf_model3,0.9999999999906549
