model_name,weigth
arima,8.769437671732576e-122
eakf_model1,6.230762822419648e-28
eakf_model2,1.1297603120648638e-11
eakf_model3,0.9999999999887024
