model_name,weigth
arima,8.604536711458051e-79
eakf_model1,3.000998291194158e-18
eakf_model2,3.659750280945988e-11
eakf_model3,0.9999999999634024
sarima,4.9190564949543516e-95
