model_name,weigth
arima,1.0263763819264173e-123
eakf_model1,9.014801565523412e-52
eakf_model2,1.6222775465523047e-11
eakf_model3,0.9999999999837772
