model_name,weigth
arima,2.755339565314966e-142
eakf_model1,4.666812769892139e-20
eakf_model2,5.2666015438314086e-11
eakf_model3,0.9999999999473339
sarima,5.70467983897345e-88
