model_name,weigth
arima,3.4217129515174623e-91
eakf_model1,2.480369947041181e-12
eakf_model2,9.20542155489188e-12
eakf_model3,0.9999999999883141
