model_name,weigth
arima,1.5e-323
eakf_model1,7.338046436824697e-237
eakf_model2,0.13102834202886676
eakf_model3,0.8689716579711331
