model_name,weigth
arima,1.5e-323
eakf_model1,2.5e-323
eakf_model2,1.6382266183048637e-08
eakf_model3,0.9999999836177338
