model_name,weigth
arima,2.0176665909807818e-122
eakf_model1,2.3858220460691404e-72
eakf_model2,2.7450294944636545e-11
eakf_model3,0.9999999999725496
