model_name,weigth
arima,9.659132158553061e-58
eakf_model1,1.9989080187499623e-45
eakf_model2,5.695841340029307e-12
eakf_model3,0.9999999999943041
