model_name,weigth
arima,1.0919458839786246e-59
eakf_model1,6.2706095428634e-30
eakf_model2,8.843489656831014e-12
eakf_model3,0.9999999999911565
