model_name,weigth
arima,5.9558951996802746e-86
eakf_model1,9.040425322425312e-34
eakf_model2,3.3451071902165282e-12
eakf_model3,0.9999999999966548
