model_name,weigth
arima,1.2297033731005169e-127
eakf_model1,3.435517662728949e-41
eakf_model2,1.1695583587434432e-11
eakf_model3,0.9999999999883042
