model_name,weigth
arima,2.8630415733632753e-145
eakf_model1,2.5521069262647634e-66
eakf_model2,6.324589112732106e-11
eakf_model3,0.999999999936754
sarima,9.192564679423789e-51
