model_name,weigth
arima,7.345556693032237e-219
eakf_model1,4.507235745190131e-11
eakf_model2,4.803073489584395e-13
eakf_model3,0.9999999999544473
sarima,1.14231116856962e-124
