model_name,weigth
arima,0.0
eakf_model1,3.927807469501867e-160
eakf_model2,0.9999999985666966
eakf_model3,1.433303264477083e-09
sarima,5e-324
