model_name,weigth
arima,1.1039392230193116e-30
eakf_model1,4.5758698592296996e-26
eakf_model2,4.472908171175465e-12
eakf_model3,0.999999999995527
