model_name,weigth
arima,1.1028181295871826e-191
eakf_model1,3.4148984409936264e-32
eakf_model2,3.7159701085893665e-11
eakf_model3,0.9999999999628403
