model_name,weigth
arima,6.252616801059992e-35
eakf_model1,1.257019217275031e-32
eakf_model2,2.3830236917128763e-12
eakf_model3,0.9999999999976169
