model_name,weigth
arima,3.00744095129052e-70
eakf_model1,4.603146679849053e-28
eakf_model2,9.859734197400784e-12
eakf_model3,0.9999999999901401
