model_name,weigth
arima,1.929892229409024e-98
eakf_model1,1.2429779205831782e-66
eakf_model2,1.1651975830014665e-11
eakf_model3,0.9999999999883479
