model_name,weigth
arima,1e-323
eakf_model1,7.403582162718379e-29
eakf_model2,0.2915445747084059
eakf_model3,0.708455425291594
sarima,1e-323
