model_name,weigth
arima,6.229850001270735e-49
eakf_model1,7.977043581109434e-43
eakf_model2,9.601557509138973e-12
eakf_model3,0.9999999999903983
sarima,2.9018637809587037e-23
