model_name,weigth
arima,1.094878222835616e-148
eakf_model1,0.9999999999783173
eakf_model2,1.9438249979654883e-25
eakf_model3,2.168254255395024e-11
