model_name,weigth
arima,7.883790043468277e-91
eakf_model1,4.034947028227903e-50
eakf_model2,2.8902650355270037e-11
eakf_model3,0.9999999999710973
sarima,7.183074260358239e-73
