model_name,weigth
arima,2.1496939724288995e-93
eakf_model1,1.7718762251898304e-13
eakf_model2,1.700343131208743e-11
eakf_model3,0.9999999999828193
