model_name,weigth
arima,2.032041161188536e-63
eakf_model1,1.4555201584313158e-50
eakf_model2,5.340135926677071e-11
eakf_model3,3.4335730218397006e-11
sarima,0.9999999999122628
