model_name,weigth
arima,6.817880879089896e-99
eakf_model1,1.5845233679375956e-23
eakf_model2,2.868188297626489e-12
eakf_model3,0.9999999999971316
