model_name,weigth
arima,1e-323
eakf_model1,1.1670330010410834e-216
eakf_model2,3.4886452576525324e-10
eakf_model3,0.9999999996511354
sarima,1.88498983354781e-107
