model_name,weigth
arima,3.861919249796359e-55
eakf_model1,0.9999999999926215
eakf_model2,6.254983497220676e-20
eakf_model3,7.378437759509634e-12
sarima,2.0458541775476694e-41
