model_name,weigth
arima,1.5e-323
eakf_model1,2.0013563426026867e-112
eakf_model2,0.9150524279532711
eakf_model3,0.08494757204672887
