model_name,weigth
arima,2.1754852593211323e-19
eakf_model1,0.9999999999982095
eakf_model2,2.2580742130417185e-16
eakf_model3,1.7902918307426948e-12
