model_name,weigth
arima,6.609460168326135e-50
eakf_model1,1.0162391077822182e-19
eakf_model2,1.4032865078710646e-12
eakf_model3,0.9999999999985967
