model_name,weigth
arima,2.976280935100808e-156
eakf_model1,4.782807803268697e-19
eakf_model2,6.1034249502110675e-12
eakf_model3,0.9999999999938964
