model_name,weigth
arima,0.0
eakf_model1,1.1088971969163783e-82
eakf_model2,3.3987429938342837e-09
eakf_model3,0.9999999966012569
sarima,0.0
