model_name,weigth
arima,6.913355072542e-95
eakf_model1,1.5032569520575228e-16
eakf_model2,1.447553453507354e-10
eakf_model3,0.9999999998552445
sarima,1.2176951342304338e-132
