model_name,weigth
arima,1.5e-323
eakf_model1,0.999999998397267
eakf_model2,1.6027329687395758e-09
eakf_model3,1.8988605876737934e-77
sarima,3e-323
