model_name,weigth
arima,1.2225109820050614e-227
eakf_model1,9.405854475362854e-47
eakf_model2,0.9999999995127254
eakf_model3,4.872746042049125e-10
sarima,1.467982346113629e-82
