model_name,weigth
arima,1.0413507281357552e-99
eakf_model1,0.9999999999720375
eakf_model2,2.796071294468566e-11
eakf_model3,1.8270631304273886e-15
