model_name,weigth
arima,6.494743004207483e-205
eakf_model1,9.633074354081998e-114
eakf_model2,5.1580071500121276e-11
eakf_model3,0.9999999999484199
