model_name,weigth
arima,2.296810049982678e-235
eakf_model1,2.6269347240130284e-18
eakf_model2,1.978581123443912e-11
eakf_model3,0.999999999980214
