model_name,weigth
arima,2.0919434335216694e-26
eakf_model1,1.2963382279891709e-14
eakf_model2,1.4867535067278215e-12
eakf_model3,0.9999999999985001
