model_name,weigth
arima,1.2362043183089684e-15
eakf_model1,0.9999999999989537
eakf_model2,1.2547875479479495e-19
eakf_model3,6.7250762024513205e-18
sarima,1.0449629257426417e-12
