model_name,weigth
arima,8.611920350322108e-95
eakf_model1,0.9999999999593764
eakf_model2,4.0623550966463577e-11
eakf_model3,1.2907788501175172e-25
sarima,2.5630818605989817e-97
