model_name,weigth
arima,3.8608512849639025e-32
eakf_model1,0.9999999999939152
eakf_model2,2.4555589259503078e-15
eakf_model3,6.082351860957234e-12
