model_name,weigth
arima,5.40385356919114e-13
eakf_model1,0.9999999999994585
eakf_model2,3.1757954815489504e-17
eakf_model3,1.147967306715692e-15
