model_name,weigth
arima,7.117330887438327e-13
eakf_model1,9.713259864190972e-19
eakf_model2,3.218522840142559e-13
eakf_model3,0.9999999999989663
