model_name,weigth
arima,1.0159351405347528e-12
eakf_model1,3.893667407899973e-21
eakf_model2,2.6309287054128572e-15
eakf_model3,0.9999999999989813
