model_name,weigth
arima,1.0049535675308408e-114
eakf_model1,3.451466678916353e-19
eakf_model2,5.297511438385154e-12
eakf_model3,0.9999999999947025
