model_name,weigth
arima,4.959763046007051e-13
eakf_model1,3.4334467788809495e-13
eakf_model2,1.1340938203232967e-13
eakf_model3,0.9999999999990472
