model_name,weigth
arima,6.202721239300824e-35
eakf_model1,3.298425638376401e-79
eakf_model2,3.0398641614920576e-40
eakf_model3,0.9999999999814815
sarima,1.851839241472273e-11
