model_name,weigth
arima,2.303728301497923e-28
eakf_model1,0.999999999998382
eakf_model2,3.217714755524726e-13
eakf_model3,1.2961908231899885e-12
sarima,1.2888099185066198e-26
