model_name,weigth
arima,2.4944591873878457e-35
eakf_model1,3.1408187525840968e-15
eakf_model2,1.6067200428529461e-12
eakf_model3,0.9999999999983901
