model_name,weigth
arima,4.553134325628244e-19
eakf_model1,3.323280785569292e-18
eakf_model2,1.2663694983977763e-12
eakf_model3,0.9999999999987337
