model_name,weigth
arima,3.4761770365981844e-34
eakf_model1,0.9999999999982779
eakf_model2,4.3639910184640045e-16
eakf_model3,1.721528447563014e-12
