model_name,weigth
arima,9.03616990080088e-18
eakf_model1,9.660254252227426e-17
eakf_model2,1.082083937215016e-12
eakf_model3,0.9999999999989178
