model_name,weigth
arima,4.1682777153071263e-69
eakf_model1,1.349625484353067e-197
eakf_model2,5.240009670116223e-57
eakf_model3,0.713402318187546
sarima,0.28659768181245393
