model_name,weigth
arima,3.1144408518483e-37
eakf_model1,0.9999999999931052
eakf_model2,6.8947773085482055e-12
eakf_model3,1.626382824702303e-19
sarima,1.8306593619574918e-40
