model_name,weigth
arima,3.697356464358944e-110
eakf_model1,2.7435115154266915e-27
eakf_model2,7.732604977912249e-12
eakf_model3,0.9999999999922673
