model_name,weigth
arima,3.6628262367376196e-62
eakf_model1,0.9999999999908078
eakf_model2,9.19218311609544e-12
eakf_model3,1.756503401209014e-18
