model_name,weigth
arima,3.6190659594347993e-106
eakf_model1,0.9999999999747758
eakf_model2,2.522408741541334e-11
eakf_model3,3.6662967622923146e-33
