model_name,weigth
arima,5.607773375397225e-25
eakf_model1,0.9999999999953877
eakf_model2,8.837313753728091e-17
eakf_model3,4.612098769144281e-12
sarima,2.054302527596449e-18
