model_name,weigth
arima,5e-324
eakf_model1,8.1274416439242785e-199
eakf_model2,0.9999999962857032
eakf_model3,3.7142631871597868e-09
sarima,3.34775002325534e-14
