model_name,weigth
arima,6.230131516832098e-178
eakf_model1,1.0949329821376858e-22
eakf_model2,9.562422887189703e-10
eakf_model3,0.9999999990437577
sarima,8.04877273135709e-237
