model_name,weigth
arima,1.327790443680622e-111
eakf_model1,1.1729495923829292e-43
eakf_model2,4.9247810845777766e-11
eakf_model3,0.9999999999507523
