model_name,weigth
arima,0.4376852942219398
eakf_model1,2.5938605723455227e-106
eakf_model2,0.5623147052820382
eakf_model3,4.960219403416501e-10
sarima,3.8544304579046084e-53
