model_name,weigth
arima,1.032848510520893e-248
eakf_model1,9.003415198668532e-68
eakf_model2,0.9999999998866537
eakf_model3,1.1334632817215069e-10
