model_name,weigth
arima,2.3638056807043762e-68
eakf_model1,6.340504900428394e-36
eakf_model2,4.302485956980245e-11
eakf_model3,0.9999999999569751
