model_name,weigth
arima,5.647737355288407e-08
eakf_model1,4e-323
eakf_model2,4.4e-323
eakf_model3,0.9999999435226262
