model_name,weigth
arima,8.9851288973038e-152
eakf_model1,3.032723922134715e-48
eakf_model2,6.951835363358949e-11
eakf_model3,0.9999999999304816
sarima,2.337006202966021e-230
