model_name,weigth
arima,1.3245434894048478e-89
eakf_model1,8.56195043818323e-15
eakf_model2,0.9999999999400547
eakf_model3,5.993669864650061e-11
