model_name,weigth
arima,1.0288161857252028e-108
eakf_model1,1.4852241339876772e-35
eakf_model2,0.9999999998858502
eakf_model3,1.1414983164797403e-10
sarima,3.5466528052418414e-115
