model_name,weigth
arima,1.1441603027652094e-43
eakf_model1,9.161799723595807e-12
eakf_model2,3.554465959391417e-14
eakf_model3,0.9999999999908026
