model_name,weigth
arima,4.498692612846979e-34
eakf_model1,1.7579643441342994e-17
eakf_model2,5.048433718119365e-12
eakf_model3,0.9999999999949515
sarima,1.933496134782819e-56
