model_name,weigth
arima,7.459432874054467e-70
eakf_model1,2.6393453328666067e-36
eakf_model2,9.435053353944195e-11
eakf_model3,0.9999999999056495
sarima,1.51791596388984e-83
