model_name,weigth
arima,4.1100277509858484e-29
eakf_model1,1.1634327823669438e-25
eakf_model2,7.953389136076955e-12
eakf_model3,0.9999999999920467
