model_name,weigth
arima,4.5554327729075576e-14
eakf_model1,1.125614745147777e-12
eakf_model2,1.1527892744066089e-14
eakf_model3,0.9999999999988173
