model_name,weigth
arima,1.160273245335587e-263
eakf_model1,0.9999999988101681
eakf_model2,6.241754495863105e-38
eakf_model3,1.1898318910602563e-09
sarima,3.304411073606957e-90
