model_name,weigth
arima,1.6771736854716802e-151
eakf_model1,3.406357565290584e-12
eakf_model2,5.589208408528768e-10
eakf_model3,0.9999999994376727
sarima,1.2644672591976559e-303
