model_name,weigth
arima,1.018351659881095e-112
eakf_model1,1.7627919288199793e-38
eakf_model2,5.3364234830724175e-11
eakf_model3,0.9999999999466358
