model_name,weigth
arima,3.7210068100750324e-14
eakf_model1,2.9654679340478217e-19
eakf_model2,7.688338407023943e-12
eakf_model3,0.9999999999922744
