model_name,weigth
arima,2.2202925710943066e-41
eakf_model1,1.4340532341627392e-11
eakf_model2,2.1973990125137013e-13
eakf_model3,0.9999999999854396
