model_name,weigth
arima,1.02843415868145e-142
eakf_model1,0.9999999998780325
eakf_model2,1.7798330163425812e-40
eakf_model3,1.2196755281236573e-10
