model_name,weigth
arima,1.4945840008322906e-107
eakf_model1,0.9999999998926585
eakf_model2,1.0734140607317229e-10
eakf_model3,9.359239744219279e-24
