model_name,weigth
arima,4.458005723433988e-11
eakf_model1,8.170851721227835e-18
eakf_model2,0.9999999999554198
eakf_model3,1.2180445867673981e-22
