model_name,weigth
arima,5.105001852077481e-49
eakf_model1,0.9999999999689411
eakf_model2,3.1059031088256866e-11
eakf_model3,7.110618798083639e-68
sarima,7.533783375391845e-58
