model_name,weigth
arima,0.9999999999903055
eakf_model1,1.538347592093956e-41
eakf_model2,3.504207233968321e-44
eakf_model3,9.694349873217263e-12
