model_name,weigth
arima,2.4779171699579938e-52
eakf_model1,1.3753093218426613e-29
eakf_model2,0.9999999999557744
eakf_model3,4.422553351413579e-11
