model_name,weigth
arima,2.9925311982181197e-20
eakf_model1,2.2376066655094268e-20
eakf_model2,1.5910417261995376e-11
eakf_model3,0.9999999999840896
