model_name,weigth
arima,1.5995956969592246e-86
eakf_model1,1.0179749912443579e-10
eakf_model2,5.234645795665751e-18
eakf_model3,0.9999999998982024
