model_name,weigth
arima,1.2322587301951536e-138
eakf_model1,0.9999999997927044
eakf_model2,2.072955817527279e-10
eakf_model3,2.392300250872717e-123
