model_name,weigth
arima,6.547699109245574e-244
eakf_model1,0.03215326789148054
eakf_model2,0.9678467321085193
eakf_model3,1.1759684139025876e-138
sarima,4.548322253542812e-220
