model_name,weigth
arima,1.9467763039494314e-64
eakf_model1,0.7676505791744996
eakf_model2,1.6376773496771344e-19
eakf_model3,0.23234942082550036
sarima,2.6851538637301188e-34
