model_name,weigth
arima,0.9999999999976938
eakf_model1,3.1128719457840802e-46
eakf_model2,6.362860148669458e-13
eakf_model3,1.6697364448258652e-12
