model_name,weigth
arima,5.9394520478057795e-33
eakf_model1,1.3747269459072612e-16
eakf_model2,2.098635443991216e-12
eakf_model3,0.9999999999979012
