model_name,weigth
arima,2.4208440772543144e-27
eakf_model1,0.9999999999916332
eakf_model2,8.366697270991743e-12
eakf_model3,2.606733235919559e-31
