model_name,weigth
arima,0.943956018501787
eakf_model1,3.474761786590707e-71
eakf_model2,0.056043981498213005
eakf_model3,2.068238162705057e-18
