model_name,weigth
arima,3.815747521689595e-12
eakf_model1,8.064734783999721e-38
eakf_model2,1.2028221473724768e-34
eakf_model3,2.656958310345355e-20
sarima,0.9999999999961842
