model_name,weigth
arima,0.99999999999139
eakf_model1,1.5581224768720226e-24
eakf_model2,6.555084894655236e-32
eakf_model3,8.609878809860017e-12
