model_name,weigth
arima,1.229720548925033e-33
eakf_model1,9.33183548087134e-33
eakf_model2,3.9358483305022706e-11
eakf_model3,0.9999999999606415
