model_name,weigth
arima,9.768643744530402e-111
eakf_model1,1.1247698726443436e-15
eakf_model2,6.312061440097001e-11
eakf_model3,0.9999999999368782
sarima,5.541644428115062e-85
