model_name,weigth
arima,0.9178474909213434
eakf_model1,1.1211308851605375e-52
eakf_model2,8.305337476223499e-18
eakf_model3,0.08215250907865648
sarima,5.16495824266567e-19
