model_name,weigth
arima,2.73979260496565e-110
eakf_model1,5.053354215417332e-19
eakf_model2,3.083949571246606e-11
eakf_model3,0.9999999999691604
