model_name,weigth
arima,5.2767553860837846e-33
eakf_model1,7.187914295816004e-27
eakf_model2,0.9999999999803412
eakf_model3,1.9658836895309134e-11
