model_name,weigth
arima,0.9999999999560262
eakf_model1,1.0280339932118616e-12
eakf_model2,4.2945622426842487e-11
eakf_model3,2.0458148985875e-108
