model_name,weigth
arima,1.7822880543951775e-11
eakf_model1,1.009671168312157e-15
eakf_model2,0.9999999999816851
eakf_model3,4.9093824178106e-13
