model_name,weigth
arima,0.9999999999377644
eakf_model1,1.5201244000160615e-54
eakf_model2,7.826581085595899e-21
eakf_model3,3.449890219028187e-29
sarima,6.223553363479245e-11
