model_name,weigth
arima,1.917521290164812e-36
eakf_model1,0.9999999999526774
eakf_model2,6.787776173854431e-16
eakf_model3,4.728667699647913e-11
sarima,3.5109332185364196e-14
