model_name,weigth
arima,0.05929109289034551
eakf_model1,1.06276889502152e-104
eakf_model2,0.9407089071096545
eakf_model3,5.115613642015556e-32
