model_name,weigth
arima,2.7652278452133202e-42
eakf_model1,0.6701885188866077
eakf_model2,1.2167107082817673e-15
eakf_model3,1.8346804856064826e-11
sarima,0.3298114810950442
