model_name,weigth
arima,0.9999999985321228
eakf_model1,1.4678770588613332e-09
eakf_model2,7.67602949784655e-36
eakf_model3,1.0972304602471471e-86
