model_name,weigth
arima,0.45837635272770844
eakf_model1,5.365398911734126e-10
eakf_model2,0.5416236467357516
eakf_model3,2.0102972948270827e-20
sarima,1.0124973330549964e-118
