model_name,weigth
arima,5.713747664544091e-264
eakf_model1,1.1067884372844787e-09
eakf_model2,0.9999999988932116
eakf_model3,5.5364033586914404e-21
