model_name,weigth
arima,5.09185488027246e-11
eakf_model1,1.4201606316458695e-11
eakf_model2,0.9999999999330368
eakf_model3,1.84305561124883e-12
