model_name,weigth
arima,2.7928282631857905e-43
eakf_model1,4.367239913707748e-32
eakf_model2,1.7848708436818044e-11
eakf_model3,0.9999999999821512
sarima,1.0834775337417823e-32
