model_name,weigth
arima,9.062375747299668e-39
eakf_model1,0.9999999999579892
eakf_model2,4.2010896087863247e-11
eakf_model3,1.0638436904823923e-50
