model_name,weigth
arima,0.9999999992422111
eakf_model1,4.6470350513843884e-195
eakf_model2,7.577889046883881e-10
eakf_model3,3.324933518007862e-232
