model_name,weigth
arima,0.9999953687696528
eakf_model1,4.6312303470849675e-06
eakf_model2,6.9e-322
eakf_model3,1.5e-323
