model_name,weigth
arima,2.8353322952130324e-61
eakf_model1,1.1503738447336805e-15
eakf_model2,1.830702403394889e-11
eakf_model3,0.9999999999816918
sarima,1.5813315038473466e-33
