model_name,weigth
arima,2.435286019631424e-82
eakf_model1,1.2047596143227702e-24
eakf_model2,1.8281003834356512e-11
eakf_model3,0.9999999999817191
