model_name,weigth
arima,1.5e-323
eakf_model1,6.3087211662751815e-09
eakf_model2,1.244405120748756e-63
eakf_model3,0.9999999936912787
