model_name,weigth
arima,1.0395806701165622e-16
eakf_model1,3.5557415051227885e-12
eakf_model2,0.9999999999964441
eakf_model3,3.2189617993918193e-28
