model_name,weigth
arima,8.123331138808361e-22
eakf_model1,4.09998859561086e-12
eakf_model2,0.9999999999959
eakf_model3,3.3015449577808576e-29
