model_name,weigth
arima,1.5279211366047752e-19
eakf_model1,4.999198972680576e-13
eakf_model2,0.9999999999980744
eakf_model3,1.4256268895651136e-12
