model_name,weigth
arima,3.143176493441098e-114
eakf_model1,2.080777016805854e-11
eakf_model2,7.823745804025168e-37
eakf_model3,0.9999999999791922
sarima,1.6329361205543974e-57
