model_name,weigth
arima,1e-323
eakf_model1,0.9999999998666872
eakf_model2,1.630233349594507e-58
eakf_model3,4.485218486125021e-12
sarima,1.2882757164185303e-10
