model_name,weigth
arima,7.69984573402085e-168
eakf_model1,0.9999999998605114
eakf_model2,1.0185026111082885e-44
eakf_model3,1.3948850281395635e-10
sarima,2.693024931440014e-165
