model_name,weigth
arima,2.104850233357492e-34
eakf_model1,8.108634720567063e-12
eakf_model2,0.9999999999918912
eakf_model3,6.493597950040275e-20
sarima,1.3060490104064523e-107
