model_name,weigth
arima,5.8070007412494016e-74
eakf_model1,2.4771968152562904e-10
eakf_model2,0.9999999997522802
eakf_model3,6.120298239251254e-21
sarima,3.271177023027239e-37
