model_name,weigth
arima,4.766814952732109e-31
eakf_model1,1.4420315556047353e-11
eakf_model2,0.9999999999855796
eakf_model3,1.6617863266684664e-19
sarima,8.62954272628693e-52
