model_name,weigth
arima,7.740647984072085e-270
eakf_model1,2.4680557078931385e-10
eakf_model2,0.9999999997490763
eakf_model3,4.118124605800464e-12
sarima,1e-323
