model_name,weigth
arima,0.0
eakf_model1,6.897542580676498e-10
eakf_model2,1.70113403509583e-55
eakf_model3,0.9999999993102457
sarima,0.0
