model_name,weigth
arima,0.0
eakf_model1,0.9999999993707038
eakf_model2,1.4983485981119285e-25
eakf_model3,6.292959684507111e-10
sarima,0.0
