model_name,weigth
arima,0.0
eakf_model1,4.03242589563456e-10
eakf_model2,3.2953769866272083e-68
eakf_model3,0.9999999995967573
sarima,0.0
