model_name,weigth
arima,3.4124397778878814e-96
eakf_model1,3.392220873144695e-11
eakf_model2,2.675236862865145e-13
eakf_model3,0.9999999999658102
sarima,2.5377022898328547e-82
