model_name,weigth
arima,0.0
eakf_model1,3.7485772024219105e-10
eakf_model2,0.9999999996251061
eakf_model3,3.610857433227619e-14
sarima,0.0
