model_name,weigth
arima,0.0
eakf_model1,0.9999999469155032
eakf_model2,3.3262596425891876e-157
eakf_model3,5.308449681662207e-08
sarima,0.0
