model_name,weigth
arima,5.734992836495063e-106
eakf_model1,1.1550328508486851e-11
eakf_model2,1.4831560632833812e-16
eakf_model3,0.9999999999884495
sarima,2.423045624840885e-171
