model_name,weigth
arima,0.0
eakf_model1,4.8939769709980135e-11
eakf_model2,3.261335935936153e-11
eakf_model3,0.9999999999184468
sarima,0.0
