model_name,weigth
arima,1.5606733057996898e-135
eakf_model1,0.9999999999441507
eakf_model2,5.436106427804154e-29
eakf_model3,5.5849173713071164e-11
sarima,3.604695980378149e-115
