model_name,weigth
arima,2.7942082602513015e-221
eakf_model1,5.099297285722425e-14
eakf_model2,3.919318874734532e-11
eakf_model3,0.9999999999607557
sarima,2.7231226734915297e-246
