model_name,weigth
arima,3.8223822086490614e-160
eakf_model1,3.079597291629658e-11
eakf_model2,2.591560793830246e-43
eakf_model3,0.999999999969204
sarima,3.859283798797891e-254
