model_name,weigth
arima,0.0
eakf_model1,3.132865333411847e-08
eakf_model2,1.2820696330981372e-281
eakf_model3,0.9999999686713466
sarima,0.0
