model_name,weigth
arima,0.0
eakf_model1,1.65655258687141e-08
eakf_model2,0.9999999834344742
eakf_model3,2.0373045470002974e-308
sarima,0.0
