model_name,weigth
arima,0.0
eakf_model1,0.9999999996346866
eakf_model2,3.6531339045312153e-10
eakf_model3,2.0214888568292173e-88
sarima,0.0
