model_name,weigth
arima,1.391020212182473e-173
eakf_model1,0.9999999999496749
eakf_model2,9.514539026767033e-29
eakf_model3,5.0324949602109053e-11
sarima,1.2255692154183955e-166
