model_name,weigth
arima,1.7780840563022294e-74
eakf_model1,0.9999999999823141
eakf_model2,3.801659825541692e-35
eakf_model3,1.768582299797642e-11
sarima,1.9100347933436155e-27
