model_name,weigth
arima,1.3975297270605923e-272
eakf_model1,0.9999999999628084
eakf_model2,4.0985679991507643e-19
eakf_model3,3.7191443241474806e-11
sarima,4.007113892192338e-288
