model_name,weigth
arima,7.957034622057746e-36
eakf_model1,0.9999999999978165
eakf_model2,1.9830646734119418e-12
eakf_model3,5.963384899201759e-14
sarima,1.408220847807006e-13
