model_name,weigth
arima,1.545122893283921e-82
eakf_model1,0.9999999999911402
eakf_model2,8.859774352955808e-12
eakf_model3,7.320827011010867e-28
sarima,4.156383575221658e-43
