model_name,weigth
arima,1.5856295052259402e-275
eakf_model1,0.9999999999674001
eakf_model2,2.3935093068824456e-11
eakf_model3,8.66464620735569e-12
sarima,1.0819537020434575e-292
