model_name,weigth
arima,4.8313635541648064e-216
eakf_model1,0.9999999999515685
eakf_model2,4.843117327435999e-11
eakf_model3,3.457837549994389e-16
sarima,1.2945385226568802e-126
