model_name,weigth
arima,6.474140214082853e-114
eakf_model1,2.468324318591478e-10
eakf_model2,4.2066983988341286e-74
eakf_model3,0.9999999997531676
sarima,4.059234890180136e-89
