model_name,weigth
arima,3e-323
eakf_model1,0.9999999993302104
eakf_model2,1.017155739071835e-130
eakf_model3,6.69789502967177e-10
sarima,1.2373487620745413e-198
