model_name,weigth
arima,2.4052677279497335e-208
eakf_model1,0.9999999998746826
eakf_model2,1.2531747683909765e-10
eakf_model3,4.9015586401309234e-45
sarima,2.631363199846168e-151
