model_name,weigth
arima,0.0
eakf_model1,0.9999999996609443
eakf_model2,4.950473854830002e-18
eakf_model3,3.390555853110822e-10
sarima,0.0
