model_name,weigth
arima,1.5e-323
eakf_model1,0.9999999865535008
eakf_model2,1.2830080717669177e-08
eakf_model3,6.164184560392073e-10
sarima,3e-323
