model_name,weigth
arima,0.0
eakf_model1,0.9999999970179285
eakf_model2,2.2056146405556035e-35
eakf_model3,2.9820713656827086e-09
sarima,0.0
