model_name,weigth
arima,1.203825928143113e-67
eakf_model1,4.951907850525674e-12
eakf_model2,2.415539094186357e-13
eakf_model3,0.9999999999948064
sarima,2.184913425300489e-46
