model_name,weigth
arima,6.46381704579146e-82
eakf_model1,6.385024769198824e-12
eakf_model2,4.856282032108701e-25
eakf_model3,0.9999999999936149
sarima,4.1745496759756165e-62
