model_name,weigth
arima,2.2211785159253398e-102
eakf_model1,1.4686114360409313e-11
eakf_model2,0.9999999999846189
eakf_model3,6.949117685423176e-13
sarima,1.766305027339779e-88
