model_name,weigth
arima,1.223898851070525e-121
eakf_model1,2.3606968930745297e-11
eakf_model2,0.999999999976295
eakf_model3,9.797468520849429e-14
sarima,1.9749797530479495e-118
