model_name,weigth
arima,0.0
eakf_model1,0.9999999985125522
eakf_model2,2.596357316245946e-38
eakf_model3,1.4874477362844967e-09
sarima,0.0
