model_name,weigth
arima,3e-323
eakf_model1,6.782437098917487e-66
eakf_model2,0.9999999928996786
eakf_model3,7.100321392745788e-09
sarima,3e-323
