model_name,weigth
arima,1.393226811672904e-56
eakf_model1,1.4073126691770067e-21
eakf_model2,7.960759430409442e-14
eakf_model3,0.9999999999942996
sarima,5.620741470714253e-12
