model_name,weigth
arima,1.5e-323
eakf_model1,5.255999802088346e-129
eakf_model2,2.609202736353139e-22
eakf_model3,0.9999999996810652
sarima,3.189347258995363e-10
