model_name,weigth
arima,3e-323
eakf_model1,0.999999998671774
eakf_model2,5.057490908194863e-10
eakf_model3,8.22476844883213e-10
sarima,2.6286010451128575e-304
