model_name,weigth
arima,1.5630576625643234e-274
eakf_model1,3.053234958967033e-100
eakf_model2,1.519664163103351e-10
eakf_model3,0.9999999998480336
sarima,1.218174729680279e-21
