model_name,weigth
arima,1.5e-323
eakf_model1,4.4e-323
eakf_model2,0.9999986810941068
eakf_model3,1.3189058930325581e-06
sarima,4.4e-323
