model_name,weigth
arima,4.914970607775047e-202
eakf_model1,4.751142775544288e-11
eakf_model2,5.200360669763141e-62
eakf_model3,0.9999999999524884
sarima,5.677519788093625e-190
