model_name,weigth
arima,8.953374274816093e-164
eakf_model1,5.388406182177456e-11
eakf_model2,1.229608448298334e-37
eakf_model3,0.999999999946116
sarima,1.4425694715074007e-163
