model_name,weigth
arima,2.1153290216987485e-62
eakf_model1,9.606222882893028e-12
eakf_model2,1.3371264095108697e-18
eakf_model3,0.9999999999903937
sarima,2.1492151389083e-40
