model_name,weigth
arima,2.5841762410414964e-95
eakf_model1,2.7989524760958528e-11
eakf_model2,6.037834813004613e-13
eakf_model3,0.9999999999714067
sarima,6.012123574470494e-70
