model_name,weigth
arima,1.189245214676664e-194
eakf_model1,0.9999999998688411
eakf_model2,5.274560492068356e-33
eakf_model3,1.311587677762186e-10
sarima,8.029503169117609e-143
