model_name,weigth
arima,3.052300913438752e-50
eakf_model1,4.321467611468756e-12
eakf_model2,5.888527517443858e-13
eakf_model3,0.9999999999950895
sarima,1.0412907309760454e-20
