model_name,weigth
arima,3.201931999164185e-172
eakf_model1,7.038238932766451e-60
eakf_model2,7.851909052632312e-11
eakf_model3,0.9999999999214808
sarima,1.3340549436772795e-29
