model_name,weigth
arima,2.444077616340167e-187
eakf_model1,7.260617698395349e-11
eakf_model2,2.3239851442925088e-21
eakf_model3,0.9999999999273937
sarima,6.323064674256533e-97
