model_name,weigth
arima,2.0135490379375527e-124
eakf_model1,1.780579393157833e-18
eakf_model2,5.4659629324895666e-11
eakf_model3,0.9999999999453403
sarima,6.111616785940501e-103
