model_name,weigth
arima,4.4e-323
eakf_model1,3.1389504701964194e-09
eakf_model2,0.9999999968610495
eakf_model3,7.933818073999194e-88
sarima,3e-323
