model_name,weigth
arima,1.7298801948358422e-194
eakf_model1,4.0156938095846255e-93
eakf_model2,0.9999999998653745
eakf_model3,1.346254205273809e-10
sarima,5.996991452706987e-29
