model_name,weigth
arima,2.9101054162706676e-139
eakf_model1,3.799952753003418e-41
eakf_model2,0.9999999998321937
eakf_model3,1.6780625867975315e-10
sarima,3.816423737641581e-52
