model_name,weigth
arima,3.0837159678053523e-143
eakf_model1,3.8686281429672063e-38
eakf_model2,1.2822405526919887e-10
eakf_model3,0.9999999998717759
sarima,1.0484156026466855e-50
