model_name,weigth
arima,1.7606486213004364e-20
eakf_model1,0.9999999999974707
eakf_model2,9.769331099293468e-13
eakf_model3,5.647707388260698e-14
sarima,1.4957534756638176e-12
