model_name,weigth
arima,2.4012793126552683e-95
eakf_model1,2.250409638510711e-10
eakf_model2,3.6239045860696535e-40
eakf_model3,3.1908450426369634e-32
sarima,0.9999999997749591
