model_name,weigth
arima,7.608787636539567e-96
eakf_model1,1.1238736530704718e-10
eakf_model2,0.9999999998876097
eakf_model3,2.883649902420228e-15
sarima,5.737039980921157e-68
