model_name,weigth
arima,2.3676063111264464e-122
eakf_model1,2.339719521811084e-149
eakf_model2,2.366004097838072e-43
eakf_model3,0.999999999958852
sarima,4.1147845136690806e-11
