model_name,weigth
arima,1.804205478958239e-266
eakf_model1,0.9999999992510372
eakf_model2,7.489628675378732e-10
eakf_model3,8.483048337539096e-126
sarima,2.4403480627849273e-287
