model_name,weigth
arima,1.3544072756460483e-88
eakf_model1,0.9999999999443634
eakf_model2,5.5636380180258164e-11
eakf_model3,8.12483926153664e-47
sarima,5.105428848045911e-87
