model_name,weigth
arima,8.046608079003455e-42
eakf_model1,0.999999999988531
eakf_model2,1.1468963837880749e-11
eakf_model3,7.593718271448995e-28
sarima,5.036666993311041e-43
