model_name,weigth
arima,1.1370044759171513e-53
eakf_model1,5.781191773248939e-20
eakf_model2,1.5865289663370288e-11
eakf_model3,0.9999999999841347
sarima,3.489620557366692e-80
