model_name,weigth
arima,1.6928686866281533e-85
eakf_model1,8.719100223069849e-70
eakf_model2,2.480909905415332e-10
eakf_model3,0.999999999751909
sarima,6.494381912932704e-110
