model_name,weigth
arima,5.254888013308349e-37
eakf_model1,1.0627487348699906e-20
eakf_model2,2.789637350135507e-12
eakf_model3,0.9999999999972103
sarima,1.529853385402127e-33
