model_name,weigth
arima,1.4468317679629154e-60
eakf_model1,3.385791939023569e-95
eakf_model2,1.9720969045121873e-10
eakf_model3,0.9999999998027902
sarima,5.4863593080168385e-71
