model_name,weigth
arima,1.3050459376990664e-33
eakf_model1,0.9999999999797848
eakf_model2,2.021475199234475e-11
eakf_model3,3.2445139582100316e-16
sarima,2.567325704635389e-29
