model_name,weigth
arima,5.611197960857569e-100
eakf_model1,3.1974744928941377e-27
eakf_model2,1.9914174142226928e-10
eakf_model3,0.9999999998008582
sarima,3.919821643182669e-124
