model_name,weigth
arima,5.665649789832413e-56
eakf_model1,0.9999999999259315
eakf_model2,7.406848237817594e-11
eakf_model3,1.128077961224823e-33
sarima,9.192673023529644e-62
