model_name,weigth
arima,6.8412044985458706e-15
eakf_model1,1.980751582392855e-31
eakf_model2,1.6112616222053055e-12
eakf_model3,5.820712572941624e-13
sarima,0.9999999999977998
