model_name,weigth
arima,7.22953094701922e-49
eakf_model1,3.388363206559076e-11
eakf_model2,0.9999999999661164
eakf_model3,3.4543315919500584e-21
sarima,6.948698772033212e-44
