model_name,weigth
arima,3e-323
eakf_model1,5.038775640302913e-08
eakf_model2,0.9999999496122434
eakf_model3,4.4e-323
sarima,3e-323
