model_name,weigth
arima,6.479723156500675e-11
eakf_model1,1.8531979082416777e-108
eakf_model2,1.2453677140276409e-24
eakf_model3,9.98155829803824e-32
sarima,0.9999999999352027
