model_name,weigth
arima,3.410950495033698e-82
eakf_model1,0.9999999932389017
eakf_model2,6.761098294529954e-09
eakf_model3,1.5331793473871885e-38
sarima,6.226029143183464e-240
