model_name,weigth
arima,0.99999999990467
eakf_model1,1.3382670753216488e-86
eakf_model2,6.31162494464459e-11
eakf_model3,2.2665261323268868e-11
sarima,9.548482164640357e-12
