model_name,weigth
arima,3.2689056086524795e-18
eakf_model1,1.2666368538014893e-31
eakf_model2,8.973754742655999e-11
eakf_model3,0.9999999999102624
sarima,1.4740621648139977e-35
