model_name,weigth
arima,3.826361046491909e-115
eakf_model1,3.685324056368968e-167
eakf_model2,0.9999999987876667
eakf_model3,1.2123332327980154e-09
sarima,7.512673383937512e-132
