model_name,weigth
arima,1.002912516655618e-12
eakf_model1,8.365575526535552e-18
eakf_model2,5.640101406225314e-17
eakf_model3,4.778240853964158e-14
sarima,0.9999999999989492
