model_name,weigth
arima,3.331542242172461e-285
eakf_model1,0.9999999996219612
eakf_model2,3.7752978531593513e-10
eakf_model3,5.090393405972081e-13
sarima,1.514654990325576e-129
