model_name,weigth
arima,5.4291300863072677e-191
eakf_model1,1.8404005540463846e-10
eakf_model2,7.601192458832482e-29
eakf_model3,0.9999999998159599
sarima,1.9610082259448533e-95
