model_name,weigth
arima,2.1743573277493597e-246
eakf_model1,3.3504005205712035e-10
eakf_model2,3.0687982953950163e-69
eakf_model3,0.99999999966496
sarima,4.0863723216429145e-139
