model_name,weigth
arima,1.1232736437439343e-37
eakf_model1,1.2189285609031262e-13
eakf_model2,6.0704571164748015e-12
eakf_model3,0.9999999999938075
sarima,3.984566434090415e-33
