model_name,weigth
arima,5.9924509996293e-309
eakf_model1,9.671119417190874e-84
eakf_model2,0.9999999993699313
eakf_model3,6.300685321395355e-10
sarima,2.7127202039171617e-302
