model_name,weigth
arima,2.403527245940319e-49
eakf_model1,1.304291537331136e-17
eakf_model2,1.0693244746897644e-11
eakf_model3,0.9999999999893067
sarima,3.006482761521946e-54
