model_name,weigth
arima,3.947393166025539e-154
eakf_model1,3.5379989860190854e-48
eakf_model2,7.842638097379436e-27
eakf_model3,0.9999999997616504
sarima,2.383495627728077e-10
