model_name,weigth
arima,3e-323
eakf_model1,4.179211246826982e-145
eakf_model2,2.5356874796086554e-09
eakf_model3,0.9999999974643123
sarima,1.7656213604368462e-300
