model_name,weigth
arima,5.260902866181364e-66
eakf_model1,4.628314910878717e-12
eakf_model2,1.3274340071228996e-22
eakf_model3,0.9999999999953716
sarima,1.333896717377292e-36
