model_name,weigth
arima,3e-323
eakf_model1,6.335326553507495e-10
eakf_model2,1.5e-323
eakf_model3,0.9999999993664672
