model_name,weigth
arima,0.0
eakf_model1,0.9999999999426078
eakf_model2,5.73921414514681e-11
eakf_model3,2.11134219090128e-31
