model_name,weigth
arima,1.4223967323895416e-59
eakf_model1,1.9134961138719264e-12
eakf_model2,6.348833632624276e-21
eakf_model3,0.9999999999980864
