model_name,weigth
arima,4.256571493042325e-177
eakf_model1,0.9999999999575968
eakf_model2,1.893322765821351e-70
eakf_model3,4.24030682105269e-11
