model_name,weigth
arima,8.258638512713132e-201
eakf_model1,0.999999999985931
eakf_model2,2.283465105386333e-36
eakf_model3,1.406883908293177e-11
