model_name,weigth
arima,9.43784256428602e-98
eakf_model1,7.399557864528348e-12
eakf_model2,3.086704707620786e-15
eakf_model3,0.9999999999925973
