model_name,weigth
arima,5.365303404887434e-116
eakf_model1,3.3316162920118714e-12
eakf_model2,1.846722631200879e-22
eakf_model3,0.9999999999966684
