model_name,weigth
arima,0.0
eakf_model1,1.4250434394399643e-10
eakf_model2,5.198324809564547e-84
eakf_model3,0.9999999998574955
sarima,4.397177376766526e-17
