model_name,weigth
arima,2.764765718415907e-309
eakf_model1,2.2257016618643607e-11
eakf_model2,4.7648470073084145e-31
eakf_model3,0.9999999999777429
