model_name,weigth
arima,1.8320752616217078e-303
eakf_model1,0.9999999997512441
eakf_model2,1.3245738792140773e-72
eakf_model3,2.4875582531552907e-10
