model_name,weigth
arima,2.5591174282724915e-77
eakf_model1,5.0950760593358084e-11
eakf_model2,2.0298109829144e-33
eakf_model3,0.9999999999490492
