model_name,weigth
arima,1.1952299009468769e-65
eakf_model1,0.9999999996289642
eakf_model2,3.6772365570120167e-10
eakf_model3,3.312036787145566e-12
sarima,7.143941010247795e-22
