model_name,weigth
arima,2.4612928547571466e-280
eakf_model1,0.9999999999734799
eakf_model2,3.8599030855787396e-19
eakf_model3,2.6520115872958627e-11
sarima,2.705790103770047e-308
