model_name,weigth
arima,2.112433936999427e-160
eakf_model1,0.9999999999781867
eakf_model2,1.5318540552612198e-35
eakf_model3,2.181327965790174e-11
sarima,1.061617590324911e-239
