model_name,weigth
arima,1.4755006864628137e-91
eakf_model1,6.950284474426034e-11
eakf_model2,0.9999999999291326
eakf_model3,1.3645789526396105e-12
sarima,1.0908648359868156e-224
