model_name,weigth
arima,4.7619213430111266e-52
eakf_model1,1.553141834364816e-11
eakf_model2,2.238833605148598e-15
eakf_model3,0.9999999999844662
