model_name,weigth
arima,1.0334992758936522e-242
eakf_model1,1.0886162068205467e-10
eakf_model2,4.745697308628566e-71
eakf_model3,0.9999999998911384
