model_name,weigth
arima,4.7330580246289185e-40
eakf_model1,1.3902877702473171e-12
eakf_model2,5.60942462613879e-19
eakf_model3,0.9999999999986096
