model_name,weigth
arima,4.0714353285404213e-38
eakf_model1,2.376574027435141e-11
eakf_model2,0.9999999999762342
eakf_model3,2.3087776656433347e-20
sarima,1.225782532650034e-101
