model_name,weigth
arima,2.3758024084876472e-54
eakf_model1,4.7820035603409965e-11
eakf_model2,0.9999999999521799
eakf_model3,7.959824029666094e-28
