model_name,weigth
arima,4.410984218079202e-98
eakf_model1,0.9999999993410397
eakf_model2,6.053407208689962e-10
eakf_model3,5.361946496767334e-11
