model_name,weigth
arima,3.069714e-318
eakf_model1,0.9999999999820468
eakf_model2,3.978460163841204e-31
eakf_model3,1.7953119346536465e-11
