model_name,weigth
arima,0.0
eakf_model1,0.9999999996321033
eakf_model2,1.4071517211182771e-36
eakf_model3,3.6789665695869925e-10
sarima,0.0
