model_name,weigth
arima,1.2408942537592096e-78
eakf_model1,0.9999999999765488
eakf_model2,9.532967159059871e-20
eakf_model3,2.3451212434487146e-11
sarima,6.431893927915212e-84
