model_name,weigth
arima,8.136716565622692e-95
eakf_model1,8.345822839385262e-14
eakf_model2,2.4529359100131863e-10
eakf_model3,0.9999999997546228
