model_name,weigth
arima,4.981042518703151e-186
eakf_model1,0.9999999999172466
eakf_model2,1.39310963943801e-26
eakf_model3,8.27533366907901e-11
sarima,0.0
