model_name,weigth
arima,0.0
eakf_model1,0.9999999997802387
eakf_model2,2.1976088858997814e-10
eakf_model3,2.7208774234583317e-16
