model_name,weigth
arima,5.313775990944873e-127
eakf_model1,0.9999999999937974
eakf_model2,6.202548167592877e-12
eakf_model3,1.3195747067010822e-21
