model_name,weigth
arima,5.132387556525278e-55
eakf_model1,0.9999999999962165
eakf_model2,3.783482829565718e-12
eakf_model3,1.648356745980601e-17
