model_name,weigth
arima,0.0
eakf_model1,1.5331550563141086e-07
eakf_model2,0.9999998466844943
eakf_model3,2.6396274004384045e-70
sarima,0.0
