model_name,weigth
arima,1.5e-323
eakf_model1,4.1105905253936707e-10
eakf_model2,5.9375841198472444e-121
eakf_model3,0.9999999995889409
