model_name,weigth
arima,0.0
eakf_model1,0.9999999997228478
eakf_model2,2.7715212108406057e-10
eakf_model3,2.063876113279939e-20
sarima,0.0
