model_name,weigth
arima,0.0
eakf_model1,3.17177395305856e-10
eakf_model2,4.095468558634956e-43
eakf_model3,0.9999999996828226
sarima,0.0
