model_name,weigth
arima,3.257936754932843e-245
eakf_model1,0.999999999620185
eakf_model2,4.060289754311783e-108
eakf_model3,3.798149005047009e-10
sarima,1e-323
