model_name,weigth
arima,1e-323
eakf_model1,1.1361426436961257e-10
eakf_model2,0.9999999998863858
eakf_model3,1.382377901005319e-35
