model_name,weigth
arima,1.5e-323
eakf_model1,2.0716833951799665e-10
eakf_model2,3.8708169211925567e-100
eakf_model3,0.9999999997928316
