model_name,weigth
arima,0.0
eakf_model1,0.9999999997353425
eakf_model2,1.3303515943750344e-39
eakf_model3,2.646574925009455e-10
