model_name,weigth
arima,0.0
eakf_model1,0.9999999764019007
eakf_model2,2.3598099116131022e-08
eakf_model3,1.3082417866248962e-115
sarima,0.0
