model_name,weigth
arima,0.0
eakf_model1,0.0001795531209274447
eakf_model2,0.9998204468790723
eakf_model3,4.74e-322
