model_name,weigth
arima,2.9081979085381826e-55
eakf_model1,0.9999999999959638
eakf_model2,4.035872769601845e-12
eakf_model3,1.3799953513386763e-16
