model_name,weigth
arima,0.0
eakf_model1,0.9999999986809742
eakf_model2,1.3190255854815426e-09
eakf_model3,2.9055109966934885e-39
sarima,0.0
