model_name,weigth
arima,0.0
eakf_model1,0.999999997500588
eakf_model2,4.653636682768628e-51
eakf_model3,2.499411921645583e-09
