model_name,weigth
arima,1.7370941420834572e-136
eakf_model1,0.999999999987664
eakf_model2,2.682833726570738e-16
eakf_model3,1.2335687629386203e-11
