model_name,weigth
arima,0.0
eakf_model1,0.9999999995978095
eakf_model2,1.790045237064343e-14
eakf_model3,4.021725543406652e-10
sarima,0.0
