model_name,weigth
arima,1.563022496510793e-55
eakf_model1,0.9999999999961351
eakf_model2,2.287848176634061e-12
eakf_model3,1.5768856401299108e-12
