model_name,weigth
arima,8.494468075419806e-115
eakf_model1,2.4385195464808956e-11
eakf_model2,1.2783836528079969e-11
eakf_model3,0.999999999962831
sarima,2.1309013111506088e-103
