model_name,weigth
arima,8.484410557851477e-55
eakf_model1,0.9999999999949131
eakf_model2,5.046983451866082e-12
eakf_model3,3.9905754871229846e-14
