model_name,weigth
arima,0.0
eakf_model1,0.999999999080722
eakf_model2,1.9369151759723694e-115
eakf_model3,9.192779993315105e-10
