model_name,weigth
arima,1.5e-323
eakf_model1,8.717003632620717e-10
eakf_model2,4.1694714672592455e-43
eakf_model3,0.9999999991282996
