model_name,weigth
arima,1.8087046385134925e-179
eakf_model1,2.900048532149696e-11
eakf_model2,0.9999999999709991
eakf_model3,3.3417419154535642e-16
