model_name,weigth
arima,1.5e-323
eakf_model1,4.563619451172127e-10
eakf_model2,2.235421348239585e-67
eakf_model3,0.9999999995436378
