model_name,weigth
arima,0.0
eakf_model1,0.9999999998118587
eakf_model2,2.2051214248326118e-14
eakf_model3,1.881192185133347e-10
