model_name,weigth
arima,3.364056201283101e-106
eakf_model1,2.903695461029574e-11
eakf_model2,0.9999999999707765
eakf_model3,1.8647402528622233e-13
sarima,2.623297133674564e-257
