model_name,weigth
arima,2.225282296742557e-28
eakf_model1,0.9999999999957627
eakf_model2,3.3729089226294876e-12
eakf_model3,8.642818589860418e-13
