model_name,weigth
arima,7.708826001673441e-256
eakf_model1,7.558295252097351e-11
eakf_model2,2.489418276049727e-42
eakf_model3,0.9999999999244169
sarima,7.708826001673441e-256
