model_name,weigth
arima,1.0609770765719526e-221
eakf_model1,4.976101954501954e-11
eakf_model2,5.3753519158747466e-36
eakf_model3,0.9999999999502389
sarima,1.0609770765719526e-221
