model_name,weigth
arima,9.30589799974862e-286
eakf_model1,1.706096325797679e-19
eakf_model2,0.9999999998288213
eakf_model3,1.7117866306264997e-10
sarima,4.130680518184693e-225
