model_name,weigth
arima,0.0
eakf_model1,0.9999999999269166
eakf_model2,7.104080701711344e-11
eakf_model3,2.0426768975932673e-12
