model_name,weigth
arima,4.334682844511508e-112
eakf_model1,1.4550744283500617e-11
eakf_model2,5.526044460300396e-12
eakf_model3,0.9999999999799232
