model_name,weigth
arima,2.0786009250205937e-203
eakf_model1,7.996844162385895e-11
eakf_model2,1.532030382315326e-35
eakf_model3,0.9999999999200315
