model_name,weigth
arima,1.5e-323
eakf_model1,0.9999999998218285
eakf_model2,9.922997441410117e-79
eakf_model3,1.781714705039714e-10
