model_name,weigth
arima,0.0
eakf_model1,2.0112113330989003e-10
eakf_model2,0.9999999997988788
eakf_model3,5.266017601150137e-19
sarima,0.0
