model_name,weigth
arima,1e-323
eakf_model1,5.881651022843183e-11
eakf_model2,2.733354017698826e-37
eakf_model3,0.9999999999411835
