model_name,weigth
arima,0.0
eakf_model1,3.914657647683287e-06
eakf_model2,1.63e-322
eakf_model3,0.9999960853423522
sarima,0.0
