model_name,weigth
arima,9.285005935050602e-229
eakf_model1,3.8538930282364344e-11
eakf_model2,3.762657961702645e-24
eakf_model3,0.999999999961461
