model_name,weigth
arima,3.1205873381347653e-229
eakf_model1,0.999999999972368
eakf_model2,8.588526542994741e-45
eakf_model3,2.763195102298156e-11
