model_name,weigth
arima,0.0
eakf_model1,1.4480336724247288e-09
eakf_model2,2.059110056445689e-202
eakf_model3,0.9999999985519663
