model_name,weigth
arima,0.0
eakf_model1,2.148137429954394e-12
eakf_model2,0.9999999994237856
eakf_model3,5.740661080487448e-10
