model_name,weigth
arima,1.0408800907186273e-205
eakf_model1,0.9999999999781328
eakf_model2,2.140788018195863e-42
eakf_model3,2.1867156538058374e-11
