model_name,weigth
arima,2.2192260202609882e-160
eakf_model1,0.9999999999843897
eakf_model2,3.4266317840387085e-22
eakf_model3,1.5610195187312847e-11
