model_name,weigth
arima,0.0
eakf_model1,8.239407121114731e-10
eakf_model2,6.90755253049745e-133
eakf_model3,0.9999999991760591
