model_name,weigth
arima,0.0
eakf_model1,1.6847750020303316e-10
eakf_model2,2.9335753207786194e-55
eakf_model3,0.9999999998315225
sarima,0.0
