model_name,weigth
arima,1.5e-323
eakf_model1,0.9999999998998563
eakf_model2,5.162225134380159e-57
eakf_model3,1.0014372819591173e-10
