model_name,weigth
arima,1.5e-323
eakf_model1,0.9999999944349094
eakf_model2,5.555601540192884e-09
eakf_model3,9.488996613905318e-12
