model_name,weigth
arima,0.0
eakf_model1,6.292726297448411e-10
eakf_model2,5.495275620633709e-32
eakf_model3,0.9999999993707274
sarima,0.0
