model_name,weigth
arima,1.5e-323
eakf_model1,5.094689337428282e-10
eakf_model2,9.039343932374807e-39
eakf_model3,0.999999999490531
