model_name,weigth
arima,9.856281777962101e-142
eakf_model1,5.4776532340754706e-11
eakf_model2,1.2980389731305682e-31
eakf_model3,0.9999999999452234
sarima,8.939854591881722e-116
