model_name,weigth
arima,0.0
eakf_model1,0.9999999366770418
eakf_model2,1.8636485280557676e-103
eakf_model3,6.332295810933685e-08
