model_name,weigth
arima,8.78032073500496e-113
eakf_model1,0.999999999992679
eakf_model2,7.320912576998046e-12
eakf_model3,9.26978531777779e-24
