model_name,weigth
arima,0.0
eakf_model1,0.9999999994189627
eakf_model2,4.3609391994960496e-23
eakf_model3,5.810372343102144e-10
