model_name,weigth
arima,0.0
eakf_model1,1.3179640895786677e-10
eakf_model2,0.9999999998682034
eakf_model3,1.9623289650154135e-58
