model_name,weigth
arima,1.0849076641714474e-281
eakf_model1,0.99999999996628
eakf_model2,3.3719942799058145e-11
eakf_model3,1.3726289386041644e-19
sarima,1.723849785124631e-286
