model_name,weigth
arima,0.0
eakf_model1,0.9999999970589478
eakf_model2,8.143155456949792e-187
eakf_model3,2.9410521091400006e-09
