model_name,weigth
arima,1.0034127093330739e-188
eakf_model1,0.9999999999887625
eakf_model2,1.1237493174382063e-11
eakf_model3,2.828908127596528e-26
