model_name,weigth
arima,9.535856009008665e-261
eakf_model1,0.9999999999895515
eakf_model2,1.0445534708741843e-11
eakf_model3,2.9262505981852303e-15
