model_name,weigth
arima,0.0
eakf_model1,0.9999999998520055
eakf_model2,1.4799458941448211e-10
eakf_model3,1.6674534186590465e-18
sarima,0.0
