model_name,weigth
arima,0.0
eakf_model1,0.9999999996464339
eakf_model2,3.5356611959415235e-10
eakf_model3,2.5994819844126495e-155
