model_name,weigth
arima,1.4727591864632803e-174
eakf_model1,0.999999999977177
eakf_model2,1.0029388161937372e-15
eakf_model3,2.2821822937941347e-11
sarima,4.333272660061742e-180
