model_name,weigth
arima,0.0
eakf_model1,8.804590315623586e-158
eakf_model2,8.089344803899652e-09
eakf_model3,0.9999999919106551
