model_name,weigth
arima,1.2301200972622299e-140
eakf_model1,0.9999999999878404
eakf_model2,1.2159578714796011e-11
eakf_model3,3.062306266691955e-25
sarima,1.2201180566846296e-108
