model_name,weigth
arima,0.0
eakf_model1,0.9999999998082194
eakf_model2,1.9178060367136742e-10
eakf_model3,3.991230144019531e-18
