model_name,weigth
arima,2.297415728760945e-64
eakf_model1,0.9999999999904717
eakf_model2,5.916571777496917e-32
eakf_model3,9.52817867247404e-12
sarima,1.5965639908142564e-25
