model_name,weigth
arima,1.4445139769815694e-218
eakf_model1,0.9999999999910051
eakf_model2,8.97477595220268e-12
eakf_model3,2.006649919525464e-14
