model_name,weigth
arima,0.0
eakf_model1,0.9999999999210167
eakf_model2,7.898316683429313e-11
eakf_model3,3.2368471844142677e-17
