model_name,weigth
arima,1.5e-323
eakf_model1,0.999999980795012
eakf_model2,1.904187657170714e-70
eakf_model3,1.9204987960199393e-08
