model_name,weigth
arima,3.024617285435694e-186
eakf_model1,0.9999999995864945
eakf_model2,4.13505259636002e-10
eakf_model3,1.3607510414812048e-23
