model_name,weigth
arima,1.1930360497045926e-12
eakf_model1,0.999999999998807
eakf_model2,4.5841937127407865e-24
eakf_model3,1.1046024310025023e-21
