model_name,weigth
arima,1.9193747109582804e-94
eakf_model1,4.869044939786763e-11
eakf_model2,0.9999999999513095
eakf_model3,1.3537207212534401e-31
