model_name,weigth
arima,1.095322294935897e-99
eakf_model1,9.207302242977833e-11
eakf_model2,1.9539955180059667e-41
eakf_model3,0.999999999907927
sarima,1.3144309966958045e-81
