model_name,weigth
arima,1.7207558539439855e-12
eakf_model1,0.9999999999982792
eakf_model2,7.122628875568397e-26
eakf_model3,7.327551268477964e-20
