model_name,weigth
arima,1.5e-323
eakf_model1,3.28287686711277e-86
eakf_model2,6.800869278863652e-10
eakf_model3,0.9999999993199131
