model_name,weigth
arima,8.924408207289696e-114
eakf_model1,0.9999999999626528
eakf_model2,3.418632581584994e-46
eakf_model3,3.734725379973801e-11
sarima,1.18276238287421e-49
