model_name,weigth
arima,1.5e-323
eakf_model1,0.9999999991011352
eakf_model2,8.98864490532965e-10
eakf_model3,6.072893795700134e-48
