model_name,weigth
arima,3.3e-322
eakf_model1,0.9999999992034203
eakf_model2,2.1431055481563706e-68
eakf_model3,7.965796196869636e-10
sarima,6.11489987986184e-241
