model_name,weigth
arima,3.0946134547759616e-89
eakf_model1,0.9999999999910654
eakf_model2,3.583612774688818e-12
eakf_model3,5.350978257809505e-12
