model_name,weigth
arima,3.091215702542309e-116
eakf_model1,4.474529424884085e-11
eakf_model2,0.9999999999552547
eakf_model3,2.168942704546806e-33
