model_name,weigth
arima,1.5e-323
eakf_model1,0.9999999996038555
eakf_model2,7.572761806504253e-44
eakf_model3,3.9614440168468675e-10
sarima,1.2059490252077418e-257
