model_name,weigth
arima,1.914428716266577e-68
eakf_model1,5.425270091641652e-21
eakf_model2,1.6347811915031243e-12
eakf_model3,0.9999999999983652
