model_name,weigth
arima,4.4553775053313437e-13
eakf_model1,0.9999999999993112
eakf_model2,1.3486416585740665e-15
eakf_model3,2.417602920125943e-13
