model_name,weigth
arima,6.593450843476499e-211
eakf_model1,0.9999999999408159
eakf_model2,2.944616113620748e-18
eakf_model3,5.918411375676699e-11
sarima,4.532581488321771e-127
