model_name,weigth
arima,2.137646847820433e-300
eakf_model1,7.195892837398871e-10
eakf_model2,0.9999999992804106
eakf_model3,6.640039534907177e-64
sarima,4.260385560901806e-238
