model_name,weigth
arima,0.0
eakf_model1,7.110804851911725e-10
eakf_model2,1.3156398058529017e-59
eakf_model3,0.9999999992889195
sarima,0.0
