model_name,weigth
arima,1.234227611284223e-224
eakf_model1,3.90318903833863e-40
eakf_model2,5.325546472386815e-11
eakf_model3,0.9999999999467444
sarima,1.636977578232882e-139
