model_name,weigth
arima,5.234196826069521e-50
eakf_model1,0.9999999999968249
eakf_model2,1.1957213450763754e-19
eakf_model3,3.1749922583000014e-12
