model_name,weigth
arima,1.5e-323
eakf_model1,5.111671350424706e-41
eakf_model2,2.211710642348717e-10
eakf_model3,0.9999999997788287
