model_name,weigth
arima,1.3808655040764112e-84
eakf_model1,1.0980605362761875e-12
eakf_model2,5.560962149721545e-12
eakf_model3,0.999999999993341
sarima,1.8159617716587675e-52
