model_name,weigth
arima,8.144531821e-314
eakf_model1,1.8148541270594098e-10
eakf_model2,0.9999999998185145
eakf_model3,1.2404623185113302e-24
sarima,3.4190541409226314e-216
