model_name,weigth
arima,3.661889631255593e-160
eakf_model1,4.0941030228676324e-24
eakf_model2,1.6424188896360804e-11
eakf_model3,0.9999999999835758
