model_name,weigth
arima,5.265390399597656e-182
eakf_model1,5.547557255927823e-11
eakf_model2,0.9999999999445244
eakf_model3,3.359280273080895e-31
sarima,3.938721117403774e-163
