model_name,weigth
arima,0.0
eakf_model1,2.0032491878232094e-93
eakf_model2,9.186885691390098e-10
eakf_model3,0.9999999990813114
sarima,0.0
