model_name,weigth
arima,0.0
eakf_model1,7.171105306124033e-300
eakf_model2,2.2732001617638715e-09
eakf_model3,0.9999999977267997
