model_name,weigth
arima,1.5e-323
eakf_model1,0.3474959014976585
eakf_model2,3.26e-322
eakf_model3,0.6525040985023414
