model_name,weigth
arima,8.227929341566683e-25
eakf_model1,0.9999999999992009
eakf_model2,1.6655017373823473e-26
eakf_model3,7.989770352628389e-13
