model_name,weigth
arima,4.391390058250145e-91
eakf_model1,2.95641437169901e-12
eakf_model2,1.4996721429853673e-12
eakf_model3,0.9999999999955438
