model_name,weigth
arima,1.5e-323
eakf_model1,2.0042978088296624e-10
eakf_model2,0.9999999997995702
eakf_model3,1.8532328379512604e-33
