model_name,weigth
arima,1.0251523958353191e-21
eakf_model1,0.9999999999988314
eakf_model2,2.4262113874769216e-20
eakf_model3,1.1684880499873916e-12
