model_name,weigth
arima,1.5e-323
eakf_model1,1.2869596625579994e-18
eakf_model2,1.334211503572676e-08
eakf_model3,0.9999999866578848
