model_name,weigth
arima,1.3111415358573314e-131
eakf_model1,9.91995378213481e-11
eakf_model2,1.1712314815469417e-20
eakf_model3,0.9999999999008005
sarima,1.8763633925962935e-101
