model_name,weigth
arima,1.612189923510903e-218
eakf_model1,6.986538526926802e-39
eakf_model2,0.9999999999818979
eakf_model3,1.810203588658029e-11
