model_name,weigth
arima,1.5e-323
eakf_model1,1.689694889422827e-148
eakf_model2,0.99999999959446
eakf_model3,4.055399612630003e-10
