model_name,weigth
arima,3.8549484185182995e-151
eakf_model1,3.7855884589082796e-25
eakf_model2,6.10953707661187e-11
eakf_model3,0.9999999999389046
sarima,2.8049418724469046e-36
