model_name,weigth
arima,3.175677304490172e-151
eakf_model1,7.7244106515662e-11
eakf_model2,6.7035836872517745e-22
eakf_model3,0.9999999999227559
sarima,5.020700448765522e-149
