model_name,weigth
arima,1.2343729404409572e-145
eakf_model1,1.2528004325254713e-11
eakf_model2,9.540999631690053e-42
eakf_model3,0.9999999999874719
