model_name,weigth
arima,2.1722320122517492e-68
eakf_model1,3.848470222563379e-12
eakf_model2,6.430481102746751e-21
eakf_model3,0.9999999999961515
sarima,2.5810497326625094e-61
