model_name,weigth
arima,0.0
eakf_model1,2.3785777680254744e-49
eakf_model2,0.9999999999535288
eakf_model3,4.647107612083755e-11
