model_name,weigth
arima,5.387933040940447e-99
eakf_model1,1.6813524645653174e-22
eakf_model2,0.999999999988124
eakf_model3,1.1875958802086572e-11
