model_name,weigth
arima,1.4304575617268227e-72
eakf_model1,8.226029543438471e-12
eakf_model2,6.387100765495601e-20
eakf_model3,0.9999999999917739
sarima,4.535840806594592e-68
