model_name,weigth
arima,2.0138160761166597e-77
eakf_model1,1.2116305676929008e-11
eakf_model2,1.5032601298395014e-12
eakf_model3,0.9999999999863805
