model_name,weigth
arima,1.5e-323
eakf_model1,0.9999999890747331
eakf_model2,1.2870570072513081e-217
eakf_model3,1.0925266830835529e-08
sarima,3e-323
