model_name,weigth
arima,3.8080462344861404e-174
eakf_model1,1.9207688897654525e-40
eakf_model2,4.573104038052594e-11
eakf_model3,0.9999999999542688
