model_name,weigth
arima,3e-323
eakf_model1,9.221780574682835e-10
eakf_model2,6.852953994500296e-13
eakf_model3,0.9999999990771364
sarima,3e-323
