model_name,weigth
arima,8.387855147023716e-88
eakf_model1,2.4581845254793e-11
eakf_model2,2.083785625144897e-13
eakf_model3,0.9999999999752097
sarima,1.6291942021812782e-66
