model_name,weigth
arima,1.2070632450757336e-80
eakf_model1,8.751975040450439e-14
eakf_model2,1.0083265862351938e-11
eakf_model3,0.999999999989829
sarima,2.7761071814378597e-34
