model_name,weigth
arima,5.457928006165647e-147
eakf_model1,2.1656292456095473e-35
eakf_model2,2.313021414338133e-11
eakf_model3,0.9999999999768697
