model_name,weigth
arima,7.370498613931784e-92
eakf_model1,1.6730212461991373e-28
eakf_model2,9.008581678937182e-12
eakf_model3,0.9999999999909914
