model_name,weigth
arima,5.842669668622136e-62
eakf_model1,7.282027734085498e-12
eakf_model2,1.2264004863709078e-16
eakf_model3,0.9999999999927178
