model_name,weigth
arima,3e-323
eakf_model1,0.0005165211869538578
eakf_model2,0.36246805213439837
eakf_model3,0.6370154266786477
sarima,3e-323
