model_name,weigth
arima,2.887605939455505e-41
eakf_model1,3.667952850273838e-14
eakf_model2,3.128852851564189e-12
eakf_model3,0.9999999999968344
sarima,1.31161770376809e-19
