model_name,weigth
arima,1.0781385829621187e-54
eakf_model1,7.432631111566619e-12
eakf_model2,6.004747786580049e-14
eakf_model3,0.9999999999925073
sarima,1.1505710838168134e-35
