model_name,weigth
arima,2.6514265374447388e-36
eakf_model1,1.5313262885880319e-12
eakf_model2,4.634975281133724e-15
eakf_model3,0.999999999998464
