model_name,weigth
arima,3.036854387814397e-41
eakf_model1,1.6040036483905872e-15
eakf_model2,1.7227584876059225e-12
eakf_model3,0.9999999999982757
