model_name,weigth
arima,2.2059941337850763e-223
eakf_model1,9.772236815830441e-54
eakf_model2,7.612700585439968e-11
eakf_model3,0.9999999999238729
