model_name,weigth
arima,6.71350799318974e-269
eakf_model1,2.1807187388613816e-10
eakf_model2,7.818304333319081e-54
eakf_model3,0.9999999997819281
sarima,2.187927474800432e-153
