model_name,weigth
arima,8.545650651360031e-151
eakf_model1,0.9999999999462774
eakf_model2,2.3605547758813515e-14
eakf_model3,5.3699010924186115e-11
