model_name,weigth
arima,5.741346696207377e-96
eakf_model1,1.3076243416606106e-28
eakf_model2,1.5388576946123304e-11
eakf_model3,0.9999999999846113
sarima,7.048150439407273e-21
