model_name,weigth
arima,1.5e-323
eakf_model1,8.470911948945866e-18
eakf_model2,0.9999999966904306
eakf_model3,3.3095692837596698e-09
