model_name,weigth
arima,9.364291778540585e-74
eakf_model1,3.2131349447009753e-11
eakf_model2,0.9999999999678686
eakf_model3,7.288738094191971e-25
