model_name,weigth
arima,9.83914277758194e-56
eakf_model1,3.4779411417887094e-11
eakf_model2,0.9999999999652205
eakf_model3,9.113541546394095e-50
