model_name,weigth
arima,3e-323
eakf_model1,0.9999999905720075
eakf_model2,9.42799248704517e-09
eakf_model3,2.728e-320
sarima,3e-323
