model_name,weigth
arima,1.146693215614303e-196
eakf_model1,6.810274767411808e-59
eakf_model2,0.9999999998877276
eakf_model3,1.122723326173788e-10
