model_name,weigth
arima,3.8954354848080215e-70
eakf_model1,3.9992308543429955e-11
eakf_model2,0.9999999999600075
eakf_model3,1.615005192493144e-37
