model_name,weigth
arima,8.436142573831303e-55
eakf_model1,2.7489550083273505e-11
eakf_model2,0.9999999999725104
eakf_model3,5.27601024409695e-42
