model_name,weigth
arima,2.250544674079439e-113
eakf_model1,0.9999999999635087
eakf_model2,4.599926398273489e-20
eakf_model3,3.6491118603966274e-11
