model_name,weigth
arima,8.342622255734118e-59
eakf_model1,2.662965063728935e-11
eakf_model2,0.9999999999733702
eakf_model3,2.0128217617872723e-22
sarima,6.53008507353193e-63
