model_name,weigth
arima,1.5196214427829728e-106
eakf_model1,0.9999999999168078
eakf_model2,8.31922356157121e-11
eakf_model3,1.7688137205929428e-41
