model_name,weigth
arima,1.3258060699230883e-65
eakf_model1,1.118860566354506e-11
eakf_model2,0.9999999999888114
eakf_model3,6.528615927044086e-17
