model_name,weigth
arima,3.989896353489368e-68
eakf_model1,3.372063482736282e-11
eakf_model2,0.9999999999662793
eakf_model3,3.8815852223180855e-34
