model_name,weigth
arima,8.261442670692247e-92
eakf_model1,1.2931617578806226e-30
eakf_model2,1.727715215075699e-11
eakf_model3,0.9999999999827227
