model_name,weigth
arima,1.5e-323
eakf_model1,3e-323
eakf_model2,0.9999999967740922
eakf_model3,3.2259077551380106e-09
