model_name,weigth
arima,1.4077614099591696e-88
eakf_model1,0.9999999999525475
eakf_model2,4.7452414881037805e-11
eakf_model3,1.712639053064334e-24
sarima,6.435777764574169e-73
