model_name,weigth
arima,9.455181401089786e-51
eakf_model1,9.553773532466777e-12
eakf_model2,0.9999999999861019
eakf_model3,4.344250182548705e-12
