model_name,weigth
arima,1.5e-323
eakf_model1,1.1557987699584576e-148
eakf_model2,0.9999999997486748
eakf_model3,2.513251399727982e-10
sarima,1.1669359060674712e-73
