model_name,weigth
arima,2.12412057215684e-157
eakf_model1,2.2498346664497645e-18
eakf_model2,6.68765562477179e-11
eakf_model3,0.9999999999331234
sarima,1.7774258308615625e-64
