model_name,weigth
arima,3e-323
eakf_model1,3.2593753305651054e-162
eakf_model2,4.423711428281631e-09
eakf_model3,0.9999999955762886
sarima,1.06499887940248e-309
