model_name,weigth
arima,4.1753775816428673e-39
eakf_model1,2.587587853856879e-11
eakf_model2,0.999999999974124
eakf_model3,7.678426033792014e-43
