model_name,weigth
arima,2.5357260968304723e-42
eakf_model1,1.9284362067514877e-11
eakf_model2,0.9999999999807155
eakf_model3,3.9143208835745436e-29
