model_name,weigth
arima,7.737712325514366e-72
eakf_model1,2.987327242718252e-11
eakf_model2,0.9999999999701267
eakf_model3,3.3262848799234e-46
