model_name,weigth
arima,9.359684451895774e-44
eakf_model1,1.416493266156322e-42
eakf_model2,1.0143476500259825e-11
eakf_model3,0.9999999999898566
