model_name,weigth
arima,5.091080568909682e-56
eakf_model1,3.461100200498911e-14
eakf_model2,0.9999999999880407
eakf_model3,1.1924635496856562e-11
