model_name,weigth
arima,1.9233485746388347e-120
eakf_model1,1.2219084162647742e-10
eakf_model2,0.9999999998778091
eakf_model3,1.918145855705661e-123
