model_name,weigth
arima,1.5e-323
eakf_model1,7.457336128928334e-10
eakf_model2,0.9999999992542664
eakf_model3,4.3915435212138205e-209
