model_name,weigth
arima,4.2301220857803686e-73
eakf_model1,3.319049665532512e-94
eakf_model2,1.1078302308097513e-11
eakf_model3,0.9999999999889215
