model_name,weigth
arima,1.3151364872362906e-84
eakf_model1,1.1503519914308843e-10
eakf_model2,0.9999999998849647
eakf_model3,2.509963920693364e-46
