model_name,weigth
arima,3.256261830640543e-63
eakf_model1,1.1841841524522367e-84
eakf_model2,1.2297635956780076e-11
eakf_model3,0.9999999999877023
