model_name,weigth
arima,1.1389494827709632e-89
eakf_model1,2.4695421563973292e-20
eakf_model2,0.9999999999469252
eakf_model3,5.3074828330601427e-11
sarima,1.6362443163315998e-40
