model_name,weigth
arima,2.966174066368468e-43
eakf_model1,3.0425808058488896e-22
eakf_model2,2.194581026885574e-21
eakf_model3,1.4881084286819688e-11
sarima,0.9999999999851188
