model_name,weigth
arima,2.1716178327058895e-69
eakf_model1,3.227356809008079e-69
eakf_model2,1.1082723814819862e-24
eakf_model3,2.191428349936669e-11
sarima,0.9999999999780858
