model_name,weigth
arima,1.862528559312349e-34
eakf_model1,2.2701627827971522e-11
eakf_model2,0.9999999999772983
eakf_model3,4.123051327181744e-37
