model_name,weigth
arima,6.192680913720494e-112
eakf_model1,0.9999999999481404
eakf_model2,5.185950230322512e-11
eakf_model3,3.0519928599513933e-68
