model_name,weigth
arima,9.345111800885972e-46
eakf_model1,4.481388505233551e-11
eakf_model2,0.9999999999551861
eakf_model3,3.834375971437921e-38
