model_name,weigth
arima,2.4231701781438032e-26
eakf_model1,0.9999999999967107
eakf_model2,2.4663718855930244e-12
eakf_model3,8.227986584631539e-13
