model_name,weigth
arima,3.235477116284433e-31
eakf_model1,1.6133013061767283e-11
eakf_model2,0.9999999999838669
eakf_model3,4.332323525987075e-29
