model_name,weigth
arima,8.116731849962708e-46
eakf_model1,0.9999999999631237
eakf_model2,2.5238399713534577e-14
eakf_model3,3.6851028851781855e-11
