model_name,weigth
arima,8.00106129167697e-96
eakf_model1,9.217329629016623e-149
eakf_model2,6.979011560182784e-10
eakf_model3,0.9999999993020989
sarima,5.981418129548507e-103
