model_name,weigth
arima,2.517129992976923e-84
eakf_model1,5.365214051940004e-11
eakf_model2,0.9999999999463479
eakf_model3,9.681252652551802e-81
