model_name,weigth
arima,2.3670988430040987e-162
eakf_model1,3.0895826255871607e-10
eakf_model2,2.7143422232642105e-19
eakf_model3,0.9999999996910416
