model_name,weigth
arima,3.8354464343109614e-25
eakf_model1,2.598342455026861e-11
eakf_model2,0.9999999999740166
eakf_model3,9.120731936699114e-34
