model_name,weigth
arima,1.0093335603428731e-133
eakf_model1,1.5183243705218203e-10
eakf_model2,0.9999999998481675
eakf_model3,6.781840800005465e-116
