model_name,weigth
arima,5.250262737101702e-25
eakf_model1,2.677728945909184e-11
eakf_model2,0.9999999999732226
eakf_model3,7.051225373976941e-33
