model_name,weigth
arima,1.710416297529894e-93
eakf_model1,7.795992384990696e-11
eakf_model2,0.9999999999220401
eakf_model3,9.277069443484556e-84
