model_name,weigth
arima,9.187124231150233e-51
eakf_model1,2.5192962025549854e-11
eakf_model2,0.9999999999748069
eakf_model3,4.147671050428947e-34
