model_name,weigth
arima,2.4249985046309867e-40
eakf_model1,3.0385962287453145e-25
eakf_model2,3.4694128541851578e-12
eakf_model3,0.9999999999965306
