model_name,weigth
arima,2.2563582106881637e-37
eakf_model1,5.3271928867443476e-30
eakf_model2,1.5995720744384072e-12
eakf_model3,0.9999999999984004
