model_name,weigth
arima,9.930597968186107e-77
eakf_model1,1.605371462843334e-19
eakf_model2,5.200458112668177e-11
eakf_model3,0.9999999999479954
