model_name,weigth
arima,1.5769832022034528e-64
eakf_model1,0.9999999999165033
eakf_model2,8.349650276578247e-11
eakf_model3,3.689004178354204e-21
sarima,4.085362060748475e-62
