model_name,weigth
arima,5.099409466788876e-27
eakf_model1,1.476809290726457e-11
eakf_model2,0.9999999999852318
eakf_model3,2.6484927174497416e-24
