model_name,weigth
arima,4.994842254582758e-19
eakf_model1,2.970347381028297e-11
eakf_model2,0.9999999999702965
eakf_model3,5.0253241362349125e-33
