model_name,weigth
arima,3.549453751279947e-52
eakf_model1,6.959461925410636e-60
eakf_model2,5.337603547167696e-12
eakf_model3,0.9999999999946623
