model_name,weigth
arima,8.033495141593024e-35
eakf_model1,8.565992449956667e-52
eakf_model2,3.829988904076318e-11
eakf_model3,0.9999999999617
