model_name,weigth
arima,1.80077430954212e-70
eakf_model1,4.963322101699469e-11
eakf_model2,0.9999999999503668
eakf_model3,2.3041263338534785e-45
