model_name,weigth
arima,2.812908124292529e-17
eakf_model1,2.7389357003819544e-11
eakf_model2,0.9999999999726106
eakf_model3,8.368038702788317e-35
