model_name,weigth
arima,2.0650753242687004e-37
eakf_model1,2.1667759788871735e-30
eakf_model2,2.3718694965424066e-12
eakf_model3,0.999999999997628
sarima,7.289124690996261e-24
