model_name,weigth
arima,2.752155790736117e-47
eakf_model1,2.8135052962019963e-30
eakf_model2,7.970049927648794e-12
eakf_model3,0.9999999999920298
sarima,9.219475604788182e-49
