model_name,weigth
arima,7.310319579763664e-69
eakf_model1,5.816831097322851e-11
eakf_model2,0.9999999999418316
eakf_model3,1.6003693388107685e-23
