model_name,weigth
arima,4.4e-323
eakf_model1,0.999999995219569
eakf_model2,4.780430989739343e-09
eakf_model3,1.116387775112693e-158
sarima,3e-323
