model_name,weigth
arima,7.173197067042875e-116
eakf_model1,2.7982936534092535e-10
eakf_model2,0.9999999997201706
eakf_model3,2.1711722812442767e-71
sarima,3.039233450966406e-89
