model_name,weigth
arima,5.1198502837985895e-138
eakf_model1,0.9999999997674881
eakf_model2,2.3251183474087772e-10
eakf_model3,5.079661294544082e-86
