model_name,weigth
arima,4.877104228082287e-58
eakf_model1,2.7992235292931916e-11
eakf_model2,0.9999999999720077
eakf_model3,1.623714256109643e-47
