model_name,weigth
arima,1.5343779513016828e-10
eakf_model1,8.506150780719113e-130
eakf_model2,3.50852382535551e-53
eakf_model3,0.9999999998465621
