model_name,weigth
arima,5.144741136894251e-78
eakf_model1,0.9999999994797236
eakf_model2,5.202762345940867e-10
eakf_model3,3.188204728479587e-77
sarima,6.286948840977728e-114
