model_name,weigth
arima,3.821322346357429e-73
eakf_model1,4.6031309038207454e-11
eakf_model2,0.9999999999539686
eakf_model3,2.890389260442576e-58
