model_name,weigth
arima,3.317779606155934e-28
eakf_model1,1.619880730042379e-148
eakf_model2,1.5466293608113218e-10
eakf_model3,0.999999999845337
