model_name,weigth
arima,8.872809712919635e-43
eakf_model1,2.4188680787200737e-11
eakf_model2,0.9999999999758112
eakf_model3,2.3362356041273037e-54
