model_name,weigth
arima,1.4560716142597474e-46
eakf_model1,3.926170693388484e-11
eakf_model2,0.9999999999607383
eakf_model3,2.133397393784813e-30
