model_name,weigth
arima,3.091859648694671e-09
eakf_model1,8.3423e-320
eakf_model2,4.13947019887107e-161
eakf_model3,0.9999999969081403
