model_name,weigth
arima,8.683966492274459e-86
eakf_model1,2.2686977174344985e-11
eakf_model2,0.9999999999773129
eakf_model3,1.9767845247546433e-26
