model_name,weigth
arima,9.799577567743977e-89
eakf_model1,3.2206557839724336e-11
eakf_model2,0.9999999999677934
eakf_model3,3.6892894959120624e-36
