model_name,weigth
arima,3.724700755487305e-79
eakf_model1,1.0046360471078147e-24
eakf_model2,0.7071515622537907
eakf_model3,0.29284843774620917
