model_name,weigth
arima,2.7952277727210112e-42
eakf_model1,0.999999999909895
eakf_model2,9.010497404765967e-11
eakf_model3,8.176302653248172e-24
