model_name,weigth
arima,6.3543394685453185e-12
eakf_model1,1.4092925218008775e-26
eakf_model2,4.439433497815834e-22
eakf_model3,0.9999999999936455
