model_name,weigth
arima,1.2064297394702837e-26
eakf_model1,3.214569451131521e-19
eakf_model2,0.9999999999704379
eakf_model3,2.956212151821533e-11
