model_name,weigth
arima,5.349525819303883e-11
eakf_model1,5.775977976879144e-97
eakf_model2,2.6231318511974528e-20
eakf_model3,0.9999999999465047
