model_name,weigth
arima,1.0964682770745572e-10
eakf_model1,8.786637744015341e-100
eakf_model2,4.710555857147884e-28
eakf_model3,0.9999999998903532
sarima,2.2778674985969074e-43
