model_name,weigth
arima,3.9296814270515767e-16
eakf_model1,2.2764092098569136e-69
eakf_model2,2.1582101838732183e-11
eakf_model3,4.212529481700355e-17
sarima,0.9999999999784174
