model_name,weigth
arima,9.564293900961385e-12
eakf_model1,7.2094988856065715e-22
eakf_model2,8.240156011564643e-13
eakf_model3,0.9999999999896116
