model_name,weigth
arima,4.5893566412591735e-166
eakf_model1,0.9999999998618136
eakf_model2,1.3818432433691014e-10
eakf_model3,1.8902086802953596e-15
sarima,1.40663232191112e-70
