model_name,weigth
arima,1.5e-323
eakf_model1,1.9295791935880755e-10
eakf_model2,0.999999999807042
eakf_model3,4.390695261856475e-19
