model_name,weigth
arima,1.7593451476607972e-11
eakf_model1,1.4559395042880915e-26
eakf_model2,0.9999999999823979
eakf_model3,8.685016104880435e-15
