model_name,weigth
arima,1.5e-323
eakf_model1,1.862473650155377e-16
eakf_model2,0.9999999968015281
eakf_model3,3.1984716432413716e-09
