model_name,weigth
arima,8.346299178336468e-11
eakf_model1,6.53942287101645e-47
eakf_model2,0.999999999916537
eakf_model3,2.615263915891968e-25
