model_name,weigth
arima,7.365867946924054e-56
eakf_model1,4.723758487669064e-11
eakf_model2,1.63909764109223e-48
eakf_model3,0.9999999999527625
