model_name,weigth
arima,3e-323
eakf_model1,1.6786170933313352e-11
eakf_model2,0.9999999995224911
eakf_model3,4.6072265529018574e-10
sarima,8.132106876562469e-262
