model_name,weigth
arima,1.108818626621533e-36
eakf_model1,1.6920824171274765e-42
eakf_model2,0.9999999996773831
eakf_model3,3.2261686591648945e-10
