model_name,weigth
arima,7.790526623016099e-50
eakf_model1,0.9999999999056872
eakf_model2,3.6738289892031456e-55
eakf_model3,2.6990055070843753e-15
sarima,9.430993537433013e-11
