model_name,weigth
arima,1.0390355912021372e-11
eakf_model1,7.916986063907023e-22
eakf_model2,2.4948947893635313e-43
eakf_model3,1.2729128717717334e-18
sarima,0.9999999999896096
