model_name,weigth
arima,3.009580191612863e-13
eakf_model1,2.5993696362133975e-26
eakf_model2,1.015156786023737e-17
eakf_model3,1.4611190447121138e-12
sarima,0.9999999999982379
