model_name,weigth
arima,0.9999999998438673
eakf_model1,8.8936963861905e-87
eakf_model2,1.1967793344591656e-19
eakf_model3,1.56132613943377e-10
