model_name,weigth
arima,0.07317172532546481
eakf_model1,5.81561607498085e-203
eakf_model2,1.817915260028426e-207
eakf_model3,0.9268282746745351
