model_name,weigth
arima,0.9999999998462444
eakf_model1,4.211693634439862e-28
eakf_model2,4.2868206642864845e-91
eakf_model3,1.537554004410185e-10
