model_name,weigth
arima,5.093191485369579e-16
eakf_model1,1.4900355066780825e-12
eakf_model2,4.953453221154486e-18
eakf_model3,0.9999999999985094
