model_name,weigth
arima,6.5615090585015514e-136
eakf_model1,1.6888325793616473e-40
eakf_model2,3.1937599108694356e-10
eakf_model3,0.9999999996806239
