model_name,weigth
arima,7.061510010718485e-37
eakf_model1,4.923209561668069e-12
eakf_model2,8.488812519279415e-14
eakf_model3,0.9999999999949919
