model_name,weigth
arima,7.082016122978868e-91
eakf_model1,3.413120536767463e-46
eakf_model2,0.9999999999453281
eakf_model3,5.4671950049858924e-11
