model_name,weigth
arima,9.30731840683371e-21
eakf_model1,3.831829679843168e-12
eakf_model2,0.9999999999961671
eakf_model3,1.0613579822510798e-15
