model_name,weigth
arima,4.140456227107324e-80
eakf_model1,9.648805839749335e-16
eakf_model2,0.9999999999674379
eakf_model3,3.25610348422694e-11
