model_name,weigth
arima,1.7109199405549062e-87
eakf_model1,2.3718112076735763e-30
eakf_model2,0.9999999999307887
eakf_model3,6.921124983077665e-11
