model_name,weigth
arima,6.772943111915233e-28
eakf_model1,1.368346268740605e-12
eakf_model2,0.9999999999952811
eakf_model3,3.350509175758702e-12
