model_name,weigth
arima,1.1198347562989467e-260
eakf_model1,2.0558678715018513e-10
eakf_model2,3.3984680157141244e-19
eakf_model3,0.9999999997944131
