model_name,weigth
arima,1.5e-323
eakf_model1,0.9999999949038288
eakf_model2,5.0954423557993995e-09
eakf_model3,7.286286358013789e-13
sarima,3e-323
