model_name,weigth
arima,1.0735645394542142e-113
eakf_model1,2.286572890447301e-58
eakf_model2,3.914493092715133e-11
eakf_model3,0.999999999960855
