model_name,weigth
arima,9.61876194223862e-66
eakf_model1,7.308290312396967e-22
eakf_model2,1.2632261054315757e-11
eakf_model3,0.9999999999873677
