model_name,weigth
arima,0.999999999889907
eakf_model1,3.498355040072466e-11
eakf_model2,7.510954202295692e-11
eakf_model3,1.450714264977832e-38
