model_name,weigth
arima,4.32858478619714e-97
eakf_model1,8.752592099381915e-46
eakf_model2,6.061328596051726e-11
eakf_model3,0.9999999999393866
sarima,1.312529911207802e-70
