model_name,weigth
arima,9.452646826763127e-53
eakf_model1,1.44250033869908e-17
eakf_model2,1.3086116431190733e-11
eakf_model3,0.9999999999869138
sarima,2.224964708387103e-54
