model_name,weigth
arima,5.849228431566907e-45
eakf_model1,1.9489707930396835e-12
eakf_model2,7.868423705728932e-12
eakf_model3,0.9999999999901825
sarima,2.5149358178470308e-42
