model_name,weigth
arima,2.4189722637649504e-40
eakf_model1,3.2446653848590504e-11
eakf_model2,0.9999999999675457
eakf_model3,7.599376795087166e-15
