model_name,weigth
arima,1.4526063587655017e-45
eakf_model1,8.110397178913088e-13
eakf_model2,3.244469842520041e-24
eakf_model3,6.6836302707894865e-15
sarima,0.9999999999991822
