model_name,weigth
arima,0.0
eakf_model1,0.9999999997379588
eakf_model2,3.8404182568905885e-41
eakf_model3,2.62041238754224e-10
sarima,4.482505648925334e-45
