model_name,weigth
arima,6.261600052368704e-52
eakf_model1,0.9999999999496444
eakf_model2,1.906954337605902e-68
eakf_model3,5.0355629460620505e-11
sarima,8.561330671557446e-20
