model_name,weigth
arima,8.897995925821662e-88
eakf_model1,3.7853602780560276e-11
eakf_model2,0.9999999999612021
eakf_model3,9.443360312121251e-13
sarima,1.2854503468845203e-168
