model_name,weigth
arima,0.0
eakf_model1,0.9999999960601025
eakf_model2,1.0501167664850906e-93
eakf_model3,3.93989749801562e-09
sarima,0.0
