model_name,weigth
arima,0.0
eakf_model1,2.4475375812962586e-09
eakf_model2,1.5257259032359665e-202
eakf_model3,0.9999999975524624
sarima,0.0
