model_name,weigth
arima,2e-323
eakf_model1,4.677311911019512e-10
eakf_model2,1.094065048766511e-118
eakf_model3,0.9999999995322688
sarima,0.0
