model_name,weigth
arima,9.352948884388888e-49
eakf_model1,8.962478660368748e-12
eakf_model2,0.9999999999910374
eakf_model3,2.3298629544821518e-17
sarima,1.0379622850093698e-82
