model_name,weigth
arima,8.252453540376419e-25
eakf_model1,4.652238182036176e-12
eakf_model2,0.9999999999953478
eakf_model3,1.8179020619409378e-20
sarima,8.716573550475316e-66
