model_name,weigth
arima,3.3188435746639894e-84
eakf_model1,0.9999999999210856
eakf_model2,6.950435724239897e-17
eakf_model3,7.89144640058582e-11
sarima,2.318272547372435e-58
