model_name,weigth
arima,2.286669857196587e-233
eakf_model1,1.221005613980528e-10
eakf_model2,2.495281813251334e-19
eakf_model3,0.9999999998778994
sarima,0.0
