model_name,weigth
arima,0.0
eakf_model1,1.3357706717696656e-09
eakf_model2,0.9999999986642293
eakf_model3,3.794498539644022e-69
sarima,0.0
