model_name,weigth
arima,2.350324523141394e-120
eakf_model1,4.26105686100529e-11
eakf_model2,5.510553367994234e-44
eakf_model3,0.9999999999573894
sarima,8.367862093819608e-177
