model_name,weigth
arima,0.0
eakf_model1,3.0671465031988775e-10
eakf_model2,2.893296405316208e-31
eakf_model3,0.9999999996932855
sarima,0.0
