model_name,weigth
arima,3.649955859925685e-148
eakf_model1,6.988189283976749e-11
eakf_model2,1.1472349338685294e-53
eakf_model3,0.999999999930118
sarima,1.0098686025600634e-279
