model_name,weigth
arima,9.78985259531052e-89
eakf_model1,2.7803400347803154e-11
eakf_model2,1.223440884419457e-44
eakf_model3,0.9999999999721966
sarima,2.6489505220518932e-170
