model_name,weigth
arima,8.424870525350388e-126
eakf_model1,5.4742169313616794e-11
eakf_model2,2.981238852621263e-38
eakf_model3,0.9999999999452578
sarima,8.424870525350388e-126
