model_name,weigth
arima,0.0
eakf_model1,0.9999999838701189
eakf_model2,1.259647548377029e-120
eakf_model3,1.6129881034031995e-08
sarima,0.0
