model_name,weigth
arima,0.0
eakf_model1,4.953678418843447e-10
eakf_model2,4.1392834631206126e-81
eakf_model3,0.9999999995046321
sarima,0.0
