model_name,weigth
arima,0.0
eakf_model1,1.565610978923392e-11
eakf_model2,0.9999999995695208
eakf_model3,4.148230692860724e-10
sarima,0.0
