model_name,weigth
arima,1.829812862247268e-137
eakf_model1,2.1106779043135573e-11
eakf_model2,4.870370241484231e-38
eakf_model3,0.9999999999788932
sarima,4.7520707872765283e-212
