model_name,weigth
arima,0.0
eakf_model1,2.0277616527177063e-14
eakf_model2,3.4866690686244684e-10
eakf_model3,0.9999999996513128
sarima,0.0
