model_name,weigth
arima,0.0
eakf_model1,0.9999999986568943
eakf_model2,5.973913732002571e-58
eakf_model3,1.3431057026931284e-09
sarima,0.0
