model_name,weigth
arima,0.0
eakf_model1,0.9999999998925022
eakf_model2,1.0749780179262205e-10
eakf_model3,5.684835391469343e-17
sarima,0.0
