model_name,weigth
arima,1.7150909542507737e-222
eakf_model1,0.999999999917826
eakf_model2,2.8457349331633546e-27
eakf_model3,8.217406287432527e-11
sarima,1.4329334178839443e-216
