model_name,weigth
arima,0.0
eakf_model1,8.190995288342526e-07
eakf_model2,0.9999991809004711
eakf_model3,2.77e-322
sarima,0.0
