model_name,weigth
arima,1.7032422284424377e-48
eakf_model1,0.9999999999944694
eakf_model2,8.803965166520643e-18
eakf_model3,5.530654808385657e-12
sarima,4.506220456127167e-18
