model_name,weigth
arima,0.0
eakf_model1,1.0671372348160562e-09
eakf_model2,0.9999999989328628
eakf_model3,2.951028705484026e-87
sarima,0.0
