model_name,weigth
arima,9.398368526712805e-181
eakf_model1,0.9999999999745758
eakf_model2,2.5424163244548126e-11
eakf_model3,4.2483291153041623e-45
sarima,1.799979499326669e-131
