model_name,weigth
arima,1.026e-320
eakf_model1,0.9999999999469414
eakf_model2,5.027543844118761e-11
eakf_model3,2.783144210389679e-12
sarima,0.0
