model_name,weigth
arima,0.0
eakf_model1,0.9999999803199737
eakf_model2,1.8558493302572768e-202
eakf_model3,1.9680026305525763e-08
sarima,4e-323
