model_name,weigth
arima,0.0
eakf_model1,0.9999999997473734
eakf_model2,2.526265344839195e-10
eakf_model3,1.3419241022212397e-43
sarima,6.595519032686511e-270
