model_name,weigth
arima,2.0547460335904044e-68
eakf_model1,0.999999999977355
eakf_model2,2.2644863399098924e-11
eakf_model3,9.877384709080322e-17
sarima,3.5966839662810407e-53
