model_name,weigth
arima,2.230174569787422e-96
eakf_model1,0.9999999998470204
eakf_model2,9.704877991500181e-45
eakf_model3,1.5297955278372217e-10
sarima,1.0167899570221552e-75
