model_name,weigth
arima,2e-323
eakf_model1,0.9999999790437892
eakf_model2,7e-323
eakf_model3,2.0956210700314665e-08
sarima,4e-323
