model_name,weigth
arima,1.9171972686008857e-296
eakf_model1,2.253918038907476e-09
eakf_model2,2.2004437912784606e-192
eakf_model3,0.999999997746082
sarima,1.0702001824988124e-234
