model_name,weigth
arima,2.0217696978101382e-82
eakf_model1,6.549260398794539e-12
eakf_model2,6.587752657214672e-21
eakf_model3,0.9999999999934508
sarima,1.9825063192780394e-64
