model_name,weigth
arima,2.8267600497353637e-226
eakf_model1,0.9999999999214034
eakf_model2,2.5299319407733282e-14
eakf_model3,7.857122690711525e-11
sarima,1.8594494078983036e-222
