model_name,weigth
arima,8.144950641301229e-285
eakf_model1,4.515703196836706e-28
eakf_model2,1.0604168483425517e-10
eakf_model3,0.9999999998939584
sarima,1.1106326789268005e-188
