model_name,weigth
arima,4.0207422072842054e-78
eakf_model1,1.8560654504460115e-12
eakf_model2,6.105437105359148e-12
eakf_model3,0.9999999999920385
sarima,1.37103907862096e-50
