model_name,weigth
arima,1.9632602538957064e-184
eakf_model1,3.7167431983298936e-11
eakf_model2,8.002904942420339e-39
eakf_model3,0.9999999999628326
sarima,1.682042348911945e-172
