model_name,weigth
arima,3.879401356149744e-156
eakf_model1,1.1946943344798416e-60
eakf_model2,5.0260953428403066e-11
eakf_model3,0.9999999999497369
sarima,2.180292182746531e-15
