model_name,weigth
arima,3.00766273959682e-137
eakf_model1,1.4475846917777136e-52
eakf_model2,6.573439718158889e-18
eakf_model3,0.9999999999521687
sarima,4.7831337315323855e-11
