model_name,weigth
arima,3.640813505998423e-149
eakf_model1,4.134656977169047e-11
eakf_model2,1.0627113415915954e-27
eakf_model3,0.9999999999586535
sarima,7.516325883811744e-150
