model_name,weigth
arima,1.7944186536228624e-247
eakf_model1,5.70053936593812e-10
eakf_model2,2.0245298534985214e-35
eakf_model3,0.999999999429946
sarima,1.1078099628476752e-238
