model_name,weigth
arima,1.1389728242803016e-223
eakf_model1,2.1962918551050742e-10
eakf_model2,9.039101258263878e-39
eakf_model3,0.9999999997803708
sarima,1.5643165502881278e-234
