model_name,weigth
arima,5.586364887315341e-69
eakf_model1,9.94256865451225e-12
eakf_model2,8.255223979645445e-13
eakf_model3,0.999999999989232
sarima,3.000326970099063e-44
