model_name,weigth
arima,1.1030912857018674e-117
eakf_model1,6.096970140691448e-11
eakf_model2,3.581243693190495e-16
eakf_model3,0.9999999999390299
sarima,2.0772290833930418e-91
