model_name,weigth
arima,3.15399364e-316
eakf_model1,1.826013739081081e-42
eakf_model2,2.425303970264851e-10
eakf_model3,0.9999999997574696
sarima,7.833769883974307e-107
