model_name,weigth
arima,2e-323
eakf_model1,0.9999999142247191
eakf_model2,1.24e-322
eakf_model3,8.577528084523975e-08
sarima,4e-323
