model_name,weigth
arima,1.6417819281267505e-111
eakf_model1,1.6023962238382362e-14
eakf_model2,4.3123202221131824e-11
eakf_model3,0.9999999999568607
sarima,9.75055265063592e-91
