model_name,weigth
arima,1.842091595350124e-284
eakf_model1,1.1002087171600274e-69
eakf_model2,1.9796833793508465e-10
eakf_model3,0.9999999998020316
sarima,5.5065376667671444e-67
