model_name,weigth
arima,5.247221385475261e-131
eakf_model1,1.1938820600517925e-42
eakf_model2,5.364435022589527e-11
eakf_model3,0.9999999999463556
sarima,3.578577892877797e-30
