model_name,weigth
arima,8.280315326238396e-87
eakf_model1,1.4795804289041228e-14
eakf_model2,2.370068097295936e-11
eakf_model3,0.9999999999762845
sarima,4.913582927181697e-65
