model_name,weigth
arima,2.118344404963202e-158
eakf_model1,0.9999999999143907
eakf_model2,9.679007852664622e-39
eakf_model3,8.56093076938357e-11
sarima,1.2482389553920403e-118
