model_name,weigth
arima,8.124775261350947e-33
eakf_model1,0.9999999999935805
eakf_model2,1.8455493065830433e-12
eakf_model3,4.5739396571998604e-12
sarima,3.726235424171245e-31
