model_name,weigth
arima,5.072414320394537e-171
eakf_model1,1.4769550060099802e-72
eakf_model2,0.9999999999605779
eakf_model3,3.942216446808025e-11
sarima,4.019217283845781e-50
