model_name,weigth
arima,2.0702178144213743e-67
eakf_model1,0.9999999999809196
eakf_model2,5.853867595271489e-14
eakf_model3,1.9021819083706603e-11
sarima,1.4148204121016547e-47
