model_name,weigth
arima,4.406839696234613e-27
eakf_model1,0.9999999999958544
eakf_model2,4.145411341035804e-12
eakf_model3,1.2644013956909812e-18
sarima,6.396731058748627e-27
