model_name,weigth
arima,5.65174323318e-203
eakf_model1,6.926621211019009e-10
eakf_model2,0.9999999993073379
eakf_model3,9.900274988693648e-41
sarima,7.206608630356023e-144
