model_name,weigth
arima,9.794409589044927e-109
eakf_model1,5.012956330467001e-146
eakf_model2,5.8189464240949865e-43
eakf_model3,0.9999999999510587
sarima,4.894122466566352e-11
