model_name,weigth
arima,6.742089221563646e-50
eakf_model1,1.897187833799043e-12
eakf_model2,3.465633341715787e-11
eakf_model3,7.627338546325515e-16
sarima,0.9999999999634457
