model_name,weigth
arima,4.852351793952204e-183
eakf_model1,1.837930373424751e-257
eakf_model2,7.489331394149477e-46
eakf_model3,1.1313902995021459e-10
sarima,0.999999999886861
