model_name,weigth
arima,1.310393213710911e-75
eakf_model1,0.9999999999496482
eakf_model2,5.0351786898072055e-11
eakf_model3,1.8617525287767062e-37
sarima,6.520999924063156e-82
