model_name,weigth
arima,1.4350376648118752e-38
eakf_model1,0.9999999999406919
eakf_model2,2.0489803689309312e-12
eakf_model3,5.725919142252951e-11
sarima,1.8654345526499847e-65
