model_name,weigth
arima,4.033101055882183e-62
eakf_model1,7.518982175617678e-72
eakf_model2,1.2835473870994137e-10
eakf_model3,0.9999999998716452
sarima,5.6577183102385776e-73
