model_name,weigth
arima,1.0578036187898466e-28
eakf_model1,7.077004276479516e-28
eakf_model2,2.7732715064901266e-12
eakf_model3,0.9999999999972267
sarima,8.547799707537095e-18
