model_name,weigth
arima,2.6739139774191068e-31
eakf_model1,3.972082953311576e-20
eakf_model2,2.726217443699335e-12
eakf_model3,0.9999999999972737
sarima,1.0847380024090329e-33
