model_name,weigth
arima,8.010142172106471e-91
eakf_model1,2.1972300937876878e-14
eakf_model2,1.6875350079161346e-10
eakf_model3,0.9999999998312245
sarima,3.513509950385158e-174
