model_name,weigth
arima,2.4643482020197987e-201
eakf_model1,5.614138458711304e-145
eakf_model2,1.3905767822925469e-09
eakf_model3,0.9999999986094232
sarima,4.3073128157695534e-268
