model_name,weigth
arima,1.6730513670036005e-11
eakf_model1,3.1771741469614595e-61
eakf_model2,3.1839191611676726e-20
eakf_model3,2.659931052908212e-23
sarima,0.9999999999832694
