model_name,weigth
arima,0.5953532326796984
eakf_model1,3.189884855056473e-159
eakf_model2,0.40464676630818947
eakf_model3,1.0121120931775034e-09
sarima,3.363105015058749e-53
