model_name,weigth
arima,1.4272907593860291e-90
eakf_model1,0.9999999998228674
eakf_model2,1.7713262454723447e-10
eakf_model3,2.0817446623745747e-60
sarima,4.6478348504055984e-98
