model_name,weigth
arima,1.2741056512233636e-12
eakf_model1,8.330127894362608e-26
eakf_model2,1.2658827505538062e-19
eakf_model3,1.3358337745736151e-18
sarima,0.9999999999987259
