model_name,weigth
arima,0.9999999993579076
eakf_model1,9.193766994341374e-216
eakf_model2,1.8025270585927432e-28
eakf_model3,1.1585585873295377e-38
sarima,6.420923299380856e-10
