model_name,weigth
arima,1.412888726487039e-300
eakf_model1,6.893487882264583e-17
eakf_model2,4e-323
eakf_model3,1.243849233543396e-08
sarima,0.9999999875615077
