model_name,weigth
arima,3.0403355232761744e-216
eakf_model1,6.100965260432881e-10
eakf_model2,0.9999999993899035
eakf_model3,1.5489453448307383e-39
sarima,1.3093801019906699e-140
