model_name,weigth
arima,9.005339603904588e-13
eakf_model1,1.854638178846581e-17
eakf_model2,8.978308454497473e-18
eakf_model3,9.203441554760146e-16
sarima,0.9999999999990985
