model_name,weigth
arima,2.624386105407955e-12
eakf_model1,2.5363394989394542e-20
eakf_model2,2.666698832296651e-28
eakf_model3,6.4330086175807245e-22
sarima,0.9999999999973757
