model_name,weigth
arima,1.3361397569229924e-77
eakf_model1,1.4410832796074302e-20
eakf_model2,4.81681597120831e-11
eakf_model3,0.9999999999518319
sarima,1.8611016906301937e-70
