model_name,weigth
arima,3.229115277149305e-134
eakf_model1,1.06658772276574e-10
eakf_model2,1.2124599421296496e-34
eakf_model3,0.9999999998933412
sarima,1.5446167718587411e-89
