model_name,weigth
arima,0.0
eakf_model1,0.9999999946085817
eakf_model2,2.5e-323
eakf_model3,5.391418292443778e-09
