model_name,weigth
arima,7.699003135638291e-113
eakf_model1,0.9999999999221693
eakf_model2,2.297116381782012e-22
eakf_model3,7.783089119331503e-11
sarima,4.46198675373196e-70
