model_name,weigth
arima,7.798844125570488e-109
eakf_model1,0.9999999999617208
eakf_model2,2.815878584087843e-15
eakf_model3,3.827654502005132e-11
