model_name,weigth
arima,1.4674e-320
eakf_model1,6.162952876129958e-10
eakf_model2,2.937971805280913e-116
eakf_model3,0.9999999993837049
