model_name,weigth
arima,2.020614640737633e-77
eakf_model1,0.9999999999833189
eakf_model2,1.6811935935524752e-40
eakf_model3,1.6681396908357044e-11
