model_name,weigth
arima,3.898940827132433e-68
eakf_model1,0.9999999999854791
eakf_model2,6.456910660294871e-43
eakf_model3,1.4520928917310729e-11
