model_name,weigth
arima,1.4164172797562959e-186
eakf_model1,0.999999999887461
eakf_model2,2.4791369164674163e-76
eakf_model3,1.1253902561182805e-10
