model_name,weigth
arima,5.927243321642493e-249
eakf_model1,2.448425081153643e-10
eakf_model2,9.198336633516123e-73
eakf_model3,0.9999999997551576
