model_name,weigth
arima,6.481234757868229e-134
eakf_model1,0.99999999997145
eakf_model2,7.0454078889017784e-15
eakf_model3,2.854269449471893e-11
