model_name,weigth
arima,2.223474935068048e-62
eakf_model1,0.999999999974726
eakf_model2,5.387963547715434e-14
eakf_model3,2.5220056721926194e-11
sarima,2.66150064515718e-48
