model_name,weigth
arima,6.669405437082e-135
eakf_model1,7.279081527498825e-11
eakf_model2,5.566265529190825e-48
eakf_model3,0.9999999999272091
