model_name,weigth
arima,1.6460235947497897e-106
eakf_model1,0.9999999999398193
eakf_model2,6.017934114640551e-11
eakf_model3,1.3528491451550426e-15
