model_name,weigth
arima,3.6735132454868165e-92
eakf_model1,0.9999999999611463
eakf_model2,2.6143887655067738e-11
eakf_model3,1.2709882589292241e-11
