model_name,weigth
arima,4.427457232854281e-165
eakf_model1,0.9999999999640491
eakf_model2,1.4229645656462103e-15
eakf_model3,3.5949481587366503e-11
