model_name,weigth
arima,0.0
eakf_model1,3.667118572881229e-10
eakf_model2,5.926661540291989e-115
eakf_model3,0.9999999996332886
