model_name,weigth
arima,1.1803151635734747e-119
eakf_model1,0.9999999999073186
eakf_model2,9.2681840415406e-11
eakf_model3,2.2316151045424995e-17
