model_name,weigth
arima,1.5224351744489055e-82
eakf_model1,0.9999999999773069
eakf_model2,1.7875008555514967e-14
eakf_model3,2.267490455225321e-11
