model_name,weigth
arima,1.8015592336831646e-161
eakf_model1,0.9999999999614051
eakf_model2,9.374855212162204e-16
eakf_model3,3.859438946926436e-11
