model_name,weigth
arima,9.073905683845218e-225
eakf_model1,1.4892999224452937e-10
eakf_model2,6.719823384672716e-90
eakf_model3,0.99999999985107
