model_name,weigth
arima,2.787549846990603e-92
eakf_model1,0.9999999999741105
eakf_model2,5.982079567333131e-12
eakf_model3,1.99072660667726e-11
sarima,1.375704660465561e-79
