model_name,weigth
arima,5.41672875010405e-151
eakf_model1,6.872067907036495e-11
eakf_model2,5.3554808123852e-60
eakf_model3,0.9999999999312792
