model_name,weigth
arima,1.320631587566694e-147
eakf_model1,7.536171205444883e-11
eakf_model2,5.882674324140144e-57
eakf_model3,0.9999999999246384
