model_name,weigth
arima,6.652601683459999e-71
eakf_model1,0.9999999999635709
eakf_model2,4.3983904578314457e-14
eakf_model3,3.6385097074924925e-11
sarima,1.135069364798449e-50
