model_name,weigth
arima,7.011649979985756e-85
eakf_model1,0.9999999999739824
eakf_model2,7.530613194693964e-13
eakf_model3,2.5264440140445015e-11
sarima,1.910339451949949e-74
