model_name,weigth
arima,1.3127203950371365e-125
eakf_model1,0.9999999999709701
eakf_model2,3.355908125696373e-16
eakf_model3,2.9029399849651492e-11
