model_name,weigth
arima,8.849055372962472e-87
eakf_model1,0.9999999999713096
eakf_model2,9.353236112260527e-14
eakf_model3,2.85968506681422e-11
