model_name,weigth
arima,7.709946574067127e-104
eakf_model1,0.9999999999701612
eakf_model2,8.55273537347742e-12
eakf_model3,2.1286245442101224e-11
sarima,7.260495753569991e-88
