model_name,weigth
arima,8.518209779673774e-178
eakf_model1,0.9999999999660202
eakf_model2,1.3849108198074246e-14
eakf_model3,3.396610363997288e-11
