model_name,weigth
arima,2.938503487930584e-143
eakf_model1,0.9999999999642307
eakf_model2,4.935920433814456e-35
eakf_model3,3.576935833976105e-11
