model_name,weigth
arima,7.166262263819422e-157
eakf_model1,0.9999999999620273
eakf_model2,6.055058654952589e-36
eakf_model3,3.79726628762127e-11
