model_name,weigth
arima,6.510803545664964e-265
eakf_model1,0.9999999999244298
eakf_model2,2.1578462660700572e-23
eakf_model3,7.557030067088282e-11
