model_name,weigth
arima,5.601976056328294e-204
eakf_model1,0.9999999999465435
eakf_model2,1.684665156790248e-24
eakf_model3,5.3456614898439914e-11
