model_name,weigth
arima,2.2037652821533595e-126
eakf_model1,0.9999999999622318
eakf_model2,4.9999929172047334e-14
eakf_model3,3.77183545713513e-11
sarima,4.274941812266243e-117
