model_name,weigth
arima,2.0918825201909048e-202
eakf_model1,0.9999999999462444
eakf_model2,9.595487173194979e-24
eakf_model3,5.3755808638231294e-11
