model_name,weigth
arima,8.163077327425892e-182
eakf_model1,0.9999999999569236
eakf_model2,8.422947600543651e-20
eakf_model3,4.3076667887632506e-11
