model_name,weigth
arima,4.116861465668998e-126
eakf_model1,0.9999999999587681
eakf_model2,5.685787022073094e-16
eakf_model3,4.12315219612413e-11
sarima,4.190320038933805e-120
