model_name,weigth
arima,5.617381292380484e-171
eakf_model1,0.9999999999546465
eakf_model2,7.173610718459602e-39
eakf_model3,4.535364519629181e-11
