model_name,weigth
arima,0.0
eakf_model1,0.9999999998577453
eakf_model2,4.122464006761052e-30
eakf_model3,1.4225474093266813e-10
