model_name,weigth
arima,5.880338279467793e-196
eakf_model1,0.9999999999389009
eakf_model2,1.5237765652800022e-44
eakf_model3,6.109915888201721e-11
