model_name,weigth
arima,6.402801969751247e-168
eakf_model1,0.9999999999250295
eakf_model2,6.2921771879240914e-21
eakf_model3,7.497054633132293e-11
sarima,7.717867400209054e-185
