model_name,weigth
arima,5.40995068485681e-230
eakf_model1,0.9999999999366401
eakf_model2,3.2926608997828635e-24
eakf_model3,6.336010576469307e-11
