model_name,weigth
arima,3.110069549459324e-196
eakf_model1,0.9999999999110479
eakf_model2,1.801437484756268e-21
eakf_model3,8.895207876189221e-11
sarima,2.8316580075011477e-199
