model_name,weigth
arima,3.213816084529214e-153
eakf_model1,0.9999999999654361
eakf_model2,1.2489854151535024e-35
eakf_model3,3.4563851426354144e-11
