model_name,weigth
arima,0.0
eakf_model1,1.2526932936724338e-06
eakf_model2,1.2e-322
eakf_model3,0.9999987473067063
