model_name,weigth
arima,0.0
eakf_model1,0.7241923834563464
eakf_model2,4.714066425279558e-198
eakf_model3,0.27580761654365354
