model_name,weigth
arima,2.4113902037854735e-129
eakf_model1,0.9999999999644343
eakf_model2,5.452411655841646e-12
eakf_model3,3.0113310361475974e-11
sarima,4.6079564319298655e-117
