model_name,weigth
arima,5.567542508259541e-163
eakf_model1,0.9999999999695659
eakf_model2,2.163861683164178e-12
eakf_model3,2.8270253125101368e-11
