model_name,weigth
arima,0.0
eakf_model1,0.9999999998271613
eakf_model2,7.43848344514607e-37
eakf_model3,1.7283875570110462e-10
