model_name,weigth
arima,1.930313709376837e-267
eakf_model1,0.9999999998154709
eakf_model2,4.440864165936333e-34
eakf_model3,1.8452912375202497e-10
sarima,8.255513288730478e-271
