model_name,weigth
arima,6.05234303144876e-133
eakf_model1,0.9999999999702273
eakf_model2,4.235422705328806e-33
eakf_model3,2.9773100145713536e-11
