model_name,weigth
arima,0.0
eakf_model1,0.9999999997854316
eakf_model2,2.7599257628217775e-36
eakf_model3,2.1456795936061666e-10
