model_name,weigth
arima,8.756305502722762e-268
eakf_model1,0.9999999998037645
eakf_model2,7.982317734104276e-34
eakf_model3,1.962355944086715e-10
sarima,1.7744671963777347e-271
