model_name,weigth
arima,0.0
eakf_model1,0.9999999998072636
eakf_model2,1.912715370626414e-39
eakf_model3,1.9273629594624332e-10
