model_name,weigth
arima,3.0318363651424534e-130
eakf_model1,0.9999999999740534
eakf_model2,1.0945077219545686e-31
eakf_model3,2.594656133592346e-11
