model_name,weigth
arima,2.8093215912624405e-174
eakf_model1,0.999999999959803
eakf_model2,3.7183365406069146e-36
eakf_model3,4.019656920256438e-11
