model_name,weigth
arima,0.0
eakf_model1,0.9999999998403
eakf_model2,3.6165604421355266e-34
eakf_model3,1.5969971367737165e-10
