model_name,weigth
arima,0.0
eakf_model1,0.9999999998213718
eakf_model2,6.333171973238577e-35
eakf_model3,1.7862824120353244e-10
