model_name,weigth
arima,1.8999500617588917e-236
eakf_model1,0.9999999998404766
eakf_model2,1.7192300505485656e-28
eakf_model3,1.5952333217458765e-10
sarima,6.017526634330665e-240
