model_name,weigth
arima,0.0
eakf_model1,0.9999999997866471
eakf_model2,2.163698311654159e-36
eakf_model3,2.133529743355352e-10
