model_name,weigth
arima,5.461286711966752e-300
eakf_model1,0.9999999997926724
eakf_model2,1.5231991012527836e-33
eakf_model3,2.0732756105340113e-10
sarima,3.04637555162883e-301
