model_name,weigth
arima,0.0
eakf_model1,0.9999999997580256
eakf_model2,4.7136326658103475e-35
eakf_model3,2.419743030731214e-10
sarima,0.0
