model_name,weigth
arima,0.0
eakf_model1,0.999999999757444
eakf_model2,7.724645263607833e-34
eakf_model3,2.425556726344459e-10
sarima,0.0
