model_name,weigth
arima,0.0
eakf_model1,0.9999999998457269
eakf_model2,7.781813399807681e-60
eakf_model3,1.542729670548911e-10
