model_name,weigth
arima,0.0
eakf_model1,0.9999999997850746
eakf_model2,2.2101747338253717e-40
eakf_model3,2.1492548386999355e-10
