model_name,weigth
arima,0.0
eakf_model1,0.9999999996730905
eakf_model2,2.188209135271991e-75
eakf_model3,3.2690946661814334e-10
