model_name,weigth
arima,3.044075603394883e-193
eakf_model1,0.9999999999525909
eakf_model2,2.834974060464291e-39
eakf_model3,4.740906977747258e-11
