model_name,weigth
arima,2.211673174594595e-217
eakf_model1,0.9999999999422557
eakf_model2,4.339067804318973e-43
eakf_model3,5.7744439819157286e-11
