model_name,weigth
arima,0.0
eakf_model1,0.9999999997713315
eakf_model2,1.7325432292056683e-37
eakf_model3,2.286683304819368e-10
