model_name,weigth
arima,0.0
eakf_model1,0.9999999997511996
eakf_model2,2.3298958056228897e-45
eakf_model3,2.488005552786557e-10
