model_name,weigth
arima,0.0
eakf_model1,0.9999999995638347
eakf_model2,3.7748172915587046e-54
eakf_model3,4.3616505940157083e-10
