model_name,weigth
arima,3.6315110785162636e-269
eakf_model1,0.9999999999133251
eakf_model2,3.3164608444346654e-50
eakf_model3,8.667486925799376e-11
