model_name,weigth
arima,0.0
eakf_model1,0.9999999995424201
eakf_model2,9.311492021743436e-56
eakf_model3,4.575794844164297e-10
