model_name,weigth
arima,0.0
eakf_model1,0.999999999756328
eakf_model2,6.151938987760978e-46
eakf_model3,2.436716640286957e-10
