model_name,weigth
arima,3.061089494527367e-182
eakf_model1,0.9999999999574172
eakf_model2,1.057069953794523e-37
eakf_model3,4.258297946305174e-11
