model_name,weigth
arima,0.0
eakf_model1,0.9999999997227556
eakf_model2,3.778763988386125e-46
eakf_model3,2.7724454781250843e-10
