model_name,weigth
arima,0.0
eakf_model1,0.9999999997605351
eakf_model2,1.7542279643791696e-41
eakf_model3,2.394649754879523e-10
