model_name,weigth
arima,0.0
eakf_model1,0.9999999996366935
eakf_model2,2.81915399942423e-44
eakf_model3,3.6330652859713747e-10
sarima,0.0
