model_name,weigth
arima,7.212906581912003e-284
eakf_model1,0.9999999999046734
eakf_model2,2.1853605454102302e-52
eakf_model3,9.532695309265494e-11
