model_name,weigth
arima,0.0
eakf_model1,0.9999999996007806
eakf_model2,7.347537528752874e-46
eakf_model3,3.9921944808969014e-10
sarima,0.0
