model_name,weigth
arima,1.9109601650210297e-261
eakf_model1,0.9999999999166571
eakf_model2,3.0736266296523363e-49
eakf_model3,8.334292780939576e-11
