model_name,weigth
arima,0.0
eakf_model1,0.9999999997367012
eakf_model2,1.671450003393544e-45
eakf_model3,2.632988628527193e-10
