model_name,weigth
arima,0.0
eakf_model1,0.9999999996428584
eakf_model2,2.6830787409998515e-44
eakf_model3,3.5714171747832106e-10
sarima,0.0
