model_name,weigth
arima,0.0
eakf_model1,0.9999999994994595
eakf_model2,1.5048312495135632e-49
eakf_model3,5.005406123319264e-10
sarima,0.0
