model_name,weigth
arima,0.0
eakf_model1,0.9999999996990405
eakf_model2,2.8051344029782384e-44
eakf_model3,3.0095951209270274e-10
