model_name,weigth
arima,0.0
eakf_model1,0.9999999998708377
eakf_model2,1.245071602914474e-44
eakf_model3,1.2916225685378556e-10
