model_name,weigth
arima,0.0
eakf_model1,0.999999999682313
eakf_model2,3.695079700643574e-50
eakf_model3,3.1768702041090934e-10
