model_name,weigth
arima,0.0
eakf_model1,0.9999999997148372
eakf_model2,7.116454590868952e-36
eakf_model3,2.8516287210290564e-10
sarima,0.0
