model_name,weigth
arima,0.0
eakf_model1,0.999999999882809
eakf_model2,1.6962819386550015e-48
eakf_model3,1.1719120210585895e-10
