model_name,weigth
arima,5.473995413341351e-283
eakf_model1,0.9999999999264957
eakf_model2,2.0210507823300567e-39
eakf_model3,7.350445727642894e-11
