model_name,weigth
arima,0.0
eakf_model1,0.9999999995997344
eakf_model2,1.0724998184365808e-50
eakf_model3,4.002653781919802e-10
