model_name,weigth
arima,0.0
eakf_model1,0.9999999997038062
eakf_model2,4.142363492439138e-48
eakf_model3,2.96194489211242e-10
