model_name,weigth
arima,0.0
eakf_model1,0.9999999997470798
eakf_model2,1.0705551172898357e-44
eakf_model3,2.5292057860604427e-10
