model_name,weigth
arima,0.0
eakf_model1,0.9999999998109663
eakf_model2,9.6341361504192e-30
eakf_model3,1.8903371430328332e-10
sarima,0.0
