model_name,weigth
arima,0.0
eakf_model1,0.9999999994689764
eakf_model2,1.1709263315597949e-56
eakf_model3,5.310233404465913e-10
