model_name,weigth
arima,2.139117e-318
eakf_model1,0.9999999998288869
eakf_model2,1.3450135745883225e-30
eakf_model3,1.7111303022642996e-10
sarima,8.6604826e-317
