model_name,weigth
arima,0.0
eakf_model1,0.9999999998259971
eakf_model2,1.3258793423772862e-29
eakf_model3,1.7400283485015464e-10
sarima,0.0
