model_name,weigth
arima,0.0
eakf_model1,0.9999999997522336
eakf_model2,3.805125338465364e-33
eakf_model3,2.4776639230916444e-10
sarima,0.0
