model_name,weigth
arima,0.0
eakf_model1,0.9999999997675657
eakf_model2,5.006363734584612e-35
eakf_model3,2.3243459115623476e-10
sarima,0.0
