model_name,weigth
arima,5.7123565621458275e-242
eakf_model1,0.9999999999504579
eakf_model2,1.5137175052827032e-32
eakf_model3,4.954205806181441e-11
