model_name,weigth
arima,0.0
eakf_model1,0.9999999997842034
eakf_model2,4.0453883538130886e-39
eakf_model3,2.1579683315804278e-10
