model_name,weigth
arima,0.0
eakf_model1,0.9999999974321153
eakf_model2,8.638792736947611e-134
eakf_model3,2.567884852173191e-09
