model_name,weigth
arima,0.0
eakf_model1,0.99999999941593
eakf_model2,1.6585524557934765e-63
eakf_model3,5.840701366075564e-10
