model_name,weigth
arima,0.0
eakf_model1,0.9999999997151364
eakf_model2,7.869487135518202e-41
eakf_model3,2.8486363625210324e-10
sarima,0.0
