model_name,weigth
arima,0.0
eakf_model1,0.9999999996838157
eakf_model2,1.019263573224557e-42
eakf_model3,3.1618436515432594e-10
sarima,0.0
