model_name,weigth
arima,0.0
eakf_model1,0.9999999997671583
eakf_model2,1.2351492192101036e-41
eakf_model3,2.3284135542377464e-10
