model_name,weigth
arima,0.0
eakf_model1,0.9999999992086186
eakf_model2,2.7665478698117694e-72
eakf_model3,7.913815513038043e-10
