model_name,weigth
arima,0.0
eakf_model1,0.9999999997976187
eakf_model2,5.698197879685042e-34
eakf_model3,2.023810908604975e-10
sarima,0.0
