model_name,weigth
arima,0.0
eakf_model1,0.9999999998783508
eakf_model2,1.4253058683641356e-49
eakf_model3,1.2164907719806314e-10
