model_name,weigth
arima,0.0
eakf_model1,0.9999999996940987
eakf_model2,3.3820574338868646e-41
eakf_model3,3.059016739521667e-10
sarima,0.0
