model_name,weigth
arima,1.6446184877367114e-292
eakf_model1,0.999999999908286
eakf_model2,8.436432051127303e-46
eakf_model3,9.17143648991733e-11
