model_name,weigth
arima,0.0
eakf_model1,0.999999999708281
eakf_model2,9.023869339863089e-42
eakf_model3,2.917190744797865e-10
sarima,0.0
