model_name,weigth
arima,0.0
eakf_model1,0.9999999993815379
eakf_model2,3.5245797457003416e-64
eakf_model3,6.184620525518623e-10
