model_name,weigth
arima,3.4709640102101018e-258
eakf_model1,0.9999999999280703
eakf_model2,4.089213662047179e-42
eakf_model3,7.193010631431236e-11
