model_name,weigth
arima,3.246787389351098e-230
eakf_model1,0.999999999946452
eakf_model2,2.9228762997570903e-39
eakf_model3,5.3548039907761385e-11
