model_name,weigth
arima,9.408633786174654e-217
eakf_model1,0.9999999999503593
eakf_model2,2.8906170240812533e-38
eakf_model3,4.964070823606515e-11
