model_name,weigth
arima,0.0
eakf_model1,0.9999999994053871
eakf_model2,7.813622614034456e-61
eakf_model3,5.946126957861906e-10
