model_name,weigth
arima,2.307931387278384e-196
eakf_model1,0.9999999999589785
eakf_model2,5.275052251764644e-38
eakf_model3,4.102218679226302e-11
