model_name,weigth
arima,1.5856943804370936e-194
eakf_model1,0.9999999999601146
eakf_model2,1.0412851708027376e-38
eakf_model3,3.9885571669718647e-11
