model_name,weigth
arima,0.0
eakf_model1,0.9999999992772105
eakf_model2,1.3994444859448192e-64
eakf_model3,7.227892781045343e-10
