model_name,weigth
arima,1.3225289165884378e-185
eakf_model1,0.9999999999638295
eakf_model2,1.856366658303324e-37
eakf_model3,3.6171179233800046e-11
