model_name,weigth
arima,1.332021089612282e-159
eakf_model1,0.9999999999738386
eakf_model2,2.2129950680664233e-35
eakf_model3,2.6161680253696847e-11
