model_name,weigth
arima,0.0
eakf_model1,0.9999999995195179
eakf_model2,3.2467059392627674e-57
eakf_model3,4.804819933490206e-10
