model_name,weigth
arima,0.0
eakf_model1,0.9999999988733077
eakf_model2,2.6246871444461058e-76
eakf_model3,1.1266922826322417e-09
