model_name,weigth
arima,0.0
eakf_model1,0.999999999755112
eakf_model2,1.6815860712551617e-37
eakf_model3,2.448881622767109e-10
sarima,0.0
