model_name,weigth
arima,1.4278411883859806e-186
eakf_model1,0.999999999962002
eakf_model2,5.164525045994943e-38
eakf_model3,3.799779469468676e-11
