model_name,weigth
arima,0.0
eakf_model1,0.9999999995419435
eakf_model2,3.7865954227600697e-47
eakf_model3,4.580566005377701e-10
sarima,0.0
