model_name,weigth
arima,3.114784341103905e-202
eakf_model1,0.999999999956388
eakf_model2,4.684421128455455e-39
eakf_model3,4.36116268120426e-11
