model_name,weigth
arima,0.0
eakf_model1,0.9999999996772012
eakf_model2,7.411829518435632e-41
eakf_model3,3.227987199725098e-10
sarima,0.0
