model_name,weigth
arima,0.0
eakf_model1,0.9999999995120977
eakf_model2,5.593356879108608e-58
eakf_model3,4.879018176661497e-10
