model_name,weigth
arima,0.0
eakf_model1,0.9999999994746527
eakf_model2,5.439331447293366e-60
eakf_model3,5.253474117708388e-10
