model_name,weigth
arima,0.0
eakf_model1,0.9999999996191082
eakf_model2,7.233742080615313e-43
eakf_model3,3.8089170087001615e-10
sarima,0.0
