model_name,weigth
arima,2.1064273447064601e-224
eakf_model1,0.9999999999448403
eakf_model2,1.42994668165535e-41
eakf_model3,5.515928719425232e-11
