model_name,weigth
arima,0.0
eakf_model1,0.9999999924100392
eakf_model2,7.427550764685129e-169
eakf_model3,7.589960547408718e-09
