model_name,weigth
arima,0.0
eakf_model1,0.9999999989618521
eakf_model2,1.4478995280202389e-62
eakf_model3,1.0381478811597697e-09
sarima,0.0
