model_name,weigth
arima,0.0
eakf_model1,0.4148058349131395
eakf_model2,1.5696860802930543e-89
eakf_model3,0.5851941650868605
