model_name,weigth
arima,0.0
eakf_model1,0.9999999948919794
eakf_model2,8.115334860145298e-105
eakf_model3,5.108020850233133e-09
sarima,0.0
