model_name,weigth
arima,0.0
eakf_model1,0.999999998952677
eakf_model2,2.9358662350630393e-64
eakf_model3,1.047323260086976e-09
sarima,0.0
