model_name,weigth
arima,0.0
eakf_model1,0.9999999988784489
eakf_model2,4.0960906691478834e-66
eakf_model3,1.121551210698499e-09
sarima,0.0
