model_name,weigth
arima,5.550311782141286e-248
eakf_model1,0.9999999999293803
eakf_model2,4.115798575209535e-44
eakf_model3,7.061945883486036e-11
