model_name,weigth
arima,0.0
eakf_model1,0.9999999917572551
eakf_model2,1.6096406429678535e-177
eakf_model3,8.242745099852373e-09
