model_name,weigth
arima,0.0
eakf_model1,0.9999999990248662
eakf_model2,1.5151398901454935e-56
eakf_model3,9.751341960646996e-10
sarima,0.0
