model_name,weigth
arima,0.0
eakf_model1,0.6913753147842823
eakf_model2,4.611316216247291e-47
eakf_model3,0.30862468521571795
