model_name,weigth
arima,0.0
eakf_model1,0.068586305466544
eakf_model2,2.535176072467888e-299
eakf_model3,0.9314136945334557
