model_name,weigth
arima,0.0
eakf_model1,0.19673079208449049
eakf_model2,8.126952473522841e-59
eakf_model3,0.8032692079155098
