model_name,weigth
arima,0.0
eakf_model1,0.9999999507222516
eakf_model2,8.271093716475965e-254
eakf_model3,4.9277748669642714e-08
sarima,0.0
