model_name,weigth
arima,2.851445230831893e-135
eakf_model1,0.5224466661682758
eakf_model2,1.753968691751592e-17
eakf_model3,0.47755333383172377
