model_name,weigth
arima,0.0
eakf_model1,0.8941722407082032
eakf_model2,1.9574557468888112e-96
eakf_model3,0.10582775929179661
