model_name,weigth
arima,0.0
eakf_model1,1.7290978786402782e-07
eakf_model2,1.05e-321
eakf_model3,0.9999998270902116
