model_name,weigth
arima,3.207433354e-314
eakf_model1,0.4188266200310853
eakf_model2,8.819459329653482e-39
eakf_model3,0.5811733799689154
