model_name,weigth
arima,0.0
eakf_model1,0.9999999786932791
eakf_model2,5.572789430817067e-188
eakf_model3,2.1306720869037944e-08
sarima,0.0
