model_name,weigth
arima,0.0
eakf_model1,0.8694754268785626
eakf_model2,6.4783073076481195e-224
eakf_model3,0.13052457312143714
sarima,0.0
