model_name,weigth
arima,3.697253273598359e-265
eakf_model1,0.5521548794521975
eakf_model2,1.982833887029385e-33
eakf_model3,0.44784512054780207
