model_name,weigth
arima,0.0
eakf_model1,2.707748969328047e-06
eakf_model2,1.695e-321
eakf_model3,0.9999972922510303
sarima,0.0
