model_name,weigth
arima,0.0
eakf_model1,0.9999999929636693
eakf_model2,7.764730774766168e-217
eakf_model3,7.036330727322936e-09
