model_name,weigth
arima,0.0
eakf_model1,2.833061217115965e-07
eakf_model2,1.12e-321
eakf_model3,0.9999997166938775
