model_name,weigth
arima,0.0
eakf_model1,0.3770228531774517
eakf_model2,1.9629482862451789e-78
eakf_model3,0.622977146822548
sarima,0.0
