model_name,weigth
arima,0.0
eakf_model1,0.1306098369761623
eakf_model2,5.39835562321367e-78
eakf_model3,0.8693901630238378
