model_name,weigth
arima,0.0
eakf_model1,8.837794971206717e-09
eakf_model2,3.8567230427127715e-138
eakf_model3,0.9999999911622041
