model_name,weigth
arima,0.0
eakf_model1,6.715173304924418e-08
eakf_model2,1.0616829208210511e-251
eakf_model3,0.999999932848267
sarima,0.0
