model_name,weigth
arima,0.0
eakf_model1,4.615227054481594e-08
eakf_model2,4.718826408106979e-278
eakf_model3,0.9999999538477299
