model_name,weigth
arima,0.0
eakf_model1,6.4897304694421696e-09
eakf_model2,7.305719154660065e-85
eakf_model3,0.9999999935102695
sarima,0.0
