model_name,weigth
arima,0.0
eakf_model1,1.0336912508751066e-09
eakf_model2,2.8953866372037817e-51
eakf_model3,0.9999999989663084
