model_name,weigth
arima,0.0
eakf_model1,0.011301550667479114
eakf_model2,1.13e-321
eakf_model3,0.9886984493325206
