model_name,weigth
arima,0.0
eakf_model1,0.6504366172031573
eakf_model2,5.15189655760979e-86
eakf_model3,0.3495633827968426
sarima,0.0
