model_name,weigth
arima,0.0
eakf_model1,0.37928713284867777
eakf_model2,1.0470109514648651e-82
eakf_model3,0.6207128671513223
sarima,0.0
