model_name,weigth
arima,0.0
eakf_model1,3.0731415672064114e-10
eakf_model2,3.5033877336043824e-59
eakf_model3,0.9999999996926852
