model_name,weigth
arima,0.0
eakf_model1,6.474888714081353e-09
eakf_model2,4.552481254572423e-86
eakf_model3,0.9999999935251114
sarima,0.0
