model_name,weigth
arima,0.0
eakf_model1,2.7133210107733614e-08
eakf_model2,4.299887255138431e-160
eakf_model3,0.9999999728667901
sarima,0.0
