model_name,weigth
arima,0.0
eakf_model1,6.711249346524442e-10
eakf_model2,6.831223471215386e-46
eakf_model3,0.999999999328875
