model_name,weigth
arima,0.0
eakf_model1,3.2955920695090544e-08
eakf_model2,1.146e-321
eakf_model3,0.9999999670440788
