model_name,weigth
arima,0.0
eakf_model1,3.756210670313833e-09
eakf_model2,4.653041552530582e-71
eakf_model3,0.9999999962437893
sarima,0.0
