model_name,weigth
arima,0.0
eakf_model1,4.650697414398483e-10
eakf_model2,4.462319997548179e-71
eakf_model3,0.9999999995349302
