model_name,weigth
arima,0.0
eakf_model1,0.6328763471212518
eakf_model2,8.701931329019755e-85
eakf_model3,0.36712365287874854
sarima,0.0
