model_name,weigth
arima,0.0
eakf_model1,2.4003418827772954e-09
eakf_model2,9.083288505570266e-83
eakf_model3,0.9999999975996579
