model_name,weigth
arima,0.0
eakf_model1,1.3832058598101676e-09
eakf_model2,8.958605826799184e-66
eakf_model3,0.9999999986167938
