model_name,weigth
arima,0.0
eakf_model1,2.4730178756022726e-09
eakf_model2,1.3215694287463308e-80
eakf_model3,0.9999999975269822
