model_name,weigth
arima,0.0
eakf_model1,0.3895649039757676
eakf_model2,7.407502037479968e-45
eakf_model3,0.6104350960242324
