model_name,weigth
arima,0.0
eakf_model1,7.692198298029203e-10
eakf_model2,2.2110435486380263e-42
eakf_model3,0.9999999992307801
