model_name,weigth
arima,0.0
eakf_model1,1.5663821324984397e-10
eakf_model2,6.70503560233643e-46
eakf_model3,0.9999999998433619
