model_name,weigth
arima,0.0
eakf_model1,1.5469774563098427e-09
eakf_model2,2.2922631926716563e-54
eakf_model3,0.9999999984530222
