model_name,weigth
arima,0.0
eakf_model1,0.4154140760047671
eakf_model2,4.3381160276368316e-41
eakf_model3,0.5845859239952329
sarima,0.0
