model_name,weigth
arima,0.0
eakf_model1,0.6130626804621755
eakf_model2,1.9959858087995443e-48
eakf_model3,0.3869373195378244
sarima,0.0
