model_name,weigth
arima,6.755411462823235e-181
eakf_model1,4.12945677771755e-11
eakf_model2,6.5935357601627585e-28
eakf_model3,0.9999999999587051
