model_name,weigth
arima,0.0
eakf_model1,0.2733936582478528
eakf_model2,6.168331802258077e-56
eakf_model3,0.726606341752147
