model_name,weigth
arima,1.361021994817044e-188
eakf_model1,4.586645362519491e-11
eakf_model2,1.4757976812968684e-28
eakf_model3,0.9999999999541335
