model_name,weigth
arima,0.0
eakf_model1,0.03506249156127417
eakf_model2,9.808149800777746e-270
eakf_model3,0.9649375084387257
sarima,0.0
