model_name,weigth
arima,2.078309940310444e-227
eakf_model1,6.49737554787817e-11
eakf_model2,1.7578198080627512e-32
eakf_model3,0.9999999999350266
