model_name,weigth
arima,3.877772408047218e-198
eakf_model1,4.947882956030215e-11
eakf_model2,2.373820610490061e-29
eakf_model3,0.9999999999505212
