model_name,weigth
arima,8.451960019169688e-155
eakf_model1,3.0670514592891025e-11
eakf_model2,1.9053067427699776e-25
eakf_model3,0.99999999996933
