model_name,weigth
arima,0.0
eakf_model1,9.333984176354884e-10
eakf_model2,1.1797490518609247e-35
eakf_model3,0.9999999990666016
sarima,0.0
