model_name,weigth
arima,0.0
eakf_model1,2.9775384277662893e-10
eakf_model2,5.844168228320488e-29
eakf_model3,0.9999999997022463
