model_name,weigth
arima,1.416125438763864e-131
eakf_model1,2.2697527611026603e-11
eakf_model2,4.666139459649569e-23
eakf_model3,0.9999999999773026
