model_name,weigth
arima,0.0
eakf_model1,1.4324940010975896e-09
eakf_model2,2.4861356468132628e-42
eakf_model3,0.9999999985675058
sarima,0.0
