model_name,weigth
arima,0.0
eakf_model1,3.0105373132385705e-10
eakf_model2,1.725638040127924e-28
eakf_model3,0.9999999996989462
