model_name,weigth
arima,1.1809021275539937e-176
eakf_model1,3.9704104069454414e-11
eakf_model2,1.0338150821362902e-27
eakf_model3,0.9999999999602958
