model_name,weigth
arima,0.0
eakf_model1,6.212773957697045e-10
eakf_model2,4.325362075639871e-31
eakf_model3,0.9999999993787226
sarima,0.0
