model_name,weigth
arima,3.358673527424178e-131
eakf_model1,2.2072782084676955e-11
eakf_model2,1.972310399613942e-22
eakf_model3,0.9999999999779273
