model_name,weigth
arima,0.0
eakf_model1,4.808853928309998e-10
eakf_model2,8.082495306871021e-35
eakf_model3,0.9999999995191148
