model_name,weigth
arima,0.0
eakf_model1,9.051513828957713e-10
eakf_model2,5.0366175589573825e-34
eakf_model3,0.9999999990948485
sarima,0.0
