model_name,weigth
arima,7.709064399434669e-129
eakf_model1,2.2936641460747996e-11
eakf_model2,6.16381181502674e-23
eakf_model3,0.9999999999770637
