model_name,weigth
arima,0.0
eakf_model1,5.951267938509514e-10
eakf_model2,2.8075551723524977e-38
eakf_model3,0.9999999994048736
