model_name,weigth
arima,0.0
eakf_model1,5.758950663326517e-10
eakf_model2,5.29342408130934e-38
eakf_model3,0.9999999994241051
