model_name,weigth
arima,0.0
eakf_model1,5.033620703911647e-10
eakf_model2,4.823726766208548e-27
eakf_model3,0.9999999994966381
sarima,5.568961088151132e-294
