model_name,weigth
arima,7.076285653216826e-124
eakf_model1,2.0533577684087403e-11
eakf_model2,2.203878448407868e-22
eakf_model3,0.9999999999794663
