model_name,weigth
arima,0.0
eakf_model1,4.735513421712137e-10
eakf_model2,1.1593628079762686e-34
eakf_model3,0.9999999995264481
