model_name,weigth
arima,1.5243709235783607e-170
eakf_model1,3.735886460889122e-11
eakf_model2,3.184580703534424e-27
eakf_model3,0.999999999962641
