model_name,weigth
arima,0.0
eakf_model1,7.328599280646987e-10
eakf_model2,2.721535940621418e-42
eakf_model3,0.99999999926714
