model_name,weigth
arima,2.876049919867953e-100
eakf_model1,1.5424506496537536e-11
eakf_model2,3.696317477655539e-20
eakf_model3,0.9999999999845758
