model_name,weigth
arima,3.646969768701952e-276
eakf_model1,1.892209798131039e-10
eakf_model2,1.3324145752514685e-20
eakf_model3,0.999999999810779
