model_name,weigth
arima,0.0
eakf_model1,6.874040133825359e-10
eakf_model2,1.0034570681130268e-35
eakf_model3,0.9999999993125958
