model_name,weigth
arima,2.8088593458883085e-117
eakf_model1,1.9187393511864964e-11
eakf_model2,8.382085175712751e-22
eakf_model3,0.9999999999808123
