model_name,weigth
arima,0.0
eakf_model1,5.706055231578296e-10
eakf_model2,3.582084442657788e-33
eakf_model3,0.9999999994293948
