model_name,weigth
arima,0.0
eakf_model1,9.62118073391581e-10
eakf_model2,5.038852697794919e-27
eakf_model3,0.9999999990378818
sarima,0.0
