model_name,weigth
arima,1.8019458236424954e-276
eakf_model1,3.7983686711151655e-10
eakf_model2,4.80580979046485e-18
eakf_model3,0.9999999996201634
sarima,8.073061719785558e-225
