model_name,weigth
arima,0.0
eakf_model1,2.104161456805258e-09
eakf_model2,1.0689607130559513e-39
eakf_model3,0.9999999978958387
sarima,0.0
