model_name,weigth
arima,0.0
eakf_model1,2.681706592855117e-10
eakf_model2,9.66784206325506e-24
eakf_model3,0.9999999997318293
