model_name,weigth
arima,1.5798157637025007e-268
eakf_model1,3.4966538627525226e-10
eakf_model2,2.4243339521029028e-17
eakf_model3,0.9999999996503349
sarima,1.752956842970456e-220
