model_name,weigth
arima,7.849436402456519e-109
eakf_model1,1.735429033579078e-11
eakf_model2,1.1138634495965516e-20
eakf_model3,0.999999999982646
