model_name,weigth
arima,1.0119162515138365e-100
eakf_model1,1.5562043070320894e-11
eakf_model2,4.4290658816692376e-20
eakf_model3,0.999999999984438
