model_name,weigth
arima,3.560513621676529e-284
eakf_model1,1.981032056873522e-10
eakf_model2,1.8156995430052003e-20
eakf_model3,0.9999999998018966
