model_name,weigth
arima,2.943418221939155e-104
eakf_model1,1.6956986667254703e-11
eakf_model2,3.773773112646508e-20
eakf_model3,0.9999999999830427
