model_name,weigth
arima,0.0
eakf_model1,4.163960530655301e-10
eakf_model2,4.6088185773176295e-31
eakf_model3,0.9999999995836041
