model_name,weigth
arima,9.751235720009932e-111
eakf_model1,1.7515983313330483e-11
eakf_model2,8.032646462556265e-21
eakf_model3,0.9999999999824845
