model_name,weigth
arima,0.0
eakf_model1,6.55297332151095e-10
eakf_model2,1.5401376998103942e-22
eakf_model3,0.9999999993447026
sarima,3.592606097267945e-305
