model_name,weigth
arima,0.0
eakf_model1,5.378945609874382e-10
eakf_model2,1.02814652797982e-33
eakf_model3,0.9999999994621053
