model_name,weigth
arima,0.0
eakf_model1,3.47470865235911e-10
eakf_model2,1.9696955581331265e-26
eakf_model3,0.9999999996525288
