model_name,weigth
arima,0.0
eakf_model1,7.65276467041205e-10
eakf_model2,2.450725550929888e-37
eakf_model3,0.9999999992347234
