model_name,weigth
arima,7.370404218501874e-107
eakf_model1,1.7645242424755117e-11
eakf_model2,1.8714967662060633e-20
eakf_model3,0.9999999999823552
