model_name,weigth
arima,3.4393164534483623e-292
eakf_model1,4.110608259423829e-10
eakf_model2,1.0337345151596107e-17
eakf_model3,0.9999999995889393
sarima,8.393714159195044e-241
