model_name,weigth
arima,0.0
eakf_model1,8.366022171731648e-10
eakf_model2,1.7214942415821774e-30
eakf_model3,0.9999999991633981
sarima,0.0
