model_name,weigth
arima,5.515807639170678e-86
eakf_model1,1.3743301860285098e-11
eakf_model2,1.5781658398204704e-17
eakf_model3,0.9999999999862559
