model_name,weigth
arima,2.04192777128437e-280
eakf_model1,2.2024707948813398e-10
eakf_model2,1.959615349613581e-20
eakf_model3,0.9999999997797528
