model_name,weigth
arima,0.0
eakf_model1,7.166957205249225e-10
eakf_model2,2.686274683911117e-21
eakf_model3,0.9999999992833039
sarima,1.2487792466826637e-284
