model_name,weigth
arima,9.87956857881334e-287
eakf_model1,4.1871220707270166e-10
eakf_model2,8.690710533894027e-19
eakf_model3,0.9999999995812876
sarima,5.147278875045363e-233
