model_name,weigth
arima,0.0
eakf_model1,8.131262489969222e-10
eakf_model2,1.6038942441817382e-22
eakf_model3,0.9999999991868739
sarima,3.502753563040389e-301
