model_name,weigth
arima,7.3518e-319
eakf_model1,6.075585885989672e-10
eakf_model2,1.3003651164581058e-18
eakf_model3,0.9999999993924414
sarima,3.8788828515697206e-259
