model_name,weigth
arima,4.153910683033609e-271
eakf_model1,2.0076552820572126e-10
eakf_model2,6.957101919366324e-20
eakf_model3,0.9999999997992344
