model_name,weigth
arima,0.0
eakf_model1,7.395968693281168e-10
eakf_model2,1.0857172218307466e-21
eakf_model3,0.999999999260403
sarima,4.329651186007745e-289
