model_name,weigth
arima,1.3270378210150945e-301
eakf_model1,2.507330996082179e-10
eakf_model2,2.3705456682908355e-22
eakf_model3,0.9999999997492666
