model_name,weigth
arima,1.0354227784340968e-88
eakf_model1,1.3791692279338483e-11
eakf_model2,4.9377842496683044e-18
eakf_model3,0.9999999999862085
