model_name,weigth
arima,1.673159219976284e-83
eakf_model1,1.406146344193932e-11
eakf_model2,1.9374714650770047e-17
eakf_model3,0.9999999999859384
