model_name,weigth
arima,4.223986470837693e-83
eakf_model1,1.4191076627443085e-11
eakf_model2,3.6069326757985647e-17
eakf_model3,0.9999999999858088
