model_name,weigth
arima,3.895525562826375e-301
eakf_model1,5.260420120623463e-10
eakf_model2,1.9598928552720133e-18
eakf_model3,0.9999999994739577
sarima,6.34964153668251e-244
