model_name,weigth
arima,9.89409362675136e-280
eakf_model1,4.007308733957283e-10
eakf_model2,1.394837183108786e-18
eakf_model3,0.9999999995992692
sarima,9.320173423856819e-228
