model_name,weigth
arima,1.0490068741369278e-298
eakf_model1,2.404546939886753e-10
eakf_model2,3.4031033178040147e-22
eakf_model3,0.9999999997595452
