model_name,weigth
arima,3.247854425593194e-275
eakf_model1,2.1354215129898575e-10
eakf_model2,5.961218896307144e-20
eakf_model3,0.9999999997864579
