model_name,weigth
arima,5.203561545341876e-85
eakf_model1,1.548270155750383e-11
eakf_model2,4.643998291769357e-17
eakf_model3,0.9999999999845172
