model_name,weigth
arima,2.2788055178988237e-84
eakf_model1,1.4641148759899235e-11
eakf_model2,4.918704470019004e-17
eakf_model3,0.9999999999853592
