model_name,weigth
arima,5.4371132090813206e-83
eakf_model1,1.477980362625654e-11
eakf_model2,2.799291024579134e-16
eakf_model3,0.9999999999852198
