model_name,weigth
arima,4.5816432764402885e-82
eakf_model1,1.4321988371235038e-11
eakf_model2,1.8693046308792625e-16
eakf_model3,0.9999999999856777
