model_name,weigth
arima,1.9324702843217998e-237
eakf_model1,1.5386497169296612e-10
eakf_model2,1.3631687595157382e-17
eakf_model3,0.9999999998461351
