model_name,weigth
arima,1.181816319656881e-259
eakf_model1,3.792457475818105e-10
eakf_model2,8.978825112821057e-16
eakf_model3,0.9999999996207536
sarima,4.332193928925202e-212
