model_name,weigth
arima,0.0
eakf_model1,6.246317000369956e-10
eakf_model2,7.779817577824629e-19
eakf_model3,0.9999999993753683
sarima,6.835026353006266e-262
