model_name,weigth
arima,1.3032918943277714e-22
eakf_model1,3.1798896949480137e-13
eakf_model2,5.524548521294824e-28
eakf_model3,2.695271064569638e-13
sarima,0.9999999999994126
