model_name,weigth
arima,2.4570625196196002e-130
eakf_model1,2.3215836813164703e-57
eakf_model2,3.0209233010046546e-10
eakf_model3,0.9999999996979076
sarima,1.715058690568801e-23
