model_name,weigth
arima,2.1549681742018552e-77
eakf_model1,2.9545014717334017e-16
eakf_model2,1.3352132921959916e-22
eakf_model3,0.29145753091818677
sarima,0.708542469081813
