model_name,weigth
arima,8.328497538489776e-35
eakf_model1,3.0175268878908935e-12
eakf_model2,0.9999999999969825
eakf_model3,8.83156016281868e-22
sarima,6.266184192945934e-34
