model_name,weigth
arima,0.0
eakf_model1,5.1947102343864005e-08
eakf_model2,9.4e-323
eakf_model3,0.9999999480528977
sarima,0.0
