model_name,weigth
arima,0.0
eakf_model1,0.9999999996026212
eakf_model2,4.662747959022396e-81
eakf_model3,3.9737876124633705e-10
sarima,0.0
