model_name,weigth
arima,0.0
eakf_model1,0.04262085894919605
eakf_model2,5.04e-322
eakf_model3,0.9573791410508038
sarima,0.0
