model_name,weigth
arima,0.0
eakf_model1,2.093127307844481e-10
eakf_model2,0.9999999997906874
eakf_model3,1.566425060515028e-25
sarima,0.0
