model_name,weigth
arima,1.5e-323
eakf_model1,0.9999999993291481
eakf_model2,2.0673437669507745e-94
eakf_model3,6.708518117555417e-10
sarima,0.0
