model_name,weigth
arima,0.0
eakf_model1,0.9999999986540287
eakf_model2,1.239300355074764e-182
eakf_model3,1.3459715015240242e-09
sarima,0.0
