model_name,weigth
arima,0.0
eakf_model1,6.501740512537912e-10
eakf_model2,0.999999999349826
eakf_model3,2.3218163800665473e-29
sarima,0.0
