model_name,weigth
arima,1.2050297842862628e-165
eakf_model1,0.9999999999671123
eakf_model2,2.7744594263103105e-24
eakf_model3,3.28876466787429e-11
sarima,1.7128476300648152e-214
