model_name,weigth
arima,8.167446233590633e-284
eakf_model1,2.9600888193525285e-11
eakf_model2,0.9999999999703991
eakf_model3,1.3036005805780362e-19
sarima,0.0
