model_name,weigth
arima,0.0
eakf_model1,0.999999999546892
eakf_model2,3.2467862212184986e-54
eakf_model3,4.531080890410783e-10
sarima,0.0
