model_name,weigth
arima,1.7495356e-316
eakf_model1,5.922245428067472e-11
eakf_model2,2.143533709992731e-16
eakf_model3,0.9999999999407774
sarima,1.137987283267168e-280
