model_name,weigth
arima,1.967630480478977e-232
eakf_model1,0.9999999998811805
eakf_model2,1.5767941407768494e-26
eakf_model3,1.1881948765162045e-10
sarima,7.03721271433328e-183
