model_name,weigth
arima,0.0
eakf_model1,0.9999999951431708
eakf_model2,5.8655414370492e-240
eakf_model3,4.856829152906106e-09
sarima,0.0
