model_name,weigth
arima,1.0060827985174373e-238
eakf_model1,8.606115676403045e-11
eakf_model2,1.726907324159376e-24
eakf_model3,0.9999999999139388
sarima,1.2180564210663162e-217
