model_name,weigth
arima,0.0
eakf_model1,9.163165985217841e-10
eakf_model2,7.37339278691638e-130
eakf_model3,0.9999999990836834
sarima,0.0
