model_name,weigth
arima,2.02812073633623e-291
eakf_model1,6.682325615271322e-11
eakf_model2,5.1454413954844655e-20
eakf_model3,0.9999999999331768
sarima,5.461862378475165e-243
