model_name,weigth
arima,2.5e-323
eakf_model1,3.395311061205292e-09
eakf_model2,1.414393293083931e-187
eakf_model3,0.9999999966046891
sarima,2.5e-323
