model_name,weigth
arima,2.5e-323
eakf_model1,1.5189291583925272e-25
eakf_model2,0.3311047309869737
eakf_model3,0.6688952690130265
sarima,2.5e-323
