model_name,weigth
arima,4.526067559153424e-77
eakf_model1,1.1112891540804651e-11
eakf_model2,1.131622530680415e-25
eakf_model3,0.9999999999888871
sarima,5.560171682110011e-41
