model_name,weigth
arima,2.5e-323
eakf_model1,0.9999999989768424
eakf_model2,1.8158772514679683e-55
eakf_model3,1.0231575816073585e-09
sarima,2.5e-323
