model_name,weigth
arima,6.200356062874068e-82
eakf_model1,0.9999999999136572
eakf_model2,8.44208103929568e-61
eakf_model3,8.63429466065688e-11
sarima,3.647046438405664e-69
