model_name,weigth
arima,4.96514013164434e-248
eakf_model1,3.26500376504793e-10
eakf_model2,1.9858715162192063e-93
eakf_model3,0.9999999996734997
sarima,2.27024480439521e-202
