model_name,weigth
arima,2.5e-323
eakf_model1,2.644100689564845e-10
eakf_model2,5.859857970989343e-50
eakf_model3,0.9999999997355901
sarima,2.7659998063013244e-256
