model_name,weigth
arima,2.0681254671993595e-244
eakf_model1,3.2127837515653e-10
eakf_model2,3.56841605144327e-40
eakf_model3,0.9999999996787217
sarima,8.731048779911079e-209
