model_name,weigth
arima,2.5e-323
eakf_model1,0.9999999630687003
eakf_model2,3.9161067930766795e-198
eakf_model3,3.693129969584822e-08
sarima,2.5e-323
