model_name,weigth
arima,7.59709552098881e-99
eakf_model1,0.99999999997665
eakf_model2,2.3349999226580985e-11
eakf_model3,4.731189211225645e-18
sarima,4.76509430005646e-98
