model_name,weigth
arima,1.6758198029637832e-107
eakf_model1,1.1446360889916325e-11
eakf_model2,9.187812588987631e-19
eakf_model3,0.9999999999885537
sarima,5.41595988354499e-105
