model_name,weigth
arima,1.810870452684644e-266
eakf_model1,0.999999999919912
eakf_model2,6.480184795276635e-19
eakf_model3,8.008820145257649e-11
sarima,4.484641294094039e-249
