model_name,weigth
arima,2.5e-323
eakf_model1,0.9999999997924156
eakf_model2,2.0758435789981043e-10
eakf_model3,3.7164888286805735e-28
sarima,1.7783397957555733e-264
