model_name,weigth
arima,1.4925575026285766e-84
eakf_model1,0.9999999999839797
eakf_model2,1.6020048922228475e-11
eakf_model3,2.2294310072787265e-16
sarima,1.8064812885658402e-66
