model_name,weigth
arima,2.6519422732223244e-75
eakf_model1,6.527787734044444e-12
eakf_model2,1.9889515644413105e-17
eakf_model3,0.9999999999934723
sarima,5.7355747961007016e-61
