model_name,weigth
arima,1.9428307389403795e-104
eakf_model1,1.145379505988089e-11
eakf_model2,6.575808698209299e-15
eakf_model3,0.9999999999885396
sarima,2.8773026724708805e-86
