model_name,weigth
arima,1.318652542570839e-122
eakf_model1,2.0493421924074823e-13
eakf_model2,1.1841160866361107e-11
eakf_model3,0.999999999987954
sarima,7.864354231019308e-111
