model_name,weigth
arima,7.8430694424957204e-87
eakf_model1,2.6577664992989918e-12
eakf_model2,4.781067483993694e-12
eakf_model3,0.9999999999925613
sarima,1.4310039410172925e-82
