model_name,weigth
arima,1.3555171357106966e-72
eakf_model1,1.9691029559217325e-11
eakf_model2,6.893859671336005e-14
eakf_model3,0.9999999999802401
sarima,1.667625762654471e-75
