model_name,weigth
arima,2.097883470389218e-138
eakf_model1,1.615692178399051e-24
eakf_model2,5.953763745642669e-11
eakf_model3,0.9999999999404624
sarima,9.177944399649056e-160
