model_name,weigth
arima,3.521891413743028e-52
eakf_model1,2.3792632866497236e-24
eakf_model2,3.0850580451492952e-12
eakf_model3,0.9999999999931113
sarima,3.8036875919594605e-12
