model_name,weigth
arima,1.2610304585370357e-115
eakf_model1,1.6431419608733678e-13
eakf_model2,5.170412455922763e-11
eakf_model3,0.9999999999481316
sarima,4.7835093009840565e-89
