model_name,weigth
arima,4.18431595293984e-61
eakf_model1,8.722372650318321e-27
eakf_model2,7.734915362685121e-12
eakf_model3,0.9999999999922652
sarima,4.3226307009288866e-21
