model_name,weigth
arima,1.9519398914333356e-69
eakf_model1,2.845366313375473e-23
eakf_model2,1.105578823339089e-11
eakf_model3,0.9999999999889442
sarima,7.991014246280366e-36
