model_name,weigth
arima,3.763480608288943e-105
eakf_model1,3.853750120287044e-18
eakf_model2,1.9347107897089323e-11
eakf_model3,0.999999999980653
sarima,5.678139921576286e-47
