model_name,weigth
arima,5.130254217848235e-133
eakf_model1,7.795295246508707e-15
eakf_model2,5.640039195365753e-11
eakf_model3,0.9999999999435919
sarima,2.5546020924294664e-106
