model_name,weigth
arima,6.4700513231224914e-80
eakf_model1,7.799133373511929e-12
eakf_model2,4.88516633995272e-12
eakf_model3,0.9999999999873157
sarima,1.4652672785441442e-51
