model_name,weigth
arima,2.5e-323
eakf_model1,9.68076253068129e-238
eakf_model2,0.9999999965729827
eakf_model3,3.427017365385973e-09
sarima,8.533464342321416e-196
