model_name,weigth
arima,1.0306007208251587e-56
eakf_model1,0.9999999999666405
eakf_model2,5.697297024746836e-17
eakf_model3,3.335959268734632e-11
sarima,2.172869349831665e-59
