model_name,weigth
arima,1.036824017445833e-78
eakf_model1,4.206923279614987e-11
eakf_model2,1.7094850667679245e-17
eakf_model3,0.9999999999579308
sarima,6.679446623619331e-71
