model_name,weigth
arima,8.348040599758543e-28
eakf_model1,0.9999999999975666
eakf_model2,1.0378513563101558e-12
eakf_model3,1.3956320680278192e-12
sarima,4.631063904287751e-27
