model_name,weigth
arima,7.828357468028669e-14
eakf_model1,0.9999999999988471
eakf_model2,1.0121031322861444e-12
eakf_model3,2.431442878311884e-16
sarima,6.220978343285082e-14
