model_name,weigth
arima,1.6301823821903449e-127
eakf_model1,0.3058868525609698
eakf_model2,0.5146506361783797
eakf_model3,1.0610026828391528e-23
sarima,0.1794625112606506
