model_name,weigth
arima,1.3510252517435578e-58
eakf_model1,0.9999999999910264
eakf_model2,8.973686400839606e-12
eakf_model3,1.45912179508521e-21
sarima,1.643322079798008e-46
