model_name,weigth
arima,5.31264213230894e-55
eakf_model1,0.99999999997518
eakf_model2,1.9666697983446374e-19
eakf_model3,2.48200791113995e-11
sarima,1.0906538782330028e-35
