model_name,weigth
arima,5.528021027512088e-252
eakf_model1,2.1629491213609275e-30
eakf_model2,8.97831661197458e-10
eakf_model3,0.9999999991021684
sarima,2.4806502584869984e-276
