model_name,weigth
arima,8.772489164055152e-53
eakf_model1,0.9999999999570389
eakf_model2,1.132751668384158e-14
eakf_model3,4.294977079716474e-11
sarima,1.2641018593885379e-45
