model_name,weigth
arima,2.5e-323
eakf_model1,9.910807246381037e-08
eakf_model2,3.6063347701822014e-133
eakf_model3,0.9999999008919276
sarima,5e-323
