model_name,weigth
arima,3.367279689308478e-27
eakf_model1,9.588513764836129e-18
eakf_model2,3.065270082853097e-12
eakf_model3,0.9999999999969348
sarima,8.642357402447285e-36
