model_name,weigth
arima,1.0236676785231176e-139
eakf_model1,0.6914039795854908
eakf_model2,1.6676975608855427e-31
eakf_model3,0.3085960204145093
sarima,1.850618706247997e-189
