model_name,weigth
arima,3.5363590168177976e-36
eakf_model1,1.3896697602984933e-11
eakf_model2,1.627875389637189e-13
eakf_model3,0.9999999999859406
sarima,1.224714545725044e-39
