model_name,weigth
arima,3.7937968773990503e-22
eakf_model1,7.143537399281074e-22
eakf_model2,0.9999999997673296
eakf_model3,2.3267047719836005e-10
sarima,3.090787122638071e-60
