model_name,weigth
arima,1.4418315891481719e-11
eakf_model1,1.4349430333880907e-69
eakf_model2,1.4361195900427478e-47
eakf_model3,1.2351223796172265e-41
sarima,0.9999999999855819
