model_name,weigth
arima,1.8605789325658547e-99
eakf_model1,2.5e-323
eakf_model2,0.7171476742357562
eakf_model3,0.2828523257642438
sarima,3.96697996010585e-105
