model_name,weigth
arima,4.776147636841674e-12
eakf_model1,4.507092241535851e-33
eakf_model2,1.5543966004044418e-39
eakf_model3,3.087266483195305e-29
sarima,0.9999999999952239
