model_name,weigth
arima,7.250581932845737e-27
eakf_model1,2.272593947214502e-17
eakf_model2,2.4679702494381295e-22
eakf_model3,2.789183087566407e-11
sarima,0.9999999999721082
