model_name,weigth
arima,5.535229614162656e-128
eakf_model1,1.4896919124246476e-09
eakf_model2,5.231144512800921e-89
eakf_model3,0.1461470342857416
sarima,0.8538529642245664
