model_name,weigth
arima,7.203845847705734e-177
eakf_model1,3.4898448707750203e-38
eakf_model2,0.9999999971778359
eakf_model3,2.8221641227192324e-09
sarima,2.827348774995894e-140
