model_name,weigth
arima,5.4e-323
eakf_model1,0.01531736612572283
eakf_model2,2.5e-323
eakf_model3,0.9846826338742772
