model_name,weigth
arima,0.0
eakf_model1,6.129214815622841e-172
eakf_model2,0.999999938586597
eakf_model3,6.141340300989008e-08
