model_name,weigth
arima,9.598804773968486e-105
eakf_model1,4.0335115324673906e-39
eakf_model2,0.9999999998316215
eakf_model3,6.67646589299777e-11
sarima,1.0161391673861406e-10
