model_name,weigth
arima,8.48277599508411e-251
eakf_model1,4.127909670025899e-10
eakf_model2,1.3798699308152756e-50
eakf_model3,0.10909560412610403
sarima,0.8909043954611051
