model_name,weigth
arima,1.2431040777859715e-102
eakf_model1,1.7317290744297463e-32
eakf_model2,0.999999999907214
eakf_model3,9.278600803334965e-11
