model_name,weigth
arima,3.522860704624628e-98
eakf_model1,0.9999999999078336
eakf_model2,1.6150957476318648e-76
eakf_model3,9.216648368822356e-11
