model_name,weigth
arima,1.6527450976709697e-165
eakf_model1,0.9999999995829137
eakf_model2,4.317484216590921e-237
eakf_model3,4.170862610898018e-10
