model_name,weigth
arima,2.896422440290205e-193
eakf_model1,2.0335198172092934e-10
eakf_model2,4.7730320734411155e-28
eakf_model3,0.999999999796648
