model_name,weigth
arima,3.7709082619489524e-24
eakf_model1,3.637733397057295e-13
eakf_model2,5.326806688992924e-32
eakf_model3,4.2531623377260147e-13
sarima,0.999999999999211
