model_name,weigth
arima,4.63756074161751e-46
eakf_model1,1.1686500843684441e-10
eakf_model2,3.638942691583244e-129
eakf_model3,0.999999999883135
