model_name,weigth
arima,2.928093118379304e-53
eakf_model1,4.855530537925496e-12
eakf_model2,0.9999999999951446
eakf_model3,6.767588843737546e-19
