model_name,weigth
arima,5.2724174859575695e-70
eakf_model1,4.408573337886093e-19
eakf_model2,1.2181081467418953e-11
eakf_model3,0.999999999987819
