model_name,weigth
arima,1.3780362877851502e-138
eakf_model1,3.7025875235348705e-15
eakf_model2,3.6364362736364436e-11
eakf_model3,0.9999999999617688
sarima,1.8632649976690995e-12
