model_name,weigth
arima,2.760757424138673e-37
eakf_model1,2.995185572535167e-12
eakf_model2,3.178187985034864e-29
eakf_model3,1.1201885364656971e-12
sarima,0.9999999999958846
