model_name,weigth
arima,1.9922411153359724e-157
eakf_model1,5.801799263058076e-13
eakf_model2,4.302235771327235e-11
eakf_model3,0.9999999999563975
