model_name,weigth
arima,7.299475749205614e-172
eakf_model1,1.8356923005642078e-51
eakf_model2,2.432203465670996e-10
eakf_model3,0.9999999997567797
