model_name,weigth
arima,5.839044341670675e-44
eakf_model1,6.336394121951329e-22
eakf_model2,5.951674785594752e-12
eakf_model3,0.9999999999940483
