model_name,weigth
arima,2.6857364282211942e-39
eakf_model1,1.3889783846200705e-35
eakf_model2,1.7627352782480736e-11
eakf_model3,0.9999999999823728
