model_name,weigth
arima,1.8383839495103117e-74
eakf_model1,1.037144270211303e-11
eakf_model2,4.718406035901963e-25
eakf_model3,0.9999999999896286
