model_name,weigth
arima,0.0
eakf_model1,1.909257133431172e-08
eakf_model2,0.6008070083705344
eakf_model3,0.39919297253689434
sarima,0.0
