model_name,weigth
arima,0.0
eakf_model1,0.9999999996185702
eakf_model2,5.133037631669263e-67
eakf_model3,3.8142986188790543e-10
