model_name,weigth
arima,3.4432521130632086e-245
eakf_model1,0.9999999995799206
eakf_model2,4.200794818737553e-10
eakf_model3,7.3825956999898195e-93
sarima,8.282609879162224e-289
