model_name,weigth
arima,7.31435863320349e-187
eakf_model1,0.9999999999939593
eakf_model2,2.0222378647880474e-23
eakf_model3,6.040875909381727e-12
