model_name,weigth
arima,1.2813172125924159e-111
eakf_model1,0.9999999999749734
eakf_model2,2.50267844268742e-11
eakf_model3,3.928604311794599e-20
