model_name,weigth
arima,9.060141849167635e-89
eakf_model1,0.9999999999934732
eakf_model2,2.5700473310034674e-16
eakf_model3,6.526537168759801e-12
