model_name,weigth
arima,1.2771830814637093e-114
eakf_model1,2.4585838447820773e-11
eakf_model2,0.9999999999754143
eakf_model3,7.90939626910919e-29
