model_name,weigth
arima,3.124814518688117e-245
eakf_model1,0.9999999999864481
eakf_model2,1.355199491677589e-11
eakf_model3,4.921043911103808e-17
