model_name,weigth
arima,0.0
eakf_model1,0.8754215233511787
eakf_model2,2.0573943288201244e-18
eakf_model3,0.12457847664882127
