model_name,weigth
arima,0.0
eakf_model1,0.9999999999361102
eakf_model2,2.2567543466418354e-107
eakf_model3,6.38899419794677e-11
