model_name,weigth
arima,8.988593845714863e-83
eakf_model1,2.2427851211043676e-11
eakf_model2,0.9999999999775722
eakf_model3,2.4160851874434896e-36
sarima,3.326537226862315e-79
