model_name,weigth
arima,0.0
eakf_model1,0.999999999900779
eakf_model2,8.47723904424258e-184
eakf_model3,9.922092307142976e-11
