model_name,weigth
arima,3.427289528756927e-34
eakf_model1,3.061443006595415e-12
eakf_model2,0.9999999999969386
eakf_model3,1.1281527766099892e-24
sarima,1.6078582637971715e-33
