model_name,weigth
arima,0.0
eakf_model1,0.9999999999312438
eakf_model2,8.437815609218791e-19
eakf_model3,6.875616181584646e-11
sarima,0.0
