model_name,weigth
arima,6.090785397999343e-118
eakf_model1,0.999999999992
eakf_model2,9.777000535072743e-31
eakf_model3,7.999921779060125e-12
