model_name,weigth
arima,5.854331015074176e-205
eakf_model1,0.9999999999944531
eakf_model2,5.5469346039259825e-12
eakf_model3,6.8275798018489e-25
