model_name,weigth
arima,1.4695523458768337e-220
eakf_model1,0.9999999999876792
eakf_model2,1.2320698889694703e-11
eakf_model3,1.0839647015961478e-22
