model_name,weigth
arima,0.0
eakf_model1,0.9999999626482804
eakf_model2,3.735171957807985e-08
eakf_model3,2.036007195631589e-115
