model_name,weigth
arima,1.8166035217108516e-228
eakf_model1,7.905609097442115e-12
eakf_model2,0.9999999999917988
eakf_model3,2.956733891042039e-13
