model_name,weigth
arima,4.748072550408105e-267
eakf_model1,0.9999999998695986
eakf_model2,2.3598364007319496e-53
eakf_model3,1.3040143683469993e-10
