model_name,weigth
arima,0.0
eakf_model1,2.3124590213386484e-10
eakf_model2,0.4041908172766867
eakf_model3,0.5958091824920674
