model_name,weigth
arima,3.677021454727001e-64
eakf_model1,0.9999999999994204
eakf_model2,5.796851889737226e-13
eakf_model3,1.0259501821416432e-17
