model_name,weigth
arima,2.98000303897e-313
eakf_model1,1.2180457086820238e-10
eakf_model2,3.908015188610265e-56
eakf_model3,0.9999999998781954
sarima,0.0
