model_name,weigth
arima,0.0
eakf_model1,5.4665721407868104e-08
eakf_model2,5e-323
eakf_model3,0.9999999453342785
