model_name,weigth
arima,6.285996921549652e-190
eakf_model1,1.5007977271894575e-10
eakf_model2,1.2160993804314511e-60
eakf_model3,0.9999999998499202
sarima,0.0
