model_name,weigth
arima,3.6582043481084214e-93
eakf_model1,0.9999999999987721
eakf_model2,1.2277820274347421e-12
eakf_model3,1.4090550979154654e-16
