model_name,weigth
arima,0.0
eakf_model1,7.914665886491854e-10
eakf_model2,2.268408283951817e-182
eakf_model3,0.9999999992085334
sarima,0.0
