model_name,weigth
arima,1.366190371306937e-80
eakf_model1,0.999999999998842
eakf_model2,8.86998300372078e-13
eakf_model3,2.7106916249905685e-13
