model_name,weigth
arima,1.1977812883998802e-90
eakf_model1,0.9999999999986762
eakf_model2,1.3199521396627046e-12
eakf_model3,4.01975274961489e-15
