model_name,weigth
arima,7.886106123344508e-101
eakf_model1,0.9999999999987783
eakf_model2,1.2216336463855467e-12
eakf_model3,1.881639280538945e-20
