model_name,weigth
arima,8.436089401134903e-241
eakf_model1,1.3444376504807628e-10
eakf_model2,8.492523445826312e-38
eakf_model3,0.9999999998655562
sarima,1.866508552202335e-191
