model_name,weigth
arima,1.0067883808606157e-173
eakf_model1,2.7342721347026135e-11
eakf_model2,3.00868335634281e-18
eakf_model3,0.9999999999726573
