model_name,weigth
arima,3.090184605091006e-281
eakf_model1,2.2341892612175158e-10
eakf_model2,2.5519660484623432e-107
eakf_model3,0.9999999997765812
