model_name,weigth
arima,5.189671796617034e-150
eakf_model1,0.9999999999762097
eakf_model2,3.626674830669031e-24
eakf_model3,2.3790277002692157e-11
