model_name,weigth
arima,0.0
eakf_model1,0.9999999750833438
eakf_model2,7.057576003486778e-43
eakf_model3,2.491665622371631e-08
sarima,0.0
