model_name,weigth
arima,1.5313591454340785e-39
eakf_model1,0.9999999999959601
eakf_model2,3.608085871029314e-21
eakf_model3,4.039897627649113e-12
