model_name,weigth
arima,0.0
eakf_model1,9.459717474441272e-95
eakf_model2,0.9999999765773133
eakf_model3,2.342268678121618e-08
