model_name,weigth
arima,3.423834844099836e-267
eakf_model1,0.9999999999266147
eakf_model2,1.569722789088197e-26
eakf_model3,7.33853483123318e-11
sarima,2.750196312643934e-246
