model_name,weigth
arima,0.0
eakf_model1,3.93510519425406e-11
eakf_model2,1.3632875886115735e-26
eakf_model3,0.999999999960649
