model_name,weigth
arima,0.0
eakf_model1,1.3025699466626058e-09
eakf_model2,2.586521107988637e-29
eakf_model3,0.9999999986974302
sarima,0.0
