model_name,weigth
arima,6.743852086363927e-223
eakf_model1,0.9999999999562983
eakf_model2,3.494998190264212e-37
eakf_model3,4.370179756794891e-11
sarima,6.743852086363927e-223
