model_name,weigth
arima,3.373670172502238e-216
eakf_model1,3.670120233430575e-11
eakf_model2,3.1536379825163277e-30
eakf_model3,0.9999999999632988
