model_name,weigth
arima,4e-323
eakf_model1,0.9999999931672372
eakf_model2,2.5e-323
eakf_model3,6.832762752689223e-09
sarima,4e-323
