model_name,weigth
arima,0.0
eakf_model1,7.400256387044683e-10
eakf_model2,0.9999999992585622
eakf_model3,1.4121587704162592e-12
sarima,0.0
