model_name,weigth
arima,2.0941504936814454e-86
eakf_model1,0.9999999999916808
eakf_model2,2.459582187343038e-18
eakf_model3,8.319354181501521e-12
