model_name,weigth
arima,0.0
eakf_model1,1.767019160940639e-10
eakf_model2,0.9999999998232982
eakf_model3,6.084012152788396e-18
sarima,0.0
