model_name,weigth
arima,1.4131737583179438e-33
eakf_model1,0.9999999999964163
eakf_model2,1.0056426891035442e-18
eakf_model3,3.5837812192081607e-12
