model_name,weigth
arima,0.0
eakf_model1,5.881888142758149e-11
eakf_model2,5.8933654005779136e-21
eakf_model3,0.9999999999411812
