model_name,weigth
arima,2.0951245502444974e-257
eakf_model1,5.1916423489229185e-11
eakf_model2,2.367560815710415e-14
eakf_model3,0.99999999994806
sarima,1.9243108594246886e-214
