model_name,weigth
arima,1.563249699904447e-272
eakf_model1,3.5953538173993627e-22
eakf_model2,0.9999999999976442
eakf_model3,2.355747265266675e-12
