model_name,weigth
arima,5.760039444351646e-279
eakf_model1,1.942783005436259e-11
eakf_model2,3.668194487514592e-12
eakf_model3,0.9999999999769039
