model_name,weigth
arima,1.1333169886073515e-286
eakf_model1,2.4517082847192703e-23
eakf_model2,0.9999999999977169
eakf_model3,2.2830662403301057e-12
