model_name,weigth
arima,0.0
eakf_model1,0.9999999944600683
eakf_model2,7.679893863338575e-186
eakf_model3,5.539931813790337e-09
sarima,0.0
