model_name,weigth
arima,9.206183577245006e-224
eakf_model1,0.9999999999856395
eakf_model2,9.578386630475575e-19
eakf_model3,1.4360617013195104e-11
