model_name,weigth
arima,0.0
eakf_model1,2.7431649727325753e-09
eakf_model2,5.1791812091021076e-102
eakf_model3,0.9999999972568351
sarima,0.0
