model_name,weigth
arima,1.6191806336306214e-269
eakf_model1,2.4298416186434295e-23
eakf_model2,0.9999999999976897
eakf_model3,2.310414086917299e-12
