model_name,weigth
arima,2.2007398269076352e-124
eakf_model1,0.9999999999900263
eakf_model2,3.459860879693135e-28
eakf_model3,9.973742278330507e-12
