model_name,weigth
arima,3.1644899198352383e-107
eakf_model1,5.817912239380347e-12
eakf_model2,4.426445210035994e-14
eakf_model3,0.9999999999941377
