model_name,weigth
arima,2.5e-323
eakf_model1,2.2724681614674982e-27
eakf_model2,0.9999999482085902
eakf_model3,5.179140980337633e-08
sarima,2.5e-323
