model_name,weigth
arima,0.0
eakf_model1,3.892196273363267e-27
eakf_model2,0.999999999996735
eakf_model3,3.2650457425188918e-12
