model_name,weigth
arima,2.3596395965313634e-306
eakf_model1,1.9581898357232758e-27
eakf_model2,0.9999999999969162
eakf_model3,3.08387127938063e-12
