model_name,weigth
arima,2e-323
eakf_model1,4.1492577489771354e-51
eakf_model2,0.9999999317866791
eakf_model3,6.82133207955987e-08
sarima,0.0
