model_name,weigth
arima,2.3456447736053033e-245
eakf_model1,0.9999999999222353
eakf_model2,1.9457542031194325e-32
eakf_model3,7.776483749109984e-11
sarima,0.0
