model_name,weigth
arima,0.0
eakf_model1,0.999999999806785
eakf_model2,1.8171818936252977e-10
eakf_model3,1.1496792066773593e-11
sarima,0.0
