model_name,weigth
arima,2e-323
eakf_model1,0.9999999995881448
eakf_model2,2.738781580603465e-82
eakf_model3,4.118553642081787e-10
sarima,0.0
