model_name,weigth
arima,0.0
eakf_model1,0.9999999975886383
eakf_model2,4.457248672529083e-197
eakf_model3,2.411361740002751e-09
sarima,0.0
