model_name,weigth
arima,0.0
eakf_model1,1.2741021833864742e-10
eakf_model2,1.175197099455008e-12
eakf_model3,0.9999999998714145
sarima,1.1116194521092274e-300
