model_name,weigth
arima,0.0
eakf_model1,0.9999999999676501
eakf_model2,1.913285949203886e-11
eakf_model3,1.3217109665130842e-11
