model_name,weigth
arima,0.0
eakf_model1,1.4e-322
eakf_model2,0.008749675101568589
eakf_model3,0.9912503248984316
