model_name,weigth
arima,3.4740367233602135e-169
eakf_model1,0.9999999999951701
eakf_model2,4.829974099913416e-12
eakf_model3,8.667285505324341e-32
