model_name,weigth
arima,2.5e-323
eakf_model1,5.4650185106177356e-09
eakf_model2,0.9999999945349816
eakf_model3,1.671433206656045e-48
sarima,2.5e-323
