model_name,weigth
arima,0.0
eakf_model1,0.999999999940118
eakf_model2,1.0474456830727964e-25
eakf_model3,5.988201759614174e-11
