model_name,weigth
arima,2.5e-323
eakf_model1,0.9999999997599265
eakf_model2,2.4007366354573e-10
eakf_model3,2.0964259521782159e-19
sarima,2.5e-323
