model_name,weigth
arima,2.0628528090302248e-144
eakf_model1,0.9999999999966348
eakf_model2,3.36535755790814e-12
eakf_model3,1.8886677786486776e-29
