model_name,weigth
arima,0.0
eakf_model1,0.9999999998703776
eakf_model2,1.2962234009110856e-10
eakf_model3,4.632052658747108e-52
