model_name,weigth
arima,0.0
eakf_model1,3.29856292375454e-10
eakf_model2,1.7941556537523167e-102
eakf_model3,0.9999999996701437
