model_name,weigth
arima,2.5e-323
eakf_model1,0.9999999998803621
eakf_model2,3.964638985501998e-20
eakf_model3,1.1963785915135373e-10
sarima,2.5e-323
