model_name,weigth
arima,5.964654340237223e-224
eakf_model1,2.3351534067906442e-43
eakf_model2,2.3495664873558472e-11
eakf_model3,0.9999999999765045
