model_name,weigth
arima,1.291895902660069e-271
eakf_model1,2.498916512174624e-11
eakf_model2,1.2556925840758315e-18
eakf_model3,0.9999999999750109
