model_name,weigth
arima,8.872497017791452e-301
eakf_model1,2.782150001041391e-10
eakf_model2,1.6333895802546348e-91
eakf_model3,0.999999999721785
