model_name,weigth
arima,0.0
eakf_model1,0.9999999998131699
eakf_model2,9.511572905711034e-52
eakf_model3,1.8683011732596898e-10
