model_name,weigth
arima,2.765864573263886e-289
eakf_model1,1.3645468466157275e-12
eakf_model2,0.9999999999911328
eakf_model3,7.50280408577673e-12
