model_name,weigth
arima,0.0
eakf_model1,3.1572361521290754e-09
eakf_model2,2.172448687591766e-40
eakf_model3,0.999999996842764
