model_name,weigth
arima,0.0
eakf_model1,0.9999999977962999
eakf_model2,3.176778050959993e-170
eakf_model3,2.203700242694622e-09
