model_name,weigth
arima,3.403313415960237e-49
eakf_model1,0.9999999999975868
eakf_model2,2.172574574891043e-27
eakf_model3,2.41328530423745e-12
