model_name,weigth
arima,4.059211323553828e-130
eakf_model1,0.9999999999696187
eakf_model2,1.2412234825548452e-22
eakf_model3,3.038136057218973e-11
sarima,3.2653782495205844e-84
