model_name,weigth
arima,4.637615397801834e-267
eakf_model1,6.380259611115003e-10
eakf_model2,3.292581838443451e-59
eakf_model3,0.9999999993619739
sarima,9.72470925501638e-204
