model_name,weigth
arima,2.4637947194321163e-36
eakf_model1,0.999999999997929
eakf_model2,1.909338038561532e-14
eakf_model3,2.051987724299306e-12
