model_name,weigth
arima,0.0
eakf_model1,0.9999999908883295
eakf_model2,2.645863297539741e-221
eakf_model3,9.111670603513139e-09
