model_name,weigth
arima,2.663111718709251e-253
eakf_model1,0.9999999997065263
eakf_model2,1.0038341519220621e-61
eakf_model3,2.9347382577524034e-10
