model_name,weigth
arima,2.5e-323
eakf_model1,9.600354104797596e-06
eakf_model2,7.4e-323
eakf_model3,0.9999903996458952
sarima,2.5e-323
