model_name,weigth
arima,5.6446956276360635e-24
eakf_model1,0.9999999999993803
eakf_model2,2.890444384555634e-25
eakf_model3,6.198621200894776e-13
