model_name,weigth
arima,2.9965549405661754e-117
eakf_model1,0.7624038664020967
eakf_model2,7.191582451217556e-31
eakf_model3,0.23759613359790338
