model_name,weigth
arima,1.5413021555240863e-120
eakf_model1,5.064957805289307e-11
eakf_model2,1.4688686148521234e-36
eakf_model3,0.9999999999493505
