model_name,weigth
arima,1.4627497061676052e-88
eakf_model1,1.470739884626075e-11
eakf_model2,4.97708511376141e-20
eakf_model3,0.9999999999852927
