model_name,weigth
arima,2.5e-323
eakf_model1,0.9999999988455435
eakf_model2,4.3535299203374566e-79
eakf_model3,1.1544566150395304e-09
sarima,2.5e-323
