model_name,weigth
arima,2.5315356212216742e-28
eakf_model1,0.9999999999991752
eakf_model2,2.000916751152341e-29
eakf_model3,8.248182086497637e-13
