model_name,weigth
arima,2.708510282997163e-109
eakf_model1,6.285369386784979e-12
eakf_model2,9.218584956193269e-17
eakf_model3,0.9999999999937146
