model_name,weigth
arima,2.685037123894636e-32
eakf_model1,0.9999999999968804
eakf_model2,2.322661739540483e-20
eakf_model3,3.119641956675704e-12
