model_name,weigth
arima,3.187033981514326e-106
eakf_model1,0.9999999998957211
eakf_model2,2.426997729052805e-54
eakf_model3,1.042789895302103e-10
