model_name,weigth
arima,1.3361725497883517e-23
eakf_model1,0.9999999999994021
eakf_model2,4.1168120336271e-23
eakf_model3,5.978858006155353e-13
