model_name,weigth
arima,2.0468422521598946e-84
eakf_model1,1.1626044769856877e-11
eakf_model2,1.4760822288784982e-23
eakf_model3,0.9999999999883741
