model_name,weigth
arima,2.5e-323
eakf_model1,0.9999999970609251
eakf_model2,4.569820583280707e-224
eakf_model3,2.9390748741015733e-09
sarima,2.5e-323
