model_name,weigth
arima,5.962013104214472e-157
eakf_model1,8.432288028745801e-11
eakf_model2,2.26244288861341e-50
eakf_model3,0.9999999999156771
sarima,1.0117894818430142e-107
