model_name,weigth
arima,2.5e-323
eakf_model1,2.642429115075147e-10
eakf_model2,8.229444013273255e-74
eakf_model3,0.9999999997357572
sarima,3.8300673859648745e-254
