model_name,weigth
arima,0.0
eakf_model1,2.7056088189338083e-42
eakf_model2,1.7839345198080043e-10
eakf_model3,0.9999999998216066
