model_name,weigth
arima,2.500883239836778e-119
eakf_model1,0.9999999999867702
eakf_model2,7.345765902431673e-29
eakf_model3,1.3229755009511236e-11
