model_name,weigth
arima,5.525642649988162e-94
eakf_model1,1.226613161795601e-11
eakf_model2,1.3061557663751118e-14
eakf_model3,0.9999999999877208
sarima,2.0976774638625622e-75
