model_name,weigth
arima,2.6988011581055106e-123
eakf_model1,1.4093336387979234e-12
eakf_model2,1.6182793394775624e-11
eakf_model3,0.9999999999824081
sarima,1.932967359815431e-120
