model_name,weigth
arima,5.681673928640222e-33
eakf_model1,0.999999999994384
eakf_model2,1.7769747273206392e-27
eakf_model3,5.616087741219442e-12
