model_name,weigth
arima,0.0
eakf_model1,2.0530254724966587e-50
eakf_model2,1.3513116144235765e-10
eakf_model3,0.9999999998648689
