model_name,weigth
arima,1.5018431015760918e-86
eakf_model1,1.1002304693359389e-11
eakf_model2,8.778731102194687e-13
eakf_model3,0.99999999998812
sarima,6.058649056612578e-78
