model_name,weigth
arima,2.141148868468113e-58
eakf_model1,0.9999999999932697
eakf_model2,6.101508657461996e-13
eakf_model3,6.120164076609808e-12
sarima,8.000513980405763e-58
