model_name,weigth
arima,0.0
eakf_model1,1.6437873322622699e-10
eakf_model2,1.3883967804431836e-20
eakf_model3,0.9999999998356213
