model_name,weigth
arima,3.4749874483204584e-103
eakf_model1,8.355620507342828e-12
eakf_model2,3.3815683511992494e-20
eakf_model3,0.9999999999916445
