model_name,weigth
arima,0.0
eakf_model1,0.39793241876797786
eakf_model2,2.3433044630428034e-26
eakf_model3,0.6020675812320222
