model_name,weigth
arima,1.4536964553316492e-298
eakf_model1,0.9999999999176938
eakf_model2,2.74564009105499e-16
eakf_model3,8.230598593851786e-11
