model_name,weigth
arima,2.5e-323
eakf_model1,1.1534572257855506e-08
eakf_model2,5.917854324981856e-101
eakf_model3,0.9999999884654277
sarima,2.5e-323
