model_name,weigth
arima,0.0
eakf_model1,3.84255703531781e-36
eakf_model2,1.2223190656117497e-10
eakf_model3,0.9999999998777682
