model_name,weigth
arima,0.0
eakf_model1,4.3263522833568357e-38
eakf_model2,1.1001853544957716e-10
eakf_model3,0.9999999998899816
