model_name,weigth
arima,2.8970521586294615e-233
eakf_model1,2.51641629355554e-11
eakf_model2,3.550749237891296e-14
eakf_model3,0.9999999999748004
