model_name,weigth
arima,0.0
eakf_model1,0.01414737578965182
eakf_model2,2.6e-322
eakf_model3,0.985852624210348
