model_name,weigth
arima,1.4324497077519452e-59
eakf_model1,3.5494241658858153e-25
eakf_model2,8.543808621782482e-12
eakf_model3,0.9999999999914562
