model_name,weigth
arima,0.0
eakf_model1,6.784397560358185e-28
eakf_model2,9.570385165240347e-11
eakf_model3,0.9999999999042962
