model_name,weigth
arima,9.470921557727704e-100
eakf_model1,8.883249486357218e-30
eakf_model2,7.717299697769558e-12
eakf_model3,0.9999999999922828
