model_name,weigth
arima,3.2602129747348376e-121
eakf_model1,1.4532703651374903e-40
eakf_model2,1.5739501826447845e-11
eakf_model3,0.9999999999842606
