model_name,weigth
arima,2.5e-323
eakf_model1,4.984270712675363e-264
eakf_model2,0.04203603127415453
eakf_model3,0.9579639687258455
sarima,1.0219654995744163e-203
