model_name,weigth
arima,0.0
eakf_model1,1.1804101782889236e-11
eakf_model2,1.7045700176764318e-09
eakf_model3,0.9999999982836258
