model_name,weigth
arima,4.0901322564847e-95
eakf_model1,1.8918130568682594e-32
eakf_model2,8.316854342036981e-12
eakf_model3,0.9999999999916832
