model_name,weigth
arima,0.0
eakf_model1,5.267690481455455e-88
eakf_model2,0.3963127972799873
eakf_model3,0.6036872027200129
