model_name,weigth
arima,7.087064279644057e-132
eakf_model1,1.2297993181056381e-33
eakf_model2,1.1367172216301883e-11
eakf_model3,0.9999999999886329
