model_name,weigth
arima,4.529090139302475e-56
eakf_model1,8.044541057185696e-19
eakf_model2,9.910311278238256e-12
eakf_model3,0.9999999999900895
sarima,1.7199417061707436e-16
