model_name,weigth
arima,8.391965077302719e-198
eakf_model1,1.5826289966408458e-27
eakf_model2,1.9631419718298802e-11
eakf_model3,0.9999999999803686
