model_name,weigth
arima,2.5e-323
eakf_model1,1.5016871532825894e-40
eakf_model2,1.9010597146725456e-10
eakf_model3,0.9999999998098941
sarima,2.5e-323
