model_name,weigth
arima,0.0
eakf_model1,4.019388348778476e-40
eakf_model2,1.0586106624719595e-10
eakf_model3,0.9999999998941389
