model_name,weigth
arima,5.1634238403894025e-266
eakf_model1,1.6831193113707534e-21
eakf_model2,3.3499283129709346e-11
eakf_model3,0.9999999999665008
