model_name,weigth
arima,9.578395375747686e-167
eakf_model1,2.7152921621962674e-63
eakf_model2,1.6657863314519585e-10
eakf_model3,0.9999999998334212
sarima,2.0758045174623439e-16
