model_name,weigth
arima,2.025522040660888e-142
eakf_model1,5.04756530170054e-19
eakf_model2,2.51581311940159e-11
eakf_model3,0.9999999999748419
sarima,2.5200017240209744e-135
