model_name,weigth
arima,1.7696615119529238e-119
eakf_model1,1.6507150074423143e-24
eakf_model2,1.550687137058535e-11
eakf_model3,0.9999999999844932
