model_name,weigth
arima,0.0
eakf_model1,0.9754004264549045
eakf_model2,9.17869415546208e-210
eakf_model3,0.02459957354509551
