model_name,weigth
arima,2.5e-323
eakf_model1,1.2e-322
eakf_model2,0.9999897305176424
eakf_model3,1.0269482357519811e-05
sarima,2.5e-323
