model_name,weigth
arima,3.3105352928485767e-78
eakf_model1,8.992211120436522e-12
eakf_model2,1.2411691383239887e-14
eakf_model3,0.9999999999909954
