model_name,weigth
arima,6.150305319880938e-76
eakf_model1,6.829729432278731e-27
eakf_model2,9.573746155145131e-12
eakf_model3,0.9999999999904262
