model_name,weigth
arima,1.805675527788162e-90
eakf_model1,3.5142731022851714e-16
eakf_model2,1.843360511624343e-11
eakf_model3,0.9999999999815661
sarima,3.1354410627739085e-58
