model_name,weigth
arima,2.773539457362966e-85
eakf_model1,4.18433071593374e-31
eakf_model2,1.4652213441008966e-11
eakf_model3,0.9999999999853478
