model_name,weigth
arima,2.5e-323
eakf_model1,3.8e-322
eakf_model2,2.0292837647828704e-06
eakf_model3,0.9999979707162352
sarima,5.4e-323
