model_name,weigth
arima,4.0825250763627694e-137
eakf_model1,4.920262657662632e-44
eakf_model2,1.7870702985743375e-11
eakf_model3,0.9999999999821294
