model_name,weigth
arima,2.2002681785358821e-75
eakf_model1,8.634374465357851e-26
eakf_model2,2.8732152738527577e-12
eakf_model3,0.9999999999971267
