model_name,weigth
arima,2.911657744593409e-77
eakf_model1,5.37509831044217e-37
eakf_model2,5.3318885681364315e-12
eakf_model3,0.999999999994668
