model_name,weigth
arima,0.0
eakf_model1,0.09063928907356314
eakf_model2,9.263179182248825e-88
eakf_model3,0.9093607109264369
