model_name,weigth
arima,1.0734663795939149e-191
eakf_model1,2.3367027455578185e-26
eakf_model2,1.3759410475083955e-10
eakf_model3,0.9999999998624058
sarima,2.6271261816690075e-152
