model_name,weigth
arima,2.7383085255215224e-127
eakf_model1,2.6343096550326786e-56
eakf_model2,1.8712430625112783e-11
eakf_model3,0.9999999999812876
