model_name,weigth
arima,2.5e-323
eakf_model1,0.34756099826036674
eakf_model2,1.5340264481445735e-07
eakf_model3,0.6524388483369885
sarima,2.5e-323
