model_name,weigth
arima,1.5118325500556507e-42
eakf_model1,4.2667427360875556e-19
eakf_model2,1.4250077469637158e-11
eakf_model3,0.9999999999857498
