model_name,weigth
arima,1.7488838048822987e-99
eakf_model1,7.175410597830478e-51
eakf_model2,9.981884172492056e-11
eakf_model3,0.9999999999001813
sarima,1.8139865709611237e-72
