model_name,weigth
arima,1.7126559967051664e-138
eakf_model1,7.298889220729879e-23
eakf_model2,8.692703178936973e-12
eakf_model3,0.9999999999913074
