model_name,weigth
arima,1.5321660249529936e-71
eakf_model1,2.8989613855266826e-36
eakf_model2,4.8917354653951775e-12
eakf_model3,0.9999999999951084
