model_name,weigth
arima,3e-323
eakf_model1,4.474580619108969e-267
eakf_model2,0.20510211101300102
eakf_model3,0.7948978889869991
sarima,6e-323
