model_name,weigth
arima,2.5e-323
eakf_model1,2.5e-323
eakf_model2,0.9999999906207885
eakf_model3,9.379211600615568e-09
sarima,1.4515513553844773e-193
