model_name,weigth
arima,0.0
eakf_model1,0.9092823501025782
eakf_model2,1.6571071843466963e-39
eakf_model3,0.09071764989742197
