model_name,weigth
arima,2.5156928216150303e-82
eakf_model1,1.0637303031508496e-16
eakf_model2,2.8374743331190537e-12
eakf_model3,0.9999999999971625
