model_name,weigth
arima,1.8966323426551807e-88
eakf_model1,3.2711641232486185e-31
eakf_model2,3.715075873621825e-12
eakf_model3,0.999999999996285
