model_name,weigth
arima,3e-323
eakf_model1,5.4e-323
eakf_model2,1.0080244635816955e-05
eakf_model3,0.9999899197553641
sarima,4.4e-323
