model_name,weigth
arima,3.954671247911348e-46
eakf_model1,2.5295938740562978e-28
eakf_model2,2.773443280134967e-12
eakf_model3,0.9999999999972267
