model_name,weigth
arima,1.0536387862663755e-40
eakf_model1,0.9999999999963358
eakf_model2,3.2934097004382044e-15
eakf_model3,3.6611190124975284e-12
