model_name,weigth
arima,1.282520191484341e-110
eakf_model1,4.1467467393117796e-17
eakf_model2,4.385603933178756e-12
eakf_model3,0.9999999999956144
