model_name,weigth
arima,4.66551821969696e-43
eakf_model1,2.1803975618589437e-25
eakf_model2,1.8259950813063447e-12
eakf_model3,0.9999999999981741
