model_name,weigth
arima,4.823280380566261e-16
eakf_model1,0.9999999999991676
eakf_model2,2.423282555773441e-14
eakf_model3,8.078113339386568e-13
