model_name,weigth
arima,4.685951990067715e-114
eakf_model1,0.9999999999626734
eakf_model2,3.7326745533379776e-11
eakf_model3,1.8494029513825974e-32
