model_name,weigth
arima,1.749012395928081e-48
eakf_model1,5.594075030221343e-75
eakf_model2,5.476944646460017e-30
eakf_model3,0.9999999999800269
sarima,1.9973219716685878e-11
