model_name,weigth
arima,6.06549239351988e-107
eakf_model1,1.0866484733752093e-28
eakf_model2,7.783399164819965e-12
eakf_model3,0.9999999999922167
