model_name,weigth
arima,6.407396288865639e-20
eakf_model1,9.422938238007195e-30
eakf_model2,1.867262579518083e-12
eakf_model3,0.9999999999981328
