model_name,weigth
arima,3e-323
eakf_model1,0.00035215867059105007
eakf_model2,0.999647841329409
eakf_model3,1.83e-322
sarima,6e-323
