model_name,weigth
arima,1.3466513702672797e-52
eakf_model1,0.999999999992064
eakf_model2,1.823941545675899e-17
eakf_model3,7.936142377983732e-12
