model_name,weigth
arima,1.0326059062385889e-82
eakf_model1,2.251643320066493e-37
eakf_model2,5.8139864529058705e-12
eakf_model3,0.9999999999941862
