model_name,weigth
arima,1.692057448356653e-114
eakf_model1,0.9999999999386017
eakf_model2,6.139835410870669e-11
eakf_model3,1.643026789504631e-27
sarima,1.3310521684404437e-111
