model_name,weigth
arima,7.0450054588039866e-37
eakf_model1,0.9999999999945481
eakf_model2,2.964858520858032e-13
eakf_model3,5.155324349820286e-12
sarima,7.094765052153348e-31
