model_name,weigth
arima,3e-323
eakf_model1,5.868650773709159e-20
eakf_model2,6.030725793110555e-08
eakf_model3,0.999999939692742
sarima,2e-323
