model_name,weigth
arima,3.375511295605585e-37
eakf_model1,6.802948440446117e-15
eakf_model2,1.0576992247027437e-11
eakf_model3,0.9999999999894162
sarima,6.188943832822362e-41
