model_name,weigth
arima,1.5458103450558182e-30
eakf_model1,9.881515437495988e-19
eakf_model2,3.7310032020887615e-12
eakf_model3,0.999999999996269
sarima,9.922166216811082e-41
