model_name,weigth
arima,2.5e-323
eakf_model1,1.52915105216757e-85
eakf_model2,1.1372332089472968e-08
eakf_model3,0.999999988627668
