model_name,weigth
arima,6.323122032091346e-57
eakf_model1,0.9999999999300145
eakf_model2,1.5256679706498767e-11
eakf_model3,5.472885293530585e-11
sarima,6.482240412872552e-48
