model_name,weigth
arima,2.5e-323
eakf_model1,6.931894909017514e-163
eakf_model2,0.037990333667804466
eakf_model3,0.9620096663321955
sarima,5e-323
