model_name,weigth
arima,6.342950753133697e-289
eakf_model1,1.7696417937381332e-09
eakf_model2,4.969931389627812e-108
eakf_model3,0.9999999982303582
