model_name,weigth
arima,2.1783600074586782e-16
eakf_model1,7.021713589784753e-17
eakf_model2,1.5120961828024403e-12
eakf_model3,0.9999999999984877
