model_name,weigth
arima,8.12785288501659e-227
eakf_model1,0.7687744449392281
eakf_model2,1.86578810420087e-37
eakf_model3,0.23122555506077194
