model_name,weigth
arima,2.5e-323
eakf_model1,4.9031816874916325e-42
eakf_model2,0.9999999981648995
eakf_model3,1.8351004726424105e-09
