model_name,weigth
arima,5.8421703437509115e-12
eakf_model1,9.066509989025827e-20
eakf_model2,3.753757578197328e-16
eakf_model3,0.9999999999941576
