model_name,weigth
arima,3.589720914178626e-61
eakf_model1,1.4002450091866245e-16
eakf_model2,9.382739070014207e-11
eakf_model3,0.9999999999061725
sarima,1.5052395415085603e-81
