model_name,weigth
arima,2.894436754190031e-155
eakf_model1,0.9999999996534275
eakf_model2,6.689364339433659e-29
eakf_model3,3.4657258410210807e-10
sarima,1.0695406204426096e-91
