model_name,weigth
arima,2.5e-323
eakf_model1,3.2616835609619627e-78
eakf_model2,2.436004266650643e-08
eakf_model3,0.9999999756399574
sarima,2.5e-323
