model_name,weigth
arima,1.3566335306759309e-117
eakf_model1,0.40926442441185634
eakf_model2,0.5907355755881436
eakf_model3,2.266566499532925e-70
