model_name,weigth
arima,1.6851277014857946e-20
eakf_model1,2.797625955000499e-24
eakf_model2,7.695294789236338e-12
eakf_model3,0.9999999999923048
