model_name,weigth
arima,5.042932372433872e-08
eakf_model1,3e-323
eakf_model2,1.5e-322
eakf_model3,4.4e-323
sarima,0.9999999495706763
