model_name,weigth
arima,4.696162820127687e-30
eakf_model1,3.0877760409815583e-19
eakf_model2,6.765466444001581e-12
eakf_model3,0.9999999999932345
