model_name,weigth
arima,2.0024293216833022e-22
eakf_model1,9.881740675362145e-15
eakf_model2,0.9999999999364846
eakf_model3,6.35057202564385e-11
sarima,9.007906811022192e-43
