model_name,weigth
arima,2.1305450279275137e-09
eakf_model1,2.937588671067852e-148
eakf_model2,0.9999999978652075
eakf_model3,4.247361580382954e-12
