model_name,weigth
arima,1.5807786902908923e-127
eakf_model1,3e-323
eakf_model2,0.9999999371378355
eakf_model3,6.28621645177765e-08
