model_name,weigth
arima,0.9999999999570404
eakf_model1,2.0238085628364546e-48
eakf_model2,4.2959802064442115e-11
eakf_model3,2.2689783381798615e-17
