model_name,weigth
arima,0.9999999971087918
eakf_model1,8.913019393069253e-149
eakf_model2,1.800262897241286e-64
eakf_model3,2.891208155711105e-09
