model_name,weigth
arima,1.0024617292604322e-24
eakf_model1,0.3206533892271739
eakf_model2,0.6793466107713451
eakf_model3,1.4810935268524453e-12
sarima,9.36873523286676e-29
