model_name,weigth
arima,2.1353496614272168e-33
eakf_model1,3.2785808430522724e-16
eakf_model2,1.2258347952054052e-11
eakf_model3,0.9999999999877415
