model_name,weigth
arima,7.164372737440151e-11
eakf_model1,1.155041934459743e-19
eakf_model2,0.9999999999283563
eakf_model3,3.2918544979080415e-27
sarima,3.0596448167339076e-35
