model_name,weigth
arima,2.7964767496146536e-45
eakf_model1,4.76431105972182e-20
eakf_model2,8.00085800006462e-12
eakf_model3,0.9999999999919991
