model_name,weigth
arima,1.0463040557327953e-09
eakf_model1,0.655888287404678
eakf_model2,0.344111711549018
eakf_model3,1.8368381278522562e-111
sarima,3.1494097967194263e-78
