model_name,weigth
arima,1.6793629030220564e-11
eakf_model1,1.6042784723732532e-24
eakf_model2,1.9121675172122457e-12
eakf_model3,0.9999999999812942
