model_name,weigth
arima,0.9999999999946988
eakf_model1,4.063666563343072e-40
eakf_model2,1.9717292534707056e-20
eakf_model3,5.301274688600669e-12
