model_name,weigth
arima,1.2959620022912115e-38
eakf_model1,5.7210325406546925e-12
eakf_model2,1.4422876220943976e-12
eakf_model3,0.9999999999928366
