model_name,weigth
arima,4.851927995320529e-14
eakf_model1,6.295463717254849e-15
eakf_model2,0.9999999999860949
eakf_model3,1.3850324907602424e-11
