model_name,weigth
arima,0.3703202053134791
eakf_model1,2.7976894313165785e-37
eakf_model2,0.6296797941265947
eakf_model3,5.599262587841461e-10
sarima,1.3201459859370745e-60
