model_name,weigth
arima,1.4868814064171808e-166
eakf_model1,4.504251082323599e-101
eakf_model2,0.9999999994114623
eakf_model3,5.88537697411432e-10
