model_name,weigth
arima,6.647429691795438e-37
eakf_model1,0.9999999999602383
eakf_model2,5.166004184309819e-23
eakf_model3,3.9761811596792005e-11
