model_name,weigth
arima,1.5563083986718464e-34
eakf_model1,1.613633689201637e-14
eakf_model2,0.9999999998788507
eakf_model3,1.2113316478501207e-10
sarima,5.444528283225051e-31
