model_name,weigth
arima,4.3651024556909605e-11
eakf_model1,9.673425451753814e-37
eakf_model2,0.999999999956349
eakf_model3,6.108559864558159e-24
