model_name,weigth
arima,1.0099175994858696e-148
eakf_model1,0.9999999996855429
eakf_model2,3.14457089045674e-10
eakf_model3,2.3356611455686208e-54
