model_name,weigth
arima,2.2280813929534655e-93
eakf_model1,8.51159690771095e-41
eakf_model2,0.999999999822879
eakf_model3,1.7712092904228135e-10
