model_name,weigth
arima,7.608870929559476e-23
eakf_model1,1.5418152050963184e-32
eakf_model2,0.9999999999281486
eakf_model3,7.18515592099682e-11
