model_name,weigth
arima,2.7834448357294744e-67
eakf_model1,5.367389285158072e-32
eakf_model2,1.7267946033154173e-40
eakf_model3,0.04063230179984996
sarima,0.9593676982001501
