model_name,weigth
arima,2.5493965536387014e-31
eakf_model1,1.3692601336961443e-107
eakf_model2,5.710311954993615e-13
eakf_model3,0.9660491944891664
sarima,0.03395080551026257
