model_name,weigth
arima,0.9999999989081535
eakf_model1,5.488035645963397e-137
eakf_model2,1.0918464979708774e-09
eakf_model3,5.6412867655727035e-304
