model_name,weigth
arima,0.9999999998043672
eakf_model1,5.762282774270907e-74
eakf_model2,1.9563286469048922e-10
eakf_model3,5.782017883692418e-101
