model_name,weigth
arima,2.842406843616943e-83
eakf_model1,2.362444855049038e-19
eakf_model2,3.910150384093127e-11
eakf_model3,0.9999999999608986
sarima,1.4042875363810463e-73
