model_name,weigth
arima,2e-323
eakf_model1,6.4e-323
eakf_model2,2.2531501430458053e-08
eakf_model3,0.9999999774684986
