model_name,weigth
arima,2.4343485437049743e-152
eakf_model1,6.862241053698999e-40
eakf_model2,8.23864525832754e-11
eakf_model3,0.9999999999176135
