model_name,weigth
arima,6.984012937840156e-23
eakf_model1,4.9107785139190725e-12
eakf_model2,0.9999999999950893
eakf_model3,4.618878760573493e-25
