model_name,weigth
arima,4.174846605406827e-17
eakf_model1,5.157600130616287e-12
eakf_model2,0.9999999999948425
eakf_model3,3.6427300077430785e-35
