model_name,weigth
arima,4.3131720417664647e-128
eakf_model1,4.075614832709999e-60
eakf_model2,6.30386513926673e-11
eakf_model3,0.9999999999369614
