model_name,weigth
arima,2.8741299676570567e-54
eakf_model1,1.5093596405492448e-11
eakf_model2,0.9999999999849064
eakf_model3,1.6730553463991954e-17
