model_name,weigth
arima,5.500261227296541e-107
eakf_model1,0.999999999895758
eakf_model2,4.7326605732472094e-20
eakf_model3,1.0424207583673093e-10
sarima,1.484827645721029e-104
