model_name,weigth
arima,0.0
eakf_model1,7.617315996051038e-66
eakf_model2,0.9999999993640623
eakf_model3,6.359378119041947e-10
