model_name,weigth
arima,0.0
eakf_model1,0.35341190906421344
eakf_model2,2.5e-323
eakf_model3,0.6465880909357867
