model_name,weigth
arima,0.0
eakf_model1,0.012979672957824642
eakf_model2,9.481355109807448e-208
eakf_model3,4.431999139974745e-15
sarima,0.9870203270421709
