model_name,weigth
arima,0.0
eakf_model1,2.0010880448456262e-09
eakf_model2,0.13020188752821657
eakf_model3,0.8697981104706953
