model_name,weigth
arima,0.0
eakf_model1,0.7584994987042579
eakf_model2,5.906618929045402e-09
eakf_model3,0.24150049538912313
