model_name,weigth
arima,2.0195747499966914e-148
eakf_model1,4.482719329227546e-11
eakf_model2,0.9999999999551663
eakf_model3,6.504313310054637e-15
sarima,1.0179166895749625e-72
