model_name,weigth
arima,5.0148170828277545e-247
eakf_model1,6.132817686815862e-46
eakf_model2,0.5823293913125758
eakf_model3,0.41767060868742434
