model_name,weigth
arima,8.983062642556767e-42
eakf_model1,0.999999999984824
eakf_model2,1.517436172642059e-11
eakf_model3,1.5522491198618451e-15
sarima,4.834121441105039e-47
