model_name,weigth
arima,8.058070640474276e-222
eakf_model1,5.32224019020953e-11
eakf_model2,1.1491255475104503e-100
eakf_model3,0.9999999999467777
