model_name,weigth
arima,1.5006056437779248e-60
eakf_model1,1.511054654303893e-11
eakf_model2,0.9999999999848894
eakf_model3,2.4110311628268813e-24
