model_name,weigth
arima,0.0
eakf_model1,0.9999999891600612
eakf_model2,1.0839938795000664e-08
eakf_model3,8.8453834402171e-212
sarima,0.0
