model_name,weigth
arima,5.106130243359687e-201
eakf_model1,0.999999999978864
eakf_model2,2.444414621421945e-36
eakf_model3,2.1135999082131714e-11
