model_name,weigth
arima,0.0
eakf_model1,0.9999999999823433
eakf_model2,1.1397688739416729e-36
eakf_model3,1.765664039312163e-11
