model_name,weigth
arima,5.073260653755896e-28
eakf_model1,3.1918833966826603e-12
eakf_model2,0.9999999999968082
eakf_model3,4.2152938281719026e-19
sarima,8.676197950453874e-26
