model_name,weigth
arima,0.0
eakf_model1,0.9999999998063245
eakf_model2,4.992427330689271e-32
eakf_model3,1.9367561523548238e-10
