model_name,weigth
arima,1.4737287792658e-290
eakf_model1,0.9999999996437823
eakf_model2,3.5621780603060995e-10
eakf_model3,1.7986046069435545e-55
