model_name,weigth
arima,1.755126547574048e-37
eakf_model1,4.912519189313017e-12
eakf_model2,0.9999999999950875
eakf_model3,2.2025603893517568e-23
