model_name,weigth
arima,5.955662201565259e-77
eakf_model1,1.5213800170488604e-11
eakf_model2,1.746450548791685e-26
eakf_model3,0.9999999999847863
