model_name,weigth
arima,3.293314804129493e-33
eakf_model1,6.124851813980056e-12
eakf_model2,0.9999999999938752
eakf_model3,3.4552604004645166e-23
sarima,4.759515147192899e-39
