model_name,weigth
arima,2.347830863976836e-99
eakf_model1,0.9999999999893173
eakf_model2,3.5010017609784547e-19
eakf_model3,1.0682852620850474e-11
sarima,1.0975175216707295e-145
