model_name,weigth
arima,0.0
eakf_model1,0.9999999972461238
eakf_model2,2.4218131223442915e-55
eakf_model3,2.7538763368655176e-09
