model_name,weigth
arima,4.159530274962203e-47
eakf_model1,5.207239280599996e-26
eakf_model2,1.5931060264843216e-11
eakf_model3,0.9999999999840691
