model_name,weigth
arima,3.747071242501325e-54
eakf_model1,2.135891797383208e-11
eakf_model2,0.9999999999786411
eakf_model3,1.5535521330858472e-28
sarima,1.8324138541075688e-69
