model_name,weigth
arima,9.31626223385592e-85
eakf_model1,2.2245169015493633e-11
eakf_model2,2.6099698829056007e-48
eakf_model3,0.9999999999777549
