model_name,weigth
arima,4.914197859673967e-42
eakf_model1,8.1101443571605e-15
eakf_model2,1.0356003628054811e-11
eakf_model3,0.999999999989636
