model_name,weigth
arima,3.623596741942326e-181
eakf_model1,1.3842690235332378e-10
eakf_model2,1.3444547115062793e-66
eakf_model3,0.9999999998615732
sarima,0.0
