model_name,weigth
arima,0.0
eakf_model1,4.0933808012263556e-10
eakf_model2,3.777237864801891e-38
eakf_model3,0.999999999590662
