model_name,weigth
arima,1.5149111885176677e-45
eakf_model1,0.9999999999983048
eakf_model2,1.6949448502314074e-12
eakf_model3,3.1261354355225285e-16
