model_name,weigth
arima,0.0
eakf_model1,9.181238920617505e-11
eakf_model2,0.9999999999081876
eakf_model3,1.3568089313912538e-22
