model_name,weigth
arima,0.0
eakf_model1,2.183406303304776e-10
eakf_model2,2.358297037669134e-81
eakf_model3,0.9999999997816593
sarima,0.0
