model_name,weigth
arima,0.0
eakf_model1,1.93e-322
eakf_model2,1.0305387042774985e-06
eakf_model3,0.9999989694612957
