model_name,weigth
arima,0.0
eakf_model1,0.9999999867764141
eakf_model2,3.5661446858090685e-290
eakf_model3,1.3223585776553918e-08
sarima,0.0
