model_name,weigth
arima,1.1710924828794238e-266
eakf_model1,5.7342924546000604e-11
eakf_model2,7.657679278915394e-25
eakf_model3,0.9999999999426571
sarima,0.0
