model_name,weigth
arima,0.0
eakf_model1,7.124329013204895e-11
eakf_model2,0.9999999999287567
eakf_model3,7.711530773014728e-17
sarima,0.0
