model_name,weigth
arima,1.237111324224768e-256
eakf_model1,1.639098596212866e-10
eakf_model2,1.1882631809215273e-80
eakf_model3,0.9999999998360901
sarima,0.0
