model_name,weigth
arima,5.7576975560392205e-36
eakf_model1,0.9999999999985345
eakf_model2,1.2196802653975491e-12
eakf_model3,2.4585865721267744e-13
