model_name,weigth
arima,0.0
eakf_model1,1.1848848725609394e-10
eakf_model2,4.3634875727072687e-54
eakf_model3,0.9999999998815114
