model_name,weigth
arima,0.0
eakf_model1,0.9999999992576031
eakf_model2,1.6277932404341244e-36
eakf_model3,7.423969599916505e-10
sarima,0.0
