model_name,weigth
arima,2.8939136112518303e-119
eakf_model1,0.9999999999916213
eakf_model2,8.37336942776189e-12
eakf_model3,5.4322532329216995e-15
