model_name,weigth
arima,0.0
eakf_model1,2.2657207069917784e-10
eakf_model2,6.442256379005399e-81
eakf_model3,0.999999999773428
sarima,0.0
