model_name,weigth
arima,0.0
eakf_model1,0.9999999989084517
eakf_model2,1.197818988840251e-117
eakf_model3,1.091548392899212e-09
