model_name,weigth
arima,8.76296761253401e-50
eakf_model1,0.9999999999978587
eakf_model2,1.5417221401130717e-12
eakf_model3,5.994937876473785e-13
