model_name,weigth
arima,0.0
eakf_model1,5.082191306009219e-10
eakf_model2,2.6332111388544175e-123
eakf_model3,0.9999999994917809
