model_name,weigth
arima,5.936568461684903e-256
eakf_model1,2.8600297104402558e-12
eakf_model2,4.433396281158444e-11
eakf_model3,0.999999999952806
