model_name,weigth
arima,1.5477489799033567e-150
eakf_model1,4.028489140831653e-11
eakf_model2,6.832942878250366e-16
eakf_model3,0.9999999999597144
sarima,8.590498354432488e-181
