model_name,weigth
arima,3.271367014532743e-53
eakf_model1,0.9999999999966016
eakf_model2,3.3982306277299894e-12
eakf_model3,2.545216930230036e-16
