model_name,weigth
arima,0.0
eakf_model1,2.5107588706559546e-10
eakf_model2,8.998794281935232e-94
eakf_model3,0.9999999997489242
