model_name,weigth
arima,0.0
eakf_model1,0.999999999805075
eakf_model2,7.306656501972647e-21
eakf_model3,1.9492501477058168e-10
