model_name,weigth
arima,0.0
eakf_model1,0.9999999210571447
eakf_model2,1.2835067996730206e-92
eakf_model3,7.894285527765888e-08
sarima,0.0
