model_name,weigth
arima,3.0946755701063253e-219
eakf_model1,0.999999999958211
eakf_model2,5.750353589434162e-28
eakf_model3,4.1789101477933626e-11
