model_name,weigth
arima,3.972733186200688e-263
eakf_model1,5.035897718020452e-11
eakf_model2,1.4904094321113838e-24
eakf_model3,0.999999999949641
