model_name,weigth
arima,0.0
eakf_model1,0.9999999995951011
eakf_model2,6.6191010138222104e-96
eakf_model3,4.0489900756502714e-10
