model_name,weigth
arima,3.7343813190501694e-296
eakf_model1,1.3004037596468232e-10
eakf_model2,4.8170018849670106e-39
eakf_model3,0.9999999998699596
sarima,3.6244053870279684e-201
