model_name,weigth
arima,0.0
eakf_model1,1.0558385772569833e-30
eakf_model2,0.9999992073239773
eakf_model3,7.926760225734685e-07
sarima,0.0
