model_name,weigth
arima,0.0
eakf_model1,0.9999999963454018
eakf_model2,1.0853958560583421e-43
eakf_model3,3.6545982903863957e-09
