model_name,weigth
arima,1.246250294035753e-179
eakf_model1,0.9999999999733127
eakf_model2,5.409633068271077e-27
eakf_model3,2.6687380048879718e-11
