model_name,weigth
arima,0.0
eakf_model1,0.9999999998372752
eakf_model2,2.6440631144078616e-42
eakf_model3,1.627249096388472e-10
