model_name,weigth
arima,0.0
eakf_model1,1.4399894736923268e-10
eakf_model2,1.7811571957024452e-57
eakf_model3,0.9999999998560011
