model_name,weigth
arima,1.2889608974032209e-180
eakf_model1,8.680026482533903e-11
eakf_model2,2.5283247626516863e-28
eakf_model3,0.9999999999131998
sarima,2.8696801626816483e-223
