model_name,weigth
arima,1.8671691716166982e-62
eakf_model1,0.9999999999938375
eakf_model2,6.839556502637766e-21
eakf_model3,6.162567425688783e-12
