model_name,weigth
arima,6.264691915286553e-184
eakf_model1,1.3300983794317092e-10
eakf_model2,3.9673206675662477e-63
eakf_model3,0.9999999998669902
sarima,6.264691915286553e-184
