model_name,weigth
arima,0.0
eakf_model1,0.9999999994045754
eakf_model2,3.796631687359084e-79
eakf_model3,5.954246040827281e-10
sarima,0.0
