model_name,weigth
arima,0.0
eakf_model1,0.9999999997956962
eakf_model2,8.627291399151503e-51
eakf_model3,2.0430375140787147e-10
