model_name,weigth
arima,3.3289206514720114e-261
eakf_model1,2.165551944359392e-11
eakf_model2,5.910222036424809e-34
eakf_model3,0.9999999999783445
