model_name,weigth
arima,0.0
eakf_model1,1.5329690238249264e-10
eakf_model2,6.657104182065125e-14
eakf_model3,0.9999999998466366
