model_name,weigth
arima,0.0
eakf_model1,0.9999999997284582
eakf_model2,1.6199775151509722e-55
eakf_model3,2.7154194843860946e-10
