model_name,weigth
arima,0.0
eakf_model1,2.88594424185519e-30
eakf_model2,3.762409605095845e-11
eakf_model3,0.9999999999623759
