model_name,weigth
arima,0.0
eakf_model1,2.236171893865382e-09
eakf_model2,6.263714524717754e-100
eakf_model3,0.9999999977638282
sarima,0.0
