model_name,weigth
arima,4.81082693468136e-187
eakf_model1,9.299591491024867e-12
eakf_model2,1.0114057062365132e-16
eakf_model3,0.9999999999907002
