model_name,weigth
arima,4.813424010260504e-295
eakf_model1,2.781925576732171e-11
eakf_model2,1.8766494798020726e-45
eakf_model3,0.9999999999721808
