model_name,weigth
arima,0.0
eakf_model1,2.9371924900972196e-08
eakf_model2,3e-323
eakf_model3,0.9999999706280752
