model_name,weigth
arima,0.0
eakf_model1,3.777898934857693e-10
eakf_model2,4.8759836784112575e-62
eakf_model3,0.9999999996222101
sarima,0.0
