model_name,weigth
arima,0.0
eakf_model1,9.44045810524808e-10
eakf_model2,5.81065935160198e-43
eakf_model3,0.9999999990559542
