model_name,weigth
arima,2.3174498590934073e-247
eakf_model1,1.835758003048945e-11
eakf_model2,4.1399210209566917e-38
eakf_model3,0.9999999999816424
