model_name,weigth
arima,8.348522082483814e-281
eakf_model1,2.5257826093819873e-11
eakf_model2,3.3655174891520974e-37
eakf_model3,0.9999999999747423
