model_name,weigth
arima,0.0
eakf_model1,0.999999999003753
eakf_model2,1.8941065257990487e-205
eakf_model3,9.962470151751652e-10
