model_name,weigth
arima,0.0
eakf_model1,1.3444921011274809e-10
eakf_model2,6.880275100215413e-19
eakf_model3,0.9999999998655508
