model_name,weigth
arima,0.0
eakf_model1,0.9999999997130471
eakf_model2,2.8695302310748294e-10
eakf_model3,1.922757475943578e-28
sarima,0.0
