model_name,weigth
arima,0.0
eakf_model1,0.999999999975096
eakf_model2,1.3895945501625724e-11
eakf_model3,1.1008221822989687e-11
