model_name,weigth
arima,3.502567026143784e-275
eakf_model1,0.9999999999884549
eakf_model2,1.1514678372845797e-11
eakf_model3,3.0406048721069523e-14
