model_name,weigth
arima,0.0
eakf_model1,0.9999999996290552
eakf_model2,4.3501229796026215e-11
eakf_model3,3.2744366956527127e-10
sarima,0.0
