model_name,weigth
arima,9.3286e-319
eakf_model1,0.9999999999556138
eakf_model2,4.4386209434683506e-11
eakf_model3,2.0456692285901032e-22
sarima,7.16e-321
