model_name,weigth
arima,2.6920178383329316e-191
eakf_model1,0.9999999999948318
eakf_model2,5.168239268338814e-12
eakf_model3,1.2335449345839052e-27
