model_name,weigth
arima,0.0
eakf_model1,0.9999999429282981
eakf_model2,5.7071701799601243e-08
eakf_model3,1e-322
