model_name,weigth
arima,5.039624379036819e-190
eakf_model1,0.9999999999875558
eakf_model2,1.534875638556871e-17
eakf_model3,1.2444295350243521e-11
