model_name,weigth
arima,0.0
eakf_model1,3.732134720058208e-09
eakf_model2,1.6852709090089223e-67
eakf_model3,0.9999999962678653
