model_name,weigth
arima,0.0
eakf_model1,0.9999999999667765
eakf_model2,3.3223425707295235e-11
eakf_model3,4.312535381624225e-34
