model_name,weigth
arima,4.722390944379335e-121
eakf_model1,0.9999999999899446
eakf_model2,5.239674889772263e-13
eakf_model3,9.531442343466922e-12
sarima,1.9407251058277865e-90
