model_name,weigth
arima,0.0
eakf_model1,0.9999999999758603
eakf_model2,2.4139788662132852e-11
eakf_model3,1.8936467041343414e-35
