model_name,weigth
arima,2.340272379894861e-165
eakf_model1,0.9999999999858254
eakf_model2,1.2175960070329021e-11
eakf_model3,1.9985555613320216e-12
sarima,1.0531473775715657e-146
