model_name,weigth
arima,0.0
eakf_model1,0.9999999998249701
eakf_model2,1.9070186303484006e-26
eakf_model3,1.7502984282928725e-10
