model_name,weigth
arima,0.0
eakf_model1,6.900378815900461e-10
eakf_model2,0.9999999993099621
eakf_model3,9.843715024774392e-51
