model_name,weigth
arima,6.002589020994416e-273
eakf_model1,0.9999999997800575
eakf_model2,1.7621802513063093e-79
eakf_model3,2.199425599628985e-10
