model_name,weigth
arima,0.0
eakf_model1,2.9775479940911702e-09
eakf_model2,7.725432251580268e-232
eakf_model3,0.9999999970224521
sarima,3e-323
