model_name,weigth
arima,0.0
eakf_model1,0.9999999995465432
eakf_model2,4.277371727981879e-78
eakf_model3,4.53456855504615e-10
