model_name,weigth
arima,5.446481582277154e-260
eakf_model1,6.028993131308104e-11
eakf_model2,1.9165914051288989e-25
eakf_model3,0.9999999999397101
