model_name,weigth
arima,4.278997364586985e-20
eakf_model1,0.9999999999993163
eakf_model2,1.4287848794216223e-23
eakf_model3,6.838482879628687e-13
