model_name,weigth
arima,0.0
eakf_model1,0.8413723611452161
eakf_model2,5.351923534905914e-168
eakf_model3,0.158627638854784
