model_name,weigth
arima,9.452531626467387e-232
eakf_model1,5.851832136037977e-11
eakf_model2,4.056473320462323e-24
eakf_model3,0.9999999999414816
