model_name,weigth
arima,1.2389571731120112e-248
eakf_model1,0.9999999998637065
eakf_model2,8.705835320113439e-29
eakf_model3,1.3629352549331034e-10
sarima,3.7390130928510594e-154
