model_name,weigth
arima,2.9701664351383008e-25
eakf_model1,0.9999999999990845
eakf_model2,2.121848532005449e-24
eakf_model3,9.154552245434537e-13
