model_name,weigth
arima,6.454903140677393e-191
eakf_model1,2.3831775298732294e-10
eakf_model2,5.7196965097924415e-52
eakf_model3,0.9999999997616823
sarima,4.368498720066853e-148
