model_name,weigth
arima,0.0
eakf_model1,0.5219252068551392
eakf_model2,5.3006858180794904e-244
eakf_model3,0.47807479314486073
sarima,3e-323
