model_name,weigth
arima,2.0051344602617195e-80
eakf_model1,0.44073672995927843
eakf_model2,7.249765511988086e-31
eakf_model3,0.5592632700407216
