model_name,weigth
arima,0.0
eakf_model1,1.332622435183902e-09
eakf_model2,6.318085017170377e-96
eakf_model3,0.9999999986673777
sarima,3e-323
