model_name,weigth
arima,2.9415734545701724e-20
eakf_model1,0.999999999999396
eakf_model2,4.5218751308251645e-24
eakf_model3,6.039898435004283e-13
