model_name,weigth
arima,0.0
eakf_model1,0.9999999992397485
eakf_model2,4.7983740752927605e-79
eakf_model3,7.602514880835954e-10
