model_name,weigth
arima,2.4305469506701772e-144
eakf_model1,5.150464843075429e-11
eakf_model2,1.5534873557051687e-30
eakf_model3,0.9999999999484954
