model_name,weigth
arima,6.955469688915367e-24
eakf_model1,0.9999999999990031
eakf_model2,8.93273751733709e-24
eakf_model3,9.96994297866967e-13
