model_name,weigth
arima,9.971333658604263e-177
eakf_model1,3.920283527838002e-11
eakf_model2,5.286417631245349e-29
eakf_model3,0.9999999999607972
