model_name,weigth
arima,6.783653342871101e-165
eakf_model1,0.9999999999533696
eakf_model2,1.1988400263366344e-18
eakf_model3,4.663045449918416e-11
sarima,2.6572780310028517e-110
