model_name,weigth
arima,1.3308362218312627e-23
eakf_model1,0.9999999999985741
eakf_model2,5.593181494193112e-30
eakf_model3,1.4259749268184369e-12
