model_name,weigth
arima,9.070825113515685e-160
eakf_model1,0.9999999999781817
eakf_model2,2.169490250610544e-40
eakf_model3,2.181836394034798e-11
