model_name,weigth
arima,1.1800661776670762e-238
eakf_model1,3.2802612513273203e-11
eakf_model2,5.845662680655816e-14
eakf_model3,0.9999999999671391
