model_name,weigth
arima,7.457988931647438e-150
eakf_model1,1.4155355967786904e-15
eakf_model2,2.2890087329730703e-11
eakf_model3,0.9999999999771086
sarima,4.6596753837829285e-110
