model_name,weigth
arima,0.0
eakf_model1,2.646988580693977e-40
eakf_model2,9.096308505233001e-11
eakf_model3,0.9999999999090371
