model_name,weigth
arima,1.4352360353302822e-164
eakf_model1,7.673041699987325e-12
eakf_model2,1.8117501035368275e-11
eakf_model3,0.9999999999742095
sarima,8.10435288577807e-135
