model_name,weigth
arima,2.3746445385265757e-219
eakf_model1,0.9999999999385515
eakf_model2,2.883084948640466e-15
eakf_model3,6.144570747286773e-11
