model_name,weigth
arima,1.637610091202865e-155
eakf_model1,0.9999999999577412
eakf_model2,5.141175940365037e-16
eakf_model3,4.225837880405163e-11
sarima,1.7985824418624326e-110
