model_name,weigth
arima,1.0518971527132443e-22
eakf_model1,0.9999999999989303
eakf_model2,1.811456728133321e-26
eakf_model3,1.0697390390762933e-12
