model_name,weigth
arima,0.0
eakf_model1,1.9912335144048715e-06
eakf_model2,3.1e-322
eakf_model3,0.9999980087664856
sarima,0.0
