model_name,weigth
arima,5.201240863572279e-140
eakf_model1,0.9999999999537384
eakf_model2,6.056804767018975e-18
eakf_model3,4.6261551491048695e-11
sarima,2.111220674111688e-109
