model_name,weigth
arima,7.868226731267869e-256
eakf_model1,9.217830727205514e-11
eakf_model2,3.359316813093658e-17
eakf_model3,0.9999999999078216
sarima,1.2901492546395122e-222
