model_name,weigth
arima,1.7746640871900312e-16
eakf_model1,0.9999999999992282
eakf_model2,7.430923350867589e-30
eakf_model3,7.716001412686062e-13
