model_name,weigth
arima,1.21174e-317
eakf_model1,0.9999999999143258
eakf_model2,7.583132855053373e-11
eakf_model3,9.842852889941791e-12
