model_name,weigth
arima,0.0
eakf_model1,3.7869418237485107e-10
eakf_model2,7.9723886606628e-55
eakf_model3,0.9999999996213058
