model_name,weigth
arima,1.6054593961353186e-128
eakf_model1,2.410731243720973e-11
eakf_model2,7.120041977078467e-17
eakf_model3,0.9999999999758927
sarima,6.636109250645667e-102
