model_name,weigth
arima,2.41318352962999e-179
eakf_model1,3.971078850943074e-11
eakf_model2,1.7401700838567366e-12
eakf_model3,0.999999999958549
sarima,9.883950479904478e-146
