model_name,weigth
arima,2.186108894629606e-21
eakf_model1,0.9999999999984841
eakf_model2,8.77048212233498e-32
eakf_model3,1.515780063261086e-12
