model_name,weigth
arima,0.0
eakf_model1,0.6699652940616518
eakf_model2,3.321706110617238e-32
eakf_model3,0.3300347059383482
