model_name,weigth
arima,2.9849942279811257e-118
eakf_model1,1.0649972807141046e-11
eakf_model2,9.887255025475133e-21
eakf_model3,0.9999999999893502
