model_name,weigth
arima,0.0
eakf_model1,5.618933690301225e-108
eakf_model2,5.095118513757044e-10
eakf_model3,0.9999999994904881
