model_name,weigth
arima,0.0
eakf_model1,2.3753462576964973e-167
eakf_model2,0.9017101853121843
eakf_model3,0.09828981468781578
sarima,7.279315510279994e-80
