model_name,weigth
arima,9.778053025542552e-149
eakf_model1,2.96056099360267e-11
eakf_model2,3.4178577527499123e-19
eakf_model3,0.9999999999703945
sarima,6.900684597493188e-126
