model_name,weigth
arima,0.0
eakf_model1,1.4192573714e-314
eakf_model2,0.9505052335633951
eakf_model3,0.04949476643660491
sarima,6.914186023028943e-255
