model_name,weigth
arima,7.481496107085435e-110
eakf_model1,1.2318091197428317e-11
eakf_model2,1.8367828645150755e-13
eakf_model3,0.9999999999874981
