model_name,weigth
arima,6.996780749526752e-101
eakf_model1,6.879874988461207e-30
eakf_model2,2.4180200863470438e-11
eakf_model3,0.9999999999758199
