model_name,weigth
arima,2.179626732484964e-171
eakf_model1,2.8663091171978827e-24
eakf_model2,0.9999999998953305
eakf_model3,1.0466961207075795e-10
