model_name,weigth
arima,0.0
eakf_model1,3.597261375797265e-92
eakf_model2,0.9999999994142074
eakf_model3,5.857926602375898e-10
sarima,5.266219868305477e-59
