model_name,weigth
arima,0.0
eakf_model1,1.4697436927009458e-219
eakf_model2,0.9999999993954525
eakf_model3,6.045475647679113e-10
