model_name,weigth
arima,7.803765383650778e-143
eakf_model1,1.3577027960231307e-11
eakf_model2,3.9900477152734086e-22
eakf_model3,0.999999999986423
