model_name,weigth
arima,1.3343127791673165e-276
eakf_model1,1.2689573833857434e-67
eakf_model2,1.6938528524086686e-10
eakf_model3,0.9999999998306147
