model_name,weigth
arima,1.3557827497916254e-269
eakf_model1,3.056564349628708e-10
eakf_model2,2.5913882154834787e-37
eakf_model3,0.9999999996943437
sarima,6.596004152693187e-264
