model_name,weigth
arima,1.2440418866229959e-142
eakf_model1,6.711036859267636e-11
eakf_model2,2.5325483433980824e-13
eakf_model3,0.9999999999326366
sarima,1.1323928165579696e-117
