model_name,weigth
arima,5.489425764805859e-143
eakf_model1,3.787354029534978e-11
eakf_model2,1.722030065655742e-18
eakf_model3,0.9999999999621264
