model_name,weigth
arima,0.0
eakf_model1,1.6051132029828046e-26
eakf_model2,0.9999999988075502
eakf_model3,1.192449964270615e-09
sarima,3.714502094284734e-133
