model_name,weigth
arima,0.0
eakf_model1,8.017627692018427e-128
eakf_model2,0.9999999943538592
eakf_model3,5.646140725077508e-09
sarima,8.235771752908063e-161
