model_name,weigth
arima,0.0
eakf_model1,2.2279749958283475e-130
eakf_model2,0.9999999998165835
eakf_model3,1.8341662761857796e-10
