model_name,weigth
arima,0.0
eakf_model1,4.0085313498663907e-224
eakf_model2,1.7256163032643584e-09
eakf_model3,0.9999999982743837
