model_name,weigth
arima,4.601103654342972e-134
eakf_model1,3.078077552490251e-11
eakf_model2,0.9999999999513957
eakf_model3,1.7823589800775324e-11
