model_name,weigth
arima,1.4360460437248925e-132
eakf_model1,1.0933252202747995e-41
eakf_model2,3.709707224837132e-11
eakf_model3,0.999999999962903
sarima,1.7318167302324545e-58
