model_name,weigth
arima,1.5415822132462487e-152
eakf_model1,0.9999999999167324
eakf_model2,2.910320584249564e-26
eakf_model3,8.326760058797743e-11
sarima,2.6356146417159178e-112
