model_name,weigth
arima,2.535533800501306e-127
eakf_model1,1.5164861683801283e-40
eakf_model2,1.3665590912483463e-11
eakf_model3,0.9999999999863344
