model_name,weigth
arima,1.1758226180831581e-217
eakf_model1,0.99999999975559
eakf_model2,1.4169451021533511e-39
eakf_model3,2.4441011775453655e-10
sarima,3.145904781555842e-169
