model_name,weigth
arima,1.9708437071952177e-89
eakf_model1,6.3949178070231484e-21
eakf_model2,1.7678278134688606e-11
eakf_model3,0.9999999999823217
sarima,2.6314379444614298e-37
