model_name,weigth
arima,2.179167096416671e-124
eakf_model1,3.130002441741775e-46
eakf_model2,1.2832290004814354e-11
eakf_model3,0.9999999999871677
