model_name,weigth
arima,4.24495870907245e-104
eakf_model1,1.5756687874554647e-20
eakf_model2,1.8022786512199472e-11
eakf_model3,0.9999999999819772
