model_name,weigth
arima,2.750204549462189e-55
eakf_model1,2.546221219656187e-17
eakf_model2,4.695567003719738e-12
eakf_model3,0.9999999999953044
