model_name,weigth
arima,0.0
eakf_model1,2.288525730504843e-10
eakf_model2,7.964903486446796e-46
eakf_model3,0.9999999997711474
