model_name,weigth
arima,1.571584092436895e-298
eakf_model1,3.276599425322459e-76
eakf_model2,7.339853033229985e-11
eakf_model3,0.9999999999266016
