model_name,weigth
arima,1.0043206874629092e-116
eakf_model1,6.770746111396715e-39
eakf_model2,9.869791046905615e-12
eakf_model3,0.9999999999901302
