model_name,weigth
arima,4.159931934674466e-182
eakf_model1,1.0668721557083081e-10
eakf_model2,1.1024853032639433e-26
eakf_model3,0.999999999893313
