model_name,weigth
arima,1.3832876560380243e-198
eakf_model1,1.4026570460882767e-55
eakf_model2,3.769598502162673e-11
eakf_model3,0.999999999962304
