model_name,weigth
arima,0.0
eakf_model1,0.8445687042168099
eakf_model2,5.459428237483414e-50
eakf_model3,0.15543129578319023
sarima,3e-323
