model_name,weigth
arima,2.2030015155577006e-178
eakf_model1,2.2756427574741615e-49
eakf_model2,2.5374137126562788e-11
eakf_model3,0.999999999974626
