model_name,weigth
arima,0.0
eakf_model1,0.8070747299555902
eakf_model2,1.737300762098062e-223
eakf_model3,0.19292527004440993
