model_name,weigth
arima,0.0
eakf_model1,5.293755561077445e-10
eakf_model2,7.855085058667815e-63
eakf_model3,0.9999999994706245
sarima,6.595929076290452e-204
