model_name,weigth
arima,1.408074092752083e-102
eakf_model1,6.465623039154853e-43
eakf_model2,8.139304697183687e-12
eakf_model3,0.9999999999918606
