model_name,weigth
arima,0.0
eakf_model1,0.9999999996906672
eakf_model2,2.432298402569468e-55
eakf_model3,3.093328078165926e-10
