model_name,weigth
arima,0.0
eakf_model1,3e-323
eakf_model2,0.9999999969241813
eakf_model3,3.0758187273812274e-09
