model_name,weigth
arima,1.0072536295403055e-51
eakf_model1,0.999999999984354
eakf_model2,9.273213605080957e-15
eakf_model3,1.5636827805802512e-11
sarima,3.260811921690555e-49
