model_name,weigth
arima,1.8e-322
eakf_model1,1.5407698591482304e-91
eakf_model2,3.184176389431228e-10
eakf_model3,0.9999999996815824
sarima,3.306516392790002e-95
