model_name,weigth
arima,0.0
eakf_model1,0.7423967244042667
eakf_model2,4.624877225021542e-09
eakf_model3,0.2576032709708561
sarima,3e-323
