model_name,weigth
arima,7.1663239277537675e-56
eakf_model1,4.2127366710871e-27
eakf_model2,2.935470364640461e-12
eakf_model3,0.9999999999970645
