model_name,weigth
arima,1.3501782639353594e-175
eakf_model1,4.0725248806232345e-85
eakf_model2,0.9999999998514867
eakf_model3,1.485132731484823e-10
sarima,2.4892550043954118e-58
