model_name,weigth
arima,3.432343438011749e-229
eakf_model1,8.4819784313408e-62
eakf_model2,9.745947958704108e-11
eakf_model3,0.9999999999025406
