model_name,weigth
arima,1.3887515241979615e-58
eakf_model1,0.9999999999865091
eakf_model2,4.070117068014131e-15
eakf_model3,1.3486959626754906e-11
