model_name,weigth
arima,1.1863456183873733e-55
eakf_model1,3.1236243549686922e-24
eakf_model2,2.0452972533047213e-12
eakf_model3,0.9999999999979546
