model_name,weigth
arima,1.0736708184095384e-96
eakf_model1,3.5161894555419404e-20
eakf_model2,2.8517438297408765e-12
eakf_model3,0.9999999999971483
