model_name,weigth
arima,3.27569625043079e-72
eakf_model1,2.0342427816974843e-15
eakf_model2,2.1839524891787437e-12
eakf_model3,0.9999999999978141
