model_name,weigth
arima,6.174542061683838e-58
eakf_model1,0.9999999999787539
eakf_model2,1.9832367014079374e-11
eakf_model3,1.4138749786617817e-12
sarima,4.745759615678437e-48
