model_name,weigth
arima,1.7532075396649599e-94
eakf_model1,5.582564466328071e-32
eakf_model2,7.218157824378488e-11
eakf_model3,0.9999999999278184
