model_name,weigth
arima,5.599598562539784e-77
eakf_model1,2.189133196880515e-36
eakf_model2,5.682884422296053e-12
eakf_model3,0.9999999999943171
