model_name,weigth
arima,1.3701905682512173e-58
eakf_model1,1.7456260317313262e-30
eakf_model2,2.4231803771869217e-12
eakf_model3,0.9999999999975768
