model_name,weigth
arima,0.0
eakf_model1,0.9999999548865305
eakf_model2,2.1637512133501098e-201
eakf_model3,4.511346954275531e-08
