model_name,weigth
arima,6.362049849076894e-89
eakf_model1,7.023696754398187e-24
eakf_model2,2.75911006466919e-12
eakf_model3,0.999999999997241
