model_name,weigth
arima,1.8284301971671056e-230
eakf_model1,1.7980248388287896e-75
eakf_model2,0.9999999998377455
eakf_model3,1.622546149384909e-10
