model_name,weigth
arima,5.908513019554265e-69
eakf_model1,0.9999999999795655
eakf_model2,2.0072753095264822e-11
eakf_model3,3.619158464539244e-13
