model_name,weigth
arima,3e-323
eakf_model1,1e-322
eakf_model2,1.948793544367192e-08
eakf_model3,0.9999999805120646
sarima,3e-323
