model_name,weigth
arima,3.2557613171692497e-18
eakf_model1,5.939270365247321e-16
eakf_model2,7.536667213168736e-13
eakf_model3,0.9999999999992458
