model_name,weigth
arima,2.295869262833137e-136
eakf_model1,1.9353619032299046e-32
eakf_model2,0.9999999998587207
eakf_model3,1.4127933878348795e-10
sarima,3.1112849581167044e-56
