model_name,weigth
arima,1.5057699501322685e-55
eakf_model1,1.9865328419049287e-14
eakf_model2,0.9999999999875867
eakf_model3,1.2393507240040332e-11
