model_name,weigth
arima,3e-323
eakf_model1,0.0
eakf_model2,1.0047268781290713e-68
eakf_model3,0.7453233282705067
sarima,0.2546766717294933
