model_name,weigth
arima,2.8671224860936316e-29
eakf_model1,0.9999999999970876
eakf_model2,2.8921868516603924e-12
eakf_model3,2.0346932613734885e-14
sarima,1.4445187262927932e-24
