model_name,weigth
arima,1.1922122152329828e-23
eakf_model1,1.9891397879257458e-17
eakf_model2,1.1241990944089757e-12
eakf_model3,0.9999999999988759
