model_name,weigth
arima,2.8484239625563176e-87
eakf_model1,0.9999999999365168
eakf_model2,6.348326453213707e-11
eakf_model3,1.0086101769338183e-25
sarima,1.4550747422488616e-85
