model_name,weigth
arima,1.4984648848867665e-49
eakf_model1,0.9999999999772891
eakf_model2,2.269959793480206e-11
eakf_model3,1.1378693208746585e-14
sarima,5.7574540577098605e-27
