model_name,weigth
arima,3e-323
eakf_model1,0.24519095458803364
eakf_model2,0.7548090391169288
eakf_model3,6.295037563107734e-09
sarima,1.6052926882091838e-46
