model_name,weigth
arima,6.954359382859281e-19
eakf_model1,0.9999999999982715
eakf_model2,1.594279847846692e-12
eakf_model3,1.3409821045440197e-13
sarima,1.3264015352525189e-17
