model_name,weigth
arima,4.270667377385333e-59
eakf_model1,9.209856608036634e-29
eakf_model2,2.5056788379928106e-12
eakf_model3,0.9999999999974943
