model_name,weigth
arima,4.355630156440983e-44
eakf_model1,1.502552935910773e-20
eakf_model2,2.3634669722641612e-14
eakf_model3,1.5521504082845987e-11
sarima,0.9999999999844549
