model_name,weigth
arima,2e-323
eakf_model1,2.0948847715341864e-09
eakf_model2,0.9999999979051152
eakf_model3,5.067206579160721e-34
sarima,2.0384795161408104e-184
