model_name,weigth
arima,2.5740337190827435e-40
eakf_model1,0.9999999999953013
eakf_model2,4.698628681252933e-12
eakf_model3,3.189401536761959e-17
