model_name,weigth
arima,2.2892365845847605e-18
eakf_model1,0.9999999999989876
eakf_model2,9.76685821207564e-13
eakf_model3,3.5762087273792416e-14
