model_name,weigth
arima,4.7473170173943766e-33
eakf_model1,1.2218009691309945e-22
eakf_model2,1.6191337873862628e-12
eakf_model3,0.999999999998381
