model_name,weigth
arima,7.294281148476056e-132
eakf_model1,9.094443755309468e-13
eakf_model2,4.5991127304080396e-10
eakf_model3,0.9999999995391793
