model_name,weigth
arima,4.417453706326675e-50
eakf_model1,0.9999999999888765
eakf_model2,1.1123432507295102e-11
eakf_model3,2.798693153352616e-21
sarima,2.275071317277835e-46
