model_name,weigth
arima,1.2110072498103904e-15
eakf_model1,1.38807658371599e-16
eakf_model2,1.7455321043972598e-12
eakf_model3,0.9999999999982532
