model_name,weigth
arima,5.727014717947431e-13
eakf_model1,6.554649485544878e-14
eakf_model2,7.820921794341819e-14
eakf_model3,0.9999999999992836
