model_name,weigth
arima,3.5566693448314686e-11
eakf_model1,7.494607965295027e-70
eakf_model2,1.096584562855381e-61
eakf_model3,0.9999999999644333
