model_name,weigth
arima,2.522903980043803e-35
eakf_model1,2.932141019672656e-40
eakf_model2,4.7203075906886604e-12
eakf_model3,0.9999999999952772
sarima,2.4346105717059293e-15
