model_name,weigth
arima,1.005671232723868e-37
eakf_model1,1.2352009366134078e-23
eakf_model2,6.64305318007118e-12
eakf_model3,0.9999999999933571
