model_name,weigth
arima,3e-323
eakf_model1,0.4233323858989821
eakf_model2,1.23038789969112e-58
eakf_model3,0.576667614101018
