model_name,weigth
arima,4.842625481902804e-12
eakf_model1,1.6549540436038535e-29
eakf_model2,3.831900164438014e-22
eakf_model3,0.9999999999951574
