model_name,weigth
arima,2.7338003334912985e-31
eakf_model1,2.656629798457138e-23
eakf_model2,7.546353112147066e-12
eakf_model3,0.9999999999924538
sarima,4.113819759174524e-41
