model_name,weigth
arima,1.963303247034765e-56
eakf_model1,1.0167523412683548e-13
eakf_model2,2.580538418043322e-11
eakf_model3,0.9999999999740931
