model_name,weigth
arima,1.1540051631036906e-240
eakf_model1,5.219698710663855e-42
eakf_model2,1.3516367851918618e-09
eakf_model3,0.9999999986483633
sarima,5.4649626378312715e-295
