model_name,weigth
arima,6.06922618302428e-29
eakf_model1,1.4753738408279034e-26
eakf_model2,3.66666718338433e-12
eakf_model3,0.9999999999963333
sarima,2.592519796616974e-28
