model_name,weigth
arima,1.7508053032844047e-38
eakf_model1,4.318867883707745e-22
eakf_model2,1.8041085650241086e-11
eakf_model3,0.9999999999819589
