model_name,weigth
arima,2.0255914871970865e-79
eakf_model1,4.223415267097486e-11
eakf_model2,2.938067895509722e-14
eakf_model3,0.9999999999577366
