model_name,weigth
arima,1.59469380569756e-63
eakf_model1,0.999999999863275
eakf_model2,1.3634880576591357e-10
eakf_model3,3.761603583033778e-13
sarima,2.3592992807651376e-66
