model_name,weigth
arima,1.3134334536732152e-12
eakf_model1,1.6593868180383783e-26
eakf_model2,7.294105358341685e-13
eakf_model3,0.9999999999979573
