model_name,weigth
arima,2.5208724975002095e-11
eakf_model1,5.601426677578879e-65
eakf_model2,1.3909510156032438e-47
eakf_model3,0.9999999999747914
