model_name,weigth
arima,4.875270271995315e-20
eakf_model1,7.015971661128267e-28
eakf_model2,0.9999999999432558
eakf_model3,5.674415242898949e-11
