model_name,weigth
arima,9.271400404494241e-15
eakf_model1,3.452872608982499e-19
eakf_model2,5.465584705665296e-12
eakf_model3,0.9999999999945253
