model_name,weigth
arima,1.7074428384804255e-56
eakf_model1,1.7840223212918736e-38
eakf_model2,0.9999999999167084
eakf_model3,8.329160770709785e-11
sarima,1.8530807749411974e-60
