model_name,weigth
arima,4.5527288233323134e-11
eakf_model1,1.8699520467216995e-216
eakf_model2,0.9999999980800849
eakf_model3,1.874387920223698e-09
