model_name,weigth
arima,7.537345743719943e-12
eakf_model1,2.095624350797405e-63
eakf_model2,0.9999999999544525
eakf_model3,2.334202754940227e-13
sarima,3.777668691870357e-11
