model_name,weigth
arima,1.8615937855116524e-11
eakf_model1,6.052247273758016e-36
eakf_model2,8.245871847661659e-24
eakf_model3,0.9999999999813841
