model_name,weigth
arima,0.9999999999971853
eakf_model1,5.456980358642662e-32
eakf_model2,7.953241079827751e-13
eakf_model3,2.019487144595693e-12
