model_name,weigth
arima,0.7874608315338868
eakf_model1,1.3529402955727645e-204
eakf_model2,6.355571568311311e-10
eakf_model3,0.2125391678305562
