model_name,weigth
arima,1.2816000792485323e-11
eakf_model1,2.609785746834986e-25
eakf_model2,5.135920996586611e-13
eakf_model3,0.9999999999866704
