model_name,weigth
arima,7.174051446641931e-11
eakf_model1,5.033155400327942e-53
eakf_model2,0.9999999999282595
eakf_model3,8.391392408803687e-23
sarima,8.044722923170564e-24
