model_name,weigth
arima,2.6485025482254863e-31
eakf_model1,8.986858323988727e-13
eakf_model2,0.999999999969761
eakf_model3,2.9340384250239236e-11
sarima,1.2995603191577736e-36
