model_name,weigth
arima,1.0245860033532794e-10
eakf_model1,1.3003180833213722e-57
eakf_model2,4.070310394312402e-77
eakf_model3,0.9999999998975414
