model_name,weigth
arima,4.3001153808357175e-45
eakf_model1,1.0083073529104981e-16
eakf_model2,0.9999999999524339
eakf_model3,4.756596553558129e-11
