model_name,weigth
arima,8.635239912413268e-13
eakf_model1,1.9388842291567112e-16
eakf_model2,9.811108893269679e-13
eakf_model3,0.9999999999981551
