model_name,weigth
arima,8.890241794985867e-11
eakf_model1,6.363786252589451e-162
eakf_model2,2.917228337488653e-10
eakf_model3,0.9999999996193748
