model_name,weigth
arima,2.3968274564839527e-12
eakf_model1,2.673686986590203e-26
eakf_model2,7.419113223043784e-12
eakf_model3,0.9999999999901842
