model_name,weigth
arima,1.6516975475376524e-150
eakf_model1,0.9999999998318275
eakf_model2,1.728238828786108e-19
eakf_model3,1.6817256764351753e-10
