model_name,weigth
arima,0.999999999990742
eakf_model1,3.597498429384508e-37
eakf_model2,9.258077565654815e-12
eakf_model3,4.200497591340306e-20
