model_name,weigth
arima,0.9999999999993767
eakf_model1,2.0155832001039776e-18
eakf_model2,6.189975351612185e-13
eakf_model3,4.274835140519395e-15
