model_name,weigth
arima,4.6723184614624547e-48
eakf_model1,3.1445672590923037e-10
eakf_model2,3.542293939246066e-53
eakf_model3,6.143279714215514e-51
sarima,0.9999999996855433
