model_name,weigth
arima,0.0
eakf_model1,1.14e-322
eakf_model2,0.9999998451965144
eakf_model3,1.5480348555689155e-07
sarima,3.5e-323
