model_name,weigth
arima,0.9999999999948691
eakf_model1,4.3686457529062035e-23
eakf_model2,5.130793506100227e-12
eakf_model3,5.9672008511512105e-18
