model_name,weigth
arima,1.3876305407143894e-15
eakf_model1,2.5195268327035797e-15
eakf_model2,4.2978525061546775e-18
eakf_model3,9.090585238202924e-12
sarima,0.9999999999909055
