model_name,weigth
arima,3.796912602747777e-63
eakf_model1,1.4155391431620996e-28
eakf_model2,0.9999999998453256
eakf_model3,1.5467446459869845e-10
sarima,1.8418857059097572e-69
