model_name,weigth
arima,1.3529973130431697e-16
eakf_model1,1.2737416642640711e-20
eakf_model2,3.0509114351401866e-12
eakf_model3,0.999999999996949
