model_name,weigth
arima,0.0
eakf_model1,5.4e-323
eakf_model2,1.6682393721715648e-05
eakf_model3,0.9999833176062782
