model_name,weigth
arima,0.9999999999994775
eakf_model1,4.9588682498189735e-19
eakf_model2,5.079321892547095e-13
eakf_model3,1.457308091885179e-14
