model_name,weigth
arima,0.9999999999984753
eakf_model1,7.027489476040054e-29
eakf_model2,1.5246985084026718e-12
eakf_model3,1.3274116310141958e-17
