model_name,weigth
arima,0.0
eakf_model1,0.9999999981651038
eakf_model2,1.7569363465221965e-31
eakf_model3,1.8348962240039746e-09
