model_name,weigth
arima,0.9999999999929269
eakf_model1,2.031269263425282e-28
eakf_model2,4.8828645562793446e-18
eakf_model3,7.0732331385830164e-12
