model_name,weigth
arima,0.0
eakf_model1,7.603756134249632e-165
eakf_model2,0.9999999900738626
eakf_model3,9.926137341235182e-09
sarima,3.5e-323
