model_name,weigth
arima,4.980171636099582e-41
eakf_model1,6.242891601913369e-12
eakf_model2,0.9999999999540156
eakf_model3,3.9741453510760675e-11
sarima,5.424932436832845e-26
