model_name,weigth
arima,6.820823306243767e-81
eakf_model1,6.987901989303413e-19
eakf_model2,0.9999999997185768
eakf_model3,2.81423217841019e-10
