model_name,weigth
arima,2.5e-323
eakf_model1,1.3994247259042468e-71
eakf_model2,0.9999999967308776
eakf_model3,3.2691223500985064e-09
