model_name,weigth
arima,2.8709265733648185e-146
eakf_model1,7.109378220349564e-84
eakf_model2,0.818860849901547
eakf_model3,0.18113915009845313
