model_name,weigth
arima,1.1876119833247192e-119
eakf_model1,2.884427567079349e-39
eakf_model2,1.003598348841211e-10
eakf_model3,0.9999999998996403
sarima,1.9783205411936376e-101
