model_name,weigth
arima,5.026151805706566e-52
eakf_model1,3.6974291210522e-16
eakf_model2,1.4982531743857288e-11
eakf_model3,0.9999999999850171
sarima,3.819103002766357e-57
