model_name,weigth
arima,4.4895650999629416e-57
eakf_model1,3.95982246605582e-30
eakf_model2,0.9999999999767744
eakf_model3,2.3225776518416635e-11
