model_name,weigth
arima,2.619574797423603e-29
eakf_model1,1.6729165188465228e-11
eakf_model2,0.999999999983151
eakf_model3,1.1996706448915002e-13
