model_name,weigth
arima,5.706034651459939e-160
eakf_model1,5.981401972530218e-65
eakf_model2,0.9999999998330067
eakf_model3,1.6699337202000566e-10
