model_name,weigth
arima,1.1697853773189842e-10
eakf_model1,1.053878687518039e-21
eakf_model2,0.9999999998830188
eakf_model3,2.726736078071426e-15
