model_name,weigth
arima,7.145281995230624e-154
eakf_model1,2.333061194370088e-40
eakf_model2,2.3830865825282627e-10
eakf_model3,0.9999999997616915
sarima,2.5401922152183274e-166
