model_name,weigth
arima,3e-323
eakf_model1,4.128186334173115e-201
eakf_model2,0.9082343077776854
eakf_model3,0.09176569222231455
sarima,3e-323
