model_name,weigth
arima,9.45727204449171e-241
eakf_model1,9.811978983313435e-32
eakf_model2,2.722383470619214e-10
eakf_model3,0.9999999997277618
