model_name,weigth
arima,1.6634815852797461e-44
eakf_model1,1.2729535077240669e-12
eakf_model2,8.946700716950764e-23
eakf_model3,0.999999999998727
sarima,4.9141175455658285e-23
