model_name,weigth
arima,0.0
eakf_model1,5.709602996695655e-10
eakf_model2,3.333784024590302e-94
eakf_model3,0.9999999994290398
