model_name,weigth
arima,1.383890063471421e-106
eakf_model1,1.1911008816593188e-12
eakf_model2,1.8416656467370618e-19
eakf_model3,0.999999999998809
