model_name,weigth
arima,1.1686531862286135e-160
eakf_model1,0.9999999999855265
eakf_model2,2.1939172014719074e-42
eakf_model3,1.4473537581238141e-11
