model_name,weigth
arima,5.5104845222483536e-101
eakf_model1,6.461883601762046e-12
eakf_model2,2.2836656936305115e-16
eakf_model3,0.999999999993538
