model_name,weigth
arima,2.203038238854855e-46
eakf_model1,8.289926763870601e-13
eakf_model2,1.7923563854340677e-21
eakf_model3,0.9999999999991711
