model_name,weigth
arima,0.0
eakf_model1,0.9999999995946027
eakf_model2,1.346158591254076e-99
eakf_model3,1.1685419117488248e-34
sarima,4.0539717379876893e-10
