model_name,weigth
arima,4.126943497105833e-55
eakf_model1,4.1647623560329954e-11
eakf_model2,0.9999999999583523
eakf_model3,2.3958496067081137e-32
