model_name,weigth
arima,1.084826915427816e-42
eakf_model1,4.07086646107403e-11
eakf_model2,0.9999999999592913
eakf_model3,5.120098311848842e-28
sarima,1.837282765169795e-138
