model_name,weigth
arima,4e-323
eakf_model1,2.1233422824093875e-06
eakf_model2,0.9999978766577176
eakf_model3,1.9e-322
sarima,4e-323
