model_name,weigth
arima,2e-323
eakf_model1,9.770382247420086e-08
eakf_model2,0.9999999022961776
eakf_model3,6.4e-323
