model_name,weigth
arima,6.316857021590144e-41
eakf_model1,2.033279954162418e-11
eakf_model2,0.9999999999796672
eakf_model3,6.392319673442571e-30
