model_name,weigth
arima,3.61880860712314e-255
eakf_model1,0.9999999999630255
eakf_model2,4.677920370119673e-47
eakf_model3,3.697459548408465e-11
sarima,0.0
