model_name,weigth
arima,1.7605912013293733e-42
eakf_model1,3.3859721182459565e-11
eakf_model2,0.9999999999661402
eakf_model3,2.0617781381893638e-29
sarima,2.4622527392154325e-57
