model_name,weigth
arima,1.0571922080322218e-48
eakf_model1,1.6008725389214734e-12
eakf_model2,3.763779166222286e-21
eakf_model3,0.9999999999983991
