model_name,weigth
arima,3.1938389348424623e-293
eakf_model1,0.9999999999146908
eakf_model2,4.998535123473077e-65
eakf_model3,8.530918842989038e-11
sarima,0.0
