model_name,weigth
arima,1.2080789514107016e-69
eakf_model1,1.503580321960006e-11
eakf_model2,9.617586378476233e-16
eakf_model3,0.9999999999849633
