model_name,weigth
arima,1.2546204710326707e-49
eakf_model1,2.959824546228053e-12
eakf_model2,3.80329019856258e-19
eakf_model3,0.9999999999970401
sarima,4.878616939048592e-34
