model_name,weigth
arima,3.8489693075522334e-260
eakf_model1,0.9999999999882586
eakf_model2,1.3532503169112015e-28
eakf_model3,1.1741437213258345e-11
