model_name,weigth
arima,3.5559128028140937e-34
eakf_model1,1.0085617291915957e-10
eakf_model2,0.9999999998991438
eakf_model3,3.4220806363397614e-36
