model_name,weigth
arima,1.4001136182965547e-164
eakf_model1,0.9999999999876357
eakf_model2,8.908675266521944e-26
eakf_model3,1.2364324924983532e-11
