model_name,weigth
arima,1.528948291452714e-159
eakf_model1,0.9999999992618565
eakf_model2,1.7981566154235252e-27
eakf_model3,7.381435745268364e-10
