model_name,weigth
arima,0.0
eakf_model1,3.646171648457641e-10
eakf_model2,1.4974767387373552e-176
eakf_model3,0.9999999996353829
