model_name,weigth
arima,1.0477334992004487e-244
eakf_model1,0.9999999999919722
eakf_model2,7.330595250617977e-23
eakf_model3,8.027894505719744e-12
