model_name,weigth
arima,1.106067520936943e-84
eakf_model1,0.9999999999941187
eakf_model2,5.881151111435354e-12
eakf_model3,1.0261312744394655e-22
