model_name,weigth
arima,1.418548220234965e-195
eakf_model1,0.9999999998995173
eakf_model2,6.902546712543778e-27
eakf_model3,1.0048259482340615e-10
sarima,0.0
