model_name,weigth
arima,0.0
eakf_model1,0.9999999999348527
eakf_model2,4.270895575522037e-11
eakf_model3,2.243834444748477e-11
sarima,0.0
