model_name,weigth
arima,0.0
eakf_model1,0.9999999997333584
eakf_model2,5.544061977984538e-46
eakf_model3,2.6664155774122746e-10
