model_name,weigth
arima,0.0
eakf_model1,6.920035339808777e-10
eakf_model2,3.035614111476296e-68
eakf_model3,0.9999999993079964
sarima,0.0
