model_name,weigth
arima,3.9699545746782743e-175
eakf_model1,0.9999999999920097
eakf_model2,7.990178235864064e-12
eakf_model3,9.428485479409698e-17
