model_name,weigth
arima,0.0
eakf_model1,9.327924623254268e-12
eakf_model2,0.9999999999906529
eakf_model3,1.9202955856550284e-14
