model_name,weigth
arima,1.64413425e-315
eakf_model1,0.9999999999616999
eakf_model2,3.830016948062955e-11
eakf_model3,1.3061720616254185e-38
