model_name,weigth
arima,0.0
eakf_model1,7.152891022375351e-11
eakf_model2,0.9999999999284711
eakf_model3,1.508075829886234e-26
