model_name,weigth
arima,4.914494230976069e-38
eakf_model1,0.9999999999956488
eakf_model2,4.351137870106394e-12
eakf_model3,3.042518626608424e-24
