model_name,weigth
arima,5.029713329698179e-47
eakf_model1,0.999999999996378
eakf_model2,3.62209221096795e-12
eakf_model3,3.944675263820494e-20
