model_name,weigth
arima,0.0
eakf_model1,0.9999999988131787
eakf_model2,1.1868212955306783e-09
eakf_model3,2.3228504002846242e-33
sarima,0.0
