model_name,weigth
arima,0.0
eakf_model1,0.9999999865984003
eakf_model2,1.1517082601175056e-144
eakf_model3,1.3401599637231705e-08
sarima,2e-323
