model_name,weigth
arima,1.0263404508301851e-305
eakf_model1,2.1451954190477223e-11
eakf_model2,2.8971212608637833e-29
eakf_model3,0.999999999978548
