model_name,weigth
arima,6.797182596624693e-213
eakf_model1,0.9999999999731071
eakf_model2,2.689291914194525e-11
eakf_model3,7.132402374683561e-41
