model_name,weigth
arima,1.8678400764767237e-232
eakf_model1,2.5324280268795847e-11
eakf_model2,4.276720287912725e-27
eakf_model3,0.9999999999746756
sarima,2.9907397435053463e-186
