model_name,weigth
arima,6.274720430126075e-63
eakf_model1,0.9999999999957196
eakf_model2,4.211080880270114e-12
eakf_model3,6.935830627435417e-14
