model_name,weigth
arima,8.824445584153204e-131
eakf_model1,4.587557750015292e-11
eakf_model2,1.1891276134850155e-13
eakf_model3,0.9999999999540055
