model_name,weigth
arima,5.380300811621781e-131
eakf_model1,7.824695731736181e-11
eakf_model2,3.154080333554545e-16
eakf_model3,0.9999999999217528
sarima,5.380300811621781e-131
