model_name,weigth
arima,2.2429255711093544e-168
eakf_model1,2.1735300568759045e-11
eakf_model2,2.177136978955858e-23
eakf_model3,0.9999999999782647
sarima,2.2429255711093544e-168
