model_name,weigth
arima,4.516699167683276e-220
eakf_model1,0.9999999999777953
eakf_model2,5.0128493788676946e-15
eakf_model3,2.219956179604245e-11
