model_name,weigth
arima,4.309429324417354e-161
eakf_model1,0.9999999999918749
eakf_model2,8.125176890299658e-12
eakf_model3,5.236889569725374e-18
