model_name,weigth
arima,6.634760810295924e-44
eakf_model1,0.9999999999919129
eakf_model2,8.087129017311315e-12
eakf_model3,6.183426184423781e-20
