model_name,weigth
arima,3.0944746282713903e-153
eakf_model1,7.383147977182656e-11
eakf_model2,0.9999999999261685
eakf_model3,4.182812041595953e-25
sarima,0.0
