model_name,weigth
arima,0.0
eakf_model1,0.9999999237113688
eakf_model2,7.628863114691976e-08
eakf_model3,3.506712738689417e-84
