model_name,weigth
arima,7.609486214491609e-200
eakf_model1,7.717784196718367e-11
eakf_model2,1.3366640578530014e-26
eakf_model3,0.9999999999228222
