model_name,weigth
arima,3.098715817760238e-256
eakf_model1,2.1414878559781673e-11
eakf_model2,3.675133094768061e-27
eakf_model3,0.9999999999785851
