model_name,weigth
arima,1e-323
eakf_model1,0.999999999798324
eakf_model2,1.8891980589607038e-38
eakf_model3,2.0167599534147832e-10
