model_name,weigth
arima,0.0
eakf_model1,0.9999999999370719
eakf_model2,6.292804521647354e-11
eakf_model3,1.4149453198456785e-23
