model_name,weigth
arima,9.618392162140665e-300
eakf_model1,3.6020662319446335e-10
eakf_model2,2.3590381745855227e-42
eakf_model3,0.9999999996397932
sarima,9.618392162140665e-300
