model_name,weigth
arima,0.0
eakf_model1,1.8990562767947123e-08
eakf_model2,7.608602080803771e-120
eakf_model3,0.9999999810094372
sarima,0.0
