model_name,weigth
arima,4.4389044761447e-256
eakf_model1,0.9999999999759888
eakf_model2,2.4011202153157533e-11
eakf_model3,4.689409323311378e-31
