model_name,weigth
arima,4.60170282662618e-149
eakf_model1,0.9999999999764821
eakf_model2,2.351778435991093e-11
eakf_model3,1.90909131925112e-31
