model_name,weigth
arima,0.0
eakf_model1,3.726156244014177e-11
eakf_model2,2.8430048303408218e-11
eakf_model3,0.9999999999343084
