model_name,weigth
arima,0.0
eakf_model1,0.9999999990547523
eakf_model2,3.558124120448789e-31
eakf_model3,9.452476107838696e-10
