model_name,weigth
arima,0.0
eakf_model1,0.9999999995528461
eakf_model2,4.471538071940161e-10
eakf_model3,5.923324536296608e-59
sarima,2e-323
