model_name,weigth
arima,0.0
eakf_model1,2.307162960378554e-10
eakf_model2,1.3504473868328444e-60
eakf_model3,0.9999999997692837
