model_name,weigth
arima,1.5360590321620587e-76
eakf_model1,0.9999999999967075
eakf_model2,8.118724695981231e-22
eakf_model3,3.292511672694578e-12
