model_name,weigth
arima,0.0
eakf_model1,0.9999999993070906
eakf_model2,2.1454662482766467e-105
eakf_model3,6.929093834611518e-10
sarima,0.0
