model_name,weigth
arima,4.6539924300815274e-272
eakf_model1,1.9823606343673366e-11
eakf_model2,0.9999999999801764
eakf_model3,3.4331227432194115e-19
