model_name,weigth
arima,1.6278739755105502e-98
eakf_model1,1.9420126118813526e-11
eakf_model2,1.9988981609204676e-28
eakf_model3,0.9999999999805799
sarima,2.2746080583353066e-80
