model_name,weigth
arima,2.4595821395e-313
eakf_model1,5.392187183311006e-11
eakf_model2,0.999999999946078
eakf_model3,7.221497561143044e-29
sarima,6.393283959967178e-306
