model_name,weigth
arima,5.253208634656753e-80
eakf_model1,0.9999999999960261
eakf_model2,1.00790540357879e-16
eakf_model3,3.97372136780546e-12
