model_name,weigth
arima,2e-323
eakf_model1,0.9999999916628326
eakf_model2,3.1052394416221345e-181
eakf_model3,8.337167403979573e-09
sarima,0.0
