model_name,weigth
arima,7.113103453515896e-241
eakf_model1,3.044835383986873e-11
eakf_model2,3.0908135133801773e-30
eakf_model3,0.9999999999695517
