model_name,weigth
arima,0.0
eakf_model1,0.9999999990006944
eakf_model2,5.49864299888155e-18
eakf_model3,9.993056197774124e-10
