model_name,weigth
arima,4.144817694120431e-121
eakf_model1,0.9999999999897318
eakf_model2,1.89221481297073e-23
eakf_model3,1.026822240260223e-11
