model_name,weigth
arima,1.0177337710694249e-73
eakf_model1,0.9999999999968554
eakf_model2,4.445288173187442e-19
eakf_model3,3.1444673918258363e-12
