model_name,weigth
arima,1.2219614733072593e-84
eakf_model1,0.9999999999944514
eakf_model2,5.548532727695541e-12
eakf_model3,3.03218235775303e-19
