model_name,weigth
arima,8.394081307482858e-100
eakf_model1,0.9999999999935468
eakf_model2,1.5401795943189917e-18
eakf_model3,6.453180112498364e-12
