model_name,weigth
arima,5.049137369610156e-200
eakf_model1,3.8683301311203824e-11
eakf_model2,2.0101170094261318e-27
eakf_model3,0.9999999999613167
sarima,8.582917909149216e-176
