model_name,weigth
arima,0.0
eakf_model1,0.9999999991827324
eakf_model2,2.5736760609623547e-129
eakf_model3,8.172675349402504e-10
