model_name,weigth
arima,6.931931180268593e-219
eakf_model1,3.058530020603897e-11
eakf_model2,0.9999999999694147
eakf_model3,3.241380159000147e-22
sarima,7.286143045479002e-227
