model_name,weigth
arima,4.222181160406904e-110
eakf_model1,0.9999999999960492
eakf_model2,2.216417233534354e-18
eakf_model3,3.950901638624291e-12
