model_name,weigth
arima,0.0
eakf_model1,8.337204957678219e-11
eakf_model2,3.919961420136408e-40
eakf_model3,0.9999999999166279
sarima,2e-323
