model_name,weigth
arima,4.3543531792649546e-293
eakf_model1,0.9999999999665251
eakf_model2,6.0539261225265474e-12
eakf_model3,2.742091417364483e-11
sarima,1.765470809255851e-301
