model_name,weigth
arima,1.9199135262010078e-91
eakf_model1,0.9999999999884557
eakf_model2,4.5389632548000996e-30
eakf_model3,1.1544246455271491e-11
