model_name,weigth
arima,0.0
eakf_model1,0.999999999821191
eakf_model2,1.7879876731650178e-10
eakf_model3,1.0205980347323203e-14
