model_name,weigth
arima,8.291061368272784e-304
eakf_model1,0.9999999999535512
eakf_model2,4.6448866401639624e-11
eakf_model3,5.742457334243095e-18
sarima,2e-323
