model_name,weigth
arima,5.571172352601879e-202
eakf_model1,0.9999999999915382
eakf_model2,1.6408601067121363e-12
eakf_model3,6.820872458144393e-12
