model_name,weigth
arima,1.5643343211699546e-60
eakf_model1,0.9999999999968373
eakf_model2,2.3285837750882126e-12
eakf_model3,8.340824689240442e-13
