model_name,weigth
arima,2.4685294194260906e-72
eakf_model1,0.9999999999926668
eakf_model2,1.138869568378626e-19
eakf_model3,7.333311992690256e-12
sarima,2.27970921802144e-38
