model_name,weigth
arima,2.253e-320
eakf_model1,0.9999999999852067
eakf_model2,1.4603133087790607e-11
eakf_model3,1.899942202783874e-13
