model_name,weigth
arima,0.0
eakf_model1,0.9999999999735565
eakf_model2,1.4073113799307225e-16
eakf_model3,2.6443311198528168e-11
