model_name,weigth
arima,0.0
eakf_model1,5.506233730252349e-11
eakf_model2,0.9999999999449376
eakf_model3,2.7683966826208725e-58
