model_name,weigth
arima,1.3806244331213407e-88
eakf_model1,4.5848309642807e-12
eakf_model2,5.7451130007391694e-33
eakf_model3,0.9999999999954152
