model_name,weigth
arima,1.2657114453820695e-134
eakf_model1,2.5375782069430176e-12
eakf_model2,1.1671817025860747e-16
eakf_model3,0.9999999999974624
