model_name,weigth
arima,1.5722954597946446e-196
eakf_model1,0.9999999999665332
eakf_model2,9.100225117978137e-33
eakf_model3,3.346663916162134e-11
sarima,1.9925260153351498e-201
