model_name,weigth
arima,5.853762978096198e-72
eakf_model1,2.421130162606193e-13
eakf_model2,3.504564659287026e-13
eakf_model3,0.9999999999994074
