model_name,weigth
arima,1.0395367933927108e-248
eakf_model1,2.6571052800278834e-15
eakf_model2,0.9999999999954159
eakf_model3,4.581500496675546e-12
