model_name,weigth
arima,1.2165426630753768e-118
eakf_model1,0.9999999999923708
eakf_model2,7.629237771151924e-12
eakf_model3,2.068785846430787e-17
