model_name,weigth
arima,2.976212943381331e-85
eakf_model1,0.9999999999841451
eakf_model2,7.247746969195764e-41
eakf_model3,1.5854900384791942e-11
sarima,2.421808276461322e-37
