model_name,weigth
arima,3.949734505870379e-14
eakf_model1,0.9999999999990126
eakf_model2,8.909709432700038e-18
eakf_model3,9.477832131970409e-13
