model_name,weigth
arima,2e-323
eakf_model1,3.2631191810703153e-09
eakf_model2,0.9999999967368808
eakf_model3,6.541392241925464e-165
sarima,3.5e-323
