model_name,weigth
arima,7.161864307180389e-186
eakf_model1,0.9999999999761756
eakf_model2,1.3079156511088004e-16
eakf_model3,2.3824270218249276e-11
