model_name,weigth
arima,9.549426728027869e-44
eakf_model1,5.800493460354197e-12
eakf_model2,0.9999999999941995
eakf_model3,1.151004426664939e-21
sarima,2.259856975200788e-36
