model_name,weigth
arima,5.682714570490455e-15
eakf_model1,0.9999999999993051
eakf_model2,6.847497376844608e-13
eakf_model3,4.485535574100844e-15
