model_name,weigth
arima,7.71221772127796e-17
eakf_model1,0.9999999999983855
eakf_model2,5.718419379640169e-20
eakf_model3,1.6144803617773505e-12
