model_name,weigth
arima,2.8085567411785522e-14
eakf_model1,0.9999999999987598
eakf_model2,2.2126220376160962e-17
eakf_model3,1.2121005501874707e-12
