model_name,weigth
arima,2.1136450605369926e-15
eakf_model1,0.9999999999990719
eakf_model2,3.8736636220030984e-19
eakf_model3,9.25901221685497e-13
