model_name,weigth
arima,2.1867104048195152e-15
eakf_model1,0.9999999999988103
eakf_model2,2.2173589483602163e-19
eakf_model3,1.1875246271557821e-12
