model_name,weigth
arima,1.645871314704378e-132
eakf_model1,1.0499808285727382e-10
eakf_model2,6.878034348615436e-43
eakf_model3,0.999999999895002
sarima,2.7140837198927217e-101
