model_name,weigth
arima,1.2099978808807157e-93
eakf_model1,4.3628498624928944e-11
eakf_model2,2.8753764159366916e-24
eakf_model3,0.9999999999563713
