model_name,weigth
arima,1.8307431683844253e-123
eakf_model1,0.999999999975503
eakf_model2,3.2223995244539853e-47
eakf_model3,2.4496979129383508e-11
