model_name,weigth
arima,6.776663888762682e-123
eakf_model1,2.983210563661851e-11
eakf_model2,0.9999999999701679
eakf_model3,4.700123263605839e-30
