model_name,weigth
arima,9.646942364962348e-77
eakf_model1,0.9999999999925805
eakf_model2,3.6007064092949564e-23
eakf_model3,7.419522943289975e-12
