model_name,weigth
arima,1e-323
eakf_model1,0.4025855622684884
eakf_model2,0.5974144377315116
eakf_model3,6.171133754367872e-73
