model_name,weigth
arima,3.5555341915114875e-47
eakf_model1,0.9999999999934358
eakf_model2,6.5642238029100115e-12
eakf_model3,3.7846868522688176e-39
