model_name,weigth
arima,3.499848237199103e-156
eakf_model1,0.9999999999319651
eakf_model2,2.007680275071745e-24
eakf_model3,6.803494640455149e-11
sarima,1.0069510126244647e-108
