model_name,weigth
arima,1.5115942919279038e-171
eakf_model1,0.9999999999582567
eakf_model2,2.4001000711526588e-14
eakf_model3,4.171941114312153e-11
sarima,9.655099610202495e-102
