model_name,weigth
arima,3.1334304325106046e-142
eakf_model1,1.2448082768750873e-23
eakf_model2,9.208244438776021e-12
eakf_model3,0.9999999999907918
