model_name,weigth
arima,1e-323
eakf_model1,5.143866871991809e-10
eakf_model2,0.9999999994856132
eakf_model3,5.929692151616348e-40
