model_name,weigth
arima,5.314009429077679e-13
eakf_model1,0.9999999999994476
eakf_model2,1.294707799679387e-14
eakf_model3,8.058606324839363e-15
