model_name,weigth
arima,4.223503404680923e-20
eakf_model1,0.9999999999995501
eakf_model2,2.1025624542243536e-16
eakf_model3,4.495648376961204e-13
