model_name,weigth
arima,5.8907e-320
eakf_model1,0.9999999999166083
eakf_model2,8.338992497236989e-11
eakf_model3,1.83352541847383e-15
