model_name,weigth
arima,1.3729843357992445e-24
eakf_model1,0.9999999999993672
eakf_model2,3.7475214598878843e-19
eakf_model3,6.328788286872822e-13
