model_name,weigth
arima,1.0936353228396445e-28
eakf_model1,0.9999999999991606
eakf_model2,1.763788187490379e-17
eakf_model3,8.394384296416947e-13
