model_name,weigth
arima,8.37999991425534e-268
eakf_model1,7.976853105691603e-11
eakf_model2,0.9999999999202315
eakf_model3,5.741131427882018e-43
