model_name,weigth
arima,0.0
eakf_model1,6.256291607278784e-10
eakf_model2,1.132174414938947e-60
eakf_model3,0.9999999993743709
