model_name,weigth
arima,6.750892828286701e-184
eakf_model1,3.1690730957134025e-11
eakf_model2,0.9999999999683092
eakf_model3,2.7283363860283096e-30
