model_name,weigth
arima,1.803418084138983e-139
eakf_model1,0.9999999999766138
eakf_model2,3.6774949080636445e-12
eakf_model3,1.9708699522355478e-11
sarima,1.4313264102462593e-88
