model_name,weigth
arima,5.30411509991306e-13
eakf_model1,0.9999999999992961
eakf_model2,1.834064726180497e-15
eakf_model3,1.7152610232645004e-13
