model_name,weigth
arima,0.0
eakf_model1,6.823145226269043e-78
eakf_model2,6.641243815616482e-11
eakf_model3,0.9999999999335876
