model_name,weigth
arima,3.1502927965243875e-34
eakf_model1,0.9999999999988982
eakf_model2,3.4138896206141024e-26
eakf_model3,1.1018500581284702e-12
