model_name,weigth
arima,3.038510398970497e-141
eakf_model1,2.990120565142524e-11
eakf_model2,0.9999999999700988
eakf_model3,2.772254711294924e-29
sarima,4.595064194344248e-111
