model_name,weigth
arima,4.3028647046861014e-111
eakf_model1,4.955321713086919e-22
eakf_model2,1.0703939623238727e-11
eakf_model3,0.9999999999892961
sarima,1.7442050088628868e-67
