model_name,weigth
arima,9.45619016795391e-269
eakf_model1,1.449256106532098e-48
eakf_model2,1.9964585835546218e-11
eakf_model3,0.9999999999800355
