model_name,weigth
arima,2.1715770028871706e-205
eakf_model1,6.053731204378507e-26
eakf_model2,3.094726915468885e-11
eakf_model3,0.9999999999690528
sarima,2.0205467833485334e-148
