model_name,weigth
arima,2.5544317481406275e-78
eakf_model1,2.860483859500357e-12
eakf_model2,3.474829228986468e-36
eakf_model3,0.9999999999971394
