model_name,weigth
arima,8.657695687359957e-307
eakf_model1,1.9535804212865425e-80
eakf_model2,0.49358503820873817
eakf_model3,0.5064149617912618
