model_name,weigth
arima,0.0
eakf_model1,2e-323
eakf_model2,1.517037947105869e-07
eakf_model3,0.9999998482962053
