model_name,weigth
arima,1.1431072987672982e-60
eakf_model1,3.725627709724658e-12
eakf_model2,2.609186028162741e-12
eakf_model3,0.9999999999936653
