model_name,weigth
arima,6.046972616033082e-100
eakf_model1,1.0504076588337082e-18
eakf_model2,3.0556308444626857e-11
eakf_model3,0.9999999999694436
sarima,4.190523780052133e-28
