model_name,weigth
arima,2.957064901961716e-73
eakf_model1,6.066621820405043e-20
eakf_model2,0.9999999999950239
eakf_model3,4.976154029906944e-12
