model_name,weigth
arima,0.0
eakf_model1,5.156486171725827e-101
eakf_model2,7.783846845926082e-11
eakf_model3,0.9999999999221616
