model_name,weigth
arima,1e-323
eakf_model1,5.863929003812657e-11
eakf_model2,0.9999999992947979
eakf_model3,6.465627992090735e-10
