model_name,weigth
arima,2e-323
eakf_model1,0.9999999915173718
eakf_model2,3.207350934911067e-53
eakf_model3,8.482628064733521e-09
sarima,2e-323
