model_name,weigth
arima,7.519260388941608e-48
eakf_model1,9.314260212839024e-12
eakf_model2,1.8498326293091006e-13
eakf_model3,0.9999999999905007
sarima,6.062320951890077e-29
