model_name,weigth
arima,1.3068910913222292e-65
eakf_model1,4.443000001278843e-12
eakf_model2,5.693123335913431e-18
eakf_model3,0.9999999999955571
