model_name,weigth
arima,1.4862123480673446e-69
eakf_model1,3.6307368814626383e-12
eakf_model2,1.3655992456218805e-26
eakf_model3,0.9999999999963692
sarima,2.862051959992637e-62
