model_name,weigth
arima,1.8069889229159085e-46
eakf_model1,1.839712178249957e-12
eakf_model2,3.198378420006482e-12
eakf_model3,0.999999999994962
