model_name,weigth
arima,4.7637625762579207e-126
eakf_model1,1.385641916091807e-11
eakf_model2,2.2013008345271516e-42
eakf_model3,0.9999999999861435
sarima,2.894305940295484e-102
