model_name,weigth
arima,1.5614574203715368e-53
eakf_model1,4.373772296351404e-12
eakf_model2,2.806678299023927e-16
eakf_model3,0.9999999999956259
sarima,1.075042580387952e-48
