model_name,weigth
arima,2.0763698593062495e-304
eakf_model1,9.712613934467181e-78
eakf_model2,0.9999999999585907
eakf_model3,4.1409364118663773e-11
