model_name,weigth
arima,2.302787556534319e-149
eakf_model1,1.1890501722013479e-11
eakf_model2,2.174280484839732e-53
eakf_model3,0.9999999999881095
