model_name,weigth
arima,1e-323
eakf_model1,2.0727803899035305e-117
eakf_model2,5.860859149265847e-10
eakf_model3,0.999999999413914
