model_name,weigth
arima,1e-323
eakf_model1,2e-323
eakf_model2,0.9999999988498625
eakf_model3,1.150137582163832e-09
