model_name,weigth
arima,2.2071877499275615e-162
eakf_model1,0.9999999999072886
eakf_model2,9.271140406590267e-11
eakf_model3,1.2621161922870222e-18
sarima,9.906150027607278e-154
