model_name,weigth
arima,2.856612624693364e-196
eakf_model1,8.349270255269451e-11
eakf_model2,7.947191811608132e-15
eakf_model3,0.9999999999164993
