model_name,weigth
arima,2.912561976142345e-57
eakf_model1,1.685992884990183e-14
eakf_model2,5.033147295930674e-12
eakf_model3,0.99999999999495
