model_name,weigth
arima,1.4172986909314892e-41
eakf_model1,4.247737810564909e-17
eakf_model2,1.6574033828700045e-12
eakf_model3,0.9999999999983425
