model_name,weigth
arima,1e-323
eakf_model1,3.102716236659754e-10
eakf_model2,0.9999999996897284
eakf_model3,9.402086054408386e-40
