model_name,weigth
arima,4.798075858562923e-199
eakf_model1,1.068431540244987e-10
eakf_model2,9.098807147791407e-35
eakf_model3,0.9999999998931568
sarima,5.707269132162611e-110
