model_name,weigth
arima,1.0624326536813909e-94
eakf_model1,3.1391393103190586e-36
eakf_model2,9.348659662917587e-12
eakf_model3,0.9999999999906513
