model_name,weigth
arima,2.885375974822232e-179
eakf_model1,1.531945886169133e-10
eakf_model2,1.3542973800771935e-12
eakf_model3,0.9999999998454512
sarima,7.60570884197312e-130
