model_name,weigth
arima,1.7357374279919918e-30
eakf_model1,9.551774387858253e-13
eakf_model2,2.2473672093182465e-15
eakf_model3,0.9999999999990427
