model_name,weigth
arima,1e-323
eakf_model1,2.587559673402699e-10
eakf_model2,1.823445193007376e-47
eakf_model3,0.999999999741244
