model_name,weigth
arima,4.837197787971185e-52
eakf_model1,4.489715136549569e-19
eakf_model2,2.916440137004661e-13
eakf_model3,0.9999999999951881
sarima,4.520204862974888e-12
