model_name,weigth
arima,4.504437744404242e-119
eakf_model1,1.352616916837055e-19
eakf_model2,1.61803274248241e-11
eakf_model3,0.9999999999838196
