model_name,weigth
arima,1e-323
eakf_model1,2.5476961181605043e-231
eakf_model2,7.824495913937809e-10
eakf_model3,0.9999999992175503
