model_name,weigth
arima,2e-323
eakf_model1,8.190052260160072e-13
eakf_model2,0.9999999882838968
eakf_model3,1.1715284287182672e-08
sarima,2e-323
