model_name,weigth
arima,3.2874883814328814e-47
eakf_model1,2.08602428495079e-11
eakf_model2,0.9999999999791398
eakf_model3,4.386683606319843e-50
