model_name,weigth
arima,4.820204797496845e-152
eakf_model1,5.893625541382697e-51
eakf_model2,0.9999999999577287
eakf_model3,4.227131133690719e-11
