model_name,weigth
arima,4.122565618821255e-86
eakf_model1,1.6255691817044898e-25
eakf_model2,0.9999999999843772
eakf_model3,1.5622834169488142e-11
sarima,6.24231854716108e-25
