model_name,weigth
arima,1.6914613178579208e-77
eakf_model1,1.7720746184324977e-16
eakf_model2,0.9999999999730583
eakf_model3,2.694141087467604e-11
