model_name,weigth
arima,2.80091121505979e-88
eakf_model1,3.0746452682480335e-11
eakf_model2,0.9999999999692535
eakf_model3,2.8203249072382105e-48
