model_name,weigth
arima,1.7089126766205795e-111
eakf_model1,1.3284207554923607e-20
eakf_model2,0.9999999999022006
eakf_model3,9.779949097975571e-11
sarima,1.3111681029160641e-52
