model_name,weigth
arima,9.7531961483067e-89
eakf_model1,4.327328606886482e-11
eakf_model2,0.9999999999567266
eakf_model3,2.790739234721601e-33
