model_name,weigth
arima,3.215740258546955e-92
eakf_model1,5.4105414020573594e-11
eakf_model2,0.9999999999458946
eakf_model3,1.256572521401578e-38
sarima,8.45723081677607e-92
