model_name,weigth
arima,1e-323
eakf_model1,2e-323
eakf_model2,0.6372311832891926
eakf_model3,0.3627688167108074
