model_name,weigth
arima,2.0945645399907096e-42
eakf_model1,1.6413411750272522e-11
eakf_model2,0.9999999999835866
eakf_model3,1.9424480633992056e-49
