model_name,weigth
arima,4e-323
eakf_model1,7.430021021329925e-09
eakf_model2,0.999999992569979
eakf_model3,2e-323
