model_name,weigth
arima,9.067145555152328e-90
eakf_model1,4.115378567223558e-12
eakf_model2,6.785206999087242e-12
eakf_model3,0.9999999999890994
