model_name,weigth
arima,5.941961391257879e-46
eakf_model1,1.197905946863688e-11
eakf_model2,0.9999999999880209
eakf_model3,3.188559199321937e-57
