model_name,weigth
arima,4.626441700171977e-131
eakf_model1,8.372933002949935e-11
eakf_model2,0.9999999999162706
eakf_model3,6.7113484762249214e-49
