model_name,weigth
arima,2.777272528778135e-155
eakf_model1,1.9661101471450373e-42
eakf_model2,0.9999999999551554
eakf_model3,4.4844618045372324e-11
