model_name,weigth
arima,4.3581396485269983e-82
eakf_model1,9.038998430898445e-23
eakf_model2,6.855626910625895e-12
eakf_model3,0.9999999999931444
