model_name,weigth
arima,2.8503869894482905e-67
eakf_model1,3.1278367635502704e-11
eakf_model2,0.9999999999687217
eakf_model3,1.1138325370779158e-29
sarima,1.4110730834772919e-67
