model_name,weigth
arima,1.239872612507876e-47
eakf_model1,1.4460902962356285e-11
eakf_model2,0.9999999999853986
eakf_model3,1.405337506650852e-13
sarima,4.7401520444162374e-35
