model_name,weigth
arima,3.7351153216774435e-72
eakf_model1,9.66070623666329e-11
eakf_model2,0.9999999999033929
eakf_model3,1.61361530446417e-123
