model_name,weigth
arima,9.814644990327283e-68
eakf_model1,6.855328286234699e-11
eakf_model2,0.9999999999314467
eakf_model3,7.595814083102353e-77
