model_name,weigth
arima,2e-323
eakf_model1,4.2993925653600164e-09
eakf_model2,0.9999999957006074
eakf_model3,1.0812688527759312e-251
sarima,2e-323
