model_name,weigth
arima,4.943336021918447e-205
eakf_model1,0.9999999997246989
eakf_model2,2.753010580973341e-10
eakf_model3,2.6732391252202274e-129
sarima,1.740177604098322e-182
