model_name,weigth
arima,6.941729189023467e-60
eakf_model1,0.9999999999672176
eakf_model2,3.278258824150483e-11
eakf_model3,2.6728703783049247e-28
sarima,1.2120991385924664e-41
