model_name,weigth
arima,3.652869752695589e-25
eakf_model1,1.4508917403000253e-22
eakf_model2,3.311492974400275e-12
eakf_model3,0.9999999999966885
