model_name,weigth
arima,2.130215388893733e-151
eakf_model1,7.407575961671118e-11
eakf_model2,0.9999999999259243
eakf_model3,8.259733122718559e-107
