model_name,weigth
arima,2.0079045892709488e-108
eakf_model1,8.471484242820284e-11
eakf_model2,0.9999999999152851
eakf_model3,1.3361800290837446e-142
