model_name,weigth
arima,4.9789247078746954e-46
eakf_model1,1.2934838878649842e-11
eakf_model2,0.9999999999870651
eakf_model3,3.634957524181106e-48
