model_name,weigth
arima,3.935151175397343e-230
eakf_model1,5.36663861054239e-309
eakf_model2,2.43908542641021e-24
eakf_model3,0.9999999998658089
sarima,1.3419103746725166e-10
