model_name,weigth
arima,9.91457121880673e-242
eakf_model1,6.542995028055958e-286
eakf_model2,6.768945402894385e-55
eakf_model3,0.9999999997783646
sarima,2.216354302207317e-10
