model_name,weigth
arima,5.705920129893619e-133
eakf_model1,1.269083838597075e-10
eakf_model2,0.9999999998730917
eakf_model3,1.4965026857691388e-88
