model_name,weigth
arima,2.3126034525157294e-48
eakf_model1,4.4179770373215063e-57
eakf_model2,5.165751008678814e-12
eakf_model3,0.9999999999948344
