model_name,weigth
arima,1.9469080287781454e-74
eakf_model1,3.257773428211265e-11
eakf_model2,0.9999999999674223
eakf_model3,3.4745685173855793e-32
