model_name,weigth
arima,3.7830914512420907e-60
eakf_model1,6.197057101577834e-81
eakf_model2,5.550673127863341e-12
eakf_model3,0.9999999999944493
