model_name,weigth
arima,2.8267073791265195e-32
eakf_model1,1.3609872200871473e-11
eakf_model2,0.9999999999863902
eakf_model3,4.139575197700963e-46
