model_name,weigth
arima,6.474015812787281e-270
eakf_model1,0.9999999979577301
eakf_model2,2.0422698166978874e-09
eakf_model3,6.518905564374596e-86
sarima,4e-323
