model_name,weigth
arima,3.3104985480332256e-59
eakf_model1,2.9385370869532335e-11
eakf_model2,0.9999999999706146
eakf_model3,5.146704176131831e-24
