model_name,weigth
arima,1.2008562125065416e-26
eakf_model1,4.689074267837993e-25
eakf_model2,9.009385272793292e-12
eakf_model3,0.9999999999909907
