model_name,weigth
arima,2.632530730920577e-80
eakf_model1,3.214632850126645e-21
eakf_model2,1.188833358170492e-10
eakf_model3,0.9999999998811167
sarima,6.693659014859703e-82
