model_name,weigth
arima,3.7804980266393435e-32
eakf_model1,7.949868389210725e-12
eakf_model2,0.9999999999920501
eakf_model3,1.1560598043862642e-33
