model_name,weigth
arima,1.668302326338038e-36
eakf_model1,2.092687932371974e-26
eakf_model2,3.0889386941745054e-12
eakf_model3,0.999999999996911
