model_name,weigth
arima,3.2410330781553925e-44
eakf_model1,6.526491135889023e-39
eakf_model2,3.1545556968547747e-12
eakf_model3,0.9999999999968454
sarima,2.1619830893273714e-28
