model_name,weigth
arima,1.3829056076484973e-33
eakf_model1,6.922209814053793e-47
eakf_model2,3.020948193315551e-11
eakf_model3,0.9999999999697904
