model_name,weigth
arima,4.8176247655799165e-60
eakf_model1,2.5017636214472165e-11
eakf_model2,0.9999999999749823
eakf_model3,1.5165087844352933e-56
