model_name,weigth
arima,6.94402949958201e-110
eakf_model1,6.805764391290894e-11
eakf_model2,0.9999999999319423
eakf_model3,4.042432025738836e-142
