model_name,weigth
arima,5.804242770572739e-27
eakf_model1,4.617249111349503e-11
eakf_model2,0.9999999999538276
eakf_model3,1.1319467693398459e-76
