model_name,weigth
arima,9.420604447503427e-248
eakf_model1,4.6271470068469027e-10
eakf_model2,0.9999999995372852
eakf_model3,3.890160914439231e-219
