model_name,weigth
arima,2e-323
eakf_model1,0.9999999949028436
eakf_model2,5.097156292962782e-09
eakf_model3,2e-323
