model_name,weigth
arima,2e-323
eakf_model1,1.6535593123813328e-110
eakf_model2,3.752079763670363e-09
eakf_model3,0.9999999962479202
