model_name,weigth
arima,6.65240461324695e-310
eakf_model1,0.999999999246278
eakf_model2,7.537220952913246e-10
eakf_model3,7.044955794213516e-255
