model_name,weigth
arima,4.21796996499201e-23
eakf_model1,2.626095121961038e-11
eakf_model2,0.999999999973739
eakf_model3,7.461979581545247e-66
