model_name,weigth
arima,0.9999999999560993
eakf_model1,2.3887325013713876e-47
eakf_model2,9.758865404036688e-37
eakf_model3,4.390077858349604e-11
sarima,2.676284982099489e-29
