model_name,weigth
arima,7.670813709815596e-11
eakf_model1,1.8619637598164713e-102
eakf_model2,5.292037885046537e-47
eakf_model3,0.9999999999232918
