model_name,weigth
arima,7.490466308808172e-74
eakf_model1,3.4884707614694634e-11
eakf_model2,0.9999999999651152
eakf_model3,1.0942986998745683e-92
