model_name,weigth
arima,3.579408134270623e-15
eakf_model1,6.9486935847497115e-43
eakf_model2,4.0999612026566e-12
eakf_model3,3.411538545221218e-13
sarima,0.9999999999955553
