model_name,weigth
arima,2.752423097597907e-63
eakf_model1,4.132286682277703e-11
eakf_model2,0.999999999958677
eakf_model3,6.385227454344905e-112
