model_name,weigth
arima,5.439778878959561e-187
eakf_model1,1.0409311358734164e-10
eakf_model2,0.9999999998959068
eakf_model3,8.683343790683244e-84
