model_name,weigth
arima,0.9999999998171849
eakf_model1,4.7145666894555e-103
eakf_model2,1.6838916631942708e-93
eakf_model3,1.8281508023330321e-10
