model_name,weigth
arima,5.4525016387676104e-11
eakf_model1,9.339383373183092e-100
eakf_model2,6.33682144600011e-78
eakf_model3,0.999999999945475
