model_name,weigth
arima,1.8729543083351267e-75
eakf_model1,2.968054342520384e-11
eakf_model2,0.9999999999703195
eakf_model3,1.731284071998703e-53
