model_name,weigth
arima,1.1120472484889818e-85
eakf_model1,1.8812426407534836e-11
eakf_model2,0.9999999999811875
eakf_model3,1.3999027797778399e-45
