model_name,weigth
arima,1.3295574432542517e-38
eakf_model1,7.376121844683739e-23
eakf_model2,6.102842832912037e-11
eakf_model3,0.9999999999389716
