model_name,weigth
arima,1.9124559068188528e-163
eakf_model1,0.9999999980715106
eakf_model2,1.928489374618098e-09
eakf_model3,6.085810659806464e-166
sarima,7.473232143908111e-227
