model_name,weigth
arima,1.2828395436818599e-129
eakf_model1,0.9999999996537365
eakf_model2,3.4626337967697084e-10
eakf_model3,2.9748679750033676e-86
sarima,3.385825869455481e-119
