model_name,weigth
arima,1.8762553083256112e-11
eakf_model1,5.641759637942926e-63
eakf_model2,1.668196864342437e-24
eakf_model3,0.9999999999812375
