model_name,weigth
arima,0.9999999998057958
eakf_model1,9.328342761368383e-27
eakf_model2,4.112613099069663e-32
eakf_model3,1.9420429933699854e-10
sarima,4.08950883744721e-43
