model_name,weigth
arima,4.9808586442885125e-149
eakf_model1,6.90272397384865e-10
eakf_model2,0.9999999993097275
eakf_model3,3.3068491744033785e-103
