model_name,weigth
arima,2.529170265430492e-93
eakf_model1,2.963570943650811e-10
eakf_model2,0.999999999703643
eakf_model3,1.7962422116332597e-41
sarima,2.4056220763218907e-77
