model_name,weigth
arima,1.5524699804072879e-52
eakf_model1,0.9999999998963802
eakf_model2,1.0361968579099843e-10
eakf_model3,7.544334825274915e-34
