model_name,weigth
arima,8.20427176237558e-16
eakf_model1,1.0780907563816496e-108
eakf_model2,6.898121274450606e-11
eakf_model3,1.3632487800526117e-13
sarima,0.9999999999308817
