model_name,weigth
arima,3.1605997965125844e-26
eakf_model1,3.2681015239658854e-31
eakf_model2,0.999999999968642
eakf_model3,3.135805233167183e-11
sarima,7.304668643400512e-27
