model_name,weigth
arima,6.397582083985082e-31
eakf_model1,6.11660161278797e-12
eakf_model2,0.9999999999938833
eakf_model3,1.5137273978260496e-51
