model_name,weigth
arima,6.78237306530749e-14
eakf_model1,2.507084161842084e-13
eakf_model2,1.0284211052392994e-17
eakf_model3,0.9999999999996814
