model_name,weigth
arima,2.821404096306087e-15
eakf_model1,1.258347987980781e-11
eakf_model2,0.9999999999874137
eakf_model3,3.956001019610063e-18
