model_name,weigth
arima,6.020486769372188e-54
eakf_model1,8.488070990926406e-191
eakf_model2,5.642219368018542e-10
eakf_model3,0.999999999435778
