model_name,weigth
arima,2e-323
eakf_model1,7.323183758754238e-10
eakf_model2,0.9999999992300667
eakf_model3,3.761489438048541e-11
sarima,3.349201970587875e-309
