model_name,weigth
arima,1e-323
eakf_model1,2.1340456625820163e-10
eakf_model2,0.9999999997865954
eakf_model3,2.0750267835022317e-17
