model_name,weigth
arima,9.057350885481079e-24
eakf_model1,2.4011974459059796e-11
eakf_model2,9.208410780806602e-51
eakf_model3,1.9665586358307795e-16
sarima,0.9999999999759879
