model_name,weigth
arima,1e-323
eakf_model1,1.3899126326395054e-09
eakf_model2,1.5309464074136875e-54
eakf_model3,0.9999999986100874
