model_name,weigth
arima,1.8256487805180028e-242
eakf_model1,8.208511179556393e-11
eakf_model2,0.9999999999179149
eakf_model3,2.428426803618314e-17
sarima,4.361249909958297e-143
