model_name,weigth
arima,0.4146653088695433
eakf_model1,1.6946796400871e-52
eakf_model2,3.5034047975433627e-125
eakf_model3,0.5853346911304567
