model_name,weigth
arima,9.821401384590171e-96
eakf_model1,1.7687297214717068e-46
eakf_model2,0.9999999999091804
eakf_model3,9.081950781859919e-11
