model_name,weigth
arima,2.617445304414642e-12
eakf_model1,4.936801344994464e-32
eakf_model2,4.433447191187651e-28
eakf_model3,8.207397396298243e-13
sarima,0.9999999999965619
