model_name,weigth
arima,9.524467843349336e-20
eakf_model1,6.097891514122859e-36
eakf_model2,2.0781272177201855e-12
eakf_model3,1.0078159463077001e-12
sarima,0.999999999996914
