model_name,weigth
arima,3.34953023336985e-19
eakf_model1,0.9999999999585649
eakf_model2,4.143504187031544e-11
eakf_model3,8.79557081492229e-35
