model_name,weigth
arima,1.9640054751537025e-61
eakf_model1,5.379632417437359e-55
eakf_model2,0.9999999998627817
eakf_model3,1.372183149263574e-10
