model_name,weigth
arima,8.11608334506874e-151
eakf_model1,0.9999999997978166
eakf_model2,4.437166902267591e-22
eakf_model3,2.021832628530164e-10
sarima,3.904688323127729e-48
