model_name,weigth
arima,8.277351058376412e-20
eakf_model1,1.1768727064403729e-12
eakf_model2,2.311567911505976e-13
eakf_model3,0.999999999998592
