model_name,weigth
arima,8.578086322357657e-149
eakf_model1,1.085126075472604e-10
eakf_model2,1.034893479246332e-33
eakf_model3,0.9999999998914875
