model_name,weigth
arima,3.2001137525170642e-15
eakf_model1,1.2901820409891947e-12
eakf_model2,3.988902273428783e-21
eakf_model3,0.9999999999987066
