model_name,weigth
arima,8.615797351004736e-153
eakf_model1,8.217032455906861e-11
eakf_model2,5.023008930871821e-28
eakf_model3,0.9999999999178297
sarima,1.5678665152380335e-99
