model_name,weigth
arima,2.5e-323
eakf_model1,1.6306393294034168e-09
eakf_model2,1.4186520788466366e-160
eakf_model3,0.9999999983693606
