model_name,weigth
arima,1.5435498385809542e-73
eakf_model1,4.9528752125323435e-17
eakf_model2,1.9506580634327656e-11
eakf_model3,0.9999999999804934
