model_name,weigth
arima,1.4539140416952882e-285
eakf_model1,3.01158076910957e-10
eakf_model2,1.888363846560461e-29
eakf_model3,0.9999999996988418
