model_name,weigth
arima,3.307967798112828e-177
eakf_model1,2.0542430467117585e-10
eakf_model2,0.9999999997945757
eakf_model3,5.753599426070251e-20
