model_name,weigth
arima,1.5820167640623347e-54
eakf_model1,1.6606443922404576e-34
eakf_model2,6.90624934495152e-12
eakf_model3,0.9999999999930937
