model_name,weigth
arima,1.9673230656437155e-232
eakf_model1,2.8757853631797597e-10
eakf_model2,6.08246195163589e-20
eakf_model3,0.9999999997124215
sarima,1.5252776915658203e-191
