model_name,weigth
arima,1.1629090271413126e-49
eakf_model1,4.357282835092215e-14
eakf_model2,1.5258611577599158e-11
eakf_model3,0.9999999999846978
sarima,1.3347124174724327e-50
