model_name,weigth
arima,4.3438040301152175e-106
eakf_model1,1.5246002278965527e-58
eakf_model2,9.507131162909671e-11
eakf_model3,0.9999999999049287
