model_name,weigth
arima,5.1516333375225534e-36
eakf_model1,3.721287917697093e-12
eakf_model2,9.479235146240737e-13
eakf_model3,0.9999999999953308
sarima,1.9577817517615405e-30
