model_name,weigth
arima,3.285673302667224e-166
eakf_model1,2.3025836975799676e-46
eakf_model2,1.796111673405947e-10
eakf_model3,0.9999999998203888
sarima,1.0895464561458544e-161
