model_name,weigth
arima,3.986137425162957e-38
eakf_model1,1.2029031392615608e-20
eakf_model2,0.9999999999913036
eakf_model3,8.696332511594952e-12
