model_name,weigth
arima,7.688685053314101e-43
eakf_model1,8.567431690015857e-25
eakf_model2,0.9999999999886482
eakf_model3,1.1351880503064578e-11
