model_name,weigth
arima,1e-323
eakf_model1,6.2858525236972705e-09
eakf_model2,1.4062850992667862e-52
eakf_model3,0.9999999937141475
