model_name,weigth
arima,1.393e-321
eakf_model1,3.3162561986945623e-19
eakf_model2,3.5718711540453604e-10
eakf_model3,0.9999999996428129
sarima,2.5393744971838373e-189
