model_name,weigth
arima,2.4376164813403013e-104
eakf_model1,1.1438773993595082e-10
eakf_model2,0.9999999998856123
eakf_model3,6.21285833048428e-69
