model_name,weigth
arima,4.124432150202659e-163
eakf_model1,1.1517697646447506e-51
eakf_model2,0.9999999993763649
eakf_model3,6.236350801027624e-10
