model_name,weigth
arima,2e-323
eakf_model1,1.792347901439605e-07
eakf_model2,7.099239563277814e-151
eakf_model3,0.9999998207652099
sarima,2e-323
