model_name,weigth
arima,2.204643432983929e-222
eakf_model1,2.703403749082914e-11
eakf_model2,1.1549210232850496e-62
eakf_model3,2.7071217671836534e-12
sarima,0.9999999999702588
