model_name,weigth
arima,2.5e-323
eakf_model1,2.1156575442665198e-09
eakf_model2,1.0493981105746002e-119
eakf_model3,0.9999999978843425
sarima,0.0
