model_name,weigth
arima,3.518996372096994e-99
eakf_model1,0.9999999999167622
eakf_model2,1.6102054056886003e-17
eakf_model3,8.323782785348111e-11
sarima,1.0239582286728441e-84
