model_name,weigth
arima,1.4671330964389325e-234
eakf_model1,0.9999999985885881
eakf_model2,1.4114119356082359e-09
eakf_model3,4.355461057346866e-42
sarima,3.275527586876734e-290
