model_name,weigth
arima,2.5e-323
eakf_model1,0.9999999982298138
eakf_model2,2.7694618698906105e-34
eakf_model3,1.7701863296213569e-09
sarima,2.5e-323
