model_name,weigth
arima,2.5e-323
eakf_model1,2.9090385071431987e-10
eakf_model2,8.003672481999095e-52
eakf_model3,0.9999999997090961
sarima,2.5e-323
