model_name,weigth
arima,2.5e-323
eakf_model1,4.197535816617947e-144
eakf_model2,0.9999998045348046
eakf_model3,1.9546519531718502e-07
sarima,2e-323
