model_name,weigth
arima,1.630653734908838e-201
eakf_model1,3.828855800991079e-11
eakf_model2,1.8631414266253177e-23
eakf_model3,0.9999999999617115
sarima,7.146518143803857e-260
