model_name,weigth
arima,2.5e-323
eakf_model1,0.9999999868023408
eakf_model2,2.7384213845988108e-24
eakf_model3,1.319765909165016e-08
sarima,2.5e-323
