model_name,weigth
arima,2.5e-323
eakf_model1,2.4281539059391365e-10
eakf_model2,1.1868817731689981e-44
eakf_model3,0.9999999997571847
sarima,2.5e-323
