model_name,weigth
arima,6.58868998948235e-191
eakf_model1,1.299115345536274e-11
eakf_model2,1.9892115309249138e-11
eakf_model3,0.9999999999671167
sarima,1.9828527726988887e-246
