model_name,weigth
arima,2.5e-323
eakf_model1,1.705227022759132e-10
eakf_model2,6.727010650221038e-54
eakf_model3,0.9999999998294773
sarima,2.5e-323
