model_name,weigth
arima,2.2887891462851218e-198
eakf_model1,0.9999999999459198
eakf_model2,5.119977404457133e-35
eakf_model3,5.4080186189816334e-11
sarima,7.213937821728654e-191
