model_name,weigth
arima,7.627074886898988e-286
eakf_model1,0.9999999999506638
eakf_model2,4.9336201744662973e-11
eakf_model3,1.0056851181328228e-32
sarima,2.606264133935571e-250
