model_name,weigth
arima,1.2242530400787224e-201
eakf_model1,0.9999999999789376
eakf_model2,4.6676890681997194e-18
eakf_model3,2.1062458229152423e-11
sarima,1.4786762268153462e-210
