model_name,weigth
arima,5.036378750429653e-80
eakf_model1,0.9999999999936994
eakf_model2,6.300664442752696e-12
eakf_model3,4.756717378481543e-20
sarima,1.4853542434624237e-52
