model_name,weigth
arima,2.413016182136879e-250
eakf_model1,0.9999999999747049
eakf_model2,5.787939145715495e-12
eakf_model3,1.9507195152216146e-11
sarima,1.514853685705769e-263
