model_name,weigth
arima,2.7146114626147232e-55
eakf_model1,0.9999999999962841
eakf_model2,3.697214141706204e-12
eakf_model3,1.877463164460883e-14
sarima,1.4091330834262017e-29
