model_name,weigth
arima,2.32238116330138e-55
eakf_model1,0.9999999999946182
eakf_model2,1.217205807623796e-15
eakf_model3,5.3806823303141e-12
sarima,5.073952510510106e-27
