model_name,weigth
arima,5.262034071368829e-209
eakf_model1,0.9999999994854639
eakf_model2,5.145121024199455e-10
eakf_model3,2.400810340853657e-14
sarima,7.548504293307897e-165
