model_name,weigth
arima,1.0747221238841486e-84
eakf_model1,0.9999999999779384
eakf_model2,2.205612787713677e-11
eakf_model3,5.522183420729208e-15
sarima,3.2579631318509533e-48
