model_name,weigth
arima,7.048572881063987e-58
eakf_model1,0.9999999999925628
eakf_model2,7.216614880709693e-15
eakf_model3,7.430031167347083e-12
sarima,1.7834705897345233e-30
