model_name,weigth
arima,2.954290511867079e-191
eakf_model1,0.9999999999332271
eakf_model2,6.677290829698183e-11
eakf_model3,3.443539730219928e-18
sarima,1.701578899130169e-119
