model_name,weigth
arima,1.76286092100281e-259
eakf_model1,0.9999999992395928
eakf_model2,5.731496536856883e-68
eakf_model3,7.604072069338501e-10
sarima,6.827841552231701e-196
