model_name,weigth
arima,9.732028615737025e-191
eakf_model1,6.562839875285606e-11
eakf_model2,0.9999999999343715
eakf_model3,8.919808810949933e-17
sarima,1.03365090493475e-133
