model_name,weigth
arima,1.618731024552003e-111
eakf_model1,4.439613140605631e-12
eakf_model2,7.537958544020844e-12
eakf_model3,0.9999999999880225
sarima,1.2234478931847345e-73
