model_name,weigth
arima,1.1156169080332943e-265
eakf_model1,1.203059560720815e-10
eakf_model2,0.9999999998796939
eakf_model3,1.8097826813344123e-16
sarima,2.5304970967009984e-241
