model_name,weigth
arima,2.5e-323
eakf_model1,1.414009195472171e-10
eakf_model2,7.81765372094364e-22
eakf_model3,0.9999999998585991
sarima,5.218440587304267e-262
