model_name,weigth
arima,5.826307580888121e-86
eakf_model1,6.863813925183737e-12
eakf_model2,2.09421136997774e-14
eakf_model3,0.9999999999931153
sarima,1.8394239863682062e-58
