model_name,weigth
arima,7.44886917509587e-79
eakf_model1,5.949334182562819e-12
eakf_model2,1.6485975798722856e-22
eakf_model3,0.9999999999940508
sarima,9.497463314953702e-62
