model_name,weigth
arima,4.622374005282447e-210
eakf_model1,4.974860284132429e-21
eakf_model2,2.1593600863258506e-10
eakf_model3,0.999999999784064
sarima,7.283282301136361e-135
