model_name,weigth
arima,1.1010529061710806e-78
eakf_model1,5.789676857128884e-12
eakf_model2,8.701739524303754e-20
eakf_model3,0.9999999999942103
sarima,8.60532605815989e-56
