model_name,weigth
arima,9.599946616210486e-158
eakf_model1,1.0116721685199142e-32
eakf_model2,6.386942726885685e-11
eakf_model3,0.9999999999361306
sarima,3.455381197446443e-46
