model_name,weigth
arima,5e-323
eakf_model1,4.6051244721330765e-09
eakf_model2,6.810424532224894e-23
eakf_model3,0.9999999953948756
sarima,5e-323
