model_name,weigth
arima,5.535103631066545e-166
eakf_model1,1.1257035175727528e-10
eakf_model2,3.634884865727349e-17
eakf_model3,0.9999999998874297
sarima,6.449837945924332e-159
