model_name,weigth
arima,2.0884373146140742e-189
eakf_model1,1.0252919446811226e-10
eakf_model2,8.802847491452305e-17
eakf_model3,0.9999999998974709
sarima,3.018000335927579e-95
