model_name,weigth
arima,8.06226829373943e-54
eakf_model1,6.902142860759277e-12
eakf_model2,9.48935013611552e-14
eakf_model3,0.9999999999930029
sarima,7.461243464336137e-32
