model_name,weigth
arima,1.6670756539337866e-165
eakf_model1,5.5869373926284123e-11
eakf_model2,4.672965100866352e-11
eakf_model3,0.999999999897401
sarima,3.9737091333134504e-128
