model_name,weigth
arima,2.1370254967336383e-48
eakf_model1,2.559547214720479e-13
eakf_model2,4.5908096744611194e-12
eakf_model3,0.9999999999951533
sarima,2.4278010651049005e-21
