model_name,weigth
arima,2.5e-323
eakf_model1,3.1904766449246945e-152
eakf_model2,2.2508987069936948e-09
eakf_model3,0.9999999977491014
sarima,8.616886817545144e-205
