model_name,weigth
arima,7.544897473622143e-89
eakf_model1,6.667313054628512e-11
eakf_model2,0.9999999999331466
eakf_model3,1.8044224908678826e-13
sarima,1.3534348608391039e-59
