model_name,weigth
arima,2.5e-323
eakf_model1,1.0686052502042394e-104
eakf_model2,3.7592012908289306e-10
eakf_model3,0.9999999996240798
sarima,3.679607031440516e-119
