model_name,weigth
arima,1.821726065380661e-252
eakf_model1,6.355601162075155e-44
eakf_model2,2.0596766911055352e-10
eakf_model3,0.9999999997940324
sarima,7.797639781268691e-102
