model_name,weigth
arima,1.9807983361419885e-182
eakf_model1,0.9999999997348402
eakf_model2,2.651598442202628e-10
eakf_model3,4.93315863722215e-21
sarima,2.9825805518077237e-136
