model_name,weigth
arima,9.48083441264906e-147
eakf_model1,0.9999999997769462
eakf_model2,2.230538513877743e-10
eakf_model3,1.4854662003442312e-25
sarima,1.6278846182112075e-134
