model_name,weigth
arima,4.300076129313207e-270
eakf_model1,2.3373627387093684e-95
eakf_model2,0.9999999998181397
eakf_model3,1.8186028404767715e-10
sarima,2.4504358982068997e-66
