model_name,weigth
arima,5.9436655454931745e-220
eakf_model1,2.495652642812897e-113
eakf_model2,5.499786470522089e-30
eakf_model3,7.213472926215256e-10
sarima,0.9999999992786528
