model_name,weigth
arima,1.7337447469517316e-79
eakf_model1,0.9999999999544092
eakf_model2,4.559084040841411e-11
eakf_model3,1.15234488870301e-45
sarima,2.5567746255602535e-78
