model_name,weigth
arima,2.772751845447582e-233
eakf_model1,9.517511304044892e-274
eakf_model2,2.2087036934798631e-69
eakf_model3,2.3949678724814745e-10
sarima,0.9999999997605032
