model_name,weigth
arima,2.1260842262537833e-93
eakf_model1,4.831231149516248e-93
eakf_model2,2.831768038634391e-27
eakf_model3,4.756701914839146e-11
sarima,0.999999999952433
