model_name,weigth
arima,1.9139320351246436e-37
eakf_model1,0.9999999999854737
eakf_model2,1.4526250361290973e-11
eakf_model3,9.221220036135101e-21
sarima,1.223651349699855e-21
