model_name,weigth
arima,6.224697924051163e-58
eakf_model1,0.9999999999762281
eakf_model2,2.3771993295789896e-11
eakf_model3,1.858088825485303e-32
sarima,8.331311864590544e-47
