model_name,weigth
arima,1.5873383448240922e-102
eakf_model1,0.5345365209674686
eakf_model2,2.943579821100917e-10
eakf_model3,3.919589657796612e-12
sarima,0.46546347873425387
