model_name,weigth
arima,4.033466613849717e-116
eakf_model1,1.2564688638605084e-40
eakf_model2,0.9999999999546478
eakf_model3,4.535224315064843e-11
sarima,3.948087289662264e-35
