model_name,weigth
arima,1.5710106506058306e-96
eakf_model1,0.9999999997486473
eakf_model2,2.5135258898202364e-10
eakf_model3,1.472246008443e-34
sarima,1.2838858462737107e-122
