model_name,weigth
arima,5.769199860665079e-95
eakf_model1,5.635208838577704e-33
eakf_model2,9.604755930793738e-11
eakf_model3,0.9999999999039525
sarima,1.2357235224906329e-118
