model_name,weigth
arima,6.461124371229947e-47
eakf_model1,4.188098659013118e-28
eakf_model2,9.635431484287592e-12
eakf_model3,0.9999999999903647
sarima,1.191864885191102e-39
