model_name,weigth
arima,6.947646463072636e-107
eakf_model1,0.9999999996737915
eakf_model2,3.2620858010097997e-10
eakf_model3,1.8991649289348456e-21
sarima,2.5756180454441265e-106
