model_name,weigth
arima,2.276780957518085e-165
eakf_model1,1.013785707658519e-27
eakf_model2,1.145263381246245e-09
eakf_model3,0.9999999988547368
sarima,1.6706466149523918e-178
