model_name,weigth
arima,7.99473931644515e-169
eakf_model1,6.297355033867679e-80
eakf_model2,9.058866734384673e-10
eakf_model3,0.9999999990941134
sarima,3.3135104948150237e-186
