model_name,weigth
arima,0.9999999998151576
eakf_model1,4.558141549324929e-99
eakf_model2,2.308620722963092e-33
eakf_model3,1.848424239230521e-10
sarima,3.0827713854174824e-26
