model_name,weigth
arima,7.356543648711462e-35
eakf_model1,5.563058546495185e-24
eakf_model2,0.9999999999709172
eakf_model3,2.9082921356910596e-11
sarima,2.4083645533357206e-31
