model_name,weigth
arima,5e-323
eakf_model1,5e-323
eakf_model2,0.9999996608997865
eakf_model3,3.39100213422567e-07
sarima,5e-323
