model_name,weigth
arima,4.997202715583234e-241
eakf_model1,3.2462586034474525e-09
eakf_model2,0.9999999967537414
eakf_model3,1.1740761346628202e-106
sarima,3.3720002219452254e-251
