model_name,weigth
arima,8.300102333162208e-29
eakf_model1,8.479477646920525e-12
eakf_model2,0.9999999999864279
eakf_model3,5.092704541972307e-12
sarima,3.9729739411243484e-25
