model_name,weigth
arima,8.306361602953048e-10
eakf_model1,2.1730656015194595e-243
eakf_model2,9.495613852304355e-45
eakf_model3,1.867836992264498e-11
sarima,0.9999999991506854
