model_name,weigth
arima,2.780614765646734e-18
eakf_model1,2.2114185430327782e-63
eakf_model2,1.6097335195932913e-17
eakf_model3,2.9615387728850154e-11
sarima,0.9999999999703846
