model_name,weigth
arima,1.0588827828853949e-150
eakf_model1,1.9675552361861385e-10
eakf_model2,1.838578510949166e-71
eakf_model3,0.9999999998032445
sarima,1.760953027494148e-75
