model_name,weigth
arima,2.75423040714354e-12
eakf_model1,9.607582018519443e-18
eakf_model2,2.099696291675376e-25
eakf_model3,1.1354221616058718e-13
sarima,0.9999999999971324
