model_name,weigth
arima,4.282097737556611e-14
eakf_model1,2.4381588694826585e-20
eakf_model2,6.575205703839837e-18
eakf_model3,1.5448403051419668e-12
sarima,0.9999999999984124
