model_name,weigth
arima,9.894972694159203e-253
eakf_model1,2.4439742222265745e-10
eakf_model2,2.557265096581711e-23
eakf_model3,0.9999999997556026
sarima,1.1600059813297737e-127
