model_name,weigth
arima,1.1045785003768002e-12
eakf_model1,3.0227783785997854e-24
eakf_model2,1.894699603417635e-16
eakf_model3,7.211072060941007e-13
sarima,0.9999999999981741
