model_name,weigth
arima,4.589304583816231e-25
eakf_model1,8.951039436474266e-13
eakf_model2,2.322301892982185e-40
eakf_model3,2.1405056703527014e-11
sarima,0.9999999999776998
