model_name,weigth
arima,2.5e-323
eakf_model1,2.723332856518879e-09
eakf_model2,1.840691697926822e-11
eakf_model3,0.9999999972582603
sarima,5e-323
