model_name,weigth
arima,2.5e-323
eakf_model1,0.9999999417541119
eakf_model2,5.824588808714475e-08
eakf_model3,6.097789676394187e-160
sarima,5e-323
