model_name,weigth
arima,4.460131953727499e-66
eakf_model1,3.2939942096861797e-26
eakf_model2,2.0817755144577214e-11
eakf_model3,0.9999999999791823
sarima,5.7246939003639215e-56
