model_name,weigth
arima,4.320974430595593e-90
eakf_model1,3.72080652018119e-11
eakf_model2,6.852940341532594e-14
eakf_model3,0.9999999999627234
sarima,5.464263101841595e-71
