model_name,weigth
arima,0.0
eakf_model1,0.9999999995199508
eakf_model2,4.6380586614526495e-25
eakf_model3,4.800491215882376e-10
