model_name,weigth
arima,2e-323
eakf_model1,1.281421443363956e-09
eakf_model2,7.991571398948813e-83
eakf_model3,0.9999999987185786
sarima,2e-323
