model_name,weigth
arima,2.903447412970836e-119
eakf_model1,9.77079405477134e-12
eakf_model2,3.6961815555013734e-42
eakf_model3,4.862865495399168e-14
sarima,0.9999999999901805
