model_name,weigth
arima,3.6377935938914506e-103
eakf_model1,0.9999999999885842
eakf_model2,1.3039568422959204e-29
eakf_model3,1.1415806627842656e-11
