model_name,weigth
arima,2.3648628863201655e-142
eakf_model1,0.9999999999697506
eakf_model2,3.448282724335879e-50
eakf_model3,3.024950204908587e-11
sarima,8.543370100486611e-39
