model_name,weigth
arima,0.0
eakf_model1,3.815876948033155e-09
eakf_model2,1.543290202398346e-244
eakf_model3,0.9999999961841229
