model_name,weigth
arima,7.525790259993323e-237
eakf_model1,6.038323745287521e-11
eakf_model2,2.1600257414372288e-103
eakf_model3,0.9999999999396167
