model_name,weigth
arima,3.5122153e-317
eakf_model1,0.39606946156950945
eakf_model2,0.6039305384304906
eakf_model3,3.341325666070641e-67
