model_name,weigth
arima,9.49072324405667e-178
eakf_model1,1.169621040891415e-10
eakf_model2,0.9999999998830379
eakf_model3,8.993122474807667e-23
