model_name,weigth
arima,4.006005105320149e-239
eakf_model1,0.999999999977204
eakf_model2,5.831566614203284e-24
eakf_model3,2.279602998662493e-11
sarima,1.564751966073498e-293
