model_name,weigth
arima,2.5e-323
eakf_model1,0.0754267391335985
eakf_model2,0.9245732608664016
eakf_model3,6e-323
sarima,2.5e-323
