model_name,weigth
arima,0.0
eakf_model1,0.9999999999263807
eakf_model2,2.1352286492523245e-26
eakf_model3,7.361950725003895e-11
