model_name,weigth
arima,0.0
eakf_model1,0.9999999999305246
eakf_model2,3.438544810134817e-116
eakf_model3,6.94754563707792e-11
