model_name,weigth
arima,7e-323
eakf_model1,0.999999999967189
eakf_model2,3.213490915978019e-11
eakf_model3,6.759758443356639e-13
sarima,1.7619255e-317
