model_name,weigth
arima,3.460275074581431e-44
eakf_model1,5.5259680811441945e-11
eakf_model2,0.9999999999447402
eakf_model3,1.34555068274327e-21
sarima,4.096858395170671e-110
