model_name,weigth
arima,1.8257147348128923e-93
eakf_model1,0.999999999980455
eakf_model2,2.703209682346233e-27
eakf_model3,1.9545121111586578e-11
sarima,4.770239072216285e-123
