model_name,weigth
arima,9.256172181029497e-110
eakf_model1,5.803146558074457e-11
eakf_model2,0.9999999999419686
eakf_model3,9.246073914615169e-22
sarima,2.3490539087960074e-180
