model_name,weigth
arima,8.076067777822121e-82
eakf_model1,0.9999999999470827
eakf_model2,5.142571756231483e-11
eakf_model3,1.4917097709164086e-12
sarima,4.3969296713868985e-71
