model_name,weigth
arima,2.5e-323
eakf_model1,0.9999999400945022
eakf_model2,4.170929205445163e-43
eakf_model3,5.990549783324346e-08
sarima,0.0
