model_name,weigth
arima,1.0814805514064278e-96
eakf_model1,0.9999999999427429
eakf_model2,4.389629998016523e-33
eakf_model3,5.7257112780104495e-11
sarima,3.1368058134468626e-116
