model_name,weigth
arima,7.277874177952149e-29
eakf_model1,4.385301361834378e-12
eakf_model2,8.721227939776053e-14
eakf_model3,0.9999999999955276
