model_name,weigth
arima,1.7448754723889327e-160
eakf_model1,0.9999999999154666
eakf_model2,2.4547665639058456e-48
eakf_model3,8.45334815675131e-11
