model_name,weigth
arima,8.977122913318826e-157
eakf_model1,0.9999999999901656
eakf_model2,9.834409654630455e-12
eakf_model3,2.2284940253044316e-20
