model_name,weigth
arima,2.5e-323
eakf_model1,0.9999999997572345
eakf_model2,3.1899363227652263e-16
eakf_model3,2.4276530906103526e-10
sarima,2.5e-323
