model_name,weigth
arima,2.5e-323
eakf_model1,9.088934722847379e-10
eakf_model2,2.3140708884846566e-144
eakf_model3,0.9999999990911065
sarima,2.5e-323
