model_name,weigth
arima,2.5e-323
eakf_model1,0.999999999381807
eakf_model2,1.174322713544487e-107
eakf_model3,6.18192983196799e-10
sarima,2.5e-323
