model_name,weigth
arima,0.0
eakf_model1,0.999999998844728
eakf_model2,1.1423776336256351e-09
eakf_model3,1.2894245141255271e-11
