model_name,weigth
arima,0.0
eakf_model1,2.09583673605788e-05
eakf_model2,3.6e-322
eakf_model3,0.9999790416326394
