model_name,weigth
arima,2.5e-323
eakf_model1,0.9999999997476553
eakf_model2,2.2026730370642788e-48
eakf_model3,2.5234474999005713e-10
sarima,2.5e-323
