model_name,weigth
arima,1.4827160223723838e-288
eakf_model1,0.9999999999917126
eakf_model2,2.41840611042828e-12
eakf_model3,5.869050707945094e-12
