model_name,weigth
arima,1.147632537736301e-274
eakf_model1,1.0673900205677746e-10
eakf_model2,1.086522777647299e-79
eakf_model3,0.999999999893261
