model_name,weigth
arima,0.0
eakf_model1,1.3305213214384958e-09
eakf_model2,2.3788458560064775e-196
eakf_model3,0.9999999986694786
