model_name,weigth
arima,8.117029715512724e-125
eakf_model1,0.9999999999892918
eakf_model2,1.0708148959754033e-11
eakf_model3,2.8619531149674655e-24
