model_name,weigth
arima,1.2275253407666384e-43
eakf_model1,0.999999999997342
eakf_model2,2.655918475704392e-12
eakf_model3,2.022124522183776e-15
