model_name,weigth
arima,0.0
eakf_model1,0.720389789957531
eakf_model2,0.2796102100424691
eakf_model3,1.8569203538267278e-48
