model_name,weigth
arima,3.042170336082542e-69
eakf_model1,0.9999999999962786
eakf_model2,3.720734712728769e-12
eakf_model3,7.713394439083976e-16
