model_name,weigth
arima,1.1341363264610058e-215
eakf_model1,0.9999999999618381
eakf_model2,2.1352411160411135e-28
eakf_model3,3.816186227180567e-11
