model_name,weigth
arima,0.0
eakf_model1,0.9999999989139526
eakf_model2,9.143420389799867e-84
eakf_model3,1.0860473750950705e-09
