model_name,weigth
arima,0.0
eakf_model1,3.630008744578575e-09
eakf_model2,0.9999999963699913
eakf_model3,2.2574845059824842e-71
