model_name,weigth
arima,4.770963393499361e-267
eakf_model1,8.086326299251714e-11
eakf_model2,1.2213333716971562e-49
eakf_model3,0.9999999999191368
