model_name,weigth
arima,5.99737881259595e-128
eakf_model1,0.999999999982409
eakf_model2,1.7591115391127976e-11
eakf_model3,1.645508397126775e-26
