model_name,weigth
arima,2.5e-323
eakf_model1,3.6082888686976555e-10
eakf_model2,2.1789306265089398e-66
eakf_model3,0.9999999996391711
sarima,2.5e-323
