model_name,weigth
arima,2.2264919037846364e-143
eakf_model1,9.087441388442082e-12
eakf_model2,6.299802775570376e-11
eakf_model3,0.9999999999279147
sarima,5.294134079730673e-237
