model_name,weigth
arima,2.025052441489524e-220
eakf_model1,5.668301365489304e-11
eakf_model2,2.427473233941574e-13
eakf_model3,0.9999999999430742
