model_name,weigth
arima,1.5881603146578407e-141
eakf_model1,0.9999999999801774
eakf_model2,7.514137324059565e-27
eakf_model3,1.982259154064843e-11
