model_name,weigth
arima,2.025758989091745e-75
eakf_model1,0.9999999999910015
eakf_model2,1.1118490654923594e-17
eakf_model3,8.998544683911613e-12
