model_name,weigth
arima,3.91190475951027e-125
eakf_model1,2.061896955548852e-11
eakf_model2,2.3445379805346758e-20
eakf_model3,0.9999999999793812
