model_name,weigth
arima,0.0
eakf_model1,0.9999999999359716
eakf_model2,1.2398583500870624e-16
eakf_model3,6.402825904234212e-11
