model_name,weigth
arima,6.709671037168315e-154
eakf_model1,2.653270253601049e-11
eakf_model2,4.1237178827633274e-30
eakf_model3,0.9999999999734674
