model_name,weigth
arima,2.5e-323
eakf_model1,0.9999999998619865
eakf_model2,1.3270957314523232e-10
eakf_model3,5.303921526794962e-12
sarima,2.5e-323
