model_name,weigth
arima,0.0
eakf_model1,0.9999999999322582
eakf_model2,7.297997761668656e-42
eakf_model3,6.774182947679924e-11
