model_name,weigth
arima,1.1861405469621055e-229
eakf_model1,1.0766834393778462e-10
eakf_model2,1.8813368529469403e-53
eakf_model3,0.9999999998923318
sarima,1.1861405469621055e-229
