model_name,weigth
arima,0.0
eakf_model1,2.710965063093627e-10
eakf_model2,9.345842577799937e-24
eakf_model3,0.9999999997289036
