model_name,weigth
arima,2.5e-323
eakf_model1,2.9870949854737064e-10
eakf_model2,5.974810867712853e-60
eakf_model3,0.9999999997012905
sarima,0.0
