model_name,weigth
arima,0.0
eakf_model1,8.74624630717348e-11
eakf_model2,1.5839552495084727e-72
eakf_model3,0.9999999999125375
