model_name,weigth
arima,0.0
eakf_model1,3.489712992690281e-09
eakf_model2,4.061451683907146e-271
eakf_model3,0.999999996510287
