model_name,weigth
arima,2.5e-323
eakf_model1,6.816491293035649e-09
eakf_model2,0.9999999931833
eakf_model3,2.0870311338503637e-13
sarima,2.5e-323
