model_name,weigth
arima,0.0
eakf_model1,1.2365837971884484e-10
eakf_model2,3.30707239620951e-83
eakf_model3,0.9999999998763417
