model_name,weigth
arima,0.0
eakf_model1,0.9999999975758946
eakf_model2,3.504407897242341e-260
eakf_model3,2.4241053797277297e-09
