model_name,weigth
arima,0.0
eakf_model1,3.803031953851277e-09
eakf_model2,1.4985332290085159e-119
eakf_model3,0.999999996196968
