model_name,weigth
arima,0.0
eakf_model1,3.509282595154198e-10
eakf_model2,8.663186933724197e-95
eakf_model3,0.9999999996490717
