model_name,weigth
arima,2.5e-323
eakf_model1,4.555016298254759e-10
eakf_model2,1.9204037512134982e-93
eakf_model3,0.9999999995444984
sarima,0.0
