model_name,weigth
arima,0.0
eakf_model1,6.478431945388297e-12
eakf_model2,2.06219786029369e-10
eakf_model3,0.9999999997873017
