model_name,weigth
arima,0.0
eakf_model1,1.321885593157373e-10
eakf_model2,7.897722673227346e-85
eakf_model3,0.9999999998678114
