model_name,weigth
arima,0.0
eakf_model1,2.2610959533197112e-10
eakf_model2,5.043520478795168e-41
eakf_model3,0.9999999997738904
