model_name,weigth
arima,0.0
eakf_model1,6.040883947978103e-10
eakf_model2,1.0145101652023575e-83
eakf_model3,0.9999999993959118
