model_name,weigth
arima,4.189521886962072e-113
eakf_model1,1.9351766497230058e-20
eakf_model2,3.216661595576202e-12
eakf_model3,0.9999999999967832
