model_name,weigth
arima,0.0
eakf_model1,1.7070185305138573e-13
eakf_model2,2.017345330397729e-11
eakf_model3,0.9999999999796559
