model_name,weigth
arima,1.3839535167186892e-69
eakf_model1,0.9999999999941452
eakf_model2,9.728734284590448e-20
eakf_model3,5.8548532831127965e-12
