model_name,weigth
arima,2.3618860425403634e-240
eakf_model1,0.9999999998937944
eakf_model2,5.939018413695184e-25
eakf_model3,1.0620562999007378e-10
sarima,3.965175765224198e-229
