model_name,weigth
arima,2.5e-323
eakf_model1,0.9999999999160363
eakf_model2,8.396373451477449e-11
eakf_model3,3.99772607413149e-46
sarima,2.5e-323
