model_name,weigth
arima,0.0
eakf_model1,0.9999999999691338
eakf_model2,2.2837050485693325e-11
eakf_model3,8.029136674181909e-12
