model_name,weigth
arima,0.0
eakf_model1,0.4287200079922836
eakf_model2,2.53027876791628e-178
eakf_model3,0.5712799920077165
