model_name,weigth
arima,2.42089445294017e-295
eakf_model1,0.9999999999394065
eakf_model2,6.059336167628988e-11
eakf_model3,1.510678602540842e-16
sarima,2.940441557316991e-306
