model_name,weigth
arima,0.0
eakf_model1,5.586598026973849e-20
eakf_model2,0.9999999998777127
eakf_model3,1.22287371043543e-10
