model_name,weigth
arima,0.0
eakf_model1,1.6960234689107986e-29
eakf_model2,1.251749289940118e-10
eakf_model3,0.999999999874825
