model_name,weigth
arima,1.90370815e-316
eakf_model1,1.3601907183868026e-11
eakf_model2,0.9999999999863982
eakf_model3,3.6648616972293403e-19
