model_name,weigth
arima,0.0
eakf_model1,0.9999999996406524
eakf_model2,2.960198895753731e-42
eakf_model3,3.5934765614529923e-10
