model_name,weigth
arima,2.5e-323
eakf_model1,0.9999999998537666
eakf_model2,1.4623341118575122e-10
eakf_model3,7.202644341089231e-43
sarima,2.5e-323
