model_name,weigth
arima,3.1203058239387664e-71
eakf_model1,0.9999999999963596
eakf_model2,3.1130999272572584e-12
eakf_model3,5.274600088040286e-13
