model_name,weigth
arima,2.5e-323
eakf_model1,0.9999999998395939
eakf_model2,1.6040618985891688e-10
eakf_model3,5.660751011320283e-27
sarima,2.5e-323
