model_name,weigth
arima,1.1067127084796e-311
eakf_model1,0.9999999999819416
eakf_model2,1.8058481763282686e-11
eakf_model3,2.9606254743757465e-37
