model_name,weigth
arima,0.0
eakf_model1,0.9999999999318964
eakf_model2,1.2230869221939983e-13
eakf_model3,6.798141947609596e-11
