model_name,weigth
arima,1.3077116127715534e-275
eakf_model1,0.9999999999865543
eakf_model2,1.3445784228028358e-11
eakf_model3,1.6957396983222086e-25
