model_name,weigth
arima,3.19134106634948e-239
eakf_model1,0.9999999999339406
eakf_model2,2.296940421011597e-15
eakf_model3,6.605703552143887e-11
sarima,2.481716127809839e-238
