model_name,weigth
arima,3.4029894001017837e-95
eakf_model1,0.9999999999927631
eakf_model2,7.237049642392983e-12
eakf_model3,1.303959413132506e-19
sarima,3.1423910896371525e-68
