model_name,weigth
arima,1.4094586691997308e-224
eakf_model1,0.9999999999859757
eakf_model2,1.402436880625764e-11
eakf_model3,6.441954925519439e-28
