model_name,weigth
arima,7.22602121380854e-131
eakf_model1,0.9999999999924738
eakf_model2,7.526172168709828e-12
eakf_model3,1.7500320318665131e-19
