model_name,weigth
arima,0.0
eakf_model1,0.9999999997123645
eakf_model2,2.876356377024233e-10
eakf_model3,4.288521227258409e-101
