model_name,weigth
arima,5.422428540974687e-202
eakf_model1,1.8476280799875282e-18
eakf_model2,7.985573979009252e-12
eakf_model3,0.9999999999920146
