model_name,weigth
arima,2.171983399239071e-176
eakf_model1,0.9999999999821475
eakf_model2,1.7852498729130606e-11
eakf_model3,1.861440510624973e-29
sarima,1.4945404006552103e-146
