model_name,weigth
arima,2.5e-323
eakf_model1,9.563831542877795e-09
eakf_model2,4.72013478443898e-148
eakf_model3,0.9999999904361685
sarima,5e-323
