model_name,weigth
arima,2.3810638998693105e-95
eakf_model1,0.999999999976247
eakf_model2,2.3044603768798042e-20
eakf_model3,2.3753152056871235e-11
