model_name,weigth
arima,4.407829333059619e-224
eakf_model1,0.9999999997831374
eakf_model2,2.168626381936055e-10
eakf_model3,1.2389447633489062e-19
