model_name,weigth
arima,1.1277572144912052e-106
eakf_model1,0.999999999977289
eakf_model2,7.799589549325624e-33
eakf_model3,2.2711009651542396e-11
