model_name,weigth
arima,1.2225202683660875e-12
eakf_model1,0.9999999999987758
eakf_model2,1.1361061295360655e-23
eakf_model3,1.8559393647714927e-15
