model_name,weigth
arima,0.0
eakf_model1,0.04698965043726369
eakf_model2,3.449572964326547e-95
eakf_model3,0.9530103495627363
