model_name,weigth
arima,7.56436905775992e-15
eakf_model1,0.9999999999992653
eakf_model2,9.84430784488557e-19
eakf_model3,7.273140391969818e-13
