model_name,weigth
arima,3.895745930058853e-180
eakf_model1,0.9999999996993544
eakf_model2,3.0064562560780807e-10
eakf_model3,3.420747677946379e-22
