model_name,weigth
arima,1.076878390630807e-12
eakf_model1,0.999999999998922
eakf_model2,4.9505344437988315e-24
eakf_model3,1.2208828460796844e-15
