model_name,weigth
arima,2.3197044273133708e-181
eakf_model1,0.9999999999185804
eakf_model2,6.428931054892708e-45
eakf_model3,8.141975733296868e-11
