model_name,weigth
arima,1.2007047792534244e-12
eakf_model1,0.9999999999987247
eakf_model2,1.4668953945636199e-24
eakf_model3,7.47413612977905e-14
