model_name,weigth
arima,2.5e-323
eakf_model1,0.9999999992257056
eakf_model2,4.1127872180642754e-48
eakf_model3,7.742945666822976e-10
sarima,7.0174355779877654e-242
