model_name,weigth
arima,2.5e-323
eakf_model1,6.205665886273277e-08
eakf_model2,0.9999999379433411
eakf_model3,1.2316594729075269e-159
