model_name,weigth
arima,4.417546251578109e-152
eakf_model1,0.9999999999680538
eakf_model2,5.614667061456744e-17
eakf_model3,3.194615237479704e-11
sarima,5.16877433680465e-92
