model_name,weigth
arima,1.2190684736044826e-121
eakf_model1,0.9999999999385689
eakf_model2,5.306098387222782e-26
eakf_model3,6.143128436405636e-11
sarima,3.7275393881069217e-75
