model_name,weigth
arima,5.51767176995601e-23
eakf_model1,0.9999999999985979
eakf_model2,3.352412567316463e-16
eakf_model3,1.401769793029013e-12
