model_name,weigth
arima,7.018651277091503e-228
eakf_model1,0.9999999999272902
eakf_model2,1.6888628220493222e-20
eakf_model3,7.270992972304812e-11
sarima,7.578708444143071e-134
