model_name,weigth
arima,1.788693326961928e-105
eakf_model1,0.9999999999563758
eakf_model2,1.2198822728591604e-11
eakf_model3,3.142539219928141e-11
