model_name,weigth
arima,4.085567139925098e-129
eakf_model1,0.9999999999422022
eakf_model2,5.321745728893465e-32
eakf_model3,5.7797761119815066e-11
sarima,4.115559869189277e-69
