model_name,weigth
arima,2.5e-323
eakf_model1,0.9999999982136386
eakf_model2,1.7036800628168173e-84
eakf_model3,1.7863613540106816e-09
sarima,2.5e-323
