model_name,weigth
arima,1.1288889065121204e-12
eakf_model1,0.9999999999988666
eakf_model2,5.035332430414132e-25
eakf_model3,4.606513943458227e-15
