model_name,weigth
arima,7.66453427422039e-192
eakf_model1,0.9999999998656736
eakf_model2,7.022575533358642e-23
eakf_model3,1.3432658969536877e-10
sarima,1.1264840316174546e-133
