model_name,weigth
arima,5.629152003483599e-97
eakf_model1,0.9999999999614964
eakf_model2,2.9028964960524284e-33
eakf_model3,3.850373200590694e-11
