model_name,weigth
arima,2.5e-323
eakf_model1,0.9999999970399736
eakf_model2,2.213155087729001e-114
eakf_model3,2.9600264027157368e-09
sarima,5e-323
