model_name,weigth
arima,2.5e-323
eakf_model1,1.1326049784902894e-09
eakf_model2,4.2937167985747334e-10
eakf_model3,0.9999999984380232
sarima,2.5e-323
