model_name,weigth
arima,2.4854257931324068e-255
eakf_model1,0.9999999999089465
eakf_model2,2.1691519952459844e-38
eakf_model3,9.105344826685975e-11
