model_name,weigth
arima,0.0
eakf_model1,0.9999993254526702
eakf_model2,6.745473297767211e-07
eakf_model3,1.8462244129439246e-196
