model_name,weigth
arima,2.5e-323
eakf_model1,0.9999999997720207
eakf_model2,2.2797938810390126e-10
eakf_model3,5.0829636254863324e-17
sarima,3.2276310754314203e-302
