model_name,weigth
arima,3.878141451075563e-279
eakf_model1,0.9999999998810586
eakf_model2,1.188935744169228e-10
eakf_model3,4.7872186569432864e-14
sarima,5.4149773529504954e-263
