model_name,weigth
arima,8.426302664111735e-126
eakf_model1,2.515835076460811e-13
eakf_model2,1.8104154337245078e-11
eakf_model3,0.9999999999816443
sarima,4.67133636844587e-84
