model_name,weigth
arima,2.725140336079669e-22
eakf_model1,0.999999999999188
eakf_model2,1.4370873545444782e-27
eakf_model3,8.119931076520251e-13
