model_name,weigth
arima,0.0
eakf_model1,0.7436368812144779
eakf_model2,0.25636311878552204
eakf_model3,2.8e-322
