model_name,weigth
arima,2.5e-323
eakf_model1,0.99999999956603
eakf_model2,6.320110284564609e-40
eakf_model3,4.339700081310269e-10
sarima,7.0585434432415185e-286
