model_name,weigth
arima,1.1299101693405755e-29
eakf_model1,0.9999999999982122
eakf_model2,4.910178518551535e-30
eakf_model3,1.7878140375362961e-12
