model_name,weigth
arima,1.1381609375061492e-135
eakf_model1,1.3353558630911972e-11
eakf_model2,1.3588080003552636e-14
eakf_model3,0.9999999999866328
