model_name,weigth
arima,2.260039733664769e-120
eakf_model1,9.76115066215437e-12
eakf_model2,1.260786129744409e-19
eakf_model3,0.999999999990239
