model_name,weigth
arima,1.1469877133537492e-292
eakf_model1,7.722240503469863e-11
eakf_model2,3.278354690212349e-12
eakf_model3,0.9999999999194993
