model_name,weigth
arima,4.039552581123345e-33
eakf_model1,0.9999999999984286
eakf_model2,2.5110045822187e-23
eakf_model3,1.5714730901952757e-12
