model_name,weigth
arima,1.9823589903866948e-15
eakf_model1,0.9999999999990433
eakf_model2,4.272156196165987e-19
eakf_model3,9.547375133976669e-13
