model_name,weigth
arima,5.4002823917284846e-18
eakf_model1,0.9999999999989738
eakf_model2,2.1942287696398845e-20
eakf_model3,1.0263041617327086e-12
