model_name,weigth
arima,2.5e-323
eakf_model1,1.8257692470863416e-17
eakf_model2,1.5964533076395107e-10
eakf_model3,0.9999999998403547
sarima,8.123962378920576e-293
