model_name,weigth
arima,7.592647505497886e-111
eakf_model1,1.3841221833379077e-11
eakf_model2,2.6360405059386465e-14
eakf_model3,0.9999999999861324
sarima,3.151900200243461e-76
