model_name,weigth
arima,0.0
eakf_model1,1.0582386038833254e-09
eakf_model2,3.268617648058462e-36
eakf_model3,0.9999999989417614
