model_name,weigth
arima,1.441854124337477e-117
eakf_model1,4.426876023899477e-15
eakf_model2,0.9999999999655785
eakf_model3,3.441698136364827e-11
