model_name,weigth
arima,0.0
eakf_model1,6.8135217523881e-93
eakf_model2,0.9999999997256358
eakf_model3,2.743642967601452e-10
