model_name,weigth
arima,1.4458413285383402e-257
eakf_model1,2.972484760189539e-10
eakf_model2,2.2102032552724105e-41
eakf_model3,0.9999999997027516
sarima,1.0736734968316276e-253
