model_name,weigth
arima,1.0683415097140463e-123
eakf_model1,1.7471308842088512e-11
eakf_model2,6.928509873980291e-31
eakf_model3,0.9999999999825288
sarima,7.306391926532767e-105
