model_name,weigth
arima,4.20704589714848e-301
eakf_model1,1.6363456930064758e-51
eakf_model2,0.999999999957061
eakf_model3,4.2939057527014024e-11
