model_name,weigth
arima,6.209298413990757e-181
eakf_model1,7.704080317646974e-29
eakf_model2,0.9999999998784951
eakf_model3,1.2150496545844995e-10
sarima,8.750671221215134e-24
