model_name,weigth
arima,1.156541488554e-310
eakf_model1,0.999999999354825
eakf_model2,9.283254872870609e-51
eakf_model3,6.451750788942716e-10
sarima,1.3975274162827677e-298
