model_name,weigth
arima,8.292124510441328e-147
eakf_model1,3.627408553523039e-11
eakf_model2,5.284252375958002e-29
eakf_model3,0.9999999999637259
sarima,1.0218554960454664e-135
