model_name,weigth
arima,2.2508614609725877e-296
eakf_model1,3.194907136781825e-10
eakf_model2,4.610591888500808e-37
eakf_model3,0.9999999996805093
