model_name,weigth
arima,4.228625731144967e-119
eakf_model1,8.713285581557578e-12
eakf_model2,7.608936962747177e-29
eakf_model3,0.9999999999912867
