model_name,weigth
arima,2.5e-323
eakf_model1,0.9999999980548225
eakf_model2,1.943531843594662e-09
eakf_model3,1.6455884438968096e-12
sarima,5e-323
