model_name,weigth
arima,8.562130420761711e-104
eakf_model1,6.481568960271836e-12
eakf_model2,4.20555845958442e-22
eakf_model3,0.9999999999935184
