model_name,weigth
arima,1.63363380186042e-123
eakf_model1,2.716447415084326e-11
eakf_model2,4.445250098970066e-17
eakf_model3,0.9999999999728355
