model_name,weigth
arima,0.0
eakf_model1,2.699621042188086e-59
eakf_model2,0.9999999999243886
eakf_model3,7.561147967231686e-11
