model_name,weigth
arima,2.5e-323
eakf_model1,1.2002987609191094e-11
eakf_model2,2.2297163325017114e-09
eakf_model3,0.9999999977582806
