model_name,weigth
arima,1.3028742119591276e-292
eakf_model1,3.553666825142978e-44
eakf_model2,0.999999999963421
eakf_model3,3.657884806913217e-11
