model_name,weigth
arima,4.6021430000454e-100
eakf_model1,5.61906086849842e-12
eakf_model2,0.9999999999646678
eakf_model3,2.9713113551739305e-11
sarima,9.386031058387958e-33
