model_name,weigth
arima,9.01143555812625e-144
eakf_model1,5.0802802938109026e-11
eakf_model2,4.011543812629709e-24
eakf_model3,0.9999999999491973
sarima,2.2963638450274038e-136
