model_name,weigth
arima,2.5e-323
eakf_model1,4.827992850036616e-32
eakf_model2,1.8461688639807527e-09
eakf_model3,0.9999999981538312
sarima,1.9670072451831667e-293
