model_name,weigth
arima,3.214116228348424e-125
eakf_model1,5.76853995270621e-25
eakf_model2,0.9999999999679231
eakf_model3,3.207698175854012e-11
