model_name,weigth
arima,7.836775332747361e-123
eakf_model1,1.231468638754907e-11
eakf_model2,2.6105563335882383e-26
eakf_model3,0.9999999999876853
