model_name,weigth
arima,1.79814218797601e-56
eakf_model1,3.322371412178408e-16
eakf_model2,7.675962054750613e-12
eakf_model3,0.9999999999923237
sarima,9.30265062081787e-21
