model_name,weigth
arima,1.0207544086386228e-48
eakf_model1,6.787030242700978e-15
eakf_model2,3.5242637653040335e-12
eakf_model3,0.9999999999964689
