model_name,weigth
arima,1.860197854101288e-138
eakf_model1,4.613868974774863e-11
eakf_model2,5.086363059103121e-20
eakf_model3,0.9999999999538614
sarima,1.146598461428511e-61
