model_name,weigth
arima,6.113181404908039e-93
eakf_model1,2.3824391732809996e-21
eakf_model2,1.1521400134368117e-11
eakf_model3,0.9999999999884787
