model_name,weigth
arima,1.4146634655214363e-90
eakf_model1,2.717750132647941e-27
eakf_model2,9.400720492811775e-12
eakf_model3,0.9999999999905993
