model_name,weigth
arima,1.0650171349535589e-92
eakf_model1,6.356201696570234e-14
eakf_model2,1.076599228282916e-11
eakf_model3,0.9999999999891703
