model_name,weigth
arima,2.5e-323
eakf_model1,0.9999999789683479
eakf_model2,1.2887904089062034e-190
eakf_model3,2.10316520745673e-08
sarima,5e-323
