model_name,weigth
arima,1.7712508535555983e-71
eakf_model1,3.24582708236988e-27
eakf_model2,7.466724193284707e-12
eakf_model3,0.9999999999925333
