model_name,weigth
arima,0.0
eakf_model1,5.931812490430663e-118
eakf_model2,2.965271909442851e-10
eakf_model3,0.999999999703473
