model_name,weigth
arima,5.921684075924666e-158
eakf_model1,4.053294100463067e-11
eakf_model2,1.1106497178320726e-21
eakf_model3,0.9999999999594671
