model_name,weigth
arima,7.257800097189297e-73
eakf_model1,7.255846157474614e-26
eakf_model2,6.6868081226461655e-12
eakf_model3,0.9999999999933131
