model_name,weigth
arima,2.5e-323
eakf_model1,4.224630539772284e-09
eakf_model2,3.278102027843038e-101
eakf_model3,0.9999999957753695
