model_name,weigth
arima,1.5899642020342477e-245
eakf_model1,1.813285338314018e-10
eakf_model2,2.9130672315297694e-39
eakf_model3,0.9999999998186716
sarima,1.6935670942067817e-146
