model_name,weigth
arima,4.4086521663217824e-131
eakf_model1,4.9476154181511767e-11
eakf_model2,1.4689856821831407e-11
eakf_model3,0.9999999999358341
sarima,1.110974790804795e-101
