model_name,weigth
arima,6.397358451116829e-86
eakf_model1,2.5394955606060905e-23
eakf_model2,9.529271897906249e-12
eakf_model3,0.9999999999904707
