model_name,weigth
arima,2.5e-323
eakf_model1,0.9999999976203449
eakf_model2,1.82060486095852e-117
eakf_model3,2.379655237950517e-09
sarima,5e-323
