model_name,weigth
arima,2.5e-323
eakf_model1,3.7105372162869867e-10
eakf_model2,1.0363098157047558e-31
eakf_model3,0.9999999996289464
