model_name,weigth
arima,6.263004448491097e-154
eakf_model1,6.284774110369738e-11
eakf_model2,1.0636512964010531e-13
eakf_model3,0.9999999999370459
