model_name,weigth
arima,2.5e-323
eakf_model1,9.55256133273073e-280
eakf_model2,1.8292973030572018e-08
eakf_model3,0.999999981707027
sarima,7.851600393289642e-72
