model_name,weigth
arima,2.7229271209986314e-90
eakf_model1,1.3256740183281007e-27
eakf_model2,1.0534660512104724e-11
eakf_model3,0.9999999999894654
