model_name,weigth
arima,5.515370339745803e-259
eakf_model1,1.1356663907430897e-72
eakf_model2,4.234330247877631e-10
eakf_model3,0.9999999995765672
sarima,1.3336733935635484e-107
