model_name,weigth
arima,2.5e-323
eakf_model1,5.233564334198377e-22
eakf_model2,0.9999999975427026
eakf_model3,2.4572973211168057e-09
sarima,3.5882195475060025e-294
