model_name,weigth
arima,6.204501130180181e-144
eakf_model1,0.9999999998871811
eakf_model2,1.1281894950857425e-10
eakf_model3,1.4474467782218653e-24
sarima,1.0647452410888847e-96
