model_name,weigth
arima,1.4351364876771115e-228
eakf_model1,1.330033408980803e-90
eakf_model2,0.9999999998671106
eakf_model3,1.328894615847755e-10
sarima,4.749762962734935e-55
