model_name,weigth
arima,2.5e-323
eakf_model1,2.990277892223131e-93
eakf_model2,0.999999998787432
eakf_model3,1.2125681876147563e-09
