model_name,weigth
arima,6.104997083793491e-114
eakf_model1,0.9999999998978477
eakf_model2,1.0215226342990303e-10
eakf_model3,2.3528689805608977e-29
