model_name,weigth
arima,2.705686782250146e-227
eakf_model1,2.2362796102219642e-58
eakf_model2,0.9999999995165411
eakf_model3,4.834589555881315e-10
sarima,2.1099131852107983e-135
