model_name,weigth
arima,8.5538712064135e-64
eakf_model1,0.9999999999738406
eakf_model2,2.615946449035191e-11
eakf_model3,1.2414461946617836e-19
sarima,2.8729879346552986e-57
