model_name,weigth
arima,9.68931607857384e-34
eakf_model1,2.941112217993557e-11
eakf_model2,0.9999999999705889
eakf_model3,5.616945417158196e-25
