model_name,weigth
arima,3.0568022987022996e-292
eakf_model1,9.178769691111947e-93
eakf_model2,0.9999999997660598
eakf_model3,2.3394033511969796e-10
sarima,4.963593322337879e-79
