model_name,weigth
arima,4.345483662148705e-78
eakf_model1,5.0867947675273215e-11
eakf_model2,0.999999999949132
eakf_model3,7.418245137615308e-34
