model_name,weigth
arima,7.037713749447961e-116
eakf_model1,3.7716971786393966e-36
eakf_model2,2.918412705671155e-11
eakf_model3,0.999999999970816
