model_name,weigth
arima,1.7226472574020406e-67
eakf_model1,4.5046285902554754e-11
eakf_model2,0.9999999999549538
eakf_model3,1.0260689219370973e-36
