model_name,weigth
arima,7.338380145718659e-203
eakf_model1,0.9999999998383733
eakf_model2,1.6162680543218933e-10
eakf_model3,9.714790319986928e-18
