model_name,weigth
arima,1.1265537884964721e-54
eakf_model1,4.1753439030590495e-11
eakf_model2,0.9999999999582466
eakf_model3,1.5275448667978343e-37
