model_name,weigth
arima,4.783218060085408e-70
eakf_model1,4.772846139789345e-74
eakf_model2,8.443318162562862e-22
eakf_model3,1.8957550384144653e-11
sarima,0.9999999999810425
