model_name,weigth
arima,2.1053549589307963e-26
eakf_model1,0.9999999999972293
eakf_model2,2.7707775494939862e-12
eakf_model3,7.052019128702953e-17
