model_name,weigth
arima,4.282864842711382e-56
eakf_model1,5.7574630446900215e-11
eakf_model2,0.9999999999424254
eakf_model3,9.927823263956517e-35
