model_name,weigth
arima,2.4090078879437212e-173
eakf_model1,1.2504710928212303e-215
eakf_model2,5.2487752918941075e-33
eakf_model3,1.0930221561474354e-10
sarima,0.9999999998906978
