model_name,weigth
arima,1.1639485570475654e-37
eakf_model1,0.9999999999825067
eakf_model2,1.748351994475489e-11
eakf_model3,2.780786048125292e-17
sarima,9.863126873267054e-15
