model_name,weigth
arima,6.3517809488873235e-62
eakf_model1,0.9999999999747912
eakf_model2,2.5209046373860125e-11
eakf_model3,7.970820030768054e-35
sarima,1.6460947626246267e-63
