model_name,weigth
arima,1.4809656252274662e-28
eakf_model1,1.7538669821659145e-11
eakf_model2,0.9999999999824615
eakf_model3,6.588292365093915e-22
