model_name,weigth
arima,3.23249083307904e-25
eakf_model1,1.7089303838298606e-11
eakf_model2,0.9999999999829108
eakf_model3,3.159163014966303e-21
