model_name,weigth
arima,1.5585497866202846e-90
eakf_model1,1.1153492430168514e-59
eakf_model2,9.362341297044275e-11
eakf_model3,0.9999999999063767
