model_name,weigth
arima,5e-323
eakf_model1,0.9999999512910749
eakf_model2,4.8708925020607566e-08
eakf_model3,2.2994132230283393e-270
sarima,5e-323
