model_name,weigth
arima,1.0261961749116004e-60
eakf_model1,0.9999999999840978
eakf_model2,1.590227132133909e-11
eakf_model3,3.692510365487721e-32
