model_name,weigth
arima,1.1105625817021887e-96
eakf_model1,0.9999999999180809
eakf_model2,8.191931309610891e-11
eakf_model3,2.0861998245850926e-42
sarima,7.229767674370954e-99
