model_name,weigth
arima,3.836964249304699e-29
eakf_model1,0.99999999999464
eakf_model2,5.3601500924176804e-12
eakf_model3,7.375287104278464e-19
sarima,3.558152612514943e-24
