model_name,weigth
arima,6.527265577667223e-103
eakf_model1,5.870647259169987e-107
eakf_model2,7.159804435147654e-11
eakf_model3,0.9999999999284019
