model_name,weigth
arima,2.1096782963059405e-82
eakf_model1,5.751980402835185e-25
eakf_model2,0.9999999999641075
eakf_model3,3.589255992089286e-11
sarima,4.560670465880522e-31
