model_name,weigth
arima,4.2276512056913674e-57
eakf_model1,4.992335433308812e-44
eakf_model2,1.1419069152012742e-12
eakf_model3,1.989466220659847e-11
sarima,0.9999999999789635
