model_name,weigth
arima,1.3734682558493565e-67
eakf_model1,2.1710082014910477e-11
eakf_model2,0.9999999999782763
eakf_model3,1.3719051496154225e-14
