model_name,weigth
arima,5.026985804940882e-62
eakf_model1,4.067396141967946e-11
eakf_model2,0.9999999999593261
eakf_model3,2.348250507226106e-37
