model_name,weigth
arima,4.0744564026680855e-56
eakf_model1,4.2357268233499157e-11
eakf_model2,0.9999999999576429
eakf_model3,6.793708619271834e-38
