model_name,weigth
arima,1.6585516360448473e-40
eakf_model1,4.323857785253951e-29
eakf_model2,5.7785596687997916e-12
eakf_model3,0.9999999999942215
sarima,8.147540629182383e-32
