model_name,weigth
arima,1.5555708856432204e-38
eakf_model1,3.1080633186597367e-34
eakf_model2,2.772709996138259e-12
eakf_model3,0.9999999999972273
