model_name,weigth
arima,5e-323
eakf_model1,1.7909863782314794e-120
eakf_model2,4.8103404568139574e-08
eakf_model3,0.9999999518965955
sarima,5e-323
