model_name,weigth
arima,1.7113424049265265e-72
eakf_model1,8.08373611970272e-11
eakf_model2,0.9999999999191627
eakf_model3,2.126353306878406e-53
