model_name,weigth
arima,2.9705709392236344e-13
eakf_model1,3.6808545860919895e-11
eakf_model2,0.9999999999628945
eakf_model3,3.842004281423595e-23
