model_name,weigth
arima,3.77888926478168e-46
eakf_model1,2.2629123607472865e-36
eakf_model2,3.212991020168237e-11
eakf_model3,0.9999999999678701
