model_name,weigth
arima,5.8194972360726445e-62
eakf_model1,6.227498657783523e-11
eakf_model2,0.999999999937725
eakf_model3,1.0066550596920742e-50
