model_name,weigth
arima,1.5696804758502784e-50
eakf_model1,1.5664478292433906e-23
eakf_model2,1.1001921113001982e-11
eakf_model3,0.9999999999889981
