model_name,weigth
arima,4.2759324806565855e-12
eakf_model1,2.8663701392032627e-11
eakf_model2,0.9999999999670605
eakf_model3,2.5082024163037703e-22
