model_name,weigth
arima,3.767410432545613e-74
eakf_model1,7.57812921949138e-11
eakf_model2,0.9999999999242188
eakf_model3,2.44777129178259e-52
