model_name,weigth
arima,8.238228492457343e-15
eakf_model1,2.5165327217194066e-11
eakf_model2,0.9999999999748264
eakf_model3,1.2294408741312012e-16
