model_name,weigth
arima,3.617493845690475e-45
eakf_model1,8.86114247715487e-30
eakf_model2,5.8697408674645055e-12
eakf_model3,0.9999999999941303
