model_name,weigth
arima,7.381563822756033e-248
eakf_model1,0.9999999986168251
eakf_model2,8.21340108651986e-28
eakf_model3,1.383174859928598e-09
