model_name,weigth
arima,5.580161171466431e-42
eakf_model1,3.3374178048361985e-11
eakf_model2,0.9999999999666259
eakf_model3,5.039037222389817e-32
