model_name,weigth
arima,4.496153473327152e-92
eakf_model1,3.329797973347804e-14
eakf_model2,1.410162598741968e-10
eakf_model3,0.9999999998589504
sarima,9.73634532767916e-134
