model_name,weigth
arima,3.674071841897417e-30
eakf_model1,2.2583475434730336e-11
eakf_model2,0.9999999999774166
eakf_model3,3.1349106410716413e-21
