model_name,weigth
arima,2.971410345910657e-143
eakf_model1,1.0390618464985982e-72
eakf_model2,5.866068259623317e-10
eakf_model3,0.9999999994133931
sarima,1.1177486549982288e-178
