model_name,weigth
arima,3.611616383768028e-46
eakf_model1,5.269125902711304e-53
eakf_model2,4.35835389372884e-12
eakf_model3,0.9999999999956417
