model_name,weigth
arima,4.0863962443991053e-137
eakf_model1,0.9999999996793215
eakf_model2,9.255046163870199e-24
eakf_model3,3.2067847949199527e-10
