model_name,weigth
arima,3.8852233677673205e-149
eakf_model1,1.3862647063051412e-09
eakf_model2,0.9999999986137353
eakf_model3,6.291822827949488e-129
sarima,2.675308494206185e-190
