model_name,weigth
arima,8.710487394297867e-10
eakf_model1,3.5128143464937407e-286
eakf_model2,1.1482225125369332e-57
eakf_model3,0.9999999991289513
