model_name,weigth
arima,3.5111349695881864e-12
eakf_model1,6.6423582642930896e-21
eakf_model2,4.41869834665546e-20
eakf_model3,0.9999999999964889
