model_name,weigth
arima,8.273507222710418e-68
eakf_model1,1.588548583434562e-250
eakf_model2,0.7056559724928195
eakf_model3,0.2943440275071804
sarima,3.131356682925282e-235
