model_name,weigth
arima,1.5378693866231914e-43
eakf_model1,1.8285338369695758e-46
eakf_model2,5.385885300958547e-11
eakf_model3,0.9999999999461411
