model_name,weigth
arima,1.0466250753034634e-76
eakf_model1,4.8904066970374305e-78
eakf_model2,0.9999999996350923
eakf_model3,3.649077409286016e-10
sarima,2.5259083386018605e-79
