model_name,weigth
arima,7.03276212343403e-54
eakf_model1,4.649152458326528e-11
eakf_model2,0.9999999999535084
eakf_model3,7.170592318356813e-33
