model_name,weigth
arima,5.013949988794015e-66
eakf_model1,4.514060147415489e-11
eakf_model2,0.9999999999548594
eakf_model3,1.2699537862831165e-34
