model_name,weigth
arima,1.0387246389451663e-11
eakf_model1,7.209093114457738e-111
eakf_model2,7.474945255576811e-11
eakf_model3,0.9999999999148633
