model_name,weigth
arima,1.0109239121856016e-21
eakf_model1,8.83061385600443e-12
eakf_model2,0.9999999999877048
eakf_model3,3.464591749690113e-12
sarima,7.799248609135018e-22
