model_name,weigth
arima,3.2107305638513094e-47
eakf_model1,6.451752004142287e-11
eakf_model2,0.9999999999354824
eakf_model3,3.636848917072349e-32
sarima,4.227293059835286e-48
