model_name,weigth
arima,1.3907188259703515e-35
eakf_model1,1.357518419790829e-28
eakf_model2,7.098333679243778e-11
eakf_model3,0.9999999999290168
