model_name,weigth
arima,2.5982876832030196e-114
eakf_model1,2.933239713227809e-117
eakf_model2,0.9999999992848951
eakf_model3,7.15104872733857e-10
