model_name,weigth
arima,2.0672527636459373e-59
eakf_model1,8.367489747812302e-11
eakf_model2,0.9999999999163252
eakf_model3,3.401427843398346e-33
