model_name,weigth
arima,7.287412035793738e-54
eakf_model1,5.992129407389797e-11
eakf_model2,0.9999999999400786
eakf_model3,6.390272747325106e-44
