model_name,weigth
arima,4.9898464028781553e-26
eakf_model1,1.2888622009926124e-12
eakf_model2,0.999999999982693
eakf_model3,1.6018112917485528e-11
