model_name,weigth
arima,9.872438141815533e-109
eakf_model1,2.429787381894171e-70
eakf_model2,0.3164656962231763
eakf_model3,0.6835343037768238
