model_name,weigth
arima,9.075754101756667e-175
eakf_model1,3.6207075528258157e-10
eakf_model2,2.481848448802255e-64
eakf_model3,0.9999999996379293
