model_name,weigth
arima,8.922782404211573e-13
eakf_model1,8.630838676350969e-13
eakf_model2,1.3282854891018247e-13
eakf_model3,0.9999999999981118
