model_name,weigth
arima,1.6891455395720204e-12
eakf_model1,4.2123027182828574e-29
eakf_model2,6.030020375121588e-14
eakf_model3,7.00997096350769e-14
sarima,0.9999999999981806
