model_name,weigth
arima,0.9999999998317571
eakf_model1,1.5940680910960852e-117
eakf_model2,1.7210787080299375e-11
eakf_model3,1.5103221116589527e-10
