model_name,weigth
arima,0.9999999999912352
eakf_model1,3.9904797917118587e-16
eakf_model2,8.764350566224661e-12
eakf_model3,1.8441232009894302e-19
