model_name,weigth
arima,2.5e-323
eakf_model1,1.2962281635203755e-09
eakf_model2,0.9999999987037718
eakf_model3,1.9701637738428656e-16
