model_name,weigth
arima,2.5e-323
eakf_model1,8.617001248331096e-10
eakf_model2,0.9999999991382773
eakf_model3,2.255415767736104e-14
sarima,2.315550797547793e-277
