model_name,weigth
arima,1.840905968834439e-12
eakf_model1,2.689886487015665e-19
eakf_model2,9.856133311392967e-19
eakf_model3,1.3301176635499488e-13
sarima,0.9999999999980261
