model_name,weigth
arima,1.3224821383335006e-81
eakf_model1,0.9999999999408374
eakf_model2,5.880232837902037e-19
eakf_model3,5.916256126064998e-11
sarima,1.1004587811099275e-43
