model_name,weigth
arima,2.5e-323
eakf_model1,0.9999956681032439
eakf_model2,1.43e-322
eakf_model3,4.331896756107148e-06
