model_name,weigth
arima,3.306813453394914e-158
eakf_model1,1.644735698130017e-105
eakf_model2,8.903139367648314e-10
eakf_model3,0.9999999991096862
