model_name,weigth
arima,2.2269724390515993e-21
eakf_model1,1.0933754845536563e-17
eakf_model2,4.57958571842043e-12
eakf_model3,0.9999999999954206
