model_name,weigth
arima,0.9999999999845138
eakf_model1,5.1067328308942075e-24
eakf_model2,1.5486196820970015e-11
eakf_model3,8.27782962270887e-18
