model_name,weigth
arima,2.6981910626620167e-51
eakf_model1,2.2156589981585825e-13
eakf_model2,3.179523734015519e-53
eakf_model3,1.5304357848286938e-10
sarima,0.9999999998467349
