model_name,weigth
arima,2.5e-323
eakf_model1,8.295493802263235e-07
eakf_model2,0.9999991704506197
eakf_model3,1.5313938160551609e-179
