model_name,weigth
arima,0.999999998745995
eakf_model1,6.302170129611184e-202
eakf_model2,1.2540050167117427e-09
eakf_model3,6.1469147927938576e-89
