model_name,weigth
arima,2.5e-323
eakf_model1,0.9999999922049339
eakf_model2,7.795066075673969e-09
eakf_model3,4.193295152631022e-21
