model_name,weigth
arima,5.532426050641855e-72
eakf_model1,5.897437371848767e-10
eakf_model2,1.1621979273634669e-78
eakf_model3,0.9999999994102564
