model_name,weigth
arima,2.5e-323
eakf_model1,1.402183593658202e-09
eakf_model2,0.9999999985950863
eakf_model3,2.7301273023187967e-12
