model_name,weigth
arima,2.5e-323
eakf_model1,5.431091401438532e-09
eakf_model2,6.1710131378202716e-27
eakf_model3,0.9999999945689085
