model_name,weigth
arima,2.5e-323
eakf_model1,5.4097214312241415e-09
eakf_model2,0.9999999945902331
eakf_model3,4.551826057302034e-14
sarima,5e-323
