model_name,weigth
arima,1.5766075889486177e-72
eakf_model1,1.0352551983985408e-20
eakf_model2,2.217442726312675e-11
eakf_model3,0.9999999999778256
