model_name,weigth
arima,2.5e-323
eakf_model1,4.4496271845571686e-18
eakf_model2,4.439929066825608e-09
eakf_model3,0.999999995560071
sarima,5e-323
