model_name,weigth
arima,2.5776350736297392e-39
eakf_model1,1.7282431931342754e-11
eakf_model2,0.999999999980344
eakf_model3,2.3735787162318267e-12
