model_name,weigth
arima,8.223605566989248e-27
eakf_model1,1.7715136518194208e-11
eakf_model2,0.9999999999817214
eakf_model3,5.635167865814718e-13
