model_name,weigth
arima,5.827046224404464e-79
eakf_model1,2.965369013894712e-11
eakf_model2,7.0418337291985945e-12
eakf_model3,0.9999999999633045
sarima,3.846904537445511e-71
