model_name,weigth
arima,1.4001011711749672e-74
eakf_model1,2.1253371632342015e-25
eakf_model2,3.135537519517786e-11
eakf_model3,0.9999999999686447
sarima,6.128877888657166e-74
