model_name,weigth
arima,2.739534072103184e-93
eakf_model1,3.18330884260228e-11
eakf_model2,4.475022604799892e-12
eakf_model3,0.9999999999636919
