model_name,weigth
arima,2.843972232806883e-227
eakf_model1,3.7025492006190664e-37
eakf_model2,0.9999999998296415
eakf_model3,1.7035875722141213e-10
