model_name,weigth
arima,1.8771159354122508e-136
eakf_model1,1.6645681029746676e-10
eakf_model2,1.5347918667915885e-22
eakf_model3,0.9999999998335432
