model_name,weigth
arima,5.451734753511388e-46
eakf_model1,4.605275951088623e-12
eakf_model2,0.9999999999953947
eakf_model3,1.1523159728373785e-20
