model_name,weigth
arima,5.5911692976271386e-176
eakf_model1,7.518436502328276e-43
eakf_model2,1.2931211960038855e-10
eakf_model3,0.999999999870688
