model_name,weigth
arima,2.0710210585754552e-36
eakf_model1,3.65456623719196e-12
eakf_model2,0.9999999999963456
eakf_model3,1.5420014434365968e-19
sarima,6.7285069940288205e-37
