model_name,weigth
arima,3.0157320194537403e-71
eakf_model1,0.9999999999768178
eakf_model2,9.307176541441643e-50
eakf_model3,2.3182346783205738e-11
