model_name,weigth
arima,1.3172470383066116e-51
eakf_model1,1.7559878855257546e-16
eakf_model2,0.9999999999916481
eakf_model3,8.351752265273044e-12
