model_name,weigth
arima,0.0
eakf_model1,1.1937737510196151e-166
eakf_model2,0.999999986883649
eakf_model3,2.896330623331319e-24
sarima,1.311635093250937e-08
