model_name,weigth
arima,0.0
eakf_model1,1.600578353039715e-70
eakf_model2,7.631746114272971e-10
eakf_model3,0.9999999992368256
