model_name,weigth
arima,1.9856260926107726e-217
eakf_model1,2.906159909897036e-13
eakf_model2,7.9046917491389835e-28
eakf_model3,0.08422342661919989
sarima,0.9157765733805097
