model_name,weigth
arima,2.292065442429223e-138
eakf_model1,0.9999999999928694
eakf_model2,3.951665313046819e-25
eakf_model3,7.130770217404683e-12
