model_name,weigth
arima,3.18046047964436e-207
eakf_model1,0.6111256288318946
eakf_model2,0.38887437116810547
eakf_model3,5.3405146889420295e-34
