model_name,weigth
arima,2.9058162152516836e-44
eakf_model1,3.647157319021547e-12
eakf_model2,0.9999999999963529
eakf_model3,9.888157570004213e-21
