model_name,weigth
arima,2.0448901113983376e-97
eakf_model1,0.9999999999902206
eakf_model2,2.111552226320582e-20
eakf_model3,9.779612797138076e-12
