model_name,weigth
arima,9.345351608663003e-171
eakf_model1,0.9999999999942204
eakf_model2,4.225015519748334e-12
eakf_model3,1.5547204054091934e-12
