model_name,weigth
arima,7.754511173767252e-79
eakf_model1,0.9999999999907606
eakf_model2,9.235460752589281e-12
eakf_model3,3.953480006518008e-15
