model_name,weigth
arima,0.0
eakf_model1,0.9999999998579462
eakf_model2,9.583559152172754e-83
eakf_model3,1.420537729311921e-10
