model_name,weigth
arima,0.0
eakf_model1,0.9999999999434573
eakf_model2,1.4890582908935107e-15
eakf_model3,5.654127569725265e-11
