model_name,weigth
arima,1.460366449171715e-234
eakf_model1,0.9999999999924543
eakf_model2,2.63541982724933e-22
eakf_model3,7.545794300366082e-12
