model_name,weigth
arima,0.0
eakf_model1,4.5581318984616177e-10
eakf_model2,1.3922959725051379e-70
eakf_model3,0.9999999995441868
