model_name,weigth
arima,9.838688768177585e-46
eakf_model1,1.8242349665788833e-18
eakf_model2,6.248413628931199e-12
eakf_model3,0.9999999999937516
