model_name,weigth
arima,1.2390766233772398e-41
eakf_model1,3.633752426352421e-20
eakf_model2,5.773758583673577e-12
eakf_model3,0.9999999999942264
