model_name,weigth
arima,8.448247742250479e-27
eakf_model1,1.931504557538823e-12
eakf_model2,0.9999999999980681
eakf_model3,5.0704140933934e-16
