model_name,weigth
arima,0.0
eakf_model1,0.9999999999499979
eakf_model2,1.7599319204135493e-12
eakf_model3,4.824232260008188e-11
sarima,0.0
