model_name,weigth
arima,2.6664620376193605e-79
eakf_model1,0.9999999999748925
eakf_model2,2.5107539320170352e-11
eakf_model3,3.2831237346622064e-31
sarima,1.4484818603390396e-98
