model_name,weigth
arima,3.935215395144102e-43
eakf_model1,6.108085490694045e-12
eakf_model2,0.9999999999938919
eakf_model3,2.6295322596295144e-25
sarima,8.839305990837603e-42
