model_name,weigth
arima,1.856526484567285e-122
eakf_model1,1.995653383611905e-11
eakf_model2,6.762588221003496e-45
eakf_model3,0.9999999999800436
