model_name,weigth
arima,0.0
eakf_model1,1.6361628102462516e-09
eakf_model2,0.9999999983638372
eakf_model3,1.2901581601413124e-150
sarima,0.0
