model_name,weigth
arima,5.290889781177979e-236
eakf_model1,0.9999999999815915
eakf_model2,1.7970354466391824e-25
eakf_model3,1.8408623334421077e-11
