model_name,weigth
arima,0.0
eakf_model1,2.86111590099624e-09
eakf_model2,0.40366956553015704
eakf_model3,0.5963304316087271
sarima,0.0
