model_name,weigth
arima,0.0
eakf_model1,0.9999999997884109
eakf_model2,5.215559536353632e-28
eakf_model3,2.1158921839001358e-10
