model_name,weigth
arima,0.0
eakf_model1,5.075589399680448e-10
eakf_model2,6.993592840541177e-65
eakf_model3,0.9999999994924411
