model_name,weigth
arima,0.0
eakf_model1,2.7351710001206563e-10
eakf_model2,0.26454266150440386
eakf_model3,0.7354573382220791
