model_name,weigth
arima,0.0
eakf_model1,4.4045893416348096e-104
eakf_model2,2.2682835566242848e-08
eakf_model3,0.9999999773171643
sarima,0.0
