model_name,weigth
arima,6.407119976070941e-256
eakf_model1,2.998086608448825e-11
eakf_model2,0.9999999999663808
eakf_model3,3.638346754768654e-12
