model_name,weigth
arima,1.6832355158248997e-76
eakf_model1,0.9999999999948738
eakf_model2,5.125951066211453e-12
eakf_model3,3.160856876063967e-16
