model_name,weigth
arima,0.0
eakf_model1,0.999999999780632
eakf_model2,1.7849161652746708e-93
eakf_model3,2.1936801235583436e-10
