model_name,weigth
arima,1.58685222219585e-303
eakf_model1,5.84887931723823e-11
eakf_model2,7.761354825672148e-30
eakf_model3,0.9999999999415113
sarima,0.0
