model_name,weigth
arima,1.0470512240625534e-94
eakf_model1,0.9999999999989779
eakf_model2,1.022118415882669e-12
eakf_model3,4.8063096698840395e-20
