model_name,weigth
arima,0.0
eakf_model1,1.7672406105610688e-10
eakf_model2,8.121509877086417e-72
eakf_model3,0.9999999998232759
sarima,0.0
