model_name,weigth
arima,0.0
eakf_model1,0.9175023003887983
eakf_model2,1.8e-322
eakf_model3,0.08249769961120164
sarima,0.0
