model_name,weigth
arima,0.0
eakf_model1,0.999999982044018
eakf_model2,7.251468987913817e-162
eakf_model3,1.795598202242052e-08
