model_name,weigth
arima,2.9582576453759977e-110
eakf_model1,0.9999999999957688
eakf_model2,4.231202849213347e-12
eakf_model3,4.20883830043748e-19
