model_name,weigth
arima,1.2969146757512496e-158
eakf_model1,0.9999999999969734
eakf_model2,3.026650693721482e-12
eakf_model3,4.2582329244605955e-20
