model_name,weigth
arima,8.85267537860477e-280
eakf_model1,2.231682248351818e-10
eakf_model2,4.974547874687445e-25
eakf_model3,0.9999999997768317
sarima,0.0
