model_name,weigth
arima,0.0
eakf_model1,0.8612529059315551
eakf_model2,0.13874709406844488
eakf_model3,4.216926420697249e-44
