model_name,weigth
arima,0.0
eakf_model1,0.9999999987375671
eakf_model2,1.6498208464130332e-70
eakf_model3,1.2624328992024484e-09
sarima,0.0
