model_name,weigth
arima,7.179172884500422e-305
eakf_model1,7.959421908761838e-12
eakf_model2,3.50237168180649e-12
eakf_model3,0.9999999999885383
