model_name,weigth
arima,0.0
eakf_model1,1.847709660824222e-10
eakf_model2,6.674534090901674e-39
eakf_model3,0.999999999815229
sarima,4.713606654557323e-272
