model_name,weigth
arima,0.0
eakf_model1,0.9999999833081089
eakf_model2,3e-323
eakf_model3,1.669189103667981e-08
