model_name,weigth
arima,0.0
eakf_model1,8.446061784834256e-10
eakf_model2,1.4672833974567487e-41
eakf_model3,0.9999999991553938
