model_name,weigth
arima,2.166981368646839e-210
eakf_model1,6.723789991754721e-11
eakf_model2,1.7869841728272068e-44
eakf_model3,0.9999999999327621
