model_name,weigth
arima,0.0
eakf_model1,3.050511895077323e-13
eakf_model2,6.067005748376953e-11
eakf_model3,0.999999999939025
