model_name,weigth
arima,0.0
eakf_model1,0.9999999962613141
eakf_model2,6.106473796915949e-32
eakf_model3,3.738685863570526e-09
sarima,0.0
