model_name,weigth
arima,7.86330228797885e-227
eakf_model1,2.8802132828910257e-11
eakf_model2,9.18416988120249e-18
eakf_model3,0.9999999999711978
