model_name,weigth
arima,0.0
eakf_model1,5.451548484352321e-10
eakf_model2,1.0663961718603818e-13
eakf_model3,0.9999999994547385
