model_name,weigth
arima,4.931139540375815e-76
eakf_model1,0.9999999999958381
eakf_model2,1.4000863329196696e-14
eakf_model3,4.147937642378166e-12
