model_name,weigth
arima,8.756558844819897e-26
eakf_model1,0.9999999999965005
eakf_model2,3.4759777467784477e-19
eakf_model3,3.499618862294946e-12
