model_name,weigth
arima,0.0
eakf_model1,7.66735020971151e-53
eakf_model2,0.927919710639364
eakf_model3,0.07208028936063607
