model_name,weigth
arima,0.0
eakf_model1,0.5366449388989729
eakf_model2,5.4e-323
eakf_model3,0.46335506110102714
sarima,0.0
