model_name,weigth
arima,5.820260145890168e-277
eakf_model1,2.6367606489070723e-22
eakf_model2,0.9999999999977188
eakf_model3,2.2811555505199575e-12
