model_name,weigth
arima,3.216671151458595e-162
eakf_model1,7.046379663886489e-12
eakf_model2,1.726192337647538e-12
eakf_model3,0.9999999999912275
