model_name,weigth
arima,0.0
eakf_model1,1.1720393577911932e-10
eakf_model2,7.956589675454911e-37
eakf_model3,0.9999999998827961
