model_name,weigth
arima,0.0
eakf_model1,0.9999999998002093
eakf_model2,6.619435446777914e-39
eakf_model3,1.9979082726846287e-10
sarima,0.0
