model_name,weigth
arima,0.0
eakf_model1,1.7169853663702969e-09
eakf_model2,7.405480792609102e-77
eakf_model3,0.9999999982830147
sarima,0.0
