model_name,weigth
arima,0.0
eakf_model1,1.431189803656888e-10
eakf_model2,3.911647456343076e-16
eakf_model3,0.9999999998568808
sarima,0.0
