model_name,weigth
arima,0.0
eakf_model1,0.9999999998989546
eakf_model2,4.62175881879779e-43
eakf_model3,1.0104550587261268e-10
