model_name,weigth
arima,0.0
eakf_model1,0.9999999985491103
eakf_model2,1.3621976497814626e-97
eakf_model3,1.4508897103437484e-09
