model_name,weigth
arima,1.8851174882482656e-193
eakf_model1,0.9999999999828473
eakf_model2,4.503646021975725e-28
eakf_model3,1.7152788919225052e-11
