model_name,weigth
arima,0.0
eakf_model1,1.2002910388803989e-48
eakf_model2,0.2803373208489877
eakf_model3,0.7196626791510123
sarima,0.0
