model_name,weigth
arima,0.0
eakf_model1,4.150937485796965e-40
eakf_model2,6.395824717740883e-08
eakf_model3,0.9999999360417527
sarima,0.0
