model_name,weigth
arima,0.0
eakf_model1,0.9999999997179605
eakf_model2,8.83973989328088e-48
eakf_model3,2.8203941753370366e-10
sarima,0.0
