model_name,weigth
arima,0.0
eakf_model1,0.9999999996585353
eakf_model2,5.859312000967692e-86
eakf_model3,3.4146484853062926e-10
