model_name,weigth
arima,2.1485947071629755e-296
eakf_model1,3.0125773033332053e-25
eakf_model2,0.9999999999969337
eakf_model3,3.0662874637798956e-12
