model_name,weigth
arima,0.0
eakf_model1,0.9999999993853083
eakf_model2,3.264575782568838e-52
eakf_model3,6.14691890481743e-10
