model_name,weigth
arima,3.550574503022256e-261
eakf_model1,2.2469768601515606e-53
eakf_model2,2.8844486855018e-11
eakf_model3,0.9999999999711555
