model_name,weigth
arima,0.0
eakf_model1,1.0844061525700237e-47
eakf_model2,0.9999999995183841
eakf_model3,4.816158761030117e-10
