model_name,weigth
arima,5.873109321968671e-143
eakf_model1,4.8805836692739953e-11
eakf_model2,3.0708958365051895e-41
eakf_model3,0.9999999999511943
sarima,4.063097460877956e-82
