model_name,weigth
arima,0.0
eakf_model1,4.8411996895178387e-11
eakf_model2,0.9999999999515881
eakf_model3,9.825754741414432e-28
