model_name,weigth
arima,1.9022502685650107e-114
eakf_model1,1.9214079617386257e-11
eakf_model2,1.2494811655469387e-26
eakf_model3,0.9999999999807861
sarima,3.711470165711946e-69
