model_name,weigth
arima,0.0
eakf_model1,0.9999999999086955
eakf_model2,1.0270177177367574e-15
eakf_model3,9.13034837680886e-11
sarima,0.0
