model_name,weigth
arima,4.012866706402755e-235
eakf_model1,4.272680734791586e-11
eakf_model2,1.67326436596985e-48
eakf_model3,0.9999999999572732
