model_name,weigth
arima,4.1151704239477775e-187
eakf_model1,4.91510926700126e-11
eakf_model2,1.0007268966566958e-32
eakf_model3,0.9999999999508489
sarima,7.582444677738855e-123
