model_name,weigth
arima,8.762940352367468e-230
eakf_model1,0.9999999999901553
eakf_model2,9.844674564035588e-12
eakf_model3,1.4403940653637066e-28
