model_name,weigth
arima,3.0069883198699013e-81
eakf_model1,3.2929530946043846e-19
eakf_model2,3.4203297260970007e-12
eakf_model3,0.9999999999965797
