model_name,weigth
arima,9.981123043500191e-189
eakf_model1,1.6242805120081358e-11
eakf_model2,4.618598452396344e-17
eakf_model3,0.9999999999837572
