model_name,weigth
arima,0.0
eakf_model1,6.59596212013258e-09
eakf_model2,0.9999999934040379
eakf_model3,2.0604808818489569e-47
sarima,0.0
