model_name,weigth
arima,0.0
eakf_model1,4.543784344235113e-07
eakf_model2,3e-323
eakf_model3,0.9999995456215656
