model_name,weigth
arima,0.0
eakf_model1,4.484141681610011e-09
eakf_model2,0.9999999952132999
eakf_model3,3.025584979889853e-10
sarima,0.0
