model_name,weigth
arima,4.2908274101621715e-139
eakf_model1,1.7563713368007966e-11
eakf_model2,1.8772619911953708e-33
eakf_model3,0.9999999999824364
