model_name,weigth
arima,0.0
eakf_model1,2.3126631625364044e-88
eakf_model2,3.683676984369167e-10
eakf_model3,0.9999999996316324
