model_name,weigth
arima,8.670290874529709e-233
eakf_model1,0.9999999999912942
eakf_model2,8.70605002569219e-12
eakf_model3,9.975348381537043e-30
