model_name,weigth
arima,0.0
eakf_model1,0.9999999992267795
eakf_model2,1.1048863517082023e-63
eakf_model3,7.732205077815701e-10
sarima,0.0
