model_name,weigth
arima,8.619610330859421e-288
eakf_model1,0.9999999997646885
eakf_model2,2.3312826512110387e-95
eakf_model3,2.353116946270739e-10
