model_name,weigth
arima,5.312470217476983e-27
eakf_model1,0.9999999999992412
eakf_model2,1.2663509040104232e-27
eakf_model3,7.589380813486871e-13
