model_name,weigth
arima,1.9276491107062365e-150
eakf_model1,1.0964221374955667e-11
eakf_model2,1.8315910481490795e-16
eakf_model3,0.9999999999890358
