model_name,weigth
arima,5.085484701140506e-29
eakf_model1,0.9999999999977351
eakf_model2,3.6769955163017257e-20
eakf_model3,2.2649915119327444e-12
