model_name,weigth
arima,3.1061340061708914e-231
eakf_model1,4.257613080741212e-10
eakf_model2,4.511907749555025e-98
eakf_model3,0.9999999995742387
sarima,3.5285869899681675e-184
