model_name,weigth
arima,0.0
eakf_model1,0.9999999986705781
eakf_model2,2.0642382493868624e-151
eakf_model3,1.3294220746052477e-09
sarima,7.95536379184027e-270
