model_name,weigth
arima,1.9342447876709763e-153
eakf_model1,0.9999999999562491
eakf_model2,8.688062633266109e-30
eakf_model3,4.375098171388054e-11
sarima,1.0058435044655002e-111
