model_name,weigth
arima,8.166959394462965e-180
eakf_model1,3.3475993046559526e-11
eakf_model2,6.044879352686665e-24
eakf_model3,0.9999999999665241
