model_name,weigth
arima,0.0
eakf_model1,0.01187670223410635
eakf_model2,3e-323
eakf_model3,0.9881232977658938
