model_name,weigth
arima,3.019040988461435e-26
eakf_model1,0.9999999999992746
eakf_model2,5.4027970481630984e-27
eakf_model3,7.254170045447996e-13
