model_name,weigth
arima,0.0
eakf_model1,1.141674589174536e-09
eakf_model2,5.244519694208302e-102
eakf_model3,0.9999999988583254
sarima,8.04354086507339e-276
