model_name,weigth
arima,7.703097613038975e-89
eakf_model1,1.1531335038143771e-11
eakf_model2,7.98088630431699e-24
eakf_model3,0.9999999999884687
