model_name,weigth
arima,0.0
eakf_model1,0.15832083909271974
eakf_model2,1.1104877313497447e-142
eakf_model3,0.8416791609072803
