model_name,weigth
arima,3.309744906692726e-30
eakf_model1,0.9999999999984327
eakf_model2,2.497466801281892e-17
eakf_model3,1.5673817089547327e-12
