model_name,weigth
arima,4.0202421196804874e-23
eakf_model1,0.9999999999994464
eakf_model2,1.25600014934233e-22
eakf_model3,5.536456591026806e-13
