model_name,weigth
arima,0.0
eakf_model1,7.786240938444715e-11
eakf_model2,3.446615520865916e-24
eakf_model3,0.9999999999221375
