model_name,weigth
arima,1.181732738573754e-254
eakf_model1,0.9999999999082997
eakf_model2,1.657193878376319e-12
eakf_model3,9.004327710292664e-11
sarima,3.4656461497170918e-251
