model_name,weigth
arima,0.0
eakf_model1,0.9999999964618703
eakf_model2,3.6425214011957545e-31
eakf_model3,3.5381296897614913e-09
