model_name,weigth
arima,1.887237709199094e-92
eakf_model1,0.9999999999852228
eakf_model2,7.867259190615841e-13
eakf_model3,1.3990454848993337e-11
sarima,7.725198220241715e-96
