model_name,weigth
arima,0.0
eakf_model1,1.8075513127557395e-29
eakf_model2,8.618865909770874e-11
eakf_model3,0.9999999999138115
