model_name,weigth
arima,1.650123468620145e-68
eakf_model1,0.999999999994074
eakf_model2,3.716298682647059e-25
eakf_model3,5.92616081149054e-12
