model_name,weigth
arima,6.696725574450632e-19
eakf_model1,0.9999999999961533
eakf_model2,7.721354566511213e-27
eakf_model3,3.846809778038178e-12
