model_name,weigth
arima,2.8193664779471616e-108
eakf_model1,6.851389784761769e-12
eakf_model2,2.5501915955792908e-15
eakf_model3,0.999999999993146
