model_name,weigth
arima,4.342910317639896e-173
eakf_model1,0.9999999999544211
eakf_model2,1.1029078759506166e-18
eakf_model3,4.557902186183557e-11
