model_name,weigth
arima,0.0
eakf_model1,0.9999999998417025
eakf_model2,2.3329768249250783e-24
eakf_model3,1.5829756889997887e-10
sarima,0.0
