model_name,weigth
arima,4.2156810038741997e-150
eakf_model1,0.9999999999797422
eakf_model2,3.2630698940555805e-12
eakf_model3,1.6994773386154503e-11
