model_name,weigth
arima,2.2195814590620166e-105
eakf_model1,6.998194780138548e-12
eakf_model2,8.237407992052355e-12
eakf_model3,0.9999999999847645
sarima,3.181810052344396e-97
