model_name,weigth
arima,2.0745238402197614e-298
eakf_model1,0.9999999998865357
eakf_model2,1.5286943858520195e-44
eakf_model3,1.1346455480386675e-10
