model_name,weigth
arima,0.0
eakf_model1,1.257922498119133e-09
eakf_model2,9.844048499458305e-41
eakf_model3,0.9999999987420776
