model_name,weigth
arima,1.1073536522365101e-271
eakf_model1,0.9999999999040978
eakf_model2,4.083249098797763e-22
eakf_model3,9.59021103566678e-11
