model_name,weigth
arima,2.7697426024196833e-201
eakf_model1,1.091758797201962e-14
eakf_model2,4.258066522788637e-11
eakf_model3,0.9999999999574085
sarima,1.1734566178183814e-178
