model_name,weigth
arima,2.316229516622818e-12
eakf_model1,0.999999999997684
eakf_model2,1.9457226593428357e-44
eakf_model3,4.10944730796135e-21
