model_name,weigth
arima,0.0
eakf_model1,5.009226533964928e-38
eakf_model2,1.2428765364202538e-10
eakf_model3,0.9999999998757124
