model_name,weigth
arima,1.8455328955000297e-163
eakf_model1,2.1221013838059927e-11
eakf_model2,1.6244270351600988e-22
eakf_model3,0.9999999999787791
