model_name,weigth
arima,4.712577738406893e-26
eakf_model1,0.9999999999974408
eakf_model2,1.4416413657712352e-22
eakf_model3,2.5591692039274716e-12
