model_name,weigth
arima,0.0
eakf_model1,5.40934016642674e-09
eakf_model2,1.6048176437161488e-79
eakf_model3,0.9999999945906599
