model_name,weigth
arima,1.0467411758293511e-163
eakf_model1,2.3117783027746737e-18
eakf_model2,0.9999999999312449
eakf_model3,6.87551868739234e-11
