model_name,weigth
arima,0.0
eakf_model1,0.999999998828215
eakf_model2,1.1714031516987182e-09
eakf_model3,3.8200756911705667e-13
