model_name,weigth
arima,0.0
eakf_model1,1.7826962110657752e-09
eakf_model2,3.3130268654983325e-16
eakf_model3,0.9999999982173036
