model_name,weigth
arima,9.762951912575692e-270
eakf_model1,4.227252346285925e-77
eakf_model2,3.057910670482864e-10
eakf_model3,0.999999999694209
sarima,1.1122521763882151e-74
