model_name,weigth
arima,7.327472829326823e-224
eakf_model1,1.330828034269123e-30
eakf_model2,2.7337239215157376e-11
eakf_model3,0.9999999999726629
