model_name,weigth
arima,3.500047996680398e-111
eakf_model1,9.474622045980142e-15
eakf_model2,1.4106191216601926e-11
eakf_model3,0.9999999999858843
sarima,7.17625694521842e-110
