model_name,weigth
arima,7.266937593313785e-263
eakf_model1,1.6274034054578987e-34
eakf_model2,1.1517774670598365e-10
eakf_model3,0.9999999998848222
sarima,2.7543394022321117e-273
