model_name,weigth
arima,1.7326344803079768e-248
eakf_model1,7.56618250695819e-21
eakf_model2,0.31511182367613794
eakf_model3,0.6848881763238621
sarima,6.461005122472398e-164
