model_name,weigth
arima,9.773676328857237e-192
eakf_model1,5.9764651223615425e-12
eakf_model2,0.9999999999108347
eakf_model3,8.318872147270899e-11
