model_name,weigth
arima,1.0788022306915788e-295
eakf_model1,1.0387051328547473e-25
eakf_model2,4.599589970933463e-11
eakf_model3,0.9999999999540042
