model_name,weigth
arima,3.0185825730382784e-132
eakf_model1,1.8695521701202953e-32
eakf_model2,6.496411627120432e-11
eakf_model3,0.9999999999350359
sarima,6.376838251730979e-45
