model_name,weigth
arima,1.4641950284040848e-108
eakf_model1,7.50557911969979e-12
eakf_model2,1.6022190775531818e-11
eakf_model3,0.9999999999764724
sarima,4.678322694903784e-107
