model_name,weigth
arima,6.034895356016775e-122
eakf_model1,3.477128364235327e-30
eakf_model2,9.589758592598786e-12
eakf_model3,0.9999999999904102
