model_name,weigth
arima,0.0
eakf_model1,4.018274365978434e-86
eakf_model2,1.4979189799570957e-09
eakf_model3,0.999999998502081
