model_name,weigth
arima,7.106088694911279e-157
eakf_model1,1.9616829986009318e-16
eakf_model2,1.977318532201324e-11
eakf_model3,0.9999999999802267
