model_name,weigth
arima,0.0
eakf_model1,9.923705102170852e-28
eakf_model2,6.343641663722456e-11
eakf_model3,0.9999999999365636
