model_name,weigth
arima,4.479132688923662e-160
eakf_model1,5.205487239922773e-32
eakf_model2,1.4030657489012061e-11
eakf_model3,0.9999999999859693
