model_name,weigth
arima,4.7982728554541794e-306
eakf_model1,6.834995522663963e-30
eakf_model2,4.794400986269239e-11
eakf_model3,0.999999999952056
