model_name,weigth
arima,1.2586665801455895e-127
eakf_model1,1.8497274459521115e-29
eakf_model2,3.272925323602878e-11
eakf_model3,0.9999999999672707
