model_name,weigth
arima,0.0
eakf_model1,9.297387615290571e-37
eakf_model2,6.711593716243799e-11
eakf_model3,0.999999999932884
