model_name,weigth
arima,9.694537528086348e-46
eakf_model1,5.961913208927591e-16
eakf_model2,3.4864080944349106e-12
eakf_model3,0.9999999999965129
