model_name,weigth
arima,1.2014808086141369e-107
eakf_model1,4.097439675943495e-31
eakf_model2,9.907521896925404e-12
eakf_model3,0.9999999999900925
