model_name,weigth
arima,2.8553450890595116e-102
eakf_model1,1.7731362761202e-30
eakf_model2,1.5674495473932834e-11
eakf_model3,0.9999999999843255
