model_name,weigth
arima,0.0
eakf_model1,0.9999999660015108
eakf_model2,1.2061499463422326e-238
eakf_model3,3.3998489219917154e-08
