model_name,weigth
arima,6.629557519703426e-126
eakf_model1,5.6482531376753145e-52
eakf_model2,1.78172792370996e-11
eakf_model3,0.9999999999821828
