model_name,weigth
arima,1.869398190473735e-106
eakf_model1,2.4121182700544912e-11
eakf_model2,7.266480686241584e-13
eakf_model3,0.9999999999751522
