model_name,weigth
arima,0.0
eakf_model1,0.20158556113792597
eakf_model2,2.2176355151477024e-55
eakf_model3,0.7984144388620741
