model_name,weigth
arima,2.2799799434369673e-147
eakf_model1,4.015494138740403e-11
eakf_model2,4.775157670482581e-19
eakf_model3,0.999999999959845
sarima,1.6044553616910336e-82
