model_name,weigth
arima,6.597976106042524e-89
eakf_model1,2.4261693750540472e-36
eakf_model2,7.268938445175602e-12
eakf_model3,0.9999999999927313
