model_name,weigth
arima,9.206610999890602e-143
eakf_model1,5.404571532945783e-14
eakf_model2,3.904620668551334e-11
eakf_model3,0.9999999999608997
