model_name,weigth
arima,1.826882758160914e-116
eakf_model1,2.569707547451162e-11
eakf_model2,4.856068825670718e-17
eakf_model3,0.9999999999743029
