model_name,weigth
arima,0.0
eakf_model1,0.9999999997371071
eakf_model2,1.311843867507136e-43
eakf_model3,2.6289304234189e-10
