model_name,weigth
arima,6.314554123235241e-88
eakf_model1,1.0785283036480988e-35
eakf_model2,6.099292187872118e-12
eakf_model3,0.9999999999939009
