model_name,weigth
arima,7.890019981546825e-76
eakf_model1,2.260923610853282e-38
eakf_model2,4.261051787415144e-12
eakf_model3,0.9999999999957391
