model_name,weigth
arima,5.4118224621728076e-139
eakf_model1,5.327548085563264e-30
eakf_model2,5.050209762416845e-11
eakf_model3,0.999999999949498
sarima,1.8989810180931732e-98
