model_name,weigth
arima,1.9429158416408823e-66
eakf_model1,1.0597032388381789e-26
eakf_model2,2.367798880307635e-12
eakf_model3,0.9999999999976323
