model_name,weigth
arima,3.543047015247499e-94
eakf_model1,1.5443466553157322e-24
eakf_model2,1.1825073678553863e-11
eakf_model3,0.9999999999881749
