model_name,weigth
arima,7.851053609031634e-73
eakf_model1,2.3674717579483348e-28
eakf_model2,3.2935263747876665e-12
eakf_model3,0.9999999999967064
