model_name,weigth
arima,1.372825323522629e-90
eakf_model1,4.252774257932898e-40
eakf_model2,9.813939699321123e-12
eakf_model3,0.9999999999901862
