model_name,weigth
arima,4.9367228043889546e-192
eakf_model1,0.999999999787453
eakf_model2,9.823193006283065e-30
eakf_model3,2.1254699754104087e-10
