model_name,weigth
arima,1.7822993457137614e-92
eakf_model1,5.597214402174149e-19
eakf_model2,3.6518806347181144e-12
eakf_model3,0.9999999999963483
