model_name,weigth
arima,3.9982970122974044e-178
eakf_model1,3.635066362535113e-21
eakf_model2,1.9077802829553564e-10
eakf_model3,0.9999999998092219
sarima,4.736399813856146e-76
