model_name,weigth
arima,0.0
eakf_model1,3e-323
eakf_model2,0.5306871250262197
eakf_model3,0.4693128749737804
sarima,1.2690407620762536e-236
