model_name,weigth
arima,1.8488407391977239e-227
eakf_model1,6.478962521382963e-71
eakf_model2,0.999999999841101
eakf_model3,1.588990046002272e-10
