model_name,weigth
arima,0.0
eakf_model1,3e-323
eakf_model2,8.61288445046476e-08
eakf_model3,0.9999999138711556
