model_name,weigth
arima,7.312944161582616e-41
eakf_model1,0.9999999999942566
eakf_model2,1.4331326421299907e-13
eakf_model3,5.600064272800085e-12
sarima,6.454338023267204e-38
