model_name,weigth
arima,7.228737519018858e-187
eakf_model1,2.623445020737564e-73
eakf_model2,1.5305856352533542e-10
eakf_model3,0.9999999998469414
