model_name,weigth
arima,1.9482483773111678e-59
eakf_model1,0.9999999999921704
eakf_model2,1.608200734309009e-14
eakf_model3,7.813598691973281e-12
