model_name,weigth
arima,2.101938187435725e-68
eakf_model1,1.0756402965012079e-33
eakf_model2,4.527709985259266e-12
eakf_model3,0.9999999999954723
