model_name,weigth
arima,0.0
eakf_model1,0.9999999976682087
eakf_model2,5.366352645947329e-82
eakf_model3,2.331791293375455e-09
sarima,3e-323
