model_name,weigth
arima,7.545692956913379e-122
eakf_model1,3.2395115718935695e-44
eakf_model2,9.262026070080253e-11
eakf_model3,0.9999999999073799
sarima,1.728919991356976e-84
