model_name,weigth
arima,0.0
eakf_model1,5.67529494878974e-301
eakf_model2,0.9999999928840864
eakf_model3,7.115913644185731e-09
sarima,3e-323
