model_name,weigth
arima,8.081168350746413e-126
eakf_model1,5.751748124906189e-25
eakf_model2,6.46948194378808e-12
eakf_model3,0.9999999999935306
