model_name,weigth
arima,4.7306754198567463e-79
eakf_model1,0.9999999999743868
eakf_model2,2.5613058117465806e-11
eakf_model3,2.2225492313356603e-23
sarima,6.350514906582377e-74
