model_name,weigth
arima,4.770788148110961e-88
eakf_model1,3.2071143628333537e-31
eakf_model2,5.564712819899621e-12
eakf_model3,0.9999999999944352
