model_name,weigth
arima,1.542192048976777e-201
eakf_model1,1.0394226620474959e-283
eakf_model2,1.996533859970976e-61
eakf_model3,0.9269123276623864
sarima,0.07308767233761357
