model_name,weigth
arima,3.506273253966178e-31
eakf_model1,1.0324418860817276e-44
eakf_model2,3.28916012415276e-12
eakf_model3,0.999999999996711
