model_name,weigth
arima,1.2866297342230964e-78
eakf_model1,8.243158894711942e-69
eakf_model2,1.1573582048718196e-24
eakf_model3,6.84013777280675e-11
sarima,0.9999999999315986
