model_name,weigth
arima,3.3782182936551647e-91
eakf_model1,7.93728937387977e-139
eakf_model2,5.609844271230187e-37
eakf_model3,0.9999999999390328
sarima,6.096736892546092e-11
