model_name,weigth
arima,1.481154181212687e-86
eakf_model1,0.47939203144576514
eakf_model2,5.2391741513826343e-11
eakf_model3,0.5206079685018433
