model_name,weigth
arima,1.0505913059990407e-87
eakf_model1,1.8981759125841337e-13
eakf_model2,0.9999999999348317
eakf_model3,6.497843475988884e-11
