model_name,weigth
arima,1.8134675342815774e-20
eakf_model1,0.9999999999990765
eakf_model2,7.395145946790519e-13
eakf_model3,1.8399761244742214e-13
