model_name,weigth
arima,3.865399291273672e-29
eakf_model1,3.545973549499017e-17
eakf_model2,1.6107414134420196e-12
eakf_model3,0.9999999999983893
