model_name,weigth
arima,1.6778936265511118e-32
eakf_model1,1.9456487667590504e-25
eakf_model2,2.3564708424273894e-11
eakf_model3,0.9999999999764354
