model_name,weigth
arima,6.2428726484477745e-22
eakf_model1,1.0706972383820276e-16
eakf_model2,1.3000951759291915e-12
eakf_model3,0.9999999999986999
