model_name,weigth
arima,5.496893442265394e-21
eakf_model1,0.9999999999983119
eakf_model2,1.5491420234563523e-12
eakf_model3,1.3905452714901347e-13
sarima,1.8358948731890584e-19
