model_name,weigth
arima,5.5428769987376015e-36
eakf_model1,6.045105623964439e-23
eakf_model2,2.222440849680105e-12
eakf_model3,0.9999999999977777
