model_name,weigth
arima,4.035959402229609e-248
eakf_model1,0.41622390564846296
eakf_model2,0.5837760943510873
eakf_model3,4.4981927558360367e-13
