model_name,weigth
arima,6.63195595127002e-75
eakf_model1,2.455994320970358e-32
eakf_model2,4.885543387238101e-12
eakf_model3,0.9999999999951145
