model_name,weigth
arima,7.215329715480155e-15
eakf_model1,1.8164633004700485e-14
eakf_model2,9.280183068672152e-13
eakf_model3,0.9999999999990467
