model_name,weigth
arima,5.698002769266447e-52
eakf_model1,5.21169328336137e-25
eakf_model2,2.408863820438439e-12
eakf_model3,0.9999999999975911
