model_name,weigth
arima,2.7367929715157914e-43
eakf_model1,0.9999999999953268
eakf_model2,4.608688214971581e-12
eakf_model3,6.456743939579734e-14
sarima,3.9144462651006847e-35
