model_name,weigth
arima,3.126917864825391e-17
eakf_model1,2.795200878858182e-16
eakf_model2,1.0263166637096447e-12
eakf_model3,0.9999999999989734
