model_name,weigth
arima,3.6625651516450016e-91
eakf_model1,7.005111949521769e-39
eakf_model2,6.608757145725823e-12
eakf_model3,0.9999999999933914
