model_name,weigth
arima,0.0
eakf_model1,2.216675651268343e-65
eakf_model2,1.1074906958668623e-09
eakf_model3,0.9999999988925093
