model_name,weigth
arima,1.3349348902025341e-76
eakf_model1,7.029702874473227e-11
eakf_model2,2.1413939890722922e-21
eakf_model3,0.999999999929703
