model_name,weigth
arima,7.482423432520991e-13
eakf_model1,5.8296759110344495e-15
eakf_model2,2.6833710853761685e-13
eakf_model3,0.9999999999989776
