model_name,weigth
arima,1.156598598484787e-11
eakf_model1,1.6357817126127841e-34
eakf_model2,1.945851112704521e-18
eakf_model3,0.999999999988434
