model_name,weigth
arima,5.0390366299044915e-45
eakf_model1,1.0127531610333582e-22
eakf_model2,1.174290775932581e-11
eakf_model3,0.9999999999882571
