model_name,weigth
arima,2.7139565644433263e-21
eakf_model1,2.279484029185263e-18
eakf_model2,6.317816237827347e-12
eakf_model3,0.9999999999936822
