model_name,weigth
arima,7.136936571148625e-21
eakf_model1,1.3957748383330935e-23
eakf_model2,3.316007095300751e-12
eakf_model3,0.9999999999966841
