model_name,weigth
arima,2.1953272091940162e-14
eakf_model1,2.586091403621239e-16
eakf_model2,9.710185814213345e-13
eakf_model3,0.9999999999990068
