model_name,weigth
arima,1.693358077177759e-48
eakf_model1,1.900317023583254e-11
eakf_model2,1.5393621299661733e-12
eakf_model3,0.9999999999794575
sarima,5.835185525304924e-51
