model_name,weigth
arima,3.2869740481321315e-15
eakf_model1,1.0360660021516004e-16
eakf_model2,1.3948159296456755e-12
eakf_model3,0.9999999999986019
