model_name,weigth
arima,4.53240405910172e-252
eakf_model1,9.518517482315867e-29
eakf_model2,7.850630104379525e-10
eakf_model3,0.999999999214937
sarima,2.8841543623191245e-291
