model_name,weigth
arima,3.711615600945794e-28
eakf_model1,1.3987120939403105e-26
eakf_model2,4.0550328882906304e-11
eakf_model3,0.9999999999594497
sarima,1.580184349419204e-51
