model_name,weigth
arima,8.66278564325633e-15
eakf_model1,1.0895505492917008e-19
eakf_model2,3.1388651638342274e-12
eakf_model3,0.9999999999968524
