model_name,weigth
arima,2.5353116399650348e-86
eakf_model1,3.2500723486947207e-90
eakf_model2,0.9999999995226633
eakf_model3,4.773369420997883e-10
sarima,4.835965421555441e-125
