model_name,weigth
arima,8.565983069670821e-19
eakf_model1,2.2479597571800923e-14
eakf_model2,1.932714360254513e-12
eakf_model3,0.999999999998045
