model_name,weigth
arima,5.57170284275767e-83
eakf_model1,3.8510523684346544e-11
eakf_model2,8.051887425618244e-15
eakf_model3,0.9999999999614816
