model_name,weigth
arima,1.602141671583435e-23
eakf_model1,7.164363241337946e-31
eakf_model2,4.705279830755411e-12
eakf_model3,0.9999999999952948
