model_name,weigth
arima,1.6232720728209072e-31
eakf_model1,7.820415367339045e-35
eakf_model2,5.182630203011545e-12
eakf_model3,0.9999999999948173
