model_name,weigth
arima,8.878101620421873e-99
eakf_model1,1.6881379233042074e-28
eakf_model2,1.827370707766372e-10
eakf_model3,0.999999999817263
sarima,1.4809461451134503e-106
