model_name,weigth
arima,1.6231312368919756e-117
eakf_model1,2.151795722655612e-20
eakf_model2,9.24497524250693e-11
eakf_model3,0.9999999999075503
