model_name,weigth
arima,4.877288145791238e-158
eakf_model1,0.3462349837869116
eakf_model2,8.063022769918525e-13
eakf_model3,0.6537650162122822
sarima,2.4003939749125427e-98
