model_name,weigth
arima,2.5e-323
eakf_model1,2.2530122081831356e-08
eakf_model2,0.9999999774698779
eakf_model3,5.084e-321
