model_name,weigth
arima,2.4248764432967623e-32
eakf_model1,1.2141373748530527e-20
eakf_model2,0.9999999999350373
eakf_model3,6.49628574704841e-11
sarima,5.577750899521253e-50
