model_name,weigth
arima,4.7436364563689306e-24
eakf_model1,2.434491311673428e-21
eakf_model2,6.148404156961389e-12
eakf_model3,0.9999999999938516
