model_name,weigth
arima,3.978751039071826e-17
eakf_model1,5.669102540244579e-23
eakf_model2,1.2547614782064631e-11
eakf_model3,0.9999999999874524
