model_name,weigth
arima,1.6321261572694887e-11
eakf_model1,1.5245981659348745e-79
eakf_model2,4.199355849200138e-52
eakf_model3,2.4700542194253194e-41
sarima,0.9999999999836787
