model_name,weigth
arima,0.8826564615022789
eakf_model1,0.0
eakf_model2,5.314077102151472e-164
eakf_model3,7.08319122415743e-112
sarima,0.11734353849772117
