model_name,weigth
arima,5.313749556982765e-46
eakf_model1,3.372030551397737e-19
eakf_model2,1.5310361581944123e-11
eakf_model3,0.9999999999846897
