model_name,weigth
arima,6.658080465769341e-120
eakf_model1,0.9999999998564447
eakf_model2,1.435552403692645e-10
eakf_model3,5.751878080186952e-63
