model_name,weigth
arima,8.317588527530837e-49
eakf_model1,0.9999999999722479
eakf_model2,2.7752112359983324e-11
eakf_model3,1.4193683109315415e-26
sarima,1.0229899781858175e-39
