model_name,weigth
arima,4.5077214870760246e-10
eakf_model1,1.2543075140950245e-66
eakf_model2,0.9999999995492279
eakf_model3,7.691678561409096e-25
