model_name,weigth
arima,2.088638284677435e-11
eakf_model1,1.8731194757354757e-18
eakf_model2,4.803132546042064e-18
eakf_model3,0.9999999999791136
