model_name,weigth
arima,4.101939349743486e-53
eakf_model1,1.3588984621790505e-17
eakf_model2,8.135025949969726e-12
eakf_model3,0.9999999999918651
