model_name,weigth
arima,5.496325568828941e-10
eakf_model1,0.0
eakf_model2,3.150204662536103e-138
eakf_model3,1.3729737580271226e-129
sarima,0.9999999994503675
