model_name,weigth
arima,1.1114312992616219e-30
eakf_model1,0.6528343074706914
eakf_model2,0.3471656925293088
eakf_model3,8.803263927880371e-19
sarima,1.9328006199430034e-34
