model_name,weigth
arima,0.3380702919391512
eakf_model1,2.5e-323
eakf_model2,0.6619297011028522
eakf_model3,6.957996529140291e-09
