model_name,weigth
arima,1.1526282122692822e-100
eakf_model1,0.0
eakf_model2,0.11691612559193665
eakf_model3,4.760132451317432e-08
sarima,0.8830838268067389
