model_name,weigth
arima,4.215823735585266e-27
eakf_model1,8.127553090019963e-11
eakf_model2,0.9999999999187245
eakf_model3,3.909574558150585e-27
sarima,1.0289176448893037e-38
