model_name,weigth
arima,7.065980388579497e-11
eakf_model1,1.1162879188727982e-27
eakf_model2,1.5433563956998727e-25
eakf_model3,0.9999999999293404
