model_name,weigth
arima,0.9999999999531548
eakf_model1,3.591134010411207e-37
eakf_model2,2.7713030388526038e-24
eakf_model3,4.6845274664612904e-11
