model_name,weigth
arima,2.506168170666444e-09
eakf_model1,2.961003418878985e-202
eakf_model2,0.9999999974938318
eakf_model3,1.4776171606782537e-23
