model_name,weigth
arima,4.588124823155771e-25
eakf_model1,0.6882421218290167
eakf_model2,3.2307847563678224e-14
eakf_model3,7.85847951615701e-24
sarima,0.3117578781709512
