model_name,weigth
arima,0.999999999857595
eakf_model1,1.0470842142886872e-50
eakf_model2,1.424051159547725e-10
eakf_model3,1.0310313889376656e-108
