model_name,weigth
arima,3.0667701255288625e-29
eakf_model1,0.9999999999527364
eakf_model2,2.406233387729413e-19
eakf_model3,4.7263657444259725e-11
