model_name,weigth
arima,0.09172274748018319
eakf_model1,2.7267719167026574e-22
eakf_model2,3.511044532215263e-14
eakf_model3,0.9082772525197818
