model_name,weigth
arima,6.955735151883392e-63
eakf_model1,4.264080427871651e-51
eakf_model2,1.2372121127767478e-35
eakf_model3,1.6999733777868535e-10
sarima,0.9999999998300028
