model_name,weigth
arima,7.158509349568132e-30
eakf_model1,9.303393901048914e-18
eakf_model2,0.9999999998308015
eakf_model3,1.6919876271065376e-10
sarima,5.992041505045782e-24
