model_name,weigth
arima,0.9999999994491123
eakf_model1,2.814792524477945e-80
eakf_model2,5.508877713302864e-10
eakf_model3,1.21095194492051e-196
