model_name,weigth
arima,1.4582228117423001e-16
eakf_model1,1.5057470910189144e-63
eakf_model2,0.9999999983124254
eakf_model3,2.4196377262785917e-32
sarima,1.6875743941375176e-09
