model_name,weigth
arima,3.060603600112792e-29
eakf_model1,0.9999999991823958
eakf_model2,9.96652860035092e-52
eakf_model3,8.176043029634328e-10
