model_name,weigth
arima,0.0
eakf_model1,2.5159779237392547e-12
eakf_model2,1.6339942060089383e-09
eakf_model3,0.9999999983634899
