model_name,weigth
arima,5.1700513982086166e-23
eakf_model1,1.4831918148601136e-10
eakf_model2,0.9999999998516809
eakf_model3,1.750914596238357e-107
