model_name,weigth
arima,3.296549510025268e-90
eakf_model1,7.123193364490312e-60
eakf_model2,0.9999999997355279
eakf_model3,2.644722725983171e-10
