model_name,weigth
arima,2.5414764772775573e-52
eakf_model1,0.9999999999326356
eakf_model2,6.736446480853224e-11
eakf_model3,6.362994861812567e-20
sarima,1.232395824440254e-27
