model_name,weigth
arima,1.2329749778080992e-217
eakf_model1,0.9999999987089196
eakf_model2,1.291080433082795e-09
eakf_model3,1.5828235763874906e-136
