model_name,weigth
arima,3.954645290363757e-58
eakf_model1,0.9999999999520465
eakf_model2,5.664797784542285e-13
eakf_model3,4.7387151765499196e-11
