model_name,weigth
arima,4.027797842427445e-25
eakf_model1,0.34504639013856714
eakf_model2,3.586094467618506e-22
eakf_model3,9.801512395513337e-11
sarima,0.6549536097634179
