model_name,weigth
arima,3.821440207231994e-11
eakf_model1,7.015584498983642e-15
eakf_model2,0.9999999999617787
eakf_model3,2.3375463603642686e-18
