model_name,weigth
arima,1.2877652227776217e-10
eakf_model1,1.0783889545039612e-53
eakf_model2,0.9999999998712236
eakf_model3,1.9634500515477766e-34
