model_name,weigth
arima,1.6232743368755015e-42
eakf_model1,1.3151355174972346e-56
eakf_model2,1.3766670643040198e-09
eakf_model3,0.999999998623333
sarima,1.3196594049863926e-140
