model_name,weigth
arima,2.8659118883131867e-109
eakf_model1,9.162044953579133e-51
eakf_model2,0.999999999338197
eakf_model3,6.618029133275748e-10
