model_name,weigth
arima,2.596319368990591e-155
eakf_model1,2.4764950389353426e-36
eakf_model2,1.4431782250549992e-10
eakf_model3,0.9999999998556822
