model_name,weigth
arima,3.731555256975884e-18
eakf_model1,8.8127104125922e-12
eakf_model2,0.9999999999911873
eakf_model3,4.840276736306127e-51
