model_name,weigth
arima,6.150784661308744e-20
eakf_model1,4.77542392513887e-12
eakf_model2,0.9999999999952246
eakf_model3,2.1896045205869014e-27
