model_name,weigth
arima,3.0726819116093706e-40
eakf_model1,3.0021029809815454e-14
eakf_model2,9.080409416327306e-12
eakf_model3,0.9999999999908896
sarima,6.146530962441597e-35
