model_name,weigth
arima,5.603039812316004e-18
eakf_model1,3.87228874352959e-12
eakf_model2,0.9999999999961278
eakf_model3,1.1801834574375863e-31
