model_name,weigth
arima,6.056770014670153e-140
eakf_model1,5.369738579088547e-18
eakf_model2,9.423348128267175e-11
eakf_model3,0.9999999999057666
