model_name,weigth
arima,1.8263578036791718e-59
eakf_model1,3.2742699161178904e-11
eakf_model2,0.9999999999672574
eakf_model3,2.0718005728452283e-22
