model_name,weigth
arima,4.769719035085363e-56
eakf_model1,2.189672961643211e-11
eakf_model2,0.9999999999781033
eakf_model3,1.396112943882649e-28
