model_name,weigth
arima,8.785236883480306e-201
eakf_model1,9.535259747512948e-10
eakf_model2,0.5906961652973998
eakf_model3,0.40930383374907436
