model_name,weigth
arima,3.5e-323
eakf_model1,0.970484624195148
eakf_model2,1.0666526407842706e-66
eakf_model3,0.02951537580485204
sarima,7.4e-323
