model_name,weigth
arima,7.533404892196529e-143
eakf_model1,0.9999999999821323
eakf_model2,2.333986941350756e-53
eakf_model3,1.7867763773534654e-11
