model_name,weigth
arima,2.5832827897686803e-244
eakf_model1,1.7614059609868066e-11
eakf_model2,6.792128583017978e-21
eakf_model3,0.9999999999823859
