model_name,weigth
arima,0.0
eakf_model1,0.9999999996845566
eakf_model2,8.374547009795677e-96
eakf_model3,3.1544339777883466e-10
