model_name,weigth
arima,8.374730110366496e-92
eakf_model1,2.186080138034997e-12
eakf_model2,7.925679121894472e-28
eakf_model3,0.9999999999978139
sarima,5.979428896427473e-22
