model_name,weigth
arima,3.078700463786658e-195
eakf_model1,0.9999999999437219
eakf_model2,7.879859549793366e-102
eakf_model3,5.6278011447436295e-11
