model_name,weigth
arima,0.0
eakf_model1,3.8205629953492285e-10
eakf_model2,4.700743327537925e-159
eakf_model3,7.456704527509937e-50
sarima,0.9999999996179436
