model_name,weigth
arima,1.6215818436410713e-274
eakf_model1,0.999999999940965
eakf_model2,3.281892200458655e-49
eakf_model3,5.903496144784157e-11
sarima,0.0
