model_name,weigth
arima,7.182109057922063e-72
eakf_model1,0.9999999999717908
eakf_model2,9.026643813110376e-21
eakf_model3,2.8209216764657567e-11
