model_name,weigth
arima,1.4951816149746132e-44
eakf_model1,1.8195155626082328e-12
eakf_model2,4.0291127798206375e-21
eakf_model3,0.9999999999981803
sarima,4.51381802486646e-25
