model_name,weigth
arima,3.060072444223704e-306
eakf_model1,0.9999999999524902
eakf_model2,2.489396512282093e-38
eakf_model3,4.750982054997904e-11
sarima,0.0
