model_name,weigth
arima,1.4905596162535177e-41
eakf_model1,0.9999999999864679
eakf_model2,1.1154534774975435e-11
eakf_model3,2.3774122278445414e-12
sarima,5.516062911808393e-45
