model_name,weigth
arima,1.6308735019259168e-60
eakf_model1,0.9999999998298998
eakf_model2,1.7009079863954155e-10
eakf_model3,9.262260512244326e-15
sarima,4.0312123818050174e-69
