model_name,weigth
arima,2.021460995996719e-44
eakf_model1,9.505542604751748e-13
eakf_model2,2.0887537169579875e-20
eakf_model3,0.9999999999990494
