model_name,weigth
arima,1.5e-323
eakf_model1,4.9610178696763815e-15
eakf_model2,0.9999999968917679
eakf_model3,3.108227025621272e-09
sarima,1e-323
