model_name,weigth
arima,4.211608079564287e-95
eakf_model1,0.9999999999929825
eakf_model2,1.830857967881102e-19
eakf_model3,7.017486699764145e-12
sarima,1.0108590763084301e-125
