model_name,weigth
arima,1.02e-321
eakf_model1,0.9999999999816267
eakf_model2,6.299494779186953e-71
eakf_model3,1.8373191163975975e-11
