model_name,weigth
arima,1.690676692348158e-73
eakf_model1,0.9999999998196061
eakf_model2,1.8039211878401334e-10
eakf_model3,1.6351672886099299e-15
