model_name,weigth
arima,3.100626808231397e-29
eakf_model1,6.97708199110969e-11
eakf_model2,0.9999999999302291
eakf_model3,9.437159840492294e-33
