model_name,weigth
arima,2.5208387251795077e-62
eakf_model1,6.200720923145153e-12
eakf_model2,7.180345303092871e-20
eakf_model3,0.9999999999937992
