model_name,weigth
arima,2.284354774557206e-53
eakf_model1,4.787466246822518e-11
eakf_model2,0.9999999999521254
eakf_model3,2.2721038782200716e-28
sarima,2.179210103824057e-116
