model_name,weigth
arima,1.987163808511986e-88
eakf_model1,1.6841936205634538e-10
eakf_model2,0.9999999998315805
eakf_model3,1.6733060421648926e-45
