model_name,weigth
arima,1.4045839967449784e-64
eakf_model1,0.9999999999877751
eakf_model2,2.4431129328650784e-15
eakf_model3,1.2222374306819201e-11
sarima,3.3626482627866788e-77
