model_name,weigth
arima,6.641010711862194e-302
eakf_model1,0.9999999999847033
eakf_model2,4.78047340213242e-48
eakf_model3,1.5296553397194083e-11
