model_name,weigth
arima,1e-322
eakf_model1,0.999999999970189
eakf_model2,4.7250913378002804e-39
eakf_model3,2.981085275341734e-11
