model_name,weigth
arima,8.114504568862298e-58
eakf_model1,3.3485641952586205e-11
eakf_model2,0.9999999999665142
eakf_model3,1.2639778263805652e-29
