model_name,weigth
arima,0.0
eakf_model1,0.9999999933466395
eakf_model2,2.6552423657411505e-81
eakf_model3,6.653360414532089e-09
sarima,0.0
