model_name,weigth
arima,3.291599538126114e-68
eakf_model1,0.9999999999947529
eakf_model2,5.247109695081222e-12
eakf_model3,1.399584877990023e-21
