model_name,weigth
arima,2.628490932481678e-189
eakf_model1,0.9999999999795234
eakf_model2,2.0476588893032472e-11
eakf_model3,2.7702133482377945e-35
