model_name,weigth
arima,0.0
eakf_model1,0.9999999993775452
eakf_model2,5.4205204526879815e-33
eakf_model3,6.224545675784758e-10
sarima,0.0
