model_name,weigth
arima,1.5e-323
eakf_model1,0.9999999991740072
eakf_model2,7.871183581953081e-135
eakf_model3,8.259926813984822e-10
