model_name,weigth
arima,2.066505224371473e-157
eakf_model1,0.9999999999182114
eakf_model2,5.5087089062781e-37
eakf_model3,8.1788453888267e-11
sarima,1.3196613513760485e-303
