model_name,weigth
arima,1e-323
eakf_model1,1.3893996166882197e-07
eakf_model2,3e-323
eakf_model3,0.9999998610600382
