model_name,weigth
arima,0.0
eakf_model1,0.19244509223921785
eakf_model2,1.365115402877958e-236
eakf_model3,0.807554907760782
