model_name,weigth
arima,0.0
eakf_model1,0.9999999999344149
eakf_model2,9.024699389994537e-23
eakf_model3,6.558506239741005e-11
