model_name,weigth
arima,2.3466313364762443e-189
eakf_model1,0.9999999999897518
eakf_model2,1.0248157284902422e-11
eakf_model3,8.214558788113073e-20
