model_name,weigth
arima,1.2077753839859416e-250
eakf_model1,2.7681408422849233e-11
eakf_model2,4.5877598743003075e-37
eakf_model3,0.9999999999723186
