model_name,weigth
arima,1e-323
eakf_model1,0.9999999999086814
eakf_model2,9.131854463089778e-11
eakf_model3,9.087306748589372e-63
