model_name,weigth
arima,1.5e-323
eakf_model1,3.371391869725872e-09
eakf_model2,0.9999999966286081
eakf_model3,5.923671958348544e-84
