model_name,weigth
arima,6.739947670478815e-45
eakf_model1,0.9999999999959803
eakf_model2,4.01961587355322e-12
eakf_model3,1.1247528710058571e-21
