model_name,weigth
arima,0.0
eakf_model1,0.9999999998010797
eakf_model2,1.9800623012788078e-10
eakf_model3,9.139420092543644e-13
