model_name,weigth
arima,7.042494965382575e-142
eakf_model1,0.9999999999602373
eakf_model2,1.085766191854615e-17
eakf_model3,3.976273443802872e-11
sarima,2.4633088322603513e-267
