model_name,weigth
arima,0.0
eakf_model1,5.322366884738906e-09
eakf_model2,4.088187527642621e-202
eakf_model3,0.999999994677633
