model_name,weigth
arima,4.316526719889645e-256
eakf_model1,0.9999999999778678
eakf_model2,2.2132070672920946e-11
eakf_model3,1.6436048332911116e-26
