model_name,weigth
arima,0.0
eakf_model1,0.9999999930558278
eakf_model2,6.9441722753085656e-09
eakf_model3,2.3506357762125477e-159
sarima,0.0
