model_name,weigth
arima,0.0
eakf_model1,0.9999999998999087
eakf_model2,9.852988623080008e-11
eakf_model3,1.5613624723355506e-12
sarima,0.0
