model_name,weigth
arima,2.2250470604715493e-306
eakf_model1,3.716175901561245e-11
eakf_model2,7.061511886658843e-29
eakf_model3,0.9999999999628382
