model_name,weigth
arima,1.4909592879745814e-70
eakf_model1,0.9999999999925517
eakf_model2,7.44828509230728e-12
eakf_model3,1.6815488433749882e-18
