model_name,weigth
arima,1.9123448418016237e-207
eakf_model1,0.9999999999856067
eakf_model2,1.4393200849895786e-11
eakf_model3,8.370806193862744e-24
