model_name,weigth
arima,2.3415089528712002e-184
eakf_model1,3.279026157711284e-11
eakf_model2,2.09728456288459e-11
eakf_model3,0.9999999999462368
