model_name,weigth
arima,1.390866476988223e-155
eakf_model1,0.9999999999828315
eakf_model2,1.7168426942727514e-11
eakf_model3,3.402211676753506e-27
