model_name,weigth
arima,5.927630609704812e-233
eakf_model1,2.1602467749325579e-10
eakf_model2,4.471155082178661e-24
eakf_model3,0.9999999997839752
sarima,5.927630609704812e-233
