model_name,weigth
arima,3.74404215868111e-233
eakf_model1,5.5795568329460743e-11
eakf_model2,4.3031523670757704e-30
eakf_model3,0.9999999999442044
sarima,3.74404215868111e-233
