model_name,weigth
arima,1.543055009235834e-306
eakf_model1,0.9999999999530119
eakf_model2,7.847874097213548e-21
eakf_model3,4.698805439634988e-11
