model_name,weigth
arima,1.8317005757036e-311
eakf_model1,5.141088338254301e-11
eakf_model2,1.1518501709072433e-30
eakf_model3,0.999999999948589
