model_name,weigth
arima,1.5e-323
eakf_model1,0.9999999997146793
eakf_model2,9.522265781869817e-41
eakf_model3,2.8532066043123805e-10
