model_name,weigth
arima,1.1756837383420526e-37
eakf_model1,0.9999999999940932
eakf_model2,5.906910812090315e-12
eakf_model3,2.5729933727305297e-18
