model_name,weigth
arima,3.388772875553682e-183
eakf_model1,2.4125433261112542e-11
eakf_model2,5.692229772887771e-25
eakf_model3,0.9999999999758745
sarima,3.388772875553682e-183
