model_name,weigth
arima,0.0
eakf_model1,0.9999999999269754
eakf_model2,8.42590679378984e-14
eakf_model3,7.294025273336366e-11
