model_name,weigth
arima,0.0
eakf_model1,5.03490550844306e-10
eakf_model2,0.9999999994965094
eakf_model3,7.066939563664473e-42
sarima,0.0
