model_name,weigth
arima,0.0
eakf_model1,4.26152910888947e-10
eakf_model2,0.999999999573847
eakf_model3,7.641130020725697e-36
