model_name,weigth
arima,9.851143751753654e-286
eakf_model1,6.858147916265821e-11
eakf_model2,5.31171804758145e-36
eakf_model3,0.9999999999314184
sarima,1.5807571743262639e-257
