model_name,weigth
arima,1.3523298689115796e-250
eakf_model1,0.9999999999749632
eakf_model2,2.8226185304901846e-24
eakf_model3,2.5036698894749273e-11
