model_name,weigth
arima,2.248692380870976e-120
eakf_model1,2.3748481787137275e-11
eakf_model2,1.7048933122375123e-24
eakf_model3,0.9999999999762516
sarima,5.16533798427233e-106
