model_name,weigth
arima,4.2818728775731526e-113
eakf_model1,7.852730921173113e-12
eakf_model2,7.167007029936028e-20
eakf_model3,0.9999999999921472
