model_name,weigth
arima,0.0
eakf_model1,2.375012089949999e-09
eakf_model2,0.9999999976249878
eakf_model3,2.12130734425051e-39
sarima,0.0
