model_name,weigth
arima,5.197398164031217e-102
eakf_model1,0.9999999999933673
eakf_model2,3.0634963787248684e-19
eakf_model3,6.632672727656998e-12
