model_name,weigth
arima,1.4622180818961087e-203
eakf_model1,3.014603537623595e-11
eakf_model2,0.9999999999698539
eakf_model3,4.3380420481515606e-24
sarima,8.9360178397724e-217
