model_name,weigth
arima,0.0
eakf_model1,3.235405214566832e-11
eakf_model2,0.9999999999676459
eakf_model3,4.6515412992308655e-23
