model_name,weigth
arima,0.0
eakf_model1,8.039423414808027e-10
eakf_model2,2.0800816749765893e-104
eakf_model3,0.9999999991960575
sarima,0.0
