model_name,weigth
arima,9.273260217616043e-97
eakf_model1,0.9999999999938931
eakf_model2,3.6589992278535246e-17
eakf_model3,6.1069152263285345e-12
