model_name,weigth
arima,1.2425760687023724e-80
eakf_model1,0.9999999999958369
eakf_model2,1.4999724130584888e-19
eakf_model3,4.163077019894171e-12
