model_name,weigth
arima,1.5e-323
eakf_model1,1.104153348939629e-09
eakf_model2,8.677828191808033e-137
eakf_model3,0.9999999988958466
