model_name,weigth
arima,0.0
eakf_model1,0.9999999982632326
eakf_model2,2.003974291150176e-179
eakf_model3,1.7367672773574624e-09
