model_name,weigth
arima,0.0
eakf_model1,0.9999999959200557
eakf_model2,8.337874297351223e-256
eakf_model3,4.079944222246997e-09
sarima,0.0
