model_name,weigth
arima,9.612635032598152e-74
eakf_model1,0.9999999999960525
eakf_model2,3.942982807508935e-12
eakf_model3,4.553055452247709e-15
