model_name,weigth
arima,1e-323
eakf_model1,0.9999999998242529
eakf_model2,1.757471079972491e-10
eakf_model3,2.246062207039243e-26
