model_name,weigth
arima,6.569091135155331e-118
eakf_model1,0.9999999999927761
eakf_model2,7.20711868751541e-12
eakf_model3,1.6735819967783433e-14
sarima,4.5352655172971805e-97
