model_name,weigth
arima,0.0
eakf_model1,0.9999999998945315
eakf_model2,1.1593127780012998e-16
eakf_model3,1.0546838792804022e-10
