model_name,weigth
arima,0.0
eakf_model1,0.9999999999278499
eakf_model2,7.214675944522332e-11
eakf_model3,3.2761929590268473e-15
sarima,0.0
