model_name,weigth
arima,1.5469255677794361e-77
eakf_model1,3.6287166194217997e-13
eakf_model2,2.3116534932724584e-13
eakf_model3,0.9999999999994058
