model_name,weigth
arima,1.9625848421088244e-229
eakf_model1,0.9999999999907793
eakf_model2,5.4418861784794635e-12
eakf_model3,3.7786430527087846e-12
