model_name,weigth
arima,2.420321288615151e-198
eakf_model1,0.9999999999825222
eakf_model2,1.0507233396459216e-13
eakf_model3,1.7372709620071697e-11
sarima,2.1315565518671859e-187
