model_name,weigth
arima,4.726662214745238e-232
eakf_model1,0.9999999999886664
eakf_model2,1.13336285238723e-11
eakf_model3,2.6793086139091043e-37
