model_name,weigth
arima,1.0512878319550247e-63
eakf_model1,0.9999999999960844
eakf_model2,1.8497906897355748e-13
eakf_model3,3.730504824558917e-12
sarima,1.1254700077378929e-37
