model_name,weigth
arima,3.6254840178191764e-106
eakf_model1,1.3858949067961376e-12
eakf_model2,2.2484899937848285e-16
eakf_model3,0.9999999999986138
