model_name,weigth
arima,0.0
eakf_model1,0.9999999998639927
eakf_model2,1.360072111462884e-10
eakf_model3,1.3107376686165519e-146
