model_name,weigth
arima,2.147378667946675e-143
eakf_model1,4.005288586506165e-11
eakf_model2,2.5084072285855918e-49
eakf_model3,0.999999999959947
sarima,6.587254486268627e-129
