model_name,weigth
arima,5.050357673574888e-73
eakf_model1,2.3352927114613014e-14
eakf_model2,7.463704831402852e-13
eakf_model3,0.9999999999992302
