model_name,weigth
arima,1.5e-323
eakf_model1,1.361028203524134e-09
eakf_model2,1.966082703799971e-83
eakf_model3,0.9999999986389716
