model_name,weigth
arima,3.4242225160673263e-206
eakf_model1,0.9999999999695521
eakf_model2,2.2133078961317024e-12
eakf_model3,2.823444854941979e-11
