model_name,weigth
arima,2.6613087087528386e-14
eakf_model1,0.9999999999990656
eakf_model2,2.3407084232502763e-17
eakf_model3,9.077630725417378e-13
