model_name,weigth
arima,2.608683375420204e-90
eakf_model1,4.725582642794107e-11
eakf_model2,1.4690303512184418e-34
eakf_model3,0.9999999999527441
sarima,1.1983597896277452e-71
