model_name,weigth
arima,7.105628808912735e-160
eakf_model1,7.475587958354536e-11
eakf_model2,0.9999999999252441
eakf_model3,6.886797111598727e-42
