model_name,weigth
arima,2.0324833219798525e-134
eakf_model1,1.6808668483553853e-10
eakf_model2,2.4708901904425394e-52
eakf_model3,0.9999999998319132
sarima,9.458958253879785e-111
