model_name,weigth
arima,4.44774625768834e-24
eakf_model1,0.9999999999984803
eakf_model2,1.5195779959286882e-12
eakf_model3,1.4842819163847653e-20
