model_name,weigth
arima,1.5e-323
eakf_model1,0.9999999983061488
eakf_model2,8.860833477090922e-58
eakf_model3,1.6938510804852148e-09
