model_name,weigth
arima,2.2845071034559497e-109
eakf_model1,0.9999999999818336
eakf_model2,1.0624281812844993e-34
eakf_model3,1.8166367075410942e-11
