model_name,weigth
arima,1.4921743497516445e-13
eakf_model1,0.999999999999035
eakf_model2,1.3968853091892704e-16
eakf_model3,8.155003293912475e-13
