model_name,weigth
arima,2.2890171477540817e-160
eakf_model1,0.9999999999815075
eakf_model2,2.078934363852248e-12
eakf_model3,1.6413588086203853e-11
