model_name,weigth
arima,5.781484484275758e-171
eakf_model1,2.153089112137327e-10
eakf_model2,0.999999999784691
eakf_model3,3.008553411384489e-43
