model_name,weigth
arima,1.3900804226199993e-198
eakf_model1,7.937502002725331e-34
eakf_model2,2.7472843993359614e-11
eakf_model3,0.9999999999725271
