model_name,weigth
arima,3.102729777708914e-85
eakf_model1,0.9999999999849382
eakf_model2,1.0672115178435969e-26
eakf_model3,1.5061842565920205e-11
sarima,3.297601231300391e-44
