model_name,weigth
arima,1.3421229265668167e-120
eakf_model1,0.9999999999845917
eakf_model2,1.2091291605126279e-17
eakf_model3,1.54082908136444e-11
