model_name,weigth
arima,5.164551254213906e-81
eakf_model1,0.9999999999908302
eakf_model2,7.126724547113058e-29
eakf_model3,9.169633522397271e-12
