model_name,weigth
arima,3.1930483775609957e-74
eakf_model1,1.5241001694849008e-11
eakf_model2,0.9999999999847589
eakf_model3,2.414539896994251e-25
sarima,3.6963963725918753e-57
