model_name,weigth
arima,5.0859353349502754e-86
eakf_model1,0.999999999985709
eakf_model2,1.4109391750797145e-11
eakf_model3,1.8157490095374117e-13
