model_name,weigth
arima,1.004570255613397e-113
eakf_model1,1.6507429337713105e-11
eakf_model2,0.9999999999834921
eakf_model3,2.6325604529869423e-16
