model_name,weigth
arima,8.162896332939784e-192
eakf_model1,0.9999999999307669
eakf_model2,1.5305204621239939e-24
eakf_model3,6.923312782481568e-11
sarima,8.915728461781691e-122
