model_name,weigth
arima,2.990871795002189e-15
eakf_model1,0.9999999999986987
eakf_model2,9.678906128623398e-19
eakf_model3,1.2982060113843146e-12
