model_name,weigth
arima,2.1605506992128e-15
eakf_model1,0.9999999999987221
eakf_model2,4.2529399731557327e-19
eakf_model3,1.2755513998330153e-12
