model_name,weigth
arima,4.8460781486064113e-14
eakf_model1,0.9999999999993376
eakf_model2,9.143248173600537e-14
eakf_model3,5.223786204358247e-13
