model_name,weigth
arima,2.11549587585469e-132
eakf_model1,2.0865261443718566e-14
eakf_model2,1.49902627551337e-11
eakf_model3,0.9999999999849888
sarima,1.1881732866346484e-99
