model_name,weigth
arima,4.21149568260238e-217
eakf_model1,8.548950323822935e-11
eakf_model2,0.9999999999145104
eakf_model3,7.254208510679994e-43
sarima,2.7735379045683293e-182
