model_name,weigth
arima,4.6119e-319
eakf_model1,1.7654226315688924e-10
eakf_model2,0.9999999998234577
eakf_model3,4.117292853815819e-43
sarima,7.26217336944805e-232
