model_name,weigth
arima,1.5e-323
eakf_model1,7.607284217079827e-09
eakf_model2,3.6924216396683323e-124
eakf_model3,0.9999999923927156
