model_name,weigth
arima,1.6676216830063747e-260
eakf_model1,7.260791505751728e-11
eakf_model2,0.999999999927392
eakf_model3,9.376136939868332e-40
