model_name,weigth
arima,6.022255041004e-310
eakf_model1,1.0047336012084905e-56
eakf_model2,2.703718340797885e-11
eakf_model3,0.9999999999729627
