model_name,weigth
arima,7.3847343872392195e-236
eakf_model1,2.8523309341990424e-34
eakf_model2,4.611437603977366e-11
eakf_model3,0.9999999999538856
sarima,3.314590450565647e-158
