model_name,weigth
arima,1.5e-323
eakf_model1,0.9999999986513872
eakf_model2,1.3486127005326609e-09
eakf_model3,3.558230302056111e-66
