model_name,weigth
arima,5.628630172062758e-271
eakf_model1,0.9999999999012669
eakf_model2,9.873298990229622e-11
eakf_model3,3.471842476903513e-17
sarima,4.302464344064427e-254
