model_name,weigth
arima,2.009347611068008e-111
eakf_model1,2.0181967343122358e-18
eakf_model2,6.110005858064123e-12
eakf_model3,0.9999999999938899
