model_name,weigth
arima,0.0
eakf_model1,3.580964608738626e-10
eakf_model2,0.9999999996419036
eakf_model3,1.1035081742389216e-59
sarima,0.0
