model_name,weigth
arima,9.327249399238945e-18
eakf_model1,0.9999999999991813
eakf_model2,3.2750162599385776e-14
eakf_model3,7.859443787319219e-13
