model_name,weigth
arima,6.783353001296748e-296
eakf_model1,9.860630504500358e-11
eakf_model2,2.4112726304078593e-29
eakf_model3,0.9999999999013935
sarima,1.7781902316188525e-244
