model_name,weigth
arima,1.9725178961438366e-31
eakf_model1,0.9999999999989159
eakf_model2,1.9169635921568848e-20
eakf_model3,1.083980261912827e-12
