model_name,weigth
arima,7.358468120867887e-173
eakf_model1,5.903339929248443e-19
eakf_model2,1.4887044763174956e-11
eakf_model3,0.9999999999851128
