model_name,weigth
arima,2.5795179487199213e-20
eakf_model1,0.99999999999964
eakf_model2,3.4796031533513146e-16
eakf_model3,3.59668625564841e-13
