model_name,weigth
arima,4.694168708869047e-77
eakf_model1,7.264592113480265e-15
eakf_model2,1.9394273723294323e-11
eakf_model3,0.9999999999805984
sarima,7.4976752803423465e-31
