model_name,weigth
arima,1.5e-323
eakf_model1,8.286524174902227e-134
eakf_model2,0.9999999998033251
eakf_model3,1.9667481871970398e-10
