model_name,weigth
arima,4.3442764053636636e-125
eakf_model1,2.627058873499242e-11
eakf_model2,1.0482728282826741e-20
eakf_model3,0.9999999999737293
