model_name,weigth
arima,4.242850449188027e-102
eakf_model1,5.39031878500249e-12
eakf_model2,8.646856881643432e-39
eakf_model3,0.9999999999946096
