model_name,weigth
arima,0.0
eakf_model1,2.5e-323
eakf_model2,0.9999999785749216
eakf_model3,2.1425078272244817e-08
