model_name,weigth
arima,0.0
eakf_model1,4.726548391453974e-210
eakf_model2,7.480220636651264e-10
eakf_model3,0.9999999992519777
