model_name,weigth
arima,1e-323
eakf_model1,2.5e-323
eakf_model2,0.9999999809895569
eakf_model3,1.901044304515185e-08
