model_name,weigth
arima,3.024603042137532e-231
eakf_model1,1.6062378643715273e-48
eakf_model2,0.9999999999250103
eakf_model3,7.498960699648268e-11
