model_name,weigth
arima,2.3397266051863104e-96
eakf_model1,8.444212895542713e-23
eakf_model2,1.8024169438398502e-11
eakf_model3,0.9999999999819758
sarima,6.591686359680306e-24
