model_name,weigth
arima,1.0114709767842602e-54
eakf_model1,3.9986629978595954e-12
eakf_model2,1.911060974390438e-12
eakf_model3,0.9999999999940903
