model_name,weigth
arima,1.1734277647323596e-90
eakf_model1,6.7137659792130704e-12
eakf_model2,1.0244359840276773e-25
eakf_model3,0.9999999999932863
sarima,1.7079144981716848e-68
