model_name,weigth
arima,1.0222790804407422e-99
eakf_model1,5.028684689143947e-12
eakf_model2,3.9316175741416404e-31
eakf_model3,0.9999999999949712
