model_name,weigth
arima,2.449226648942258e-103
eakf_model1,3.7578809552446516e-11
eakf_model2,2.7147092972580185e-15
eakf_model3,0.9999999999624183
sarima,1.3114845828273684e-85
