model_name,weigth
arima,1.5836225443378425e-144
eakf_model1,9.871113350916296e-31
eakf_model2,3.5270692221148013e-11
eakf_model3,0.9999999999647291
