model_name,weigth
arima,1.2790997052094916e-84
eakf_model1,5.844533251284645e-12
eakf_model2,7.170796122899585e-30
eakf_model3,0.9999999999941555
sarima,6.625191942183462e-71
