model_name,weigth
arima,0.0
eakf_model1,3.9937030239965617e-91
eakf_model2,7.976874345233186e-11
eakf_model3,0.9999999999202313
