model_name,weigth
arima,2.5710936389851535e-93
eakf_model1,1.519457915551104e-29
eakf_model2,1.2576770871026423e-11
eakf_model3,0.9999999999874232
