model_name,weigth
arima,5.688832565513503e-103
eakf_model1,1.6630126021310396e-25
eakf_model2,1.1500148715384415e-11
eakf_model3,0.9999999999884999
