model_name,weigth
arima,2.521855147112922e-72
eakf_model1,1.1209491804095195e-11
eakf_model2,4.618378552633135e-18
eakf_model3,0.9999999999887904
