model_name,weigth
arima,3.192044721439527e-222
eakf_model1,3.581977863499791e-69
eakf_model2,4.182646403159699e-11
eakf_model3,0.9999999999581736
