model_name,weigth
arima,1.5e-323
eakf_model1,3.0378355324230983e-10
eakf_model2,1.544544730922506e-09
eakf_model3,0.9999999981516716
