model_name,weigth
arima,3e-323
eakf_model1,0.9999999959490715
eakf_model2,4.050928347536378e-09
eakf_model3,3.926017274380703e-37
sarima,3e-323
