model_name,weigth
arima,6.547069248800337e-61
eakf_model1,1.098180613361227e-11
eakf_model2,3.914257593513024e-16
eakf_model3,0.9999999999890178
sarima,3.7337066514549714e-41
