model_name,weigth
arima,3.145960427554635e-80
eakf_model1,1.9561902090216577e-22
eakf_model2,7.107257062882223e-12
eakf_model3,0.9999999999928928
