model_name,weigth
arima,1.2321048758879038e-75
eakf_model1,6.716635409323056e-23
eakf_model2,6.09604363182021e-12
eakf_model3,0.9999999999939039
