model_name,weigth
arima,1.4888481938422007e-44
eakf_model1,1.5730044137151197e-13
eakf_model2,3.933244829827176e-12
eakf_model3,0.9999999999959095
sarima,1.2156918367836503e-21
