model_name,weigth
arima,1.5e-323
eakf_model1,2.0870039000643788e-08
eakf_model2,0.9999999791299611
eakf_model3,4.411943112261113e-117
