model_name,weigth
arima,1.0777310187635862e-78
eakf_model1,4.665994201554113e-23
eakf_model2,8.96416391807083e-12
eakf_model3,0.9999999999910358
sarima,7.118410375964856e-23
