model_name,weigth
arima,1.5e-323
eakf_model1,3.162016309611492e-10
eakf_model2,2.812830400396444e-42
eakf_model3,0.9999999996837984
