model_name,weigth
arima,6.273440892936692e-89
eakf_model1,1.66014289086054e-11
eakf_model2,6.994890323053484e-18
eakf_model3,0.9999999999833986
sarima,9.49014545589403e-43
