model_name,weigth
arima,1.937709690406574e-75
eakf_model1,1.5822672736587894e-33
eakf_model2,8.759027499542496e-12
eakf_model3,0.9999999999912409
