model_name,weigth
arima,4.604548601082052e-107
eakf_model1,2.2141717021065846e-29
eakf_model2,1.482478334368331e-11
eakf_model3,0.9999999999851752
