model_name,weigth
arima,1.5e-323
eakf_model1,9.852410332054145e-10
eakf_model2,0.9999999990147589
eakf_model3,2.2655531477051448e-35
