model_name,weigth
arima,3e-323
eakf_model1,6.042065802816516e-112
eakf_model2,0.13339796443227647
eakf_model3,0.8666020350347933
sarima,5.329302049682046e-10
