model_name,weigth
arima,1.5e-323
eakf_model1,4.9094082215021987e-172
eakf_model2,0.9999999914886946
eakf_model3,8.511305373305585e-09
sarima,4.4e-323
