model_name,weigth
arima,1.5924932829059827e-208
eakf_model1,3.8623538397510004e-66
eakf_model2,1.0493925824640371e-10
eakf_model3,0.9999999998950607
sarima,8.417808208695465e-49
