model_name,weigth
arima,4.743011445619661e-137
eakf_model1,3.0527459117162953e-34
eakf_model2,3.568440187274034e-11
eakf_model3,0.9999999999643154
