model_name,weigth
arima,3.822504373226981e-80
eakf_model1,2.178911178629729e-18
eakf_model2,6.347443151411646e-12
eakf_model3,0.9999999999936525
