model_name,weigth
arima,4.058153624856069e-201
eakf_model1,3.976585821276314e-75
eakf_model2,0.9999999999152709
eakf_model3,8.472900163379018e-11
sarima,2.644916122757684e-44
