model_name,weigth
arima,3.4153557041821265e-96
eakf_model1,1.4648857309622091e-23
eakf_model2,1.0353692807403718e-11
eakf_model3,0.9999999999896463
