model_name,weigth
arima,2.5556241126778678e-55
eakf_model1,2.5548000355682704e-11
eakf_model2,0.999999999974452
eakf_model3,1.2140059057617023e-72
