model_name,weigth
arima,7.191242203980694e-55
eakf_model1,1.194505207001743e-11
eakf_model2,0.9999999999869871
eakf_model3,1.0679525266704488e-12
