model_name,weigth
arima,2.490709859922419e-93
eakf_model1,2.250977893174218e-31
eakf_model2,0.9999999999798697
eakf_model3,2.0130301649516255e-11
sarima,7.261209791420001e-26
