model_name,weigth
arima,8.928091271833813e-144
eakf_model1,0.9999999998567047
eakf_model2,1.4329521588603203e-10
eakf_model3,1.4146551492776202e-19
sarima,5.0459037344287976e-101
