model_name,weigth
arima,2.149135051210131e-57
eakf_model1,2.1212977332831102e-11
eakf_model2,0.999999999978787
eakf_model3,1.2452102796618974e-18
sarima,4.684551036090998e-48
