model_name,weigth
arima,1.5e-323
eakf_model1,8.4e-323
eakf_model2,0.0003072077619915269
eakf_model3,0.9996927922380083
