model_name,weigth
arima,1.4017708920226426e-97
eakf_model1,4.89418915268577e-11
eakf_model2,0.999999999951058
eakf_model3,5.034072037842171e-78
