model_name,weigth
arima,1.5e-323
eakf_model1,3e-323
eakf_model2,0.7964417046117424
eakf_model3,0.20355829538825762
