model_name,weigth
arima,1.1312893187124787e-151
eakf_model1,3.2494809909666135e-38
eakf_model2,6.21086243970419e-11
eakf_model3,0.9999999999378912
sarima,3.950120971306108e-43
