model_name,weigth
arima,8.020832375023511e-96
eakf_model1,4.237942662263554e-23
eakf_model2,1.631720387770175e-11
eakf_model3,0.9999999999836828
sarima,2.766181823154032e-32
