model_name,weigth
arima,7.210566844643568e-51
eakf_model1,0.9999999999699756
eakf_model2,3.002438567605405e-11
eakf_model3,7.0178426750895e-17
sarima,3.072395753387211e-21
