model_name,weigth
arima,8.908730234674973e-73
eakf_model1,0.9999999999688577
eakf_model2,3.1142256969158215e-11
eakf_model3,6.323536135328233e-43
