model_name,weigth
arima,4.374045112480052e-46
eakf_model1,4.9156897708583457e-11
eakf_model2,0.9999999999508431
eakf_model3,9.434209396495135e-88
