model_name,weigth
arima,6.471490073891765e-67
eakf_model1,1.0254847708688487e-10
eakf_model2,0.9999999998974516
eakf_model3,1.5329963513745243e-119
