model_name,weigth
arima,2.645223376342373e-146
eakf_model1,1.0607743453363258e-10
eakf_model2,0.9999999998939225
eakf_model3,4.91789759996401e-81
