model_name,weigth
arima,9.89455573933011e-84
eakf_model1,7.605272322877073e-60
eakf_model2,1.0900597964842005e-40
eakf_model3,4.622036359606704e-11
sarima,0.9999999999537796
