model_name,weigth
arima,1.0300571259223111e-151
eakf_model1,9.418043439207752e-11
eakf_model2,0.9999999999058196
eakf_model3,2.4323561696111245e-110
