model_name,weigth
arima,3e-323
eakf_model1,0.9999999681640218
eakf_model2,3.183597804411365e-08
eakf_model3,4.4e-323
sarima,3e-323
