model_name,weigth
arima,1.8893204868163517e-121
eakf_model1,2.2473607957090554e-10
eakf_model2,0.999999999775264
eakf_model3,1.2177862129856859e-201
