model_name,weigth
arima,3.1776724417171664e-24
eakf_model1,5.506411030396172e-16
eakf_model2,3.788510957609406e-12
eakf_model3,0.9999999999962109
