model_name,weigth
arima,2.0350169362308644e-43
eakf_model1,1.459862222401214e-11
eakf_model2,0.9999999999854012
eakf_model3,1.7584944188814003e-55
