model_name,weigth
arima,1.0125222269950549e-54
eakf_model1,0.9999999999750011
eakf_model2,1.751534820743502e-18
eakf_model3,2.49988401318091e-11
