model_name,weigth
arima,8.735353031734536e-53
eakf_model1,8.223769789953185e-11
eakf_model2,0.9999999999177622
eakf_model3,1.3317535346488437e-111
