model_name,weigth
arima,4.792585893714435e-286
eakf_model1,4.828593521654148e-61
eakf_model2,2.431507906261083e-92
eakf_model3,1.4818358861263823e-09
sarima,0.999999998518164
