model_name,weigth
arima,5.4161724146829035e-50
eakf_model1,1.4318263269572844e-62
eakf_model2,5.092391814051249e-12
eakf_model3,0.9999999999949074
