model_name,weigth
arima,1.4153169224518142e-75
eakf_model1,1.5083065871339664e-10
eakf_model2,0.9999999998491693
eakf_model3,8.335725236488951e-104
