model_name,weigth
arima,4.1518716866084457e-64
eakf_model1,2.5542875026604845e-11
eakf_model2,0.9999999999744408
eakf_model3,1.6356278170825097e-14
sarima,3.608364419668408e-33
