model_name,weigth
arima,2.2413479019811548e-301
eakf_model1,0.9999999994570807
eakf_model2,5.429192545697882e-10
eakf_model3,3.276298990617047e-212
