model_name,weigth
arima,1.203112060971889e-60
eakf_model1,7.716816708756083e-11
eakf_model2,0.9999999999228318
eakf_model3,1.467558648056607e-105
