model_name,weigth
arima,9.801875558251273e-86
eakf_model1,3.2581695152203896e-22
eakf_model2,0.9999999999829643
eakf_model3,1.703561702857645e-11
