model_name,weigth
arima,6.393002465660217e-145
eakf_model1,2.473033433341247e-10
eakf_model2,0.9999999997526966
eakf_model3,4.5909833849310655e-59
sarima,2.185040706716048e-121
