model_name,weigth
arima,1.4228274336006386e-206
eakf_model1,0.999999999648082
eakf_model2,3.519179531219852e-10
eakf_model3,1.8303019285974556e-140
sarima,2.405233517799585e-207
