model_name,weigth
arima,1.8624366492945427e-119
eakf_model1,8.1296865435407e-11
eakf_model2,0.9999999999187031
eakf_model3,8.496326139205708e-135
