model_name,weigth
arima,2.230589417560088e-113
eakf_model1,1.454616809414277e-64
eakf_model2,9.952058610400063e-11
eakf_model3,0.9999999999004794
sarima,1.911507589892635e-106
