model_name,weigth
arima,2.386942349772021e-48
eakf_model1,1.743586828227825e-49
eakf_model2,3.2724523424828605e-12
eakf_model3,0.9999999999967275
