model_name,weigth
arima,9.51265123661281e-121
eakf_model1,9.09666591745684e-11
eakf_model2,0.9999999999090333
eakf_model3,1.4227720940519922e-128
