model_name,weigth
arima,4.4e-323
eakf_model1,0.9999999966515571
eakf_model2,3.348442761333201e-09
eakf_model3,8.506420940250973e-127
sarima,3e-323
