model_name,weigth
arima,6.224235770431312e-68
eakf_model1,1.2914938632579338e-13
eakf_model2,0.9999999999541431
eakf_model3,4.572773122238914e-11
