model_name,weigth
arima,3.4645110900463236e-76
eakf_model1,3.797607650322339e-11
eakf_model2,0.9999999999620238
eakf_model3,1.3334408443982037e-68
