model_name,weigth
arima,1.9546986854309475e-45
eakf_model1,4.029880396408154e-34
eakf_model2,3.958662993330674e-12
eakf_model3,0.9999999999960414
