model_name,weigth
arima,3.719406674698023e-115
eakf_model1,0.9999999997984335
eakf_model2,2.7234117628739534e-20
eakf_model3,2.0156661502991434e-10
