model_name,weigth
arima,1.1655967603964925e-40
eakf_model1,3.17867486783332e-11
eakf_model2,0.9999999999682132
eakf_model3,8.181243721323489e-63
