model_name,weigth
arima,2.7177106865099966e-22
eakf_model1,2.6230550107469096e-11
eakf_model2,0.9999999999737692
eakf_model3,3.247115713927655e-64
