model_name,weigth
arima,1.824917396846731e-61
eakf_model1,7.919143241501519e-71
eakf_model2,6.144451404205695e-12
eakf_model3,0.9999999999929154
sarima,9.400817757541987e-13
