model_name,weigth
arima,8.076069389847365e-243
eakf_model1,0.9999999988764192
eakf_model2,1.1235807287937197e-09
eakf_model3,2.97623624509037e-89
