model_name,weigth
arima,3e-323
eakf_model1,0.9999999972454163
eakf_model2,2.754583553137708e-09
eakf_model3,3e-323
