model_name,weigth
arima,1.7214562949143669e-46
eakf_model1,2.34190773951377e-24
eakf_model2,2.3654284622151963e-11
eakf_model3,0.9999999999763457
