model_name,weigth
arima,1.5104308609800127e-244
eakf_model1,1.5873435867363096e-09
eakf_model2,0.9999999984126564
eakf_model3,9.467302884744432e-52
sarima,3e-323
