model_name,weigth
arima,3.956480131221347e-86
eakf_model1,7.834754136038751e-11
eakf_model2,0.9999999999216523
eakf_model3,5.300903333823571e-34
