model_name,weigth
arima,2.4069711959532628e-93
eakf_model1,3.7711381117232974e-11
eakf_model2,2.1701624124374742e-10
eakf_model3,0.9999999997452722
sarima,9.959230720254716e-100
