model_name,weigth
arima,2.804649748936447e-105
eakf_model1,1.9781627409888262e-35
eakf_model2,0.9999999994914144
eakf_model3,5.085856075747392e-10
