model_name,weigth
arima,2.435744491916586e-10
eakf_model1,4.233538107767508e-121
eakf_model2,3.20630534274034e-69
eakf_model3,0.9999999997564255
sarima,5.829141556529725e-66
