model_name,weigth
arima,1.8926620006890786e-189
eakf_model1,1.1559974172180095e-10
eakf_model2,0.9999999998844002
eakf_model3,3.3448448045556874e-96
