model_name,weigth
arima,1.0264239741946792e-09
eakf_model1,1.9808544347784037e-254
eakf_model2,7.702524946580737e-157
eakf_model3,0.9999999989735759
