model_name,weigth
arima,3.064142569114514e-17
eakf_model1,3.3668132071411513e-15
eakf_model2,0.999999999989974
eakf_model3,1.0022686032744343e-11
sarima,6.939339685951865e-17
