model_name,weigth
arima,5.2825512928573256e-58
eakf_model1,2.35653911090347e-11
eakf_model2,0.9999999999764346
eakf_model3,3.711691442075463e-64
