model_name,weigth
arima,1.5120458126346165e-15
eakf_model1,1.919226541708908e-58
eakf_model2,5.80750504162171e-12
eakf_model3,6.682534649290142e-12
sarima,0.9999999999875084
