model_name,weigth
arima,1.0534816211012121e-48
eakf_model1,1.6183673172428506e-11
eakf_model2,0.9999999999838163
eakf_model3,3.964637922730857e-68
