model_name,weigth
arima,3e-323
eakf_model1,0.9985959195375995
eakf_model2,0.0014040804624002759
eakf_model3,6e-323
