model_name,weigth
arima,5.066125109305358e-21
eakf_model1,0.9999999996581592
eakf_model2,1.2312947827842223e-20
eakf_model3,3.418406114988822e-10
