model_name,weigth
arima,1.7198674887302578e-143
eakf_model1,5.997258296056652e-11
eakf_model2,0.9999999999400273
eakf_model3,1.5829509246582263e-65
