model_name,weigth
arima,0.9999999998599063
eakf_model1,2.6740117482926308e-47
eakf_model2,2.9833478812714573e-38
eakf_model3,1.4009381135426896e-10
sarima,1.2472530495876026e-45
