model_name,weigth
arima,3.323132245865561e-11
eakf_model1,8.832049991902693e-69
eakf_model2,1.427895716563889e-23
eakf_model3,0.9999999999667686
sarima,4.764138322337054e-28
