model_name,weigth
arima,7.57685128026902e-79
eakf_model1,4.040203947540818e-11
eakf_model2,0.9999999999595979
eakf_model3,1.0476516450960413e-72
