model_name,weigth
arima,6.581586895101917e-66
eakf_model1,0.9999999998743309
eakf_model2,1.2566907893057402e-10
eakf_model3,1.6495075317114172e-38
