model_name,weigth
arima,1.0846123432168905e-91
eakf_model1,0.9999999996264888
eakf_model2,3.735111009686679e-10
eakf_model3,7.538339944646154e-61
sarima,2.0178300650304342e-107
