model_name,weigth
arima,1.1672317562661167e-33
eakf_model1,0.9999999983525693
eakf_model2,1.6474307501634e-09
eakf_model3,1.8919293695474516e-59
sarima,1.4644869360286342e-107
