model_name,weigth
arima,1.6381747209002866e-11
eakf_model1,5.416020294036909e-63
eakf_model2,1.6494827770111776e-18
eakf_model3,0.9999999999836182
