model_name,weigth
arima,1.6332886364553048e-152
eakf_model1,1.296572392559544e-10
eakf_model2,0.9999999998703428
eakf_model3,5.218841357239604e-128
