model_name,weigth
arima,0.9999999983559271
eakf_model1,8.109906077155777e-161
eakf_model2,3.667430610023235e-160
eakf_model3,1.6440727620380243e-09
