model_name,weigth
arima,4.248167291870855e-25
eakf_model1,1.5529245086532654e-11
eakf_model2,0.9999999999844708
eakf_model3,3.5471801692303385e-20
