model_name,weigth
arima,5.29877738182104e-42
eakf_model1,1.850751425805484e-39
eakf_model2,0.9999999999656044
eakf_model3,3.439556544862811e-11
