model_name,weigth
arima,1.4430625966739409e-09
eakf_model1,4.529486772183219e-62
eakf_model2,1.0410026899291128e-243
eakf_model3,0.9999999985569373
