model_name,weigth
arima,2.4787068246649283e-29
eakf_model1,2.2948515441392146e-27
eakf_model2,0.9999999999806943
eakf_model3,1.930562925874824e-11
