model_name,weigth
arima,9.03816255979135e-16
eakf_model1,1.1745684294359263e-12
eakf_model2,1.4165701508668068e-18
eakf_model3,0.9999999999988245
