model_name,weigth
arima,8.1883535908244855e-137
eakf_model1,0.9999999999085667
eakf_model2,1.1405131134349586e-12
eakf_model3,9.029263727614765e-11
sarima,2.0883477996746953e-56
