model_name,weigth
arima,5.510704465658537e-78
eakf_model1,0.9999999998826843
eakf_model2,9.771330483122548e-62
eakf_model3,1.1731572249298074e-10
sarima,1.6996648510153725e-30
