model_name,weigth
arima,1.6278488771421342e-20
eakf_model1,2.3349984235886344e-80
eakf_model2,3.6368776144738206e-11
eakf_model3,0.9999999999636311
