model_name,weigth
arima,2.4402525084958415e-299
eakf_model1,1.9819990045310707e-10
eakf_model2,0.9999999998016583
eakf_model3,1.4172250077514854e-13
sarima,4.6249928385929624e-178
