model_name,weigth
arima,2.2086985564287328e-18
eakf_model1,3.52637934138155e-66
eakf_model2,3.7623228321205745e-11
eakf_model3,0.9999999999623768
