model_name,weigth
arima,9.682849554146634e-14
eakf_model1,8.86309451786068e-19
eakf_model2,2.8709763820769336e-40
eakf_model3,9.724251745101176e-12
sarima,0.9999999999901787
