model_name,weigth
arima,2.486296063063647e-13
eakf_model1,7.95300044164282e-24
eakf_model2,4.036867786645994e-28
eakf_model3,2.770613745235617e-12
sarima,0.9999999999969806
