model_name,weigth
arima,4.362685921058162e-19
eakf_model1,6.638886171293367e-15
eakf_model2,1.333527906358226e-12
eakf_model3,0.9999999999986597
