model_name,weigth
arima,3.975071093150546e-286
eakf_model1,1.0737810015375179e-10
eakf_model2,0.9999999998925745
eakf_model3,4.734904323399781e-14
