model_name,weigth
arima,1.457882911280053e-28
eakf_model1,8.398021141531757e-11
eakf_model2,0.9999999999160196
eakf_model3,6.09462985031018e-37
