model_name,weigth
arima,3.043715464888166e-13
eakf_model1,2.3031473221238193e-14
eakf_model2,9.798989844039794e-13
eakf_model3,0.9999999999986926
