model_name,weigth
arima,2.401978627986898e-18
eakf_model1,3.8200041239622024e-41
eakf_model2,4.299550176778597e-12
eakf_model3,1.1027982904951861e-13
sarima,0.9999999999955901
