model_name,weigth
arima,4.9691777777114843e-17
eakf_model1,4.165973366990183e-31
eakf_model2,1.4978146814109845e-13
eakf_model3,2.080599856026421e-12
sarima,0.9999999999977696
