model_name,weigth
arima,0.999999998573097
eakf_model1,8.493737515230447e-230
eakf_model2,4.6784603366083884e-60
eakf_model3,1.4269030719173128e-09
