model_name,weigth
arima,1.5e-323
eakf_model1,0.9999999988243624
eakf_model2,1.1756375047686442e-09
eakf_model3,2.7858104417267946e-75
sarima,5.7622011762698105e-270
