model_name,weigth
arima,6.268478609811577e-157
eakf_model1,6.77079739495643e-11
eakf_model2,2.7951598674313044e-26
eakf_model3,0.9999999999322919
