model_name,weigth
arima,1e-323
eakf_model1,3.652840646542376e-10
eakf_model2,0.999999999634716
eakf_model3,1.110146467846142e-29
sarima,2.1383291079608668e-249
