model_name,weigth
arima,2.399514045007309e-299
eakf_model1,2.48480823978547e-91
eakf_model2,0.9999999971326267
eakf_model3,2.8673731213413177e-09
