model_name,weigth
arima,1.5e-323
eakf_model1,4.105489461963049e-08
eakf_model2,8.4e-323
eakf_model3,0.9999999589451053
