model_name,weigth
arima,1.5e-323
eakf_model1,3.059861120043754e-10
eakf_model2,0.9999999996940139
eakf_model3,1.4534315013090518e-27
