model_name,weigth
arima,7.865178575448495e-17
eakf_model1,1.1162186826460323e-18
eakf_model2,0.9999999999892007
eakf_model3,1.0799239491584812e-11
