model_name,weigth
arima,1.5523629340955821e-69
eakf_model1,1.2549706061766724e-23
eakf_model2,1.3149960168433916e-11
eakf_model3,0.99999999998685
