model_name,weigth
arima,2.2671424254299887e-38
eakf_model1,1.753098495742569e-12
eakf_model2,5.409450682513548e-12
eakf_model3,0.9999999999928374
sarima,2.057905321955003e-37
