model_name,weigth
arima,1.5e-323
eakf_model1,2.914750841553084e-09
eakf_model2,4.418177894602161e-20
eakf_model3,0.9999999970852491
