model_name,weigth
arima,4.168208909923285e-59
eakf_model1,6.116220206756041e-19
eakf_model2,1.7262213447220363e-11
eakf_model3,0.9999999999827376
sarima,6.017489449986762e-56
