model_name,weigth
arima,2.1572193090721757e-105
eakf_model1,5.258118641889149e-54
eakf_model2,1.2829173622689745e-10
eakf_model3,0.9999999998717082
