model_name,weigth
arima,9.64281545630492e-13
eakf_model1,2.2341824046204383e-09
eakf_model2,0.9999999977648533
eakf_model3,3.73437640851797e-161
