model_name,weigth
arima,7.049760434295812e-38
eakf_model1,4.721441550542223e-12
eakf_model2,2.9530218800810255e-14
eakf_model3,0.9999999999952491
