model_name,weigth
arima,4.846611411442538e-97
eakf_model1,2.2732079820216797e-42
eakf_model2,3.0394445830723354e-11
eakf_model3,0.9999999999696055
