model_name,weigth
arima,1.3653879093679134e-187
eakf_model1,1.1027019189784158e-10
eakf_model2,1.8328748519818735e-11
eakf_model3,0.9999999998714011
sarima,2.699652744940717e-135
