model_name,weigth
arima,1.0223725239249726e-51
eakf_model1,5.007861029023396e-11
eakf_model2,0.9999999999499194
eakf_model3,1.9979839468781053e-15
