model_name,weigth
arima,3.759026931312701e-107
eakf_model1,7.04978296361524e-11
eakf_model2,0.9999999999295
eakf_model3,2.2296278607387508e-15
