model_name,weigth
arima,1.5e-323
eakf_model1,5.78733697972687e-15
eakf_model2,0.9999999992551301
eakf_model3,7.448640537433925e-10
