model_name,weigth
arima,1.2735439048162613e-79
eakf_model1,2.6657054373577805e-43
eakf_model2,2.9050690334759102e-11
eakf_model3,0.9999999999709492
