model_name,weigth
arima,3.140327947263576e-218
eakf_model1,1.2134384612297966e-10
eakf_model2,5.479848861184627e-18
eakf_model3,0.9999999998786562
