model_name,weigth
arima,4.88010472228551e-57
eakf_model1,1.5280327792476088e-28
eakf_model2,0.9999999999821112
eakf_model3,1.7888739985879884e-11
