model_name,weigth
arima,3.1637763375860975e-51
eakf_model1,2.7772711690873738e-12
eakf_model2,4.926330859399064e-12
eakf_model3,0.9999999999922964
