model_name,weigth
arima,6.65570501933156e-26
eakf_model1,3.288401941044113e-12
eakf_model2,0.9999999999962739
eakf_model3,4.376220200909075e-13
