model_name,weigth
arima,6.3373639537907615e-34
eakf_model1,1.087846681144426e-11
eakf_model2,0.9999999999891215
eakf_model3,3.0327235860133676e-21
