model_name,weigth
arima,0.0
eakf_model1,0.12346922569513118
eakf_model2,2.2298815761287456e-105
eakf_model3,4.344172118782394e-10
sarima,0.8765307738704518
