model_name,weigth
arima,0.0
eakf_model1,0.9999999967780553
eakf_model2,3.32599176068011e-67
eakf_model3,3.2219447848063345e-09
sarima,3.6637324966232032e-295
