model_name,weigth
arima,6.823446767086792e-54
eakf_model1,3.505334096709039e-11
eakf_model2,0.9999999999649468
eakf_model3,3.764421964383367e-24
sarima,1.848065915568884e-102
