model_name,weigth
arima,2.0341406957875152e-42
eakf_model1,2.0788012864269736e-11
eakf_model2,0.9999999999792121
eakf_model3,2.1621802850663913e-17
sarima,2.7723046699163015e-57
