model_name,weigth
arima,3.720593554035255e-99
eakf_model1,0.9999999999311521
eakf_model2,1.3243889507805896e-11
eakf_model3,5.560417003672601e-11
sarima,2.621009754977529e-100
