model_name,weigth
arima,0.0
eakf_model1,4.374771537764018e-09
eakf_model2,4.426527941339153e-207
eakf_model3,0.9999999956252285
sarima,0.0
