model_name,weigth
arima,0.0
eakf_model1,4.416264844414927e-09
eakf_model2,1.06978956539541e-248
eakf_model3,0.9999999955837351
sarima,0.0
