model_name,weigth
arima,2.078793836882918e-52
eakf_model1,1.4172696644121412e-11
eakf_model2,0.9999999999858274
eakf_model3,8.919376668807401e-18
sarima,1.3659257135443458e-74
