model_name,weigth
arima,0.0
eakf_model1,0.9999999993426091
eakf_model2,6.57355965804603e-10
eakf_model3,3.495716548441806e-14
sarima,0.0
