model_name,weigth
arima,0.0
eakf_model1,3.572647434645015e-10
eakf_model2,2.9502212339069554e-85
eakf_model3,0.9999999996427352
sarima,0.0
