model_name,weigth
arima,0.0
eakf_model1,0.9999999987572258
eakf_model2,4.321897210374007e-63
eakf_model3,1.2427742591284538e-09
sarima,0.0
