model_name,weigth
arima,0.0
eakf_model1,1.012327475860059e-08
eakf_model2,2.0825293799409555e-109
eakf_model3,0.9999999898767252
sarima,0.0
