model_name,weigth
arima,5.15038139689008e-146
eakf_model1,4.5220298337073396e-11
eakf_model2,1.2594451098682008e-39
eakf_model3,0.9999999999547797
sarima,6.683500161240188e-211
