model_name,weigth
arima,0.0
eakf_model1,1.0836444055630681e-09
eakf_model2,1.5194473453206123e-106
eakf_model3,0.9999999989163557
sarima,0.0
