model_name,weigth
arima,0.0
eakf_model1,0.9999999982662707
eakf_model2,4.996218024570075e-42
eakf_model3,1.7337292092862016e-09
sarima,0.0
