model_name,weigth
arima,1.224760443848579e-188
eakf_model1,9.761444224942475e-11
eakf_model2,7.609018454999493e-35
eakf_model3,0.9999999999023856
sarima,7.912583898886889e-166
