model_name,weigth
arima,6.671645317478285e-259
eakf_model1,2.0684322000461663e-10
eakf_model2,5.011693629927444e-41
eakf_model3,0.9999999997931569
sarima,0.0
