model_name,weigth
arima,4.068247102521935e-306
eakf_model1,2.084170046237887e-10
eakf_model2,1.9167230690818413e-49
eakf_model3,0.999999999791583
sarima,5.909550127924118e-218
