model_name,weigth
arima,0.0
eakf_model1,0.9999999994603027
eakf_model2,1.2032945923927642e-36
eakf_model3,5.396972731583117e-10
sarima,0.0
