model_name,weigth
arima,0.0
eakf_model1,0.9999999996072003
eakf_model2,1.8541776347528255e-42
eakf_model3,3.9279961478058075e-10
sarima,0.0
