model_name,weigth
arima,0.0
eakf_model1,1.6119892964294798e-09
eakf_model2,8.646443575905108e-76
eakf_model3,0.9999999983880107
sarima,0.0
