model_name,weigth
arima,0.0
eakf_model1,0.9999999990734428
eakf_model2,8.993827100235374e-46
eakf_model3,9.265572601935597e-10
sarima,0.0
