model_name,weigth
arima,4.2459511726426e-236
eakf_model1,5.488422408079382e-11
eakf_model2,1.5191200431868763e-39
eakf_model3,0.9999999999451158
sarima,0.0
