model_name,weigth
arima,5.4091280137535e-217
eakf_model1,3.210757531122168e-11
eakf_model2,3.1174748387824173e-15
eakf_model3,0.9999999999678894
sarima,1.1019374431374127e-280
