model_name,weigth
arima,8.551209386355664e-129
eakf_model1,0.9999999999853516
eakf_model2,1.4648436508644236e-11
eakf_model3,2.4197776223263264e-26
sarima,7.370598075554364e-91
