model_name,weigth
arima,2.5602633526657312e-220
eakf_model1,0.9999999999300206
eakf_model2,2.187511073069413e-20
eakf_model3,6.997939330350006e-11
sarima,4.973654563679121e-210
