model_name,weigth
arima,3.9974344710814684e-247
eakf_model1,0.9999999999405008
eakf_model2,8.104761093879518e-17
eakf_model3,5.949905621866717e-11
sarima,4.8363605672127e-249
