model_name,weigth
arima,2.0025225300284803e-65
eakf_model1,0.9999999999950785
eakf_model2,4.517328999316231e-12
eakf_model3,4.041299058455394e-13
sarima,2.9493356608200104e-40
