model_name,weigth
arima,3e-323
eakf_model1,0.9999999856851539
eakf_model2,2.323055737579197e-239
eakf_model3,1.4314846174542695e-08
sarima,3e-323
