model_name,weigth
arima,7.262041230593763e-248
eakf_model1,0.9999999999029726
eakf_model2,9.699854275052939e-11
eakf_model3,2.903666255418011e-14
sarima,3.3110119893225955e-150
