model_name,weigth
arima,2.5547224066775084e-78
eakf_model1,0.9999999999700063
eakf_model2,1.5511888950938452e-13
eakf_model3,2.983856204404925e-11
sarima,3.140875902075982e-57
