model_name,weigth
arima,9.07833988945481e-81
eakf_model1,0.9999999999569589
eakf_model2,6.666948156450857e-22
eakf_model3,4.3041310297540564e-11
sarima,1.9053226925577363e-63
