model_name,weigth
arima,3e-323
eakf_model1,9.733571924148466e-10
eakf_model2,1.980963126396365e-121
eakf_model3,0.9999999990266429
sarima,6.302359762439323e-224
