model_name,weigth
arima,2.3545308069504512e-119
eakf_model1,0.9999999999740722
eakf_model2,2.5865847960617218e-11
eakf_model3,6.190306128008065e-14
sarima,9.699095390854647e-78
