model_name,weigth
arima,4.730459437928124e-173
eakf_model1,0.999999999955952
eakf_model2,4.4047741920349565e-11
eakf_model3,2.2121558956145884e-16
sarima,6.033892748259865e-109
