model_name,weigth
arima,7.068346852206265e-110
eakf_model1,1.2856492248825146e-11
eakf_model2,3.724043089592815e-14
eakf_model3,0.9999999999871063
sarima,8.270886005535697e-77
