model_name,weigth
arima,1.3622647996151703e-96
eakf_model1,4.65599682780684e-30
eakf_model2,1.8081408263823675e-11
eakf_model3,0.9999999999819187
sarima,1.611292013889035e-21
