model_name,weigth
arima,4.7989225868314184e-127
eakf_model1,2.4118365804486072e-11
eakf_model2,5.497255070954819e-30
eakf_model3,0.9999999999758817
sarima,1.226913556020052e-116
