model_name,weigth
arima,6.625135809694231e-162
eakf_model1,4.3706319644488265e-45
eakf_model2,7.170613072434954e-11
eakf_model3,0.9999999999282937
sarima,2.6872167555992943e-35
