model_name,weigth
arima,0.0
eakf_model1,6.180668446132016e-10
eakf_model2,3.998705338500152e-46
eakf_model3,0.9999999993819333
sarima,7.878230216365287e-306
