model_name,weigth
arima,4.765128233945069e-101
eakf_model1,1.0318468600608992e-11
eakf_model2,4.022451349374656e-25
eakf_model3,0.9999999999896816
sarima,2.246358577131517e-87
