model_name,weigth
arima,4.948976377799345e-193
eakf_model1,9.081284930171049e-11
eakf_model2,3.7331615920777366e-35
eakf_model3,0.9999999999091872
sarima,5.300884244236873e-185
