model_name,weigth
arima,6.233736333434942e-127
eakf_model1,2.6320546994010765e-25
eakf_model2,3.7572126061593386e-11
eakf_model3,0.9999999999624279
sarima,2.789586415561537e-46
