model_name,weigth
arima,2.8971579492520494e-82
eakf_model1,1.4495164154228622e-24
eakf_model2,1.7033436399019253e-11
eakf_model3,0.9999999999829666
sarima,9.459770447080793e-21
