model_name,weigth
arima,3.79168175053805e-310
eakf_model1,4.3566239587020206e-10
eakf_model2,9.597887977640887e-50
eakf_model3,0.9999999995643377
sarima,1.451412491255516e-234
