model_name,weigth
arima,1.2151096644853532e-165
eakf_model1,1.1126462642865951e-10
eakf_model2,1.1607262207138004e-24
eakf_model3,0.9999999998887354
sarima,1.0367542891824005e-128
