model_name,weigth
arima,1.929256789337354e-83
eakf_model1,1.4445683520551938e-11
eakf_model2,3.805691242409393e-12
eakf_model3,0.9999999999817487
sarima,1.8217434332437532e-58
