model_name,weigth
arima,1.7143861603564553e-212
eakf_model1,5.58456488303046e-86
eakf_model2,0.9999999998555257
eakf_model3,1.4447428773236112e-10
sarima,6.6305218118835535e-65
