model_name,weigth
arima,0.0
eakf_model1,3.473765979770149e-128
eakf_model2,0.9999999817607624
eakf_model3,1.823923762887692e-08
sarima,3e-323
