model_name,weigth
arima,6.48519575516878e-176
eakf_model1,0.9999999994673736
eakf_model2,5.326265379644132e-10
eakf_model3,2.2988759717365568e-54
sarima,4.304277845418375e-152
