model_name,weigth
arima,7.368663307217737e-62
eakf_model1,0.9999999999673532
eakf_model2,3.2646779411515763e-11
eakf_model3,1.1412503677257925e-26
sarima,1.752217786541115e-62
