model_name,weigth
arima,4.927010809228961e-87
eakf_model1,2.158940043049521e-93
eakf_model2,3.423525575155588e-28
eakf_model3,4.4377710435623925e-11
sarima,0.9999999999556223
