model_name,weigth
arima,9.954763548757331e-119
eakf_model1,1.1123239543927936e-36
eakf_model2,2.1176079784462015e-10
eakf_model3,2.5619850646784415e-17
sarima,0.9999999997882393
