model_name,weigth
arima,1.868302347869785e-24
eakf_model1,0.9999999999951943
eakf_model2,4.804404176115149e-12
eakf_model3,1.3970578216303243e-15
sarima,1.2630406181791282e-18
