model_name,weigth
arima,2.9765578828758502e-270
eakf_model1,2.5888e-319
eakf_model2,2.4380315069409213e-61
eakf_model3,0.9999999995842916
sarima,4.157084432794385e-10
