model_name,weigth
arima,4.079860708445409e-34
eakf_model1,4.136377541077224e-33
eakf_model2,3.2419755952791835e-12
eakf_model3,0.999999999996758
sarima,6.217783048946102e-21
