model_name,weigth
arima,5.227852886128392e-88
eakf_model1,2.522078994248022e-53
eakf_model2,2.2889402164348806e-10
eakf_model3,0.999999999771106
sarima,4.753534310137342e-111
