model_name,weigth
arima,2.0801298132251986e-48
eakf_model1,3.5498531731757333e-54
eakf_model2,7.013369345490884e-12
eakf_model3,0.9999999999929591
sarima,2.757971806112796e-14
