model_name,weigth
arima,3.218748992389144e-91
eakf_model1,0.9999999998079782
eakf_model2,5.467877098525853e-15
eakf_model3,1.9201653624382505e-10
sarima,3.450515452866131e-151
