model_name,weigth
arima,5.889006727015199e-12
eakf_model1,3.891681722345363e-42
eakf_model2,2.86209639780951e-25
eakf_model3,4.613212834829904e-25
sarima,0.9999999999941112
