model_name,weigth
arima,5.4e-323
eakf_model1,7.40620202915495e-295
eakf_model2,1.2970674225497438e-08
eakf_model3,0.9999999870293258
sarima,3e-323
