model_name,weigth
arima,1.0521204750459008e-10
eakf_model1,1.8024046186165923e-28
eakf_model2,0.999999999894788
eakf_model3,5.916654496841343e-18
sarima,6.330453273960311e-25
