model_name,weigth
arima,4.155525535444561e-195
eakf_model1,1.3297203859893255e-118
eakf_model2,0.9999999985352167
eakf_model3,1.464783333999929e-09
sarima,1.2414339615829815e-220
