model_name,weigth
arima,1.984121106972051e-37
eakf_model1,6.183669509561464e-11
eakf_model2,0.9999999999381632
eakf_model3,1.4415809875854026e-16
sarima,4.675485664509671e-44
