model_name,weigth
arima,0.9999999560592191
eakf_model1,3e-323
eakf_model2,4.394078087858999e-08
eakf_model3,1.3468680650863763e-44
sarima,3.122841608296222e-53
