model_name,weigth
arima,6.71968730008693e-215
eakf_model1,2.596837506121838e-09
eakf_model2,0.9999999974031625
eakf_model3,2.376874246991169e-105
sarima,3.7799519902490772e-233
