model_name,weigth
arima,0.0
eakf_model1,4.620883031361297e-08
eakf_model2,6.555287887516238e-78
eakf_model3,0.9999999537911697
sarima,5.4e-323
