model_name,weigth
arima,2.2335112063491332e-213
eakf_model1,3.777721893014975e-10
eakf_model2,0.999999999622228
eakf_model3,7.062841439694726e-21
sarima,3.4345274816675494e-131
