model_name,weigth
arima,1.8230646404516336e-15
eakf_model1,1.349676898815044e-13
eakf_model2,6.2047359629494065e-18
eakf_model3,2.5740440243414004e-12
sarima,0.9999999999972893
