model_name,weigth
arima,0.0
eakf_model1,3.090905701669265e-09
eakf_model2,1.6665184394010519e-143
eakf_model3,0.9999999969090944
sarima,3.2142386437145967e-223
