model_name,weigth
arima,0.0
eakf_model1,6.4154984607930815e-09
eakf_model2,2.845983647139261e-90
eakf_model3,0.9999999935845016
sarima,2.080764293728582e-288
