model_name,weigth
arima,0.0
eakf_model1,1.4642696377123842e-25
eakf_model2,1.021053085651055e-08
eakf_model3,0.9999999897894692
sarima,3e-323
