model_name,weigth
arima,2.2543215993355188e-84
eakf_model1,1.2230706431301571e-20
eakf_model2,4.044000398552994e-11
eakf_model3,0.99999999995956
sarima,3.1426916002367635e-82
