model_name,weigth
arima,6.040632610401292e-100
eakf_model1,2.558865299386366e-27
eakf_model2,7.515220608460274e-11
eakf_model3,0.9999999999248479
sarima,1.917676619948541e-104
