model_name,weigth
arima,5.127056486197448e-70
eakf_model1,1.0910889896154178e-10
eakf_model2,3.6558648844300165e-71
eakf_model3,0.9999999998902657
sarima,6.253649094117912e-13
