model_name,weigth
arima,4.8220483553180536e-107
eakf_model1,5.355522681969557e-16
eakf_model2,2.314035684993425e-89
eakf_model3,0.9999999992999561
sarima,7.000434259716213e-10
