model_name,weigth
arima,7.408890558756609e-280
eakf_model1,0.9999999994186807
eakf_model2,1.2936935424441655e-30
eakf_model3,5.813191105240124e-10
sarima,1.1618401222923732e-263
