model_name,weigth
arima,1.0530004382423361e-131
eakf_model1,0.999999999598742
eakf_model2,3.2245139221694136e-18
eakf_model3,4.0125806887513255e-10
sarima,3.790800433955689e-61
