model_name,weigth
arima,9.462376841838222e-176
eakf_model1,0.9999999982394854
eakf_model2,3.29324286122024e-15
eakf_model3,1.7605116146035408e-09
sarima,3.436755998007498e-35
