model_name,weigth
arima,1.8571910967069356e-264
eakf_model1,0.9999999993105076
eakf_model2,5.251450083288216e-33
eakf_model3,6.894921113056867e-10
sarima,2.2135859235611833e-247
