model_name,weigth
arima,1.3203466209213645e-297
eakf_model1,0.9999999997221911
eakf_model2,6.3680641580326326e-21
eakf_model3,2.778089955104472e-10
sarima,3.7821e-319
