model_name,weigth
arima,1.4013657580136738e-292
eakf_model1,0.9999999996260175
eakf_model2,9.994953905433531e-30
eakf_model3,3.7398267095039603e-10
sarima,1.5735389604487497e-298
