model_name,weigth
arima,6.229847296169978e-267
eakf_model1,0.999999999716698
eakf_model2,1.278571200987898e-20
eakf_model3,2.8330211085567857e-10
sarima,2.017670054109782e-258
