model_name,weigth
arima,8.495354887179226e-255
eakf_model1,0.9999999997012435
eakf_model2,1.1970964030139052e-24
eakf_model3,2.9875654625460637e-10
sarima,2.3860323297086207e-250
