model_name,weigth
arima,2.7403963491839095e-278
eakf_model1,0.9999999996857825
eakf_model2,2.0354351447780512e-28
eakf_model3,3.1421742208311237e-10
sarima,1.2209183658795698e-282
