model_name,weigth
arima,0.0
eakf_model1,0.9999999985584546
eakf_model2,4.148558395104101e-51
eakf_model3,1.4415454700386146e-09
sarima,0.0
