model_name,weigth
arima,1.3538550376893224e-297
eakf_model1,0.9999999997198543
eakf_model2,3.862966226075143e-27
eakf_model3,2.801458056578186e-10
sarima,7.119595e-317
