model_name,weigth
arima,2.01e-321
eakf_model1,0.9999999996622304
eakf_model2,5.5467812711307835e-30
eakf_model3,3.3776958455278343e-10
sarima,0.0
