model_name,weigth
arima,0.0
eakf_model1,0.9999999995881411
eakf_model2,2.0764191331356017e-32
eakf_model3,4.118587759393494e-10
sarima,0.0
