model_name,weigth
arima,0.0
eakf_model1,0.9999999974915698
eakf_model2,4.480728535731621e-62
eakf_model3,2.508430182024422e-09
sarima,0.0
