model_name,weigth
arima,0.0
eakf_model1,0.9999999987695761
eakf_model2,1.6485806779710446e-57
eakf_model3,1.2304239795410795e-09
sarima,0.0
