model_name,weigth
arima,0.0
eakf_model1,0.9999999974942939
eakf_model2,4.938938461706101e-74
eakf_model3,2.505706202683312e-09
sarima,0.0
