model_name,weigth
arima,0.0
eakf_model1,0.9999999985191697
eakf_model2,4.322263840120413e-61
eakf_model3,1.4808302211694364e-09
sarima,0.0
