model_name,weigth
arima,0.0
eakf_model1,0.9999999969487775
eakf_model2,2.501724204214924e-83
eakf_model3,3.0512224980044637e-09
sarima,0.0
