model_name,weigth
arima,0.0
eakf_model1,0.999999991811563
eakf_model2,2.7223630436382316e-126
eakf_model3,8.1884373399905e-09
sarima,0.0
