model_name,weigth
arima,0.0
eakf_model1,0.9999999976770891
eakf_model2,3.2146471172172875e-70
eakf_model3,2.322910681108305e-09
sarima,0.0
