model_name,weigth
arima,0.0
eakf_model1,0.9999999987041898
eakf_model2,4.9944498275988165e-53
eakf_model3,1.295810107863384e-09
sarima,0.0
