model_name,weigth
arima,0.0
eakf_model1,0.9999999793633325
eakf_model2,8.744076172240497e-189
eakf_model3,2.063666755602882e-08
sarima,0.0
