model_name,weigth
arima,0.0
eakf_model1,0.833272112804239
eakf_model2,3.631246742021196e-173
eakf_model3,0.1667278871957614
sarima,0.0
