model_name,weigth
arima,0.0
eakf_model1,0.999999994061742
eakf_model2,2.1279430901385173e-101
eakf_model3,5.938257929359475e-09
sarima,0.0
