model_name,weigth
arima,0.0
eakf_model1,0.9999999361400504
eakf_model2,1.003e-321
eakf_model3,6.385994969628774e-08
sarima,0.0
