model_name,weigth
arima,0.0
eakf_model1,0.9999999859102445
eakf_model2,1.3114408647205936e-183
eakf_model3,1.4089755203421451e-08
sarima,0.0
