model_name,weigth
arima,0.0
eakf_model1,0.999999948223873
eakf_model2,2.0094e-320
eakf_model3,5.1776126987949015e-08
sarima,0.0
