model_name,weigth
arima,0.0
eakf_model1,0.9999988693871786
eakf_model2,7.9e-322
eakf_model3,1.1306128212932437e-06
sarima,0.0
