model_name,weigth
arima,0.0
eakf_model1,0.966977268230387
eakf_model2,9.93e-322
eakf_model3,0.03302273176961286
sarima,0.0
