model_name,weigth
arima,0.0
eakf_model1,0.9999999972256003
eakf_model2,7.459078745853693e-91
eakf_model3,2.774399529326964e-09
sarima,0.0
