model_name,weigth
arima,0.0
eakf_model1,0.999999998076693
eakf_model2,1.9845626388365577e-79
eakf_model3,1.9233070500792496e-09
sarima,0.0
