model_name,weigth
arima,0.0
eakf_model1,1.187916794986417e-09
eakf_model2,4.688884521690022e-58
eakf_model3,0.9999999988120831
sarima,0.0
