model_name,weigth
arima,0.0
eakf_model1,8.93261712967982e-10
eakf_model2,4.529173344329862e-51
eakf_model3,0.999999999106738
sarima,0.0
