model_name,weigth
arima,0.0
eakf_model1,1.0929579428927898e-09
eakf_model2,6.894017363926416e-56
eakf_model3,0.9999999989070422
sarima,0.0
