model_name,weigth
arima,0.0
eakf_model1,3.5778323978802157e-10
eakf_model2,3.68165979564846e-35
eakf_model3,0.9999999996422171
sarima,0.0
