model_name,weigth
arima,0.0
eakf_model1,3.699143335846807e-10
eakf_model2,5.845537951862872e-35
eakf_model3,0.9999999996300858
sarima,0.0
