model_name,weigth
arima,0.0
eakf_model1,1.0839265130414889e-09
eakf_model2,1.61082958265981e-54
eakf_model3,0.9999999989160733
sarima,0.0
