model_name,weigth
arima,0.0
eakf_model1,1.2704076968793665e-09
eakf_model2,3.364347436598618e-59
eakf_model3,0.9999999987295922
sarima,0.0
