model_name,weigth
arima,0.0
eakf_model1,8.56269530214843e-10
eakf_model2,1.5011149388611996e-48
eakf_model3,0.9999999991437302
sarima,0.0
