model_name,weigth
arima,0.0
eakf_model1,4.1313672399633314e-10
eakf_model2,2.208420288576308e-32
eakf_model3,0.9999999995868633
sarima,0.0
