model_name,weigth
arima,0.0
eakf_model1,4.373141667111083e-10
eakf_model2,3.1240171273478857e-37
eakf_model3,0.9999999995626859
sarima,0.0
