model_name,weigth
arima,4.518567267555943e-278
eakf_model1,2.5736355393903426e-10
eakf_model2,3.1066415673876676e-25
eakf_model3,0.9999999997426361
sarima,6.706617648983186e-238
