model_name,weigth
arima,0.0
eakf_model1,4.105866369221939e-08
eakf_model2,1.7620784604139286e-194
eakf_model3,0.9999999589413362
sarima,0.0
