model_name,weigth
arima,3.221695007274856e-305
eakf_model1,3.1487170124044604e-10
eakf_model2,4.834473757843597e-27
eakf_model3,0.9999999996851284
sarima,4.665176682183895e-261
