model_name,weigth
arima,0.0
eakf_model1,0.17183007209333065
eakf_model2,8.471901937535344e-61
eakf_model3,0.8281699279066694
sarima,0.0
