model_name,weigth
arima,0.0
eakf_model1,0.00930472243344396
eakf_model2,2.01e-321
eakf_model3,0.990695277566556
sarima,0.0
