model_name,weigth
arima,0.0
eakf_model1,6.059514578828958e-10
eakf_model2,6.313171464679569e-34
eakf_model3,0.9999999993940487
sarima,0.0
