model_name,weigth
arima,0.0
eakf_model1,1.0824674023880232e-09
eakf_model2,1.775795274887438e-42
eakf_model3,0.9999999989175324
sarima,0.0
