model_name,weigth
arima,2.0534372812884994e-280
eakf_model1,2.6478343192422597e-10
eakf_model2,3.057949356616887e-25
eakf_model3,0.9999999997352166
sarima,1.3004067827175635e-244
