model_name,weigth
arima,5.109924451437382e-296
eakf_model1,3.194453617508317e-10
eakf_model2,4.837005058671799e-27
eakf_model3,0.9999999996805545
sarima,5.250576802284379e-257
