model_name,weigth
arima,0.0
eakf_model1,4.4232144007225266e-10
eakf_model2,4.6771740076868865e-31
eakf_model3,0.9999999995576785
sarima,1.0820731613325276e-296
