model_name,weigth
arima,2.3998689481489657e-269
eakf_model1,2.7971939618223495e-10
eakf_model2,8.465028026377886e-25
eakf_model3,0.9999999997202806
sarima,9.1003216003877e-236
