model_name,weigth
arima,2.19608848157e-312
eakf_model1,3.5883243699723315e-10
eakf_model2,1.479325767409979e-28
eakf_model3,0.9999999996411677
sarima,4.953220718705556e-271
