model_name,weigth
arima,1.4171475711677276e-304
eakf_model1,3.7625260743823686e-10
eakf_model2,2.1433614099017385e-26
eakf_model3,0.9999999996237474
sarima,1.7193309278945716e-266
