model_name,weigth
arima,0.0
eakf_model1,8.538713940894592e-10
eakf_model2,4.172963828015198e-36
eakf_model3,0.9999999991461287
sarima,0.0
