model_name,weigth
arima,0.0
eakf_model1,6.718359463067535e-10
eakf_model2,8.507136903858032e-32
eakf_model3,0.999999999328164
sarima,0.0
