model_name,weigth
arima,4.509343212254024e-253
eakf_model1,3.090741922418938e-10
eakf_model2,1.3523971314714626e-22
eakf_model3,0.999999999690926
sarima,6.263347518892353e-222
