model_name,weigth
arima,1.60676570658075e-266
eakf_model1,3.263346640057009e-10
eakf_model2,8.596951670221885e-23
eakf_model3,0.9999999996736655
sarima,4.716364547625384e-234
