model_name,weigth
arima,0.0
eakf_model1,5.243210701835464e-10
eakf_model2,1.4230791455305116e-29
eakf_model3,0.9999999994756786
sarima,8.877261267308427e-305
