model_name,weigth
arima,6.992919924185531e-256
eakf_model1,3.054056929118883e-10
eakf_model2,6.562217394484271e-22
eakf_model3,0.9999999996945944
sarima,1.0263251623084935e-223
