model_name,weigth
arima,9.492332581498743e-254
eakf_model1,3.4004698776165946e-10
eakf_model2,7.198437584885446e-24
eakf_model3,0.9999999996599525
sarima,3.446720279870121e-219
