model_name,weigth
arima,1.739811961239796e-222
eakf_model1,2.7784785820388443e-10
eakf_model2,3.5217250732957946e-21
eakf_model3,0.9999999997221521
sarima,3.912074499061443e-193
