model_name,weigth
arima,4.4762699852729383e-240
eakf_model1,3.0802110172917705e-10
eakf_model2,3.8790348875480803e-22
eakf_model3,0.9999999996919791
sarima,2.2225787936116185e-207
