model_name,weigth
arima,1.8932104352241902e-261
eakf_model1,3.5296521782215424e-10
eakf_model2,3.539266514965186e-25
eakf_model3,0.9999999996470349
sarima,1.0789996330514227e-225
