model_name,weigth
arima,3.380005857818255e-254
eakf_model1,3.2695914940271466e-10
eakf_model2,1.508595812001481e-23
eakf_model3,0.9999999996730407
sarima,1.3423292319301374e-219
