model_name,weigth
arima,3.971814306130721e-233
eakf_model1,3.017264277320627e-10
eakf_model2,5.672112350587555e-22
eakf_model3,0.9999999996982734
sarima,3.0756471107073233e-201
