model_name,weigth
arima,1.0909669574316813e-210
eakf_model1,2.4667967311973613e-10
eakf_model2,1.7219241498320299e-19
eakf_model3,0.9999999997533202
sarima,5.516246810559602e-184
