model_name,weigth
arima,2.867176769850845e-221
eakf_model1,2.736208388201755e-10
eakf_model2,1.6344703078515453e-20
eakf_model3,0.9999999997263792
sarima,9.62452354552061e-192
