model_name,weigth
arima,4.117154947458413e-198
eakf_model1,2.1534449350502445e-10
eakf_model2,1.2244409677760441e-18
eakf_model3,0.9999999997846556
sarima,9.815427337710044e-173
