model_name,weigth
arima,2.980646392107693e-240
eakf_model1,1.9689557541327974e-11
eakf_model2,2.8169505743546725e-25
eakf_model3,0.9999999999803104
