model_name,weigth
arima,1.195648703229451e-129
eakf_model1,0.9999999999900138
eakf_model2,7.512745786872435e-36
eakf_model3,9.986114647963921e-12
