model_name,weigth
arima,1e-323
eakf_model1,5.657352009942037e-10
eakf_model2,2.4600574467162918e-59
eakf_model3,0.9999999994342648
