model_name,weigth
arima,2.9656830325742873e-100
eakf_model1,0.9999999999744569
eakf_model2,5.108603450585828e-62
eakf_model3,2.5543040621428754e-11
