model_name,weigth
arima,9.21685791165636e-135
eakf_model1,0.9999999999781736
eakf_model2,2.910515706520307e-39
eakf_model3,2.1826343299545383e-11
sarima,6.765148765605615e-215
