model_name,weigth
arima,0.0
eakf_model1,0.9999999957062639
eakf_model2,2.261828184800106e-145
eakf_model3,4.2937360836438985e-09
