model_name,weigth
arima,1.8559589764673695e-17
eakf_model1,4.5318395668332956e-13
eakf_model2,1.2639890429162715e-11
eakf_model3,0.9999999999869067
