model_name,weigth
arima,5.3137607749122e-152
eakf_model1,0.9999999999855342
eakf_model2,7.94278916458388e-37
eakf_model3,1.4465652511011451e-11
