model_name,weigth
arima,0.0
eakf_model1,5.528669879795578e-11
eakf_model2,1.2106379897897505e-110
eakf_model3,0.9999999999447132
