model_name,weigth
arima,1.0115865548182082e-33
eakf_model1,2.93922183789379e-12
eakf_model2,1.9470041131712982e-14
eakf_model3,0.9999999999970413
