model_name,weigth
arima,3.611117507590192e-39
eakf_model1,5.193600549734135e-12
eakf_model2,0.9999999999948064
eakf_model3,3.6894392406923046e-23
