model_name,weigth
arima,1.962745774572488e-100
eakf_model1,0.9999999999871043
eakf_model2,6.345130783381893e-29
eakf_model3,1.2895661157616975e-11
sarima,3.2433390156211226e-139
