model_name,weigth
arima,1.2729238202078228e-18
eakf_model1,1.7371121985023845e-11
eakf_model2,6.990308830715218e-13
eakf_model3,0.9999999999819299
