model_name,weigth
arima,4.156255106700022e-88
eakf_model1,0.999999999963431
eakf_model2,9.856653260862287e-23
eakf_model3,3.6568937650390715e-11
sarima,6.222167350973067e-87
