model_name,weigth
arima,0.0
eakf_model1,0.9999999999206567
eakf_model2,1.3167404932107432e-43
eakf_model3,7.934326359001202e-11
