model_name,weigth
arima,8.878439020730764e-43
eakf_model1,7.009224638802875e-12
eakf_model2,1.1337871277400013e-14
eakf_model3,0.9999999999929795
