model_name,weigth
arima,2.047562245135077e-36
eakf_model1,2.1148520314963117e-11
eakf_model2,0.9999999999788514
eakf_model3,4.3045565457631305e-23
sarima,7.357658928867077e-60
