model_name,weigth
arima,2.2701639632818516e-83
eakf_model1,3.623655024438398e-11
eakf_model2,0.9999999999637634
eakf_model3,2.6118838875750248e-17
