model_name,weigth
arima,0.0
eakf_model1,0.9999999989498238
eakf_model2,2.5616870841741317e-34
eakf_model3,1.050176149775857e-09
