model_name,weigth
arima,0.0
eakf_model1,0.9999999998746751
eakf_model2,1.2442385902335897e-10
eakf_model3,9.010105288103281e-13
sarima,0.0
