model_name,weigth
arima,0.0
eakf_model1,0.9999999995276744
eakf_model2,6.860978161369989e-54
eakf_model3,4.723255192046261e-10
sarima,0.0
