model_name,weigth
arima,0.0
eakf_model1,1.6831743909331597e-10
eakf_model2,0.9999999998311058
eakf_model3,5.768134999503468e-13
