model_name,weigth
arima,5.285510249567472e-229
eakf_model1,4.213982643637745e-11
eakf_model2,6.061301080629541e-46
eakf_model3,0.9999999999578602
