model_name,weigth
arima,0.0
eakf_model1,0.9999999806016767
eakf_model2,1.1182758884161464e-266
eakf_model3,1.9398323208720578e-08
