model_name,weigth
arima,1.7462239592624876e-306
eakf_model1,6.44491973466006e-11
eakf_model2,7.0329448842351145e-28
eakf_model3,0.9999999999355507
sarima,2.1852129876590707e-281
