model_name,weigth
arima,1.6897371269719225e-189
eakf_model1,0.9999999999693422
eakf_model2,3.065781444142495e-11
eakf_model3,3.873378074700988e-39
