model_name,weigth
arima,1e-323
eakf_model1,1.7448826662853575e-09
eakf_model2,9.85736845393419e-21
eakf_model3,0.9999999982551172
sarima,0.0
