model_name,weigth
arima,0.0
eakf_model1,0.9999999990111421
eakf_model2,9.88857758747771e-10
eakf_model3,8.203112849777908e-33
