model_name,weigth
arima,0.0
eakf_model1,0.9999999997288734
eakf_model2,2.7112642322615995e-10
eakf_model3,4.5673108650431435e-63
