model_name,weigth
arima,5.734997855905383e-161
eakf_model1,0.9999999999807304
eakf_model2,1.9269510631697132e-11
eakf_model3,1.2244822626657008e-28
