model_name,weigth
arima,0.0
eakf_model1,0.9999999559901785
eakf_model2,4.40098213186766e-08
eakf_model3,7.005326363671934e-118
sarima,0.0
