model_name,weigth
arima,1.0676906223709199e-204
eakf_model1,1.3289635202958188e-10
eakf_model2,9.307184319028116e-109
eakf_model3,0.9999999998671036
