model_name,weigth
arima,3.9398385602751133e-26
eakf_model1,0.9999999999975312
eakf_model2,2.46699640182715e-12
eakf_model3,1.81892759962113e-15
