model_name,weigth
arima,0.0
eakf_model1,5.546988530989515e-10
eakf_model2,0.999999999445301
eakf_model3,8.147357994520483e-35
sarima,0.0
