model_name,weigth
arima,1.308547863318064e-238
eakf_model1,9.851418521313126e-11
eakf_model2,4.7581911478841685e-48
eakf_model3,0.9999999999014858
sarima,1.4383523545094842e-287
