model_name,weigth
arima,0.0
eakf_model1,1.2564486623823362e-10
eakf_model2,0.9999999998743551
eakf_model3,2.6666743647433796e-25
sarima,0.0
