model_name,weigth
arima,1e-323
eakf_model1,9.131802537938896e-10
eakf_model2,1.6391355120253157e-122
eakf_model3,0.9999999990868196
