model_name,weigth
arima,0.0
eakf_model1,9.739496625141949e-10
eakf_model2,1.1870378602703828e-82
eakf_model3,0.9999999990260503
sarima,0.0
