model_name,weigth
arima,6.32141467303318e-104
eakf_model1,0.999999999991128
eakf_model2,5.425570278470712e-19
eakf_model3,8.871911129145312e-12
