model_name,weigth
arima,0.0
eakf_model1,1.8790407832046862e-10
eakf_model2,2.5278938652072703e-12
eakf_model3,0.9999999998095679
sarima,0.0
