model_name,weigth
arima,5.9525221436371356e-49
eakf_model1,0.9999999999949014
eakf_model2,2.106286406104329e-13
eakf_model3,4.887946272267263e-12
