model_name,weigth
arima,1.5e-323
eakf_model1,9.824613271160162e-53
eakf_model2,1.9491391589104693e-09
eakf_model3,0.9999999980508607
