model_name,weigth
arima,8.646240264118824e-37
eakf_model1,0.9999999999940368
eakf_model2,1.189790358267887e-15
eakf_model3,5.962044335796695e-12
