model_name,weigth
arima,7.730044646420761e-58
eakf_model1,0.9999999999938153
eakf_model2,6.780363318908753e-20
eakf_model3,6.184670382647764e-12
