model_name,weigth
arima,0.0
eakf_model1,0.9999999997899907
eakf_model2,2.1000933729856981e-10
eakf_model3,2.349772123093242e-28
