model_name,weigth
arima,1e-323
eakf_model1,7.279487456400054e-10
eakf_model2,6.367939180995683e-128
eakf_model3,0.9999999992720512
