model_name,weigth
arima,0.0
eakf_model1,0.9999999999096509
eakf_model2,3.478124791150703e-13
eakf_model3,9.000120296715587e-11
