model_name,weigth
arima,1.5e-323
eakf_model1,1.5894813039231523e-38
eakf_model2,8.235126835064665e-10
eakf_model3,0.9999999991764872
sarima,3e-323
