model_name,weigth
arima,0.0
eakf_model1,0.9999999998874696
eakf_model2,1.2895965806506936e-57
eakf_model3,1.1253041674080014e-10
