model_name,weigth
arima,0.0
eakf_model1,9.699513107855e-10
eakf_model2,4.266841718187272e-21
eakf_model3,0.9999999990300487
