model_name,weigth
arima,1.5304977380610867e-204
eakf_model1,1.0112726710923388e-10
eakf_model2,1.870912490554459e-46
eakf_model3,0.9999999998988727
sarima,1.5304977380610867e-204
