model_name,weigth
arima,2.6922584231154778e-151
eakf_model1,2.488481432732031e-11
eakf_model2,1.1735213367600103e-32
eakf_model3,0.9999999999751151
