model_name,weigth
arima,1.5893497101744847e-300
eakf_model1,7.482540993425049e-11
eakf_model2,7.161645363638967e-52
eakf_model3,0.9999999999251745
