model_name,weigth
arima,2.8588146300374133e-252
eakf_model1,2.790080707277672e-13
eakf_model2,9.583416875658129e-12
eakf_model3,0.9999999999901376
