model_name,weigth
arima,0.0
eakf_model1,1.188542881839166e-09
eakf_model2,5.3249484388545057e-135
eakf_model3,0.999999998811457
