model_name,weigth
arima,0.0
eakf_model1,1.8387074726514756e-10
eakf_model2,8.81127271154326e-90
eakf_model3,0.9999999998161291
