model_name,weigth
arima,1e-323
eakf_model1,2.3201842876189424e-09
eakf_model2,1.9186977057252013e-42
eakf_model3,0.9999999976798157
sarima,1e-323
