model_name,weigth
arima,1.5e-323
eakf_model1,1.7210594987210643e-09
eakf_model2,1.521395099326653e-84
eakf_model3,0.9999999982789405
