model_name,weigth
arima,0.0
eakf_model1,1.443632469204881e-10
eakf_model2,1.1926006819375556e-95
eakf_model3,0.9999999998556367
