model_name,weigth
arima,3e-323
eakf_model1,1.7802907182571041e-09
eakf_model2,6.3431734935589315e-127
eakf_model3,0.9999999982197093
sarima,3e-323
