model_name,weigth
arima,0.0
eakf_model1,0.9999999766032243
eakf_model2,3e-323
eakf_model3,2.3396775665150097e-08
