model_name,weigth
arima,1.5e-323
eakf_model1,6.047787301687754e-10
eakf_model2,4.397160061894261e-87
eakf_model3,0.9999999993952212
