model_name,weigth
arima,0.0
eakf_model1,4.582366213876314e-11
eakf_model2,2.4230310529540474e-47
eakf_model3,0.9999999999541762
