model_name,weigth
arima,0.0
eakf_model1,3.785104417203829e-11
eakf_model2,9.487175330020717e-45
eakf_model3,0.9999999999621489
