model_name,weigth
arima,8.860018545782208e-198
eakf_model1,1.3759945855307705e-10
eakf_model2,2.107269868093258e-30
eakf_model3,0.9999999998624005
sarima,2.8447237093959273e-156
