model_name,weigth
arima,0.0
eakf_model1,2.914133039569968e-10
eakf_model2,1.0533823360290629e-83
eakf_model3,0.9999999997085867
