model_name,weigth
arima,0.0
eakf_model1,2.3479539703066514e-10
eakf_model2,0.9999999997650443
eakf_model3,1.6022090540470287e-13
sarima,0.0
