model_name,weigth
arima,0.0
eakf_model1,0.9999999997218094
eakf_model2,2.0273805311464406e-33
eakf_model3,2.781904192514264e-10
sarima,0.0
