model_name,weigth
arima,1e-323
eakf_model1,6.135241435050274e-10
eakf_model2,3.5654181786171986e-162
eakf_model3,0.9999999993864758
