model_name,weigth
arima,1.5e-323
eakf_model1,0.9999999995180628
eakf_model2,4.815297109089029e-10
eakf_model3,4.0746013758956567e-13
