model_name,weigth
arima,1.5e-323
eakf_model1,0.9999999984026005
eakf_model2,1.3420794676958106e-213
eakf_model3,1.5973993633883005e-09
