model_name,weigth
arima,0.0
eakf_model1,2.1492863890239178e-09
eakf_model2,0.999999997555914
eakf_model3,2.9479955919820934e-10
sarima,0.0
