model_name,weigth
arima,0.0
eakf_model1,6.29836539817653e-11
eakf_model2,1.4742550880630913e-12
eakf_model3,0.999999999935542
