model_name,weigth
arima,1.5e-323
eakf_model1,4.678230466889093e-10
eakf_model2,5.515523722600889e-93
eakf_model3,0.9999999995321769
