model_name,weigth
arima,0.0
eakf_model1,7.571203420004376e-11
eakf_model2,0.9999999999242879
eakf_model3,3.435362698802588e-31
