model_name,weigth
arima,8.179158131561542e-271
eakf_model1,0.9999999999891411
eakf_model2,1.0652287733999284e-11
eakf_model3,2.0657142245936234e-13
