model_name,weigth
arima,6.84629441859272e-63
eakf_model1,0.9999999999931202
eakf_model2,7.634498513681794e-24
eakf_model3,6.87975225789336e-12
