model_name,weigth
arima,6.66339220441673e-201
eakf_model1,0.9999999999922473
eakf_model2,7.752595461999545e-12
eakf_model3,2.0684059093973047e-38
