model_name,weigth
arima,0.0
eakf_model1,0.9999999998813458
eakf_model2,9.60056902841695e-12
eakf_model3,1.0905347996260626e-10
