model_name,weigth
arima,0.0
eakf_model1,0.9999999997862772
eakf_model2,2.1372262166973192e-10
eakf_model3,5.061515685357992e-34
sarima,0.0
