model_name,weigth
arima,2.224542681074183e-157
eakf_model1,0.9999999999790414
eakf_model2,2.0838204223713016e-11
eakf_model3,1.2023102023330681e-13
sarima,1.4622260890388082e-160
