model_name,weigth
arima,1.1420929377866768e-118
eakf_model1,8.266225116519179e-22
eakf_model2,3.350858273586183e-12
eakf_model3,0.9999999999966491
