model_name,weigth
arima,0.0
eakf_model1,0.9999999999726537
eakf_model2,2.734625645787363e-11
eakf_model3,7.636038835091696e-42
