model_name,weigth
arima,4.3577e-320
eakf_model1,0.9999999999550606
eakf_model2,4.4939360422989043e-11
eakf_model3,8.843962371191364e-38
sarima,9.5434e-319
