model_name,weigth
arima,3.074696824292695e-107
eakf_model1,0.9999999999565009
eakf_model2,1.341015657352479e-50
eakf_model3,4.349903163699682e-11
sarima,1.2776984147451826e-37
