model_name,weigth
arima,0.0
eakf_model1,6.677661515983716e-56
eakf_model2,1.5068579724000997e-10
eakf_model3,0.9999999998493141
