model_name,weigth
arima,1.8983131801221905e-54
eakf_model1,3.0004198629122917e-21
eakf_model2,9.264291839001785e-13
eakf_model3,0.9999999999990735
