model_name,weigth
arima,1.0173388752879367e-211
eakf_model1,0.9999999999924809
eakf_model2,7.519042319482818e-12
eakf_model3,5.331304823706386e-22
