model_name,weigth
arima,6.834925621698392e-201
eakf_model1,0.9999999999841331
eakf_model2,1.5866701029910775e-11
eakf_model3,1.9481040363375285e-39
