model_name,weigth
arima,0.0
eakf_model1,0.9999999999230795
eakf_model2,7.692047921965549e-11
eakf_model3,2.777450002967896e-25
sarima,0.0
