model_name,weigth
arima,3.2156806170278007e-91
eakf_model1,8.566273699610733e-27
eakf_model2,5.753458739141509e-12
eakf_model3,0.9999999999942464
