model_name,weigth
arima,1.5e-323
eakf_model1,1.274457875347581e-08
eakf_model2,0.9999999872554213
eakf_model3,2.7764238491991256e-220
