model_name,weigth
arima,5.292136491257841e-251
eakf_model1,0.9999999992879027
eakf_model2,6.666155275818327e-57
eakf_model3,7.120972072867372e-10
sarima,6.40007660340379e-199
