model_name,weigth
arima,1.1338410756466726e-12
eakf_model1,0.9999999999988639
eakf_model2,7.13257795967192e-25
eakf_model3,2.1676499700550515e-15
