model_name,weigth
arima,0.0
eakf_model1,0.9999999997986749
eakf_model2,9.209507595170518e-53
eakf_model3,2.0132487865604748e-10
sarima,8.813341212338105e-198
