model_name,weigth
arima,1.382481962194995e-278
eakf_model1,3.202198672890753e-11
eakf_model2,1.568062798251156e-10
eakf_model3,0.9999999998111717
