model_name,weigth
arima,4.542391921706399e-238
eakf_model1,4.576017891178116e-11
eakf_model2,3.880102543468669e-26
eakf_model3,0.9999999999542397
