model_name,weigth
arima,1.2559248534837042e-12
eakf_model1,0.9999999999987397
eakf_model2,6.0795029608215075e-24
eakf_model3,4.313099686609479e-15
