model_name,weigth
arima,7.242769446101912e-13
eakf_model1,0.9999999999991617
eakf_model2,8.90599132096585e-22
eakf_model3,1.1389887114763551e-13
