model_name,weigth
arima,1.8362860309741013e-108
eakf_model1,0.999999999928298
eakf_model2,2.2802808414482752e-23
eakf_model3,7.17019178516151e-11
