model_name,weigth
arima,1.0673353147839934e-12
eakf_model1,0.999999999998899
eakf_model2,2.614228249202365e-23
eakf_model3,3.369805418341275e-14
