model_name,weigth
arima,1.3458387637130295e-159
eakf_model1,0.999999999878814
eakf_model2,1.2118577357231666e-10
eakf_model3,1.0934603496466316e-16
sarima,2.2391350484817354e-128
