model_name,weigth
arima,7.607420616645221e-89
eakf_model1,1.2243073833241732e-10
eakf_model2,6.771883171265421e-50
eakf_model3,0.9999999998775693
sarima,1.9870504044495115e-70
