model_name,weigth
arima,1.2856015475288113e-263
eakf_model1,0.9999999998009972
eakf_model2,4.5932436768597325e-92
eakf_model3,1.9900269305637723e-10
