model_name,weigth
arima,8.587339449204555e-13
eakf_model1,0.9999999999991411
eakf_model2,1.1954001419619786e-22
eakf_model3,5.367390429196595e-17
