model_name,weigth
arima,1.621025494791529e-12
eakf_model1,0.9999999999983404
eakf_model2,2.068433937770624e-26
eakf_model3,3.853852145326158e-14
