model_name,weigth
arima,2.1061829828107785e-198
eakf_model1,0.9999999999583576
eakf_model2,1.6369250372131236e-27
eakf_model3,4.164242524126843e-11
sarima,9.126355141440519e-117
