model_name,weigth
arima,1.029854933e-315
eakf_model1,0.9999999999345226
eakf_model2,3.141662878909713e-23
eakf_model3,6.547734865399969e-11
