model_name,weigth
arima,4.8688189139733765e-188
eakf_model1,0.9999999999505407
eakf_model2,4.94592119765901e-11
eakf_model3,1.8946323588939558e-17
sarima,1.2162816626013044e-124
