model_name,weigth
arima,5.342438412069894e-18
eakf_model1,0.999999999999073
eakf_model2,4.536237230337772e-18
eakf_model3,9.269004489192446e-13
