model_name,weigth
arima,5.017547675731255e-112
eakf_model1,5.286948196898824e-11
eakf_model2,0.9999999999471305
eakf_model3,3.907122442804616e-30
