model_name,weigth
arima,3e-323
eakf_model1,0.9999999974644931
eakf_model2,2.5355068788140776e-09
eakf_model3,1.1978242125459703e-33
