model_name,weigth
arima,4.6825641693267725e-126
eakf_model1,1.9694870598587404e-11
eakf_model2,4.566596376870218e-24
eakf_model3,0.9999999999803051
sarima,1.4681162680995745e-86
