model_name,weigth
arima,1.5e-323
eakf_model1,6e-323
eakf_model2,0.5762074612632897
eakf_model3,0.4237925387367102
