model_name,weigth
arima,1.5e-323
eakf_model1,1.8059484166094853e-10
eakf_model2,0.9999999998194051
eakf_model3,7.081088415536282e-30
