model_name,weigth
arima,3.4675697629084915e-46
eakf_model1,0.9999999999972538
eakf_model2,5.051635346533413e-22
eakf_model3,2.7461609407328398e-12
