model_name,weigth
arima,1.425711766209762e-171
eakf_model1,3.33999897298843e-11
eakf_model2,2.758215529959951e-34
eakf_model3,0.9999999999666
sarima,5.2572474861576223e-129
