model_name,weigth
arima,1.7412827392223433e-19
eakf_model1,0.9999999999992593
eakf_model2,1.8347024631544055e-24
eakf_model3,7.406700672005274e-13
