model_name,weigth
arima,2.594070168504106e-21
eakf_model1,0.9999999999986273
eakf_model2,3.718122593475458e-20
eakf_model3,1.3725961127544477e-12
