model_name,weigth
arima,1.5e-323
eakf_model1,1.1912561524501366e-77
eakf_model2,1.3181262281562199e-08
eakf_model3,0.9999999868187377
