model_name,weigth
arima,1.5e-323
eakf_model1,1.3452525560839929e-09
eakf_model2,0.9999999986547474
eakf_model3,7.104917430815747e-53
sarima,3e-323
