model_name,weigth
arima,1.2836833131181338e-128
eakf_model1,1.1892287216808542e-11
eakf_model2,4.248282501317299e-29
eakf_model3,0.9999999999881077
