model_name,weigth
arima,7.378070718935586e-25
eakf_model1,0.9999999999989728
eakf_model2,4.801954719773752e-29
eakf_model3,1.0272218644011672e-12
