model_name,weigth
arima,0.0
eakf_model1,5.912798622526387e-13
eakf_model2,1.1743908675689204e-10
eakf_model3,0.9999999998819695
sarima,2.1989966251256913e-276
