model_name,weigth
arima,3.464928428666453e-41
eakf_model1,0.9999999999972662
eakf_model2,2.1543859647220723e-33
eakf_model3,2.733768526307594e-12
