model_name,weigth
arima,1.5e-323
eakf_model1,3.96187440124324e-10
eakf_model2,0.9999999996038125
eakf_model3,1.5350039007281705e-20
