model_name,weigth
arima,2.0392290006021428e-138
eakf_model1,1.0940447811683323e-47
eakf_model2,5.152252832196731e-11
eakf_model3,1.297662220261624e-25
sarima,0.9999999999484774
