model_name,weigth
arima,1.5e-323
eakf_model1,3.2209640271219593e-74
eakf_model2,0.9999999999216083
eakf_model3,7.839167752378892e-11
