model_name,weigth
arima,4.000857270268881e-95
eakf_model1,8.51504624623818e-12
eakf_model2,4.852036844871837e-20
eakf_model3,0.9999999999914848
sarima,1.6102000533659993e-81
