model_name,weigth
arima,6.506551403332162e-134
eakf_model1,4.203379153921227e-11
eakf_model2,6.641667216117014e-30
eakf_model3,0.9999999999579663
sarima,6.136098510354356e-134
