model_name,weigth
arima,1.2437175523550429e-293
eakf_model1,1.1288279312150747e-41
eakf_model2,0.9999999999664102
eakf_model3,3.35897761640603e-11
