model_name,weigth
arima,2.202968557761939e-110
eakf_model1,6.850533265805605e-12
eakf_model2,2.2848405894034304e-25
eakf_model3,0.9999999999931495
