model_name,weigth
arima,1.3726402595854648e-262
eakf_model1,3.7741429205242275e-56
eakf_model2,0.9999999999568393
eakf_model3,4.316075630133655e-11
