model_name,weigth
arima,1.5e-323
eakf_model1,1.9779103819605113e-55
eakf_model2,1.0293567937053349e-09
eakf_model3,0.9999999989706432
sarima,3.29235817478524e-182
