model_name,weigth
arima,9.00625255476328e-172
eakf_model1,9.714062868525514e-11
eakf_model2,1.0856300340002115e-15
eakf_model3,0.9999999999028581
