model_name,weigth
arima,3e-323
eakf_model1,0.999999998607783
eakf_model2,1.723926287425212e-47
eakf_model3,1.3922170665311943e-09
sarima,9.3883e-319
