model_name,weigth
arima,1.1584037848243987e-219
eakf_model1,1.4070000609507606e-39
eakf_model2,0.9999999999799494
eakf_model3,2.005057569223886e-11
