model_name,weigth
arima,1.5e-323
eakf_model1,0.9999984327008568
eakf_model2,3.9e-322
eakf_model3,1.5672991430408496e-06
