model_name,weigth
arima,1.5e-323
eakf_model1,8.836493291374863e-192
eakf_model2,1.2366147551641876e-09
eakf_model3,0.9999999987633852
