model_name,weigth
arima,1.5e-323
eakf_model1,2.263744898882949e-179
eakf_model2,1.8948362366468913e-09
eakf_model3,2.2180994072578063e-88
sarima,0.9999999981051637
