model_name,weigth
arima,2.0518454888626278e-274
eakf_model1,0.9999999994047342
eakf_model2,5.952657196874782e-10
eakf_model3,3.7957257484204225e-21
sarima,1.3865654341011839e-263
