model_name,weigth
arima,2.3138146686609995e-224
eakf_model1,6.839620332072941e-44
eakf_model2,0.9999999999749712
eakf_model3,2.5028673326874885e-11
