model_name,weigth
arima,4.898249993894336e-83
eakf_model1,3.4251796922546143e-12
eakf_model2,7.67151088160475e-20
eakf_model3,0.9999999999965747
