model_name,weigth
arima,1.5e-323
eakf_model1,0.9999999986869202
eakf_model2,1.0621631118507524e-123
eakf_model3,1.3130795682576015e-09
