model_name,weigth
arima,3.9411093175882277e-209
eakf_model1,0.999999999924674
eakf_model2,2.2994787514964333e-44
eakf_model3,7.53259859506271e-11
