model_name,weigth
arima,3.250229594598611e-95
eakf_model1,1.7494779641717138e-32
eakf_model2,1.9958849069570493e-11
eakf_model3,0.9999999999800411
sarima,1.4029317523066363e-17
