model_name,weigth
arima,2.4545593621934015e-49
eakf_model1,5.611531320335307e-12
eakf_model2,4.737239667968482e-13
eakf_model3,0.9999999999939148
sarima,1.0093896564465257e-31
