model_name,weigth
arima,5.620374752649714e-103
eakf_model1,1.873120489436009e-18
eakf_model2,1.2166867198359668e-11
eakf_model3,0.9999999999878331
