model_name,weigth
arima,7.53521366195963e-88
eakf_model1,8.92439189793215e-12
eakf_model2,1.3976639855436185e-11
eakf_model3,0.9999999999770989
sarima,1.7595656132496083e-64
