model_name,weigth
arima,4.994043724595793e-54
eakf_model1,5.296064045652275e-12
eakf_model2,1.0841821412606151e-15
eakf_model3,0.9999999999947028
