model_name,weigth
arima,1.7222596035328072e-266
eakf_model1,0.9999999997710429
eakf_model2,1.5863238743292826e-29
eakf_model3,2.2895706018343618e-10
