model_name,weigth
arima,3e-323
eakf_model1,2.5661973740914716e-11
eakf_model2,9.46289616077796e-10
eakf_model3,0.9999999990280484
sarima,3e-323
