model_name,weigth
arima,3.9268228995401515e-73
eakf_model1,7.269863491191222e-24
eakf_model2,6.988300070554113e-12
eakf_model3,0.9999999999930116
