model_name,weigth
arima,3e-323
eakf_model1,0.9999999991871543
eakf_model2,9.84015948861964e-85
eakf_model3,8.128456065878874e-10
sarima,5.696834e-318
