model_name,weigth
arima,1.5e-323
eakf_model1,2.1083531671243453e-14
eakf_model2,5.550064141823952e-10
eakf_model3,0.9999999994449724
