model_name,weigth
arima,1.3144263326428153e-121
eakf_model1,2.47022844481852e-11
eakf_model2,2.3118633850695567e-18
eakf_model3,0.9999999999752976
sarima,8.512458067632326e-65
