model_name,weigth
arima,1.833349833751042e-101
eakf_model1,9.411356363814369e-31
eakf_model2,1.63256893089522e-11
eakf_model3,0.9999999999836743
