model_name,weigth
arima,4.4118586507075165e-77
eakf_model1,3.991399767770407e-27
eakf_model2,6.22334505543307e-12
eakf_model3,0.9999999999937766
