model_name,weigth
arima,3e-323
eakf_model1,0.9999999992208413
eakf_model2,2.902818621910657e-119
eakf_model3,7.791586999357912e-10
sarima,3e-323
