model_name,weigth
arima,1.6548213193719799e-102
eakf_model1,2.5102940043333453e-29
eakf_model2,1.304612551783981e-11
eakf_model3,0.9999999999869538
