model_name,weigth
arima,1.098387652696777e-109
eakf_model1,3.9953783412066476e-14
eakf_model2,1.605937563793727e-11
eakf_model3,0.9999999999839005
