model_name,weigth
arima,3.892088328368711e-76
eakf_model1,1.2408331953944226e-27
eakf_model2,7.660777680357687e-12
eakf_model3,0.9999999999923391
