model_name,weigth
arima,8.773759334335294e-113
eakf_model1,8.819724354560049e-17
eakf_model2,2.3495983218927964e-11
eakf_model3,0.9999999999765039
sarima,1.0556712443451104e-36
