model_name,weigth
arima,5.3036582762964675e-279
eakf_model1,1.2061624690101347e-10
eakf_model2,2.8807812335144597e-29
eakf_model3,0.9999999998793837
