model_name,weigth
arima,1.5780143539651027e-69
eakf_model1,1.2354988622571701e-24
eakf_model2,4.9455980018621725e-12
eakf_model3,0.9999999999950544
