model_name,weigth
arima,2.9448384288794943e-49
eakf_model1,3.658062241418071e-11
eakf_model2,0.9999999999634193
eakf_model3,5.287624654637129e-29
