model_name,weigth
arima,2.06e-321
eakf_model1,1.2360567152619743e-76
eakf_model2,0.9999999987723498
eakf_model3,1.227650101316695e-09
sarima,1.5947332146220708e-111
