model_name,weigth
arima,7.685385137395228e-64
eakf_model1,2.660456400888681e-11
eakf_model2,0.9999999999733953
eakf_model3,1.1560368921123673e-32
