model_name,weigth
arima,9.31226284645711e-52
eakf_model1,0.9999999999898102
eakf_model2,1.0189866852545986e-11
eakf_model3,1.3900309404054711e-18
