model_name,weigth
arima,7.374097941783825e-53
eakf_model1,1.864388165732562e-11
eakf_model2,0.999999999981356
eakf_model3,1.5152521079876036e-23
