model_name,weigth
arima,9.375878968767601e-237
eakf_model1,0.9999999989322366
eakf_model2,1.0677632985833211e-09
eakf_model3,1.6719658057950613e-105
sarima,1.9468865110569664e-286
