model_name,weigth
arima,9.718249292100177e-51
eakf_model1,0.9999999999942157
eakf_model2,7.455273998168118e-15
eakf_model3,5.776759772766729e-12
