model_name,weigth
arima,1.6124881547950844e-177
eakf_model1,2.7422476679101366e-83
eakf_model2,0.9999999999508922
eakf_model3,4.910769853917076e-11
