model_name,weigth
arima,8.462604087320237e-172
eakf_model1,7.762252244866159e-70
eakf_model2,0.9999999998983358
eakf_model3,1.0166420594031445e-10
sarima,2.8200144742504e-25
