model_name,weigth
arima,1.5e-323
eakf_model1,2.516790769876266e-08
eakf_model2,4.508471927869446e-26
eakf_model3,0.9999999748320922
