model_name,weigth
arima,1.0686081246820728e-235
eakf_model1,6.902080508370171e-97
eakf_model2,0.9999999999346818
eakf_model3,6.531825191384909e-11
sarima,9.327158319005821e-60
