model_name,weigth
arima,1.5e-323
eakf_model1,5e-323
eakf_model2,0.16910353958810198
eakf_model3,0.830896460411898
