model_name,weigth
arima,1.5e-323
eakf_model1,1.5147807923997692e-249
eakf_model2,0.9999999881815042
eakf_model3,1.1818495754285254e-08
