model_name,weigth
arima,5.08271517416714e-22
eakf_model1,1.0245260884325221e-11
eakf_model2,0.9999999999897546
eakf_model3,2.2914659483362006e-17
