model_name,weigth
arima,1.473571840923571e-63
eakf_model1,4.415925608619276e-11
eakf_model2,0.9999999999558407
eakf_model3,4.9807583124794486e-24
