model_name,weigth
arima,1.572306239260432e-113
eakf_model1,1.0969703299658778e-10
eakf_model2,0.9999999998903029
eakf_model3,1.3833834499560074e-62
