model_name,weigth
arima,1e-323
eakf_model1,1e-323
eakf_model2,9.4e-323
eakf_model3,0.999999966073447
sarima,3.3926552886915566e-08
