model_name,weigth
arima,1.6585183192536423e-30
eakf_model1,0.99999999999464
eakf_model2,5.360035037128616e-12
eakf_model3,2.8753695428556735e-24
sarima,4.6017234118646504e-27
