model_name,weigth
arima,1.8502830296923068e-47
eakf_model1,6.902599812466346e-66
eakf_model2,6.228428147484038e-12
eakf_model3,0.9999999999937714
