model_name,weigth
arima,1.3192033781612968e-14
eakf_model1,3.458316089829998e-11
eakf_model2,0.9999999999654036
eakf_model3,2.705262491063762e-23
