model_name,weigth
arima,2.2939237740394735e-50
eakf_model1,0.9999999999853884
eakf_model2,1.4611486481855432e-11
eakf_model3,8.194455770793091e-31
sarima,1.16918881271558e-51
