model_name,weigth
arima,4.626305826832499e-60
eakf_model1,6.021767453450108e-11
eakf_model2,0.9999999999397823
eakf_model3,8.833815857476463e-44
