model_name,weigth
arima,5.162648437397088e-22
eakf_model1,0.9999999999972446
eakf_model2,2.6536039110346134e-12
eakf_model3,1.7141956442231376e-14
sarima,8.466562408954725e-14
