model_name,weigth
arima,2.780078589605756e-139
eakf_model1,1.786882316104584e-181
eakf_model2,9.189089522963248e-11
eakf_model3,0.9999999999081091
