model_name,weigth
arima,4.705319970321712e-56
eakf_model1,0.999999999943407
eakf_model2,9.613262979252507e-19
eakf_model3,5.659293672453908e-11
