model_name,weigth
arima,1.2422591209565084e-33
eakf_model1,2.684325810897107e-11
eakf_model2,0.9999999999731566
eakf_model3,5.059704045629007e-17
