model_name,weigth
arima,8.1791078565568775e-22
eakf_model1,1.6787901521039502e-11
eakf_model2,0.999999999983212
eakf_model3,1.92042600730182e-18
