model_name,weigth
arima,7.525774633782892e-97
eakf_model1,0.9999999999331766
eakf_model2,6.682342207857948e-11
eakf_model3,4.592766068847663e-42
sarima,1.1096257728802794e-103
