model_name,weigth
arima,3.564437603109762e-89
eakf_model1,2.0491832099497075e-10
eakf_model2,0.9999999997950816
eakf_model3,1.2372056452064287e-33
