model_name,weigth
arima,2.9727418733486857e-44
eakf_model1,1.6462934020951032e-11
eakf_model2,0.9999999999835371
eakf_model3,2.312416547344197e-27
