model_name,weigth
arima,5.275796626613513e-40
eakf_model1,7.062734002147716e-11
eakf_model2,0.9999999999293727
eakf_model3,5.64860226357157e-27
