model_name,weigth
arima,3.31152736466431e-105
eakf_model1,3.373703723870933e-149
eakf_model2,3.462362460499101e-11
eakf_model3,0.9999999999653764
