model_name,weigth
arima,4.5680064449019915e-79
eakf_model1,4.98094739995757e-11
eakf_model2,0.9999999999501905
eakf_model3,7.055476929602313e-25
