model_name,weigth
arima,1.03131731634665e-309
eakf_model1,6.807057735809716e-10
eakf_model2,0.9999999993192942
eakf_model3,9.249852559177343e-103
