model_name,weigth
arima,1.5e-323
eakf_model1,0.9999999990062332
eakf_model2,9.93766898495671e-10
eakf_model3,1.3654599413679253e-191
