model_name,weigth
arima,5.3097732604270233e-36
eakf_model1,2.0625780541902793e-11
eakf_model2,0.9999999999793742
eakf_model3,3.1327893403267364e-21
