model_name,weigth
arima,2.7531481291580953e-130
eakf_model1,2.535514370628105e-10
eakf_model2,0.9999999997464485
eakf_model3,2.5399108023682947e-100
