model_name,weigth
arima,5.032082005064229e-63
eakf_model1,4.7916378989289806e-11
eakf_model2,0.9999999999520837
eakf_model3,7.647073498475986e-56
