model_name,weigth
arima,5.515828334801968e-36
eakf_model1,9.870481205981253e-35
eakf_model2,3.3575642564992487e-12
eakf_model3,0.9999999999966424
sarima,2.6524497720314616e-17
