model_name,weigth
arima,8.960394766217797e-11
eakf_model1,1.1948830467786535e-16
eakf_model2,0.9999999999103959
eakf_model3,1.832765847532711e-29
