model_name,weigth
arima,2.906453106956343e-38
eakf_model1,6.750258664631171e-26
eakf_model2,2.956253923330923e-12
eakf_model3,0.9999999999970436
sarima,6.320212192427141e-35
