model_name,weigth
arima,3.7893512305995934e-32
eakf_model1,2.7130462068240016e-20
eakf_model2,1.246014804744363e-12
eakf_model3,0.9999999999987539
