model_name,weigth
arima,8.388176928755931e-45
eakf_model1,3.896981979564398e-11
eakf_model2,0.9999999999610301
eakf_model3,5.521004024635663e-48
