model_name,weigth
arima,2.263550591535635e-246
eakf_model1,0.9999999989454309
eakf_model2,4.903392394242242e-10
eakf_model3,5.642297053911424e-10
sarima,2.3925826165e-314
