model_name,weigth
arima,2.2106875973331494e-280
eakf_model1,1.1093265201741279e-09
eakf_model2,3.575358495313971e-45
eakf_model3,0.9999999988906735
