model_name,weigth
arima,1.5e-323
eakf_model1,2.6858979806559106e-77
eakf_model2,0.9999999696575966
eakf_model3,3.0342403283159436e-08
