model_name,weigth
arima,8.131180319195819e-92
eakf_model1,8.71839459923795e-168
eakf_model2,7.906152907081672e-10
eakf_model3,0.9999999992093846
sarima,1.1683287601587733e-110
