model_name,weigth
arima,6.277126092938674e-34
eakf_model1,4.419381601319464e-37
eakf_model2,1.6735067402030742e-11
eakf_model3,0.9999999999832649
