model_name,weigth
arima,3.2416547422683474e-35
eakf_model1,0.9999999999580468
eakf_model2,4.195320755469881e-11
eakf_model3,4.923950430338911e-22
sarima,2.0029910535520478e-39
