model_name,weigth
arima,3.6994367388295405e-61
eakf_model1,6.583372706081113e-11
eakf_model2,0.9999999999341663
eakf_model3,2.3276365939446793e-32
