model_name,weigth
arima,1.2070900478865953e-147
eakf_model1,4.584739139848851e-16
eakf_model2,4.2003585744119887e-10
eakf_model3,0.9999999995799635
sarima,1.1538804136334735e-250
