model_name,weigth
arima,6.144472163660786e-37
eakf_model1,0.9999999999680949
eakf_model2,3.984914355567257e-14
eakf_model3,3.186520420951239e-11
