model_name,weigth
arima,8.895785153927726e-58
eakf_model1,0.9999999999463431
eakf_model2,4.576173379659642e-11
eakf_model3,7.895123585705607e-12
sarima,1.7742917707976957e-65
