model_name,weigth
arima,1.1625031486061913e-49
eakf_model1,1.0611321979459679e-16
eakf_model2,7.690892765289249e-12
eakf_model3,0.9999999999923089
