model_name,weigth
arima,7.070112657157482e-88
eakf_model1,4.9275106392045885e-11
eakf_model2,9.450516851586235e-14
eakf_model3,0.9999999999506304
