model_name,weigth
arima,2.1796933234669618e-10
eakf_model1,8.4878745594395e-23
eakf_model2,0.9999999997820307
eakf_model3,6.431321644112674e-48
