model_name,weigth
arima,4.4732349089795255e-33
eakf_model1,3.9265531278338273e-31
eakf_model2,1.6281353982429875e-12
eakf_model3,0.999999999998372
