model_name,weigth
arima,1.3396641341274147e-41
eakf_model1,1.3363594634619815e-15
eakf_model2,8.047875106103233e-12
eakf_model3,0.9999999999919507
sarima,2.435693351269409e-61
