model_name,weigth
arima,4.979313326275193e-17
eakf_model1,3.9805320276920335e-11
eakf_model2,0.9999999999601946
eakf_model3,8.752761897757956e-22
