model_name,weigth
arima,1.051794485371925e-15
eakf_model1,1.1016545776693141e-12
eakf_model2,4.630489726762989e-15
eakf_model3,0.9999999999988926
