model_name,weigth
arima,5.981946785833825e-105
eakf_model1,0.9999999997712148
eakf_model2,2.2878511815532982e-10
eakf_model3,5.50372436880947e-77
