model_name,weigth
arima,1.439381841656146e-41
eakf_model1,6.732663356481917e-10
eakf_model2,0.9999999993267334
eakf_model3,1.8996703153141457e-37
sarima,4.1879238433188425e-99
