model_name,weigth
arima,2.29178475069e-57
eakf_model1,5.6705404406316164e-11
eakf_model2,0.9999999999432946
eakf_model3,2.066151377037409e-43
