model_name,weigth
arima,1.5773295943235538e-08
eakf_model1,3e-323
eakf_model2,2.750405557018816e-26
eakf_model3,0.9999999842267039
sarima,1.1428079301642684e-112
