model_name,weigth
arima,1.2849631652709894e-66
eakf_model1,9.321980984859744e-11
eakf_model2,0.9999999999067801
eakf_model3,6.602372996648768e-55
