model_name,weigth
arima,4.303554293555012e-40
eakf_model1,1.4632443942106281e-59
eakf_model2,1.042025819907677e-10
eakf_model3,0.9999999998957974
