model_name,weigth
arima,3.807384509961278e-18
eakf_model1,5.8082224584853056e-43
eakf_model2,3.9296657325496796e-12
eakf_model3,4.876060278654386e-18
sarima,0.9999999999960703
