model_name,weigth
arima,9.252924452794755e-11
eakf_model1,1.258605962254887e-84
eakf_model2,2.118992016095473e-19
eakf_model3,0.9999999999074707
sarima,1.5687482940574387e-41
