model_name,weigth
arima,1.2606144358219877e-46
eakf_model1,3.1909723763568677e-11
eakf_model2,0.9999999999680902
eakf_model3,4.422690180122352e-36
