model_name,weigth
arima,3.3095220835689e-229
eakf_model1,0.9999999992152313
eakf_model2,7.847686763671934e-10
eakf_model3,5.278093811957997e-164
