model_name,weigth
arima,1.0178958661043992e-20
eakf_model1,3.650488303764058e-47
eakf_model2,1.2372922102918234e-10
eakf_model3,0.9999999998762708
