model_name,weigth
arima,5.403534052626617e-87
eakf_model1,3.27131637936698e-36
eakf_model2,0.36889977203997404
eakf_model3,0.631100227960026
