model_name,weigth
arima,1.9508646013781793e-81
eakf_model1,1.0157042528493814e-10
eakf_model2,0.9999999998984295
eakf_model3,1.1248651085120125e-57
