model_name,weigth
arima,3.89041184485918e-70
eakf_model1,2.664517299851623e-11
eakf_model2,0.9999999999733546
eakf_model3,4.75124917877485e-20
