model_name,weigth
arima,1.479182653742715e-28
eakf_model1,5.26004463495974e-12
eakf_model2,0.9999999999789493
eakf_model3,1.5790513566198473e-11
