model_name,weigth
arima,1.561433158661714e-66
eakf_model1,3.953861869676958e-12
eakf_model2,0.9999999983736985
eakf_model3,1.6223475541593112e-09
