model_name,weigth
arima,1.73120245786229e-10
eakf_model1,1.1658836008759492e-121
eakf_model2,1.6290491772880548e-40
eakf_model3,0.9999999998268796
