model_name,weigth
arima,4.1142081535253874e-44
eakf_model1,3.9409398861011464e-11
eakf_model2,0.9999999999605906
eakf_model3,9.040963532479983e-36
