model_name,weigth
arima,1.3691001980491144e-38
eakf_model1,3.359247656739386e-11
eakf_model2,0.9999999999664075
eakf_model3,2.0355363710878147e-44
