model_name,weigth
arima,7.207923368191058e-16
eakf_model1,2.169375420634234e-18
eakf_model2,8.259329293933491e-12
eakf_model3,0.9999999999917397
