model_name,weigth
arima,0.670684335883308
eakf_model1,3.322778775635098e-63
eakf_model2,5.059770897874096e-59
eakf_model3,0.329315664116692
