model_name,weigth
arima,1.5e-323
eakf_model1,0.9999999989264214
eakf_model2,2.0751722304563973e-14
eakf_model3,1.0735578825591643e-09
