model_name,weigth
arima,0.9999999998009524
eakf_model1,2.341656017456299e-92
eakf_model2,1.990460422303166e-10
eakf_model3,1.401672503112816e-15
