model_name,weigth
arima,1.5e-323
eakf_model1,4.937166926383472e-10
eakf_model2,0.9999999995062816
eakf_model3,1.6999006976815614e-15
