model_name,weigth
arima,0.9999999999889468
eakf_model1,1.7502966240310573e-12
eakf_model2,9.302882479707897e-12
eakf_model3,3.5565331789213355e-17
