model_name,weigth
arima,8.00721411194905e-85
eakf_model1,6.810448370541532e-24
eakf_model2,6.996962564790342e-11
eakf_model3,0.9999999999300302
