model_name,weigth
arima,2.814420570331128e-283
eakf_model1,3.061488724569587e-10
eakf_model2,2.1340649755297215e-24
eakf_model3,0.9999999996938511
