model_name,weigth
arima,2.6430714485634003e-172
eakf_model1,3.617474240289859e-131
eakf_model2,0.9999999994197877
eakf_model3,5.802122898206936e-10
