model_name,weigth
arima,7.855178551070005e-21
eakf_model1,1.928514167254245e-14
eakf_model2,9.713118568298e-13
eakf_model3,0.9999999999990093
