model_name,weigth
arima,3.7185388639314623e-187
eakf_model1,1.7085795028881547e-10
eakf_model2,0.9999999998290235
eakf_model3,1.1837031441533023e-13
sarima,1.590485354599529e-108
