model_name,weigth
arima,2.668633240541021e-219
eakf_model1,3.853035354222223e-12
eakf_model2,0.9999999998036552
eakf_model3,1.924916832386555e-10
sarima,2.4638796940581057e-171
