model_name,weigth
arima,0.9999999999765219
eakf_model1,2.3476324156175684e-11
eakf_model2,6.712513550492457e-17
eakf_model3,1.7077118126819125e-15
