model_name,weigth
arima,1.3644292218021809e-56
eakf_model1,6.848679934202685e-11
eakf_model2,7.40959472734323e-51
eakf_model3,0.9999999999315131
