model_name,weigth
arima,4.303358519112962e-297
eakf_model1,3.370251254575526e-10
eakf_model2,0.9999999996629747
eakf_model3,4.3413975360210045e-23
