model_name,weigth
arima,7.125485186126461e-12
eakf_model1,7.69837299027505e-19
eakf_model2,1.5840995894421234e-33
eakf_model3,3.164529532467992e-18
sarima,0.9999999999928745
