model_name,weigth
arima,2.0897739637662468e-116
eakf_model1,0.9999999999278808
eakf_model2,6.46687662133806e-11
eakf_model3,7.450274863906348e-12
sarima,2.570581888861251e-63
