model_name,weigth
arima,2.3076856257270562e-16
eakf_model1,1.5936098664869823e-12
eakf_model2,9.151817310636734e-17
eakf_model3,0.9999999999984059
