model_name,weigth
arima,1.585339783404957e-244
eakf_model1,0.9999999996833123
eakf_model2,3.1668738536748916e-10
eakf_model3,1.1090832673642129e-16
sarima,1.6763308190334997e-121
