model_name,weigth
arima,6.900218357026626e-104
eakf_model1,0.999999999633767
eakf_model2,2.270341075258054e-63
eakf_model3,3.662328994642994e-10
sarima,3.4209239828966485e-56
