model_name,weigth
arima,5.137380016055233e-13
eakf_model1,8.058294673189448e-24
eakf_model2,8.731446706200801e-16
eakf_model3,6.209204544034849e-13
sarima,0.9999999999988645
