model_name,weigth
arima,0.999999991639978
eakf_model1,6.464403466768905e-297
eakf_model2,8.360021807533725e-09
eakf_model3,5.1143224779333125e-65
