model_name,weigth
arima,3e-323
eakf_model1,0.9999999970723913
eakf_model2,2.9246593574988715e-09
eakf_model3,2.949211268183985e-12
sarima,3e-323
