model_name,weigth
arima,4.710474039662749e-51
eakf_model1,6.347306489713364e-12
eakf_model2,5.514384365935135e-12
eakf_model3,0.9999999999881382
