model_name,weigth
arima,1.5e-323
eakf_model1,2.3904959025937393e-09
eakf_model2,7.320068282201028e-40
eakf_model3,0.999999997609504
