model_name,weigth
arima,3e-323
eakf_model1,7.394804639671927e-09
eakf_model2,2.57852836879361e-20
eakf_model3,0.9999999926051953
sarima,3e-323
