model_name,weigth
arima,6.660696534954008e-58
eakf_model1,2.367927157088511e-13
eakf_model2,0.9999999999857738
eakf_model3,1.3989398662588098e-11
