model_name,weigth
arima,1.5e-323
eakf_model1,2.3693010519878387e-09
eakf_model2,9.965351174932865e-39
eakf_model3,0.9999999976306989
