model_name,weigth
arima,5.481664635943813e-93
eakf_model1,5.4579345217037475e-11
eakf_model2,0.9999999999454183
eakf_model3,2.1512350826112613e-15
