model_name,weigth
arima,2.1594585912003456e-39
eakf_model1,6.604060084170396e-17
eakf_model2,0.9999999999887709
eakf_model3,1.1229041684814658e-11
