model_name,weigth
arima,9.272728847956567e-155
eakf_model1,9.231067122098576e-64
eakf_model2,1.522235548388776e-10
eakf_model3,0.9999999998477764
sarima,3.646707017782885e-151
