model_name,weigth
arima,2.3062994866462877e-170
eakf_model1,9.154266605292772e-86
eakf_model2,0.9999999997733221
eakf_model3,2.2667784654808346e-10
