model_name,weigth
arima,1.597900584456297e-178
eakf_model1,7.731709653913623e-66
eakf_model2,1.2650303531655396e-10
eakf_model3,0.999999999873497
