model_name,weigth
arima,7.980705275346326e-61
eakf_model1,1.0742641712027575e-23
eakf_model2,1.0875491221920148e-11
eakf_model3,0.9999999999891245
