model_name,weigth
arima,2.3631264035950314e-63
eakf_model1,9.417500799699838e-15
eakf_model2,1.648064723765721e-11
eakf_model3,0.99999999998351
