model_name,weigth
arima,3.548140019373268e-163
eakf_model1,7.074585671657537e-67
eakf_model2,1.1569043762385905e-10
eakf_model3,0.9999999998843097
