model_name,weigth
arima,7.397397550518847e-11
eakf_model1,8.77999803685552e-22
eakf_model2,0.9999999999260261
eakf_model3,3.0621243022010166e-23
