model_name,weigth
arima,3.4538846966148904e-74
eakf_model1,4.1236359935952485e-12
eakf_model2,2.6254134034475238e-24
eakf_model3,0.9999999999958764
sarima,3.2446946872319144e-38
