model_name,weigth
arima,8.069618385137556e-232
eakf_model1,3.835149791034865e-09
eakf_model2,0.9999999961648502
eakf_model3,8.447011596269016e-67
sarima,2.5e-323
