model_name,weigth
arima,5.000694593081275e-170
eakf_model1,0.999999999895147
eakf_model2,1.664691800150992e-38
eakf_model3,1.0485310454622279e-10
sarima,5.50193648343816e-222
