model_name,weigth
arima,1.0203713384551625e-52
eakf_model1,9.911077552832056e-12
eakf_model2,2.5684508163188633e-24
eakf_model3,0.999999999990089
sarima,4.087467088731203e-54
