model_name,weigth
arima,2.5e-323
eakf_model1,0.9999999997335287
eakf_model2,2.7299589126533946e-65
eakf_model3,2.664713635605802e-10
sarima,0.0
