model_name,weigth
arima,4.822719406008732e-184
eakf_model1,6.829778903431987e-11
eakf_model2,1.5841047175131083e-43
eakf_model3,0.9999999999317023
sarima,2.013123374168441e-281
