model_name,weigth
arima,0.0
eakf_model1,0.9999999998299182
eakf_model2,1.7008043861066488e-10
eakf_model3,1.465812644885455e-15
sarima,0.0
