model_name,weigth
arima,2.5e-323
eakf_model1,3.964957323483804e-10
eakf_model2,8.405130173526509e-35
eakf_model3,0.9999999996035043
sarima,2.5e-323
