model_name,weigth
arima,2.4216637618087922e-245
eakf_model1,1.22600416017826e-10
eakf_model2,1.3692785414864625e-27
eakf_model3,0.9999999998773996
sarima,2.4216637618087922e-245
