model_name,weigth
arima,2.5e-323
eakf_model1,2.654722319960445e-09
eakf_model2,3.0342490850180755e-31
eakf_model3,0.9999999973452778
sarima,2.5e-323
