model_name,weigth
arima,2.5e-323
eakf_model1,7.59260526381312e-15
eakf_model2,0.9999999991083701
eakf_model3,8.91622269420902e-10
sarima,2e-323
