model_name,weigth
arima,2.5e-323
eakf_model1,0.9999999995788583
eakf_model2,6.000616959820437e-20
eakf_model3,4.211416852774362e-10
sarima,2.5e-323
