model_name,weigth
arima,3.486537147352578e-300
eakf_model1,2.120799662301061e-10
eakf_model2,0.9999999997879199
eakf_model3,2.2052012426516018e-16
sarima,2e-323
