model_name,weigth
arima,2.5e-323
eakf_model1,4.47193128717866e-08
eakf_model2,0.9999999552806871
eakf_model3,4.6979197109368454e-67
sarima,2e-323
