model_name,weigth
arima,5.988776327017543e-259
eakf_model1,6.299192841167953e-11
eakf_model2,8.873037667847504e-25
eakf_model3,0.999999999937008
sarima,5.5676420398216e-310
