model_name,weigth
arima,2.5e-323
eakf_model1,7.596965957342122e-10
eakf_model2,0.9999999992403033
eakf_model3,2.1682095663025493e-16
sarima,2.5e-323
