model_name,weigth
arima,2.8293485398634853e-235
eakf_model1,5.206481793250947e-11
eakf_model2,1.893719688907973e-36
eakf_model3,0.9999999999479352
sarima,7.194704817390219e-262
