model_name,weigth
arima,9.017538465351246e-225
eakf_model1,4.8634188758160086e-11
eakf_model2,3.7380583105662745e-31
eakf_model3,0.9999999999513658
sarima,4.108741390340421e-254
