model_name,weigth
arima,5.914819898595174e-152
eakf_model1,0.9999999999845319
eakf_model2,1.5371282388479395e-11
eakf_model3,9.674493564319398e-14
sarima,1.758615327954967e-124
