model_name,weigth
arima,3.8850371087254505e-65
eakf_model1,0.9999999999954621
eakf_model2,4.4455791522795826e-12
eakf_model3,9.227419932785126e-14
sarima,1.3899049889227278e-39
