model_name,weigth
arima,2.5e-323
eakf_model1,0.9999999998348802
eakf_model2,9.198855812460226e-69
eakf_model3,1.6511979377449365e-10
sarima,2.5e-323
