model_name,weigth
arima,6.252082837745129e-247
eakf_model1,0.9999999999682798
eakf_model2,4.981071041775456e-25
eakf_model3,3.172023531667019e-11
sarima,3.867548845057725e-257
