model_name,weigth
arima,2.8187500669047595e-87
eakf_model1,0.9999999999940454
eakf_model2,5.314638087969569e-12
eakf_model3,6.398432845616149e-13
sarima,3.858385682919833e-62
