model_name,weigth
arima,1.1016929487412905e-189
eakf_model1,0.9999999999825155
eakf_model2,1.739017606613911e-11
eakf_model3,9.428375956175202e-14
sarima,1.1488382388887832e-172
