model_name,weigth
arima,4.344075505410842e-255
eakf_model1,0.9999999998840176
eakf_model2,1.159824253837813e-10
eakf_model3,5.544246721670062e-21
sarima,3.7270055996463825e-157
