model_name,weigth
arima,5e-323
eakf_model1,0.327169129964826
eakf_model2,0.6728308700351741
eakf_model3,2.4660624853493372e-30
sarima,1.5607743122903134e-291
