model_name,weigth
arima,8.629480698389199e-56
eakf_model1,0.9999999999963183
eakf_model2,7.874987971796422e-13
eakf_model3,2.894224089079142e-12
sarima,4.8974543343638994e-30
