model_name,weigth
arima,1.071733594996855e-202
eakf_model1,0.9999999995154546
eakf_model2,5.739755470873115e-23
eakf_model3,4.845454584885041e-10
sarima,2.796170134849937e-156
