model_name,weigth
arima,2.5e-323
eakf_model1,0.9999999994710717
eakf_model2,3.627257399071136e-52
eakf_model3,5.289284379934092e-10
sarima,2.9854876253754624e-249
