model_name,weigth
arima,2.0687334735729375e-59
eakf_model1,0.9999999999922429
eakf_model2,7.622290620334968e-12
eakf_model3,1.34776976826036e-13
sarima,6.784951628167201e-33
