model_name,weigth
arima,2.5e-323
eakf_model1,7.824493329458981e-10
eakf_model2,9.684567948680614e-11
eakf_model3,0.999999999120705
sarima,2.5e-323
