model_name,weigth
arima,1.035300013786227e-110
eakf_model1,1.0337936390296216e-11
eakf_model2,3.0126027128071397e-13
eakf_model3,0.999999999989361
sarima,3.342568818810121e-76
