model_name,weigth
arima,2.6943068801411376e-174
eakf_model1,4.648596021610451e-11
eakf_model2,0.999999999953514
eakf_model3,4.1237092418533315e-22
sarima,3.986352736541227e-130
