model_name,weigth
arima,4.629492678211465e-153
eakf_model1,2.233142012087589e-11
eakf_model2,9.143699034448958e-17
eakf_model3,0.9999999999776686
sarima,1.7474911949300804e-113
