model_name,weigth
arima,2.5e-323
eakf_model1,0.9999999883108864
eakf_model2,1.1689113550471056e-08
eakf_model3,3.921869742537375e-167
sarima,2.5e-323
