model_name,weigth
arima,1.4618328774068557e-88
eakf_model1,2.707570282750606e-22
eakf_model2,1.3646437165753418e-11
eakf_model3,0.9999999999863536
sarima,7.784486890927398e-27
