model_name,weigth
arima,6.20432083332612e-128
eakf_model1,4.386801455362246e-11
eakf_model2,2.2190753343050578e-11
eakf_model3,0.9999999999339412
sarima,9.691026688978407e-113
