model_name,weigth
arima,9.726200809580323e-65
eakf_model1,9.68787313040707e-17
eakf_model2,7.578205205930663e-12
eakf_model3,0.9999999999924218
sarima,1.544237782115946e-29
