model_name,weigth
arima,1.681808076964495e-117
eakf_model1,6.585972944576629e-11
eakf_model2,5.1174208316967414e-14
eakf_model3,0.9999999999340891
sarima,3.5858670169314618e-93
