model_name,weigth
arima,2.345238676421687e-96
eakf_model1,4.073480277252252e-27
eakf_model2,1.4630112928596916e-11
eakf_model3,0.9999999999853699
sarima,8.852534334206595e-23
