model_name,weigth
arima,6.989251624312713e-88
eakf_model1,1.2517944770984458e-11
eakf_model2,4.487049357580648e-26
eakf_model3,0.9999999999874822
sarima,1.892353568338783e-77
