model_name,weigth
arima,2.8595630668890593e-128
eakf_model1,3.7223922091794376e-11
eakf_model2,4.4486147728278365e-31
eakf_model3,0.999999999962776
sarima,7.068187620621353e-118
