model_name,weigth
arima,3.7147331071586335e-71
eakf_model1,2.359632498689291e-14
eakf_model2,1.391086062712432e-11
eakf_model3,0.9999999999860656
sarima,3.974334478821784e-43
