model_name,weigth
arima,4.922121632848259e-56
eakf_model1,6.892388263772277e-19
eakf_model2,3.94031098493007e-12
eakf_model3,0.9999999999960572
sarima,2.5609871174720064e-15
