model_name,weigth
arima,2.5e-323
eakf_model1,1.4651655063894593e-20
eakf_model2,8.38752001906347e-10
eakf_model3,0.9999999991612482
sarima,1.593314541035e-311
