model_name,weigth
arima,8.470246338321445e-103
eakf_model1,3.360621238035457e-11
eakf_model2,9.643780325637581e-13
eakf_model3,0.9999999999654294
sarima,8.637176786495322e-74
