model_name,weigth
arima,1.3143449035194101e-55
eakf_model1,1.3340019939367906e-16
eakf_model2,5.530611340900754e-12
eakf_model3,0.9999999999944693
sarima,1.5406777526954775e-18
