model_name,weigth
arima,1.497968765363217e-93
eakf_model1,1.4980126977405733e-12
eakf_model2,1.6665394182391334e-11
eakf_model3,0.9999999999818366
sarima,2.0511798434800497e-43
