model_name,weigth
arima,5.520504320675846e-270
eakf_model1,1.1734350538575553e-75
eakf_model2,1.6386261288506426e-10
eakf_model3,0.9999999998361373
sarima,1.964220571004145e-79
