model_name,weigth
arima,1.264652297460904e-158
eakf_model1,1.0502647547116252e-37
eakf_model2,0.9999999998853251
eakf_model3,1.1467501610209163e-10
sarima,2.2561112694599707e-62
