model_name,weigth
arima,7.726022954621497e-61
eakf_model1,2.8279331455396584e-13
eakf_model2,0.999999999981727
eakf_model3,1.799039179699772e-11
sarima,4.5723704261180365e-35
