model_name,weigth
arima,3.142557550539433e-141
eakf_model1,1.4217914517677683e-46
eakf_model2,0.9999999999482786
eakf_model3,5.172144278134953e-11
sarima,2.634053440557485e-40
