model_name,weigth
arima,5e-323
eakf_model1,2.1930197152395133e-99
eakf_model2,2.3845223272911e-68
eakf_model3,0.9999999974855224
sarima,2.5144776342063778e-09
