model_name,weigth
arima,2.1547041816946317e-70
eakf_model1,0.9999999999145659
eakf_model2,8.54339971663152e-11
eakf_model3,1.9411146090545615e-18
sarima,2.2802115474527173e-16
