model_name,weigth
arima,5.963512364338801e-76
eakf_model1,3.49999266922462e-11
eakf_model2,0.9999999999650001
eakf_model3,7.520105491018568e-27
sarima,1.7636974268200228e-54
