model_name,weigth
arima,1.885532252420802e-71
eakf_model1,7.728450206534746e-22
eakf_model2,0.9999999999818396
eakf_model3,1.8160563203734185e-11
sarima,1.1848670904913938e-27
