model_name,weigth
arima,1.722351120828626e-172
eakf_model1,2.846571519832107e-10
eakf_model2,0.9999999997153428
eakf_model3,2.311788546732057e-89
sarima,2.3007442279375048e-148
