model_name,weigth
arima,2.5e-323
eakf_model1,2.5e-323
eakf_model2,1.907116608139636e-236
eakf_model3,5.191177572028729e-09
sarima,0.9999999948088225
