model_name,weigth
arima,2.328893011233464e-41
eakf_model1,5.761417576339316e-45
eakf_model2,2.6005605704368754e-12
eakf_model3,0.9999999999970227
sarima,3.7681382950363187e-13
