model_name,weigth
arima,1.1074955442856651e-48
eakf_model1,2.1627074241973115e-46
eakf_model2,5.296535983353623e-12
eakf_model3,0.9999999999947035
sarima,1.8225348069068824e-21
