model_name,weigth
arima,2.362689744486125e-89
eakf_model1,1.8565600671365266e-30
eakf_model2,3.1304726357072334e-10
eakf_model3,0.9999999996869527
sarima,1.3967740120039903e-92
