model_name,weigth
arima,1.921166441668142e-83
eakf_model1,9.002164853782854e-96
eakf_model2,5.947400580067905e-25
eakf_model3,0.9999999999795016
sarima,2.049838535310748e-11
