model_name,weigth
arima,8.043430732670654e-197
eakf_model1,0.9999999989156314
eakf_model2,1.0843686658429785e-09
eakf_model3,6.233933361289625e-63
sarima,3.335499170939869e-253
