model_name,weigth
arima,1.9612728040038844e-26
eakf_model1,3.4854951624854414e-18
eakf_model2,0.9999999999734402
eakf_model3,2.6559812795212083e-11
sarima,3.51782127966736e-24
