model_name,weigth
arima,0.7043383264929666
eakf_model1,5e-323
eakf_model2,7.4e-323
eakf_model3,0.2956616735070334
sarima,2.8e-322
