model_name,weigth
arima,8.003282009490264e-74
eakf_model1,2.303249309713721e-10
eakf_model2,0.999999999769675
eakf_model3,1.6799077394849675e-35
sarima,2.169925096263857e-76
