model_name,weigth
arima,2.9749621489656396e-82
eakf_model1,0.9999999988987223
eakf_model2,1.1012777457871775e-09
eakf_model3,1.2560241027039646e-21
sarima,1.9690817225016656e-108
