model_name,weigth
arima,1.552037857242384e-14
eakf_model1,7.86662081937128e-12
eakf_model2,5.382640883659657e-11
eakf_model3,0.9999999999382916
sarima,1.2737045960203846e-31
