model_name,weigth
arima,1.0137337432272399e-78
eakf_model1,2.5393923508984736e-57
eakf_model2,0.9999999996283729
eakf_model3,3.7162707420989247e-10
sarima,7.199617485051679e-71
