model_name,weigth
arima,3.1279586522965823e-46
eakf_model1,2.5e-323
eakf_model2,1.685417219432459e-159
eakf_model3,0.8457288898858215
sarima,0.15427111011417852
