model_name,weigth
arima,5.7588268893711395e-68
eakf_model1,1.661849495773017e-10
eakf_model2,1.1083582004978742e-99
eakf_model3,0.9999999998338139
sarima,1.1876101250172559e-15
