model_name,weigth
arima,2.3964435410882316e-265
eakf_model1,2.2983435876917283e-10
eakf_model2,6.400391282498252e-44
eakf_model3,0.9999999997701656
sarima,1.6069990075741972e-139
