model_name,weigth
arima,3.6754270362325446e-186
eakf_model1,6.788571446916873e-35
eakf_model2,8.107742303231683e-269
eakf_model3,3.203939860424674e-09
sarima,0.9999999967960602
