model_name,weigth
arima,1.6800505254682114e-14
eakf_model1,2.1007685252386706e-22
eakf_model2,2.317897122589435e-21
eakf_model3,2.648755748346058e-12
sarima,0.9999999999973345
