model_name,weigth
arima,2.037915766876807e-15
eakf_model1,8.80043661606726e-35
eakf_model2,7.446073481637254e-16
eakf_model3,4.497523842295778e-12
sarima,0.9999999999954998
