model_name,weigth
arima,1.4205628821776772e-25
eakf_model1,5.629242987689996e-83
eakf_model2,6.444213255413632e-26
eakf_model3,5.026426616716349e-11
sarima,0.9999999999497358
