model_name,weigth
arima,9.397658820506968e-77
eakf_model1,7.038439555104343e-11
eakf_model2,1.4098790461810883e-60
eakf_model3,0.9999999999296156
sarima,4.610293728300307e-29
