model_name,weigth
arima,4.780520815948941e-163
eakf_model1,1.1147403570823084e-10
eakf_model2,1.948548689431819e-12
eakf_model3,0.9999999998865775
sarima,4.781579096497925e-115
