model_name,weigth
arima,2.7462748676464355e-47
eakf_model1,6.045169092196328e-14
eakf_model2,1.0452830101300692e-11
eakf_model3,0.9999999999894867
sarima,4.5000636849950046e-46
