model_name,weigth
arima,7.942886201784399e-62
eakf_model1,2.774311438120383e-22
eakf_model2,2.31839677259503e-11
eakf_model3,0.9999999999768161
sarima,1.545418119579683e-50
