model_name,weigth
arima,5.232946084562822e-47
eakf_model1,1.0539319031011477e-16
eakf_model2,8.595686515444238e-12
eakf_model3,0.9999999999914043
sarima,1.4774755519384715e-39
