model_name,weigth
arima,2.6042210814331287e-108
eakf_model1,1.5843467201769941e-10
eakf_model2,4.66072098254639e-16
eakf_model3,0.9999999998415648
sarima,6.446905682241997e-136
