model_name,weigth
arima,1.7684968318505316e-129
eakf_model1,8.901831351194869e-12
eakf_model2,1.6305424068870587e-32
eakf_model3,0.9999999999910982
sarima,3.278227689685857e-24
