model_name,weigth
arima,0.0
eakf_model1,0.9999999998250427
eakf_model2,1.3289647571024398e-49
eakf_model3,1.7495729190115595e-10
sarima,0.0
