model_name,weigth
arima,3e-323
eakf_model1,0.9999999152205301
eakf_model2,2.480192363467025e-93
eakf_model3,8.477946988543996e-08
sarima,0.0
