model_name,weigth
arima,1.3586264697354189e-125
eakf_model1,0.9999999999307684
eakf_model2,9.83886458451012e-23
eakf_model3,6.923181548719476e-11
sarima,1.6293657369279536e-157
