model_name,weigth
arima,1.58505160420896e-310
eakf_model1,0.9999999997059802
eakf_model2,6.294015588304702e-57
eakf_model3,2.9401983983522634e-10
sarima,0.0
