model_name,weigth
arima,0.0
eakf_model1,0.9999999716191179
eakf_model2,2.36786e-319
eakf_model3,2.8380882084237738e-08
sarima,0.0
