model_name,weigth
arima,0.0
eakf_model1,0.999999998936222
eakf_model2,1.7099848969702963e-45
eakf_model3,1.0637781215481524e-09
sarima,0.0
