model_name,weigth
arima,3e-323
eakf_model1,0.9999973175301061
eakf_model2,9e-323
eakf_model3,2.6824698938257408e-06
sarima,0.0
