model_name,weigth
arima,0.0
eakf_model1,0.9999999998654073
eakf_model2,4.0829680770700343e-13
eakf_model3,1.3418441621450477e-10
sarima,0.0
