model_name,weigth
arima,5.06302776472502e-251
eakf_model1,1.2082687569576467e-10
eakf_model2,5.895309195152088e-23
eakf_model3,0.9999999998791731
sarima,3.922372688643232e-241
