model_name,weigth
arima,0.0
eakf_model1,0.15393848587176495
eakf_model2,8.986044830607878e-136
eakf_model3,0.8460615141282349
sarima,0.0
