model_name,weigth
arima,0.0
eakf_model1,1.3729159743240708e-09
eakf_model2,4.644366539682673e-68
eakf_model3,0.9999999986270841
sarima,0.0
