model_name,weigth
arima,0.0
eakf_model1,0.9999999940146828
eakf_model2,8.164727962793967e-93
eakf_model3,5.985317099593735e-09
sarima,0.0
