model_name,weigth
arima,0.0
eakf_model1,3.5891496690379397e-10
eakf_model2,0.999999999641085
eakf_model3,9.452295307684087e-17
sarima,0.0
