model_name,weigth
arima,4.0420846313658134e-179
eakf_model1,3.088393600298523e-11
eakf_model2,1.2757607093189271e-31
eakf_model3,0.9999999999691161
sarima,6.403969097159383e-191
