model_name,weigth
arima,4.682516794135008e-75
eakf_model1,0.9999999999950203
eakf_model2,4.209821495701312e-12
eakf_model3,7.698851176021435e-13
sarima,8.053434108174075e-51
