model_name,weigth
arima,5.698819506547197e-165
eakf_model1,0.999999999987521
eakf_model2,1.5549187623966746e-12
eakf_model3,1.0924200875652055e-11
sarima,4.264881099256568e-154
