model_name,weigth
arima,5.2548193823087493e-107
eakf_model1,0.9999999999913621
eakf_model2,8.430692467968345e-12
eakf_model3,2.072686250343002e-13
sarima,1.6911676067849962e-82
