model_name,weigth
arima,0.0
eakf_model1,0.9999999998284991
eakf_model2,1.2036341272270447e-61
eakf_model3,1.7150105459532856e-10
sarima,0.0
