model_name,weigth
arima,0.0
eakf_model1,2.6440582146799703e-10
eakf_model2,4.976673060937629e-79
eakf_model3,0.9999999997355942
sarima,0.0
