model_name,weigth
arima,3.8198287175121704e-212
eakf_model1,0.9999999999796444
eakf_model2,6.34758113348853e-14
eakf_model3,2.029214391066523e-11
sarima,7.663427189569195e-212
