model_name,weigth
arima,1.9034456905227762e-177
eakf_model1,0.999999999981553
eakf_model2,1.818996110956046e-11
eakf_model3,2.5719872501595794e-13
sarima,7.0816114874482445e-152
