model_name,weigth
arima,0.0
eakf_model1,0.8701014932916672
eakf_model2,9e-323
eakf_model3,0.12989850670833292
sarima,0.0
