model_name,weigth
arima,5.203111924847497e-150
eakf_model1,3.056166045334024e-11
eakf_model2,8.272247147896836e-30
eakf_model3,0.9999999999694382
sarima,9.995250359472506e-133
