model_name,weigth
arima,1.2945178077779666e-182
eakf_model1,0.9999999997734962
eakf_model2,2.2650383888692153e-10
eakf_model3,1.1812243783880733e-24
sarima,4.2699702341215926e-124
