model_name,weigth
arima,1.9437441993162152e-168
eakf_model1,0.99999999994227
eakf_model2,1.09105313838342e-11
eakf_model3,4.68196010756079e-11
sarima,1.908812033165938e-107
