model_name,weigth
arima,2.0904570650144136e-273
eakf_model1,0.999999999258894
eakf_model2,7.411060625164032e-10
eakf_model3,3.0670623804607665e-24
sarima,2.5526782279593066e-208
