model_name,weigth
arima,1.7684564677149049e-137
eakf_model1,0.9999999998642495
eakf_model2,5.177116508551059e-13
eakf_model3,1.3523270325098107e-10
sarima,3.156782857617503e-103
