model_name,weigth
arima,3.301375152576721e-94
eakf_model1,7.358508565266506e-12
eakf_model2,5.900751869422724e-14
eakf_model3,0.9999999999925826
sarima,1.4246107530589641e-65
