model_name,weigth
arima,0.0
eakf_model1,9.580864496400477e-10
eakf_model2,0.9999999990419136
eakf_model3,1.0910498793284733e-60
sarima,3e-323
