model_name,weigth
arima,1.0299642110006853e-305
eakf_model1,1.4987903142530475e-10
eakf_model2,0.999999999850121
eakf_model3,4.248837436880112e-25
sarima,1.164220978758628e-253
