model_name,weigth
arima,3.4134259336454006e-187
eakf_model1,3.544890330885464e-11
eakf_model2,1.1286530172270886e-18
eakf_model3,0.9999999999645511
sarima,1.1754645647041915e-144
