model_name,weigth
arima,2.7846574213148657e-247
eakf_model1,1.033953822448633e-10
eakf_model2,0.9999999998958753
eakf_model3,7.294662053169571e-13
sarima,3.013377621226626e-213
