model_name,weigth
arima,3.5615083237945072e-273
eakf_model1,1.248578897680578e-10
eakf_model2,0.9999999998751422
eakf_model3,1.8083220514838234e-25
sarima,1.2489111865079726e-212
