model_name,weigth
arima,0.0
eakf_model1,4.1406002849363814e-11
eakf_model2,1.5120536039626071e-10
eakf_model3,0.9999999998073887
sarima,3.984919358584704e-309
