model_name,weigth
arima,0.0
eakf_model1,1.4576943647185396e-26
eakf_model2,0.9999999841623779
eakf_model3,1.5837622112674604e-08
sarima,0.0
