model_name,weigth
arima,2.7026544712389e-88
eakf_model1,1.1212819320764224e-11
eakf_model2,4.555092113549162e-22
eakf_model3,0.9999999999887873
sarima,1.7983737285880882e-73
