model_name,weigth
arima,3.295443975537259e-95
eakf_model1,1.948246950702233e-13
eakf_model2,3.037060554884343e-11
eakf_model3,0.9999999999694346
sarima,9.751297809070023e-63
