model_name,weigth
arima,1.932634895939572e-82
eakf_model1,6.4622448876066535e-21
eakf_model2,1.2945024158142409e-11
eakf_model3,0.999999999987055
sarima,4.373642856054704e-31
