model_name,weigth
arima,1.68602012194102e-137
eakf_model1,8.915107265041696e-11
eakf_model2,6.996414165211742e-15
eakf_model3,0.9999999999108419
sarima,3.055684873690755e-112
