model_name,weigth
arima,7.42103341844972e-101
eakf_model1,2.396891861747634e-11
eakf_model2,5.987398707440945e-24
eakf_model3,0.9999999999760311
sarima,2.312054838383923e-92
