model_name,weigth
arima,9.652681599157058e-72
eakf_model1,4.140422985740315e-12
eakf_model2,6.9519433771597355e-19
eakf_model3,0.9999999999958596
sarima,1.9830538831032656e-52
