model_name,weigth
arima,8.2123297991174355e-81
eakf_model1,1.9530054882318936e-23
eakf_model2,1.1297706543709193e-11
eakf_model3,0.9999999999887023
sarima,1.452206454418401e-23
