model_name,weigth
arima,2.0355390732745173e-97
eakf_model1,1.7588120192877553e-11
eakf_model2,7.384137332728655e-25
eakf_model3,0.999999999982412
sarima,6.709494039531629e-86
