model_name,weigth
arima,3.302657624450158e-74
eakf_model1,1.1653652446700894e-16
eakf_model2,1.1965857258167205e-11
eakf_model3,0.999999999988034
sarima,3.803978181248351e-38
