model_name,weigth
arima,3.29896664132972e-57
eakf_model1,2.109761687631673e-13
eakf_model2,7.158161238559658e-12
eakf_model3,0.9999999999926309
sarima,4.792008741335884e-30
