model_name,weigth
arima,2.065595642906258e-130
eakf_model1,5.797367362844571e-11
eakf_model2,7.845290469589154e-13
eakf_model3,0.9999999999412419
sarima,7.56798118457125e-94
