model_name,weigth
arima,1.1810177457729618e-60
eakf_model1,5.4392398188537694e-18
eakf_model2,5.635158803540566e-12
eakf_model3,0.9999999999943648
sarima,5.314176913300085e-19
