model_name,weigth
arima,1.3947149942924388e-122
eakf_model1,2.113097698185085e-15
eakf_model2,3.539323565770234e-11
eakf_model3,0.9999999999646046
sarima,8.218561715104111e-63
