model_name,weigth
arima,2.0834901319760074e-75
eakf_model1,6.053582930379286e-12
eakf_model2,9.478913451019425e-12
eakf_model3,0.9999999999844675
sarima,9.201722203689137e-48
