model_name,weigth
arima,3.050180817730489e-59
eakf_model1,7.897795430815972e-16
eakf_model2,6.9629035621614034e-12
eakf_model3,0.9999999999930363
sarima,1.515304361817599e-23
