model_name,weigth
arima,0.0
eakf_model1,2.8330097933151216e-109
eakf_model2,0.9999999977844587
eakf_model3,2.2155414594594138e-09
sarima,4.389351377840764e-201
