model_name,weigth
arima,0.0
eakf_model1,1.0072467635881213e-76
eakf_model2,5.529305378652834e-09
eakf_model3,0.9999999944706945
sarima,3e-323
