model_name,weigth
arima,3.946952800202647e-159
eakf_model1,2.8593535179083255e-10
eakf_model2,0.9999999997140647
eakf_model3,5.609233648494628e-40
sarima,9.83366483854688e-122
