model_name,weigth
arima,0.0
eakf_model1,1.73297401184e-313
eakf_model2,5.163337562683576e-09
eakf_model3,0.9999999948366625
sarima,3e-323
