model_name,weigth
arima,1.0288813953752854e-60
eakf_model1,1.8944492246583406e-11
eakf_model2,0.9999999999805456
eakf_model3,5.09976296054406e-13
sarima,3.565928075982286e-38
