model_name,weigth
arima,3.742797190391866e-108
eakf_model1,8.6693507572075e-34
eakf_model2,0.9999999999641019
eakf_model3,3.589813998194724e-11
sarima,1.3249523692562173e-37
