model_name,weigth
arima,9.593262199169736e-86
eakf_model1,4.9286125968418055e-11
eakf_model2,0.9999999999507139
eakf_model3,1.085523723164954e-37
sarima,3.487727413009095e-64
