model_name,weigth
arima,1.2687464003028002e-115
eakf_model1,0.9999999998554988
eakf_model2,1.4450129051126992e-10
eakf_model3,8.716125635241735e-55
sarima,3.7826131687556035e-83
