model_name,weigth
arima,4.1473709126958964e-265
eakf_model1,4.1754462938789804e-154
eakf_model2,2.2814909794580154e-45
eakf_model3,0.9999999989985474
sarima,1.0014526450058955e-09
