model_name,weigth
arima,6e-323
eakf_model1,4.84e-322
eakf_model2,0.5880512691640988
eakf_model3,0.4119457310614683
sarima,2.9997744328063708e-06
