model_name,weigth
arima,4.840574957834747e-257
eakf_model1,0.9999999991940326
eakf_model2,8.059673720584702e-10
eakf_model3,9.094812273851556e-133
sarima,2.0688472977188838e-228
