model_name,weigth
arima,7.090184135283289e-59
eakf_model1,6.672564591224723e-51
eakf_model2,1.0982921088215373e-11
eakf_model3,0.9999999999890171
sarima,2.0274050891891783e-29
