model_name,weigth
arima,2.257483129043953e-58
eakf_model1,3.36946867890265e-39
eakf_model2,1.6148955195590932e-11
eakf_model3,0.9999999999838511
sarima,7.653965391053481e-41
