model_name,weigth
arima,1.179457824804955e-44
eakf_model1,5.891143851224649e-45
eakf_model2,4.5357423736308545e-12
eakf_model3,0.9999999999954644
sarima,2.9529655159510346e-17
