model_name,weigth
arima,7.541088196546501e-103
eakf_model1,1.9882682529992748e-105
eakf_model2,3.3204679929192677e-31
eakf_model3,0.999999999956988
sarima,4.301212343854135e-11
