model_name,weigth
arima,7.822925814691505e-101
eakf_model1,3.095116927525417e-10
eakf_model2,0.9999999996211486
eakf_model3,6.933978167743865e-11
sarima,3.2430966363557947e-111
