model_name,weigth
arima,1.338163969045841e-112
eakf_model1,3.650958753723041e-46
eakf_model2,1.3799622166613483e-10
eakf_model3,0.9999999998620038
sarima,4.9628026979423093e-113
