model_name,weigth
arima,1.4530615929657567e-42
eakf_model1,1.005037397039305e-27
eakf_model2,0.999999999917987
eakf_model3,8.201290278437155e-11
sarima,1.9181875909281233e-37
