model_name,weigth
arima,3.98738125498971e-90
eakf_model1,1.0305915944830372e-46
eakf_model2,0.9999999996811594
eakf_model3,3.1884061950972987e-10
sarima,4.05928805799486e-88
