model_name,weigth
arima,1.8523691316610994e-13
eakf_model1,1.0173980941413091e-260
eakf_model2,2.2793334572362203e-85
eakf_model3,0.9999999988719577
sarima,1.1278571889689648e-09
