model_name,weigth
arima,7.582125978853936e-13
eakf_model1,2.3406045116650953e-17
eakf_model2,3.9779216342056797e-11
eakf_model3,0.9999999999594626
sarima,1.0342950184138482e-27
