model_name,weigth
arima,8.464217645704733e-53
eakf_model1,1.4203253118578743e-289
eakf_model2,1.1725736521478316e-83
eakf_model3,1.126177102744341e-09
sarima,0.999999998873823
