model_name,weigth
arima,5.45511788099359e-59
eakf_model1,7.845641400805514e-11
eakf_model2,5.7599619196506386e-70
eakf_model3,0.9999999999215423
sarima,1.283291426472978e-15
