model_name,weigth
arima,6.671397703908356e-18
eakf_model1,3.227362247968964e-48
eakf_model2,4.789805584724098e-19
eakf_model3,1.3823297026341186e-11
sarima,0.9999999999861767
