model_name,weigth
arima,1.7473569249947252e-261
eakf_model1,2.3354272842172483e-10
eakf_model2,1.0398753216004632e-22
eakf_model3,0.9999999997664574
sarima,7.8229576036138e-135
