model_name,weigth
arima,4.3980593432361863e-14
eakf_model1,1.5016941896383223e-24
eakf_model2,1.3662669575077526e-20
eakf_model3,2.6095415446089714e-12
sarima,0.9999999999973466
