model_name,weigth
arima,2.7397408887113666e-13
eakf_model1,1.683096981730674e-30
eakf_model2,1.3223099249982166e-19
eakf_model3,3.710309479685032e-12
sarima,0.9999999999960159
