model_name,weigth
arima,5.60033215436258e-93
eakf_model1,1.294080963413039e-11
eakf_model2,1.96080018172137e-11
eakf_model3,0.9999999999674513
sarima,2.5877206357584734e-68
