model_name,weigth
arima,6.820195724955138e-52
eakf_model1,6.010171883507012e-18
eakf_model2,1.4587802685655198e-11
eakf_model3,0.9999999999854122
sarima,2.4900628344518432e-42
