model_name,weigth
arima,0.0
eakf_model1,1.0140601586206614e-09
eakf_model2,0.9999999989834667
eakf_model3,2.4732014687716136e-12
sarima,3e-323
