model_name,weigth
arima,0.0
eakf_model1,1.4949605059929677e-09
eakf_model2,0.9999999985050397
eakf_model3,4.989454822591248e-31
sarima,3e-323
