model_name,weigth
arima,2.7183757071648017e-77
eakf_model1,5.426967224317428e-12
eakf_model2,1.767422324595062e-11
eakf_model3,0.9999999999768989
sarima,3.373487320155248e-62
