model_name,weigth
arima,1.290638069446973e-59
eakf_model1,7.201009352993052e-13
eakf_model2,1.349187138379049e-11
eakf_model3,0.999999999985788
sarima,1.6889895972085077e-52
