model_name,weigth
arima,7.163918222467486e-19
eakf_model1,6.847369701463491e-13
eakf_model2,0.9999999999993152
eakf_model3,8.504559853833384e-19
sarima,3.088840388215338e-28
