model_name,weigth
arima,1.4887599353249496e-36
eakf_model1,6.326538009618696e-15
eakf_model2,3.584245221709577e-16
eakf_model3,0.9999999999950484
sarima,4.944816149801799e-12
