model_name,weigth
arima,1e-323
eakf_model1,5.51964594868805e-60
eakf_model2,2.8863072627776426e-61
eakf_model3,0.9999999997656318
sarima,2.343681801177283e-10
