model_name,weigth
arima,1.0878903951936799e-30
eakf_model1,7.732564054190324e-17
eakf_model2,8.828478719648691e-20
eakf_model3,5.337476688508309e-13
sarima,0.9999999999994661
