model_name,weigth
arima,5e-324
eakf_model1,0.9999999824045299
eakf_model2,6.385440603788986e-132
eakf_model3,1.7595469996214415e-08
sarima,0.0
