model_name,weigth
arima,1.4196136585530055e-175
eakf_model1,0.9999999999613699
eakf_model2,8.526282847901913e-41
eakf_model3,3.8629971811171413e-11
sarima,3.8630154436171195e-288
