model_name,weigth
arima,1.4835461066314274e-257
eakf_model1,1.5139304679366297e-14
eakf_model2,0.9999999999881644
eakf_model3,1.1820333516873909e-11
sarima,8.62537101048188e-204
