model_name,weigth
arima,5.687498992759441e-237
eakf_model1,9.363040403184462e-12
eakf_model2,0.999999999990636
eakf_model3,8.523267329930753e-16
sarima,1.2363008657434748e-154
