model_name,weigth
arima,3.229911045545442e-277
eakf_model1,1.892979994469417e-10
eakf_model2,0.999999999810702
eakf_model3,2.3549898091881685e-23
sarima,2.3989760829846578e-188
