model_name,weigth
arima,0.0
eakf_model1,0.9999999987562729
eakf_model2,1.243726971517857e-09
eakf_model3,2.5497966999852888e-95
sarima,0.0
