model_name,weigth
arima,0.0
eakf_model1,0.7451015677462105
eakf_model2,0.2548984322537894
eakf_model3,5.370871195794697e-42
sarima,0.0
