model_name,weigth
arima,1.7584826836984154e-63
eakf_model1,0.9999999999372848
eakf_model2,4.046321226018123e-31
eakf_model3,6.271515171806036e-11
sarima,1.7584826836984154e-63
