model_name,weigth
arima,2.6580010024361596e-271
eakf_model1,1.7812545246795656e-11
eakf_model2,8.810437725565355e-12
eakf_model3,0.9999999999733771
sarima,2.3303533387545628e-251
