model_name,weigth
arima,5e-324
eakf_model1,0.9999999997211276
eakf_model2,9.987943144961737e-93
eakf_model3,2.7887230681900333e-10
sarima,5e-324
