model_name,weigth
arima,0.0
eakf_model1,9.215841193333174e-13
eakf_model2,0.9999999957039062
eakf_model3,4.295172236035776e-09
sarima,0.0
