model_name,weigth
arima,4.46007491604181e-131
eakf_model1,0.9999999998148926
eakf_model2,4.6869116357692787e-88
eakf_model3,1.8510739212606534e-10
sarima,4.46007491604181e-131
