model_name,weigth
arima,0.0
eakf_model1,5.374685804868722e-255
eakf_model2,5.118287758865019e-08
eakf_model3,0.9999999488171223
sarima,0.0
