model_name,weigth
arima,8.518908351881959e-184
eakf_model1,5.572058315000049e-11
eakf_model2,1.3335997720862727e-18
eakf_model3,0.9999999999442793
sarima,1.448663983249933e-141
