model_name,weigth
arima,0.0
eakf_model1,2.3514534385806466e-20
eakf_model2,6.693543409658302e-11
eakf_model3,0.9999999999330644
sarima,9.081820993352097e-275
