model_name,weigth
arima,5.973904938294085e-227
eakf_model1,0.9999999999563964
eakf_model2,3.153500113081284e-29
eakf_model3,4.360350795257748e-11
sarima,7.948562456703156e-245
