model_name,weigth
arima,1.5926722557533226e-109
eakf_model1,0.9999999999845907
eakf_model2,3.1473046398251326e-40
eakf_model3,1.5409292159516295e-11
sarima,8.907812565328102e-116
