model_name,weigth
arima,2.553516000735785e-96
eakf_model1,2.7592694812249013e-11
eakf_model2,3.330368335164279e-31
eakf_model3,0.9999999999724074
sarima,1.0961609125991177e-75
