model_name,weigth
arima,8.5825612766329e-256
eakf_model1,0.999999999971049
eakf_model2,2.8950873238714916e-11
eakf_model3,5.33315089805968e-27
sarima,5.2812529495978166e-238
