model_name,weigth
arima,0.0
eakf_model1,1.506081621668443e-15
eakf_model2,5.241522858724015e-11
eakf_model3,0.9999999999475833
sarima,0.0
