model_name,weigth
arima,1.331818556572044e-123
eakf_model1,0.9999999999826827
eakf_model2,2.9544086212479914e-14
eakf_model3,1.7287648323530725e-11
sarima,1.8639431079289507e-72
