model_name,weigth
arima,1.1230749378972816e-121
eakf_model1,2.7902230836440877e-11
eakf_model2,4.093818456611909e-21
eakf_model3,0.9999999999720978
sarima,2.5927595044207704e-94
