model_name,weigth
arima,5.131509443664817e-135
eakf_model1,5.778819751521542e-11
eakf_model2,1.5431560714547758e-50
eakf_model3,0.9999999999422119
sarima,1.0939012398002667e-108
