model_name,weigth
arima,1.1194711498681264e-290
eakf_model1,9.730664484056226e-11
eakf_model2,4.662331617606842e-43
eakf_model3,0.9999999999026933
sarima,1.5580336596882834e-234
