model_name,weigth
arima,8.864088218936661e-251
eakf_model1,0.999999999928136
eakf_model2,2.634907601179179e-45
eakf_model3,7.18638616685299e-11
sarima,6.457202703858e-137
