model_name,weigth
arima,7.799909628376069e-76
eakf_model1,0.9999999998931672
eakf_model2,1.8900490699849017e-58
eakf_model3,1.0683267307475687e-10
sarima,3.654024513516188e-61
