model_name,weigth
arima,2.381180312067273e-110
eakf_model1,0.9999999999148799
eakf_model2,8.814304215463239e-36
eakf_model3,8.511999469600445e-11
sarima,6.467367965896089e-85
