model_name,weigth
arima,0.0
eakf_model1,1.4972070420354216e-50
eakf_model2,0.41327332725260224
eakf_model3,0.5867266727473976
sarima,0.0
