model_name,weigth
arima,1e-323
eakf_model1,0.9999999979303659
eakf_model2,5.860130312763155e-62
eakf_model3,2.0696340306469967e-09
sarima,1e-323
