model_name,weigth
arima,3.676695175521254e-269
eakf_model1,1.465919548815464e-10
eakf_model2,0.999999999853408
eakf_model3,4.916938986563869e-41
sarima,9.721715793128171e-263
