model_name,weigth
arima,1.592059127355813e-158
eakf_model1,3.05972268513898e-11
eakf_model2,1.662583781774283e-23
eakf_model3,0.9999999999694027
sarima,3.2176838069317744e-142
