model_name,weigth
arima,1.4222009407940172e-212
eakf_model1,1.4210307188986383e-20
eakf_model2,4.5645871294759614e-11
eakf_model3,0.9999999999543541
sarima,4.703770955943321e-155
