model_name,weigth
arima,8.875256651110551e-58
eakf_model1,0.9999999999962741
eakf_model2,2.8578147047627066e-12
eakf_model3,8.682096367659176e-13
sarima,4.0008278176266977e-56
