model_name,weigth
arima,1.5966322086976607e-67
eakf_model1,4.854706081714766e-12
eakf_model2,9.15497613476193e-21
eakf_model3,0.9999999999951452
sarima,2.0457441657164507e-59
