model_name,weigth
arima,0.0
eakf_model1,9.081585056482707e-90
eakf_model2,0.9999999960517556
eakf_model3,3.948244360629885e-09
sarima,0.0
