model_name,weigth
arima,4.2944173086565644e-54
eakf_model1,4.865606626541035e-12
eakf_model2,4.4934375083266245e-18
eakf_model3,0.9999999999951343
sarima,9.71626282514348e-48
