model_name,weigth
arima,1.1081876932117606e-123
eakf_model1,1.1262732033255264e-11
eakf_model2,1.5413250721500688e-12
eakf_model3,0.9999999999871958
sarima,2.9430248810860226e-119
