model_name,weigth
arima,2.922351747679391e-112
eakf_model1,0.9999999999809291
eakf_model2,4.17464597951057e-21
eakf_model3,1.9070766661604717e-11
sarima,2.8076295669141228e-123
