model_name,weigth
arima,2.437329638297026e-59
eakf_model1,6.37037538259739e-26
eakf_model2,2.797150815731073e-11
eakf_model3,0.9999999999720284
sarima,1.1947207862622272e-71
