model_name,weigth
arima,2.097627400108631e-239
eakf_model1,2.713454119378594e-28
eakf_model2,7.372929890915576e-11
eakf_model3,0.9999999999262706
sarima,1.6384096123456924e-263
