model_name,weigth
arima,3.8708198187620023e-303
eakf_model1,0.16624653320757013
eakf_model2,2.5642472450611944e-86
eakf_model3,0.8337534667924297
sarima,1.53e-322
