model_name,weigth
arima,2.427751032191853e-278
eakf_model1,1.413777740402728e-16
eakf_model2,2.2164076844652003e-10
eakf_model3,0.9999999997783591
sarima,8.243498343635854e-172
