model_name,weigth
arima,3.308098408749964e-63
eakf_model1,1.3077416792987596e-29
eakf_model2,1.0144055497918394e-24
eakf_model3,0.9999999999880641
sarima,1.1935894463964204e-11
