model_name,weigth
arima,1.2506302412565401e-174
eakf_model1,0.9999999999427469
eakf_model2,3.240284298846797e-23
eakf_model3,5.725306371692241e-11
sarima,2.376533471834294e-131
