model_name,weigth
arima,3.926475729507619e-50
eakf_model1,8.911947088842687e-18
eakf_model2,6.741810941758534e-12
eakf_model3,0.9999999999932581
sarima,6.118006492651686e-17
