model_name,weigth
arima,7.03671934262476e-212
eakf_model1,1.8707677963099296e-10
eakf_model2,6.401941107270839e-13
eakf_model3,0.999999999812283
sarima,9.322992867008302e-156
