model_name,weigth
arima,2.8437185902920276e-217
eakf_model1,8.114354240983679e-34
eakf_model2,1.339309162273098e-10
eakf_model3,0.999999999866069
sarima,3.0503068961393346e-207
