model_name,weigth
arima,0.0
eakf_model1,4.3325876578580637e-38
eakf_model2,0.9999999997301001
eakf_model3,2.6989967467149387e-10
sarima,3.803380499775733e-286
