model_name,weigth
arima,4.17924421005653e-44
eakf_model1,1.9877221407482487e-15
eakf_model2,6.048778405919376e-12
eakf_model3,0.9999999999939493
sarima,2.30315869287247e-35
