model_name,weigth
arima,4.176551743666387e-104
eakf_model1,1.9644316854529492e-20
eakf_model2,1.7570044597714049e-10
eakf_model3,0.9999999998242995
sarima,1.274286523244288e-144
