model_name,weigth
arima,6.924214667629462e-266
eakf_model1,0.999999999706761
eakf_model2,2.932390422788902e-10
eakf_model3,4.018084498110437e-62
sarima,1.6321396188822828e-222
