model_name,weigth
arima,1.3039131810241996e-15
eakf_model1,0.9999999999980911
eakf_model2,3.53700459180819e-13
eakf_model3,1.5539724150927704e-12
sarima,4.553506132019277e-17
