model_name,weigth
arima,2.06732491503395e-25
eakf_model1,0.9999999999985958
eakf_model2,1.0928580643715999e-12
eakf_model3,3.112157721322957e-13
sarima,4.21337785496507e-23
