model_name,weigth
arima,1e-323
eakf_model1,2.0050749648084793e-60
eakf_model2,0.9999999994647837
eakf_model3,5.352161634158274e-10
sarima,1.159449986310135e-283
