model_name,weigth
arima,7.148854028338462e-164
eakf_model1,1.496104783653668e-100
eakf_model2,0.3399012123082229
eakf_model3,5.902553454983983e-10
sarima,0.6600987871015217
