model_name,weigth
arima,5.538310021542624e-37
eakf_model1,0.9999999999977032
eakf_model2,1.3499550009879364e-14
eakf_model3,2.2832971323129973e-12
sarima,1.4485107585894943e-28
