model_name,weigth
arima,6.54349577575087e-32
eakf_model1,0.9999999999780671
eakf_model2,2.1932588512755536e-11
eakf_model3,2.2465339272836043e-16
sarima,6.837017292255743e-20
