model_name,weigth
arima,3.6820218999665423e-22
eakf_model1,0.9999999999985895
eakf_model2,1.410118326257499e-12
eakf_model3,2.9627210481645967e-16
sarima,9.052535555719077e-21
