model_name,weigth
arima,1.5880044872445577e-55
eakf_model1,1.0196301098545856e-147
eakf_model2,1.565841390270152e-54
eakf_model3,0.6551654935002695
sarima,0.34483450649973035
