model_name,weigth
arima,8.769171217323084e-62
eakf_model1,0.9999999999875588
eakf_model2,1.2441175065088475e-11
eakf_model3,1.7587929751539938e-21
sarima,8.172897191471245e-43
