model_name,weigth
arima,2.472854579213526e-87
eakf_model1,1.2417500805076575e-178
eakf_model2,1.025701657799546e-90
eakf_model3,0.9999999997945139
sarima,2.0548603798508995e-10
