model_name,weigth
arima,4.1098644060967704e-27
eakf_model1,0.9999999999961651
eakf_model2,3.834987703621878e-12
eakf_model3,7.896623675225258e-20
sarima,1.0132926095730327e-29
