model_name,weigth
arima,1.970641133667888e-34
eakf_model1,2.334170906169236e-18
eakf_model2,6.06760883441407e-12
eakf_model3,0.9999999999939324
sarima,7.576393969563395e-57
