model_name,weigth
arima,1.7999933187270628e-79
eakf_model1,5.800368977334865e-11
eakf_model2,4.5731763453170747e-11
eakf_model3,0.9999999998962645
sarima,8.258961091655696e-104
