model_name,weigth
arima,5.474866223197401e-116
eakf_model1,0.9999999997598468
eakf_model2,1.1825752909337659e-31
eakf_model3,2.4015303687990176e-10
sarima,4.601232739274053e-209
