model_name,weigth
arima,1.0632696788388776e-44
eakf_model1,0.9999999999895457
eakf_model2,3.424961983015522e-14
eakf_model3,1.0419999226157756e-11
sarima,1.1359780368910432e-42
