model_name,weigth
arima,6.5452859470921656e-46
eakf_model1,2.6478038744051794e-15
eakf_model2,4.865609278500634e-12
eakf_model3,0.9999999999951317
sarima,2.3579941573879955e-70
