model_name,weigth
arima,7.726440908203205e-85
eakf_model1,6.990370882805518e-11
eakf_model2,1.2774642336774571e-14
eakf_model3,0.9999999999300834
sarima,1.1620861734000343e-84
