model_name,weigth
arima,3e-323
eakf_model1,5.103463966158052e-125
eakf_model2,0.9999999985781662
eakf_model3,1.4218336997476175e-09
sarima,3e-323
