model_name,weigth
arima,6.1652447422514e-41
eakf_model1,0.9999999999878276
eakf_model2,1.414269526629309e-17
eakf_model3,1.2172257705063786e-11
sarima,1.0323367532784879e-17
