model_name,weigth
arima,1.5299143643316427e-26
eakf_model1,0.9999999999844535
eakf_model2,9.737454943363466e-12
eakf_model3,5.808907230049909e-12
sarima,1.1659813921100679e-24
