model_name,weigth
arima,7.781910227620259e-12
eakf_model1,6.107020684520033e-34
eakf_model2,8.360012335274499e-61
eakf_model3,2.9879257706601683e-37
sarima,0.999999999992218
