model_name,weigth
arima,0.9999999999843356
eakf_model1,3.364174235999444e-82
eakf_model2,4.2465148900989644e-20
eakf_model3,1.070926402047683e-28
sarima,1.5664301743883068e-11
