model_name,weigth
arima,0.9999999998843043
eakf_model1,2.8617898582680033e-70
eakf_model2,1.1569557019359723e-10
eakf_model3,3.6010518233662056e-20
sarima,4.0041226958727317e-25
