model_name,weigth
arima,4.4313386664934595e-16
eakf_model1,0.9999999999971271
eakf_model2,2.8723343834347408e-12
eakf_model3,1.5775088619674445e-24
sarima,8.239807509532415e-18
