model_name,weigth
arima,1.6439370625310172e-73
eakf_model1,0.9999999999501704
eakf_model2,2.673575694374102e-23
eakf_model3,4.982954411011301e-11
sarima,1.6182428575402997e-40
