model_name,weigth
arima,4.341781128482376e-74
eakf_model1,0.9999999999309902
eakf_model2,6.900970034531281e-11
eakf_model3,1.0274042791945762e-75
sarima,4.0775243769871346e-86
