model_name,weigth
arima,3.792341151909757e-95
eakf_model1,2.795209393123031e-60
eakf_model2,2.6001609246561096e-10
eakf_model3,0.9999999997399839
sarima,1.0361614746808153e-98
