model_name,weigth
arima,1.8041962281262373e-88
eakf_model1,2.0959502926322802e-10
eakf_model2,2.8204390780179682e-36
eakf_model3,0.999999999790405
sarima,7.620349538663034e-76
