model_name,weigth
arima,8.256658921202741e-78
eakf_model1,5.683243315822108e-19
eakf_model2,0.9999999998289387
eakf_model3,1.7106133435934616e-10
sarima,9.698210376786955e-49
