model_name,weigth
arima,1.5649152938235215e-85
eakf_model1,3.7837764420647865e-24
eakf_model2,0.9999999999451672
eakf_model3,5.483276721007041e-11
sarima,2.979154728383223e-65
