model_name,weigth
arima,1.160011890366553e-164
eakf_model1,0.9999999972342197
eakf_model2,1.0166659524053295e-214
eakf_model3,2.7657803253484395e-09
sarima,1.0986135293274037e-28
