model_name,weigth
arima,3.8489808373734453e-51
eakf_model1,6.246644967604209e-23
eakf_model2,3.7486008485693e-11
eakf_model3,0.9999999999625139
sarima,1.1270410130527988e-58
