model_name,weigth
arima,0.9999999999417309
eakf_model1,1.7334229658306436e-30
eakf_model2,1.6061405633451538e-21
eakf_model3,8.10527571064639e-30
sarima,5.826894284325282e-11
