model_name,weigth
arima,3.2826346828804114e-112
eakf_model1,7.820263312289877e-36
eakf_model2,0.9999999999344987
eakf_model3,6.550117301933168e-11
sarima,1.0409610088665538e-137
