model_name,weigth
arima,1.2231216230040806e-144
eakf_model1,1.954994640497974e-48
eakf_model2,1.3309224976349557e-10
eakf_model3,0.9999999998669077
sarima,4.552619424691602e-79
